,ENSG00000022267.19,ENSG00000031081.11,ENSG00000047648.23,ENSG00000066405.13,ENSG00000070778.13,ENSG00000072163.20,ENSG00000072657.9,ENSG00000073754.6,ENSG00000078081.8,ENSG00000092051.17,ENSG00000094963.14,ENSG00000101280.8,ENSG00000102104.9,ENSG00000102683.8,ENSG00000102760.13,ENSG00000105971.15,ENSG00000105974.13,ENSG00000107742.13,ENSG00000108381.11,ENSG00000108576.10,ENSG00000109205.16,ENSG00000111052.7,ENSG00000112782.19,ENSG00000114790.13,ENSG00000114854.8,ENSG00000115361.8,ENSG00000118526.7,ENSG00000120156.22,ENSG00000120913.23,ENSG00000121691.7,ENSG00000123119.12,ENSG00000125459.17,ENSG00000128268.12,ENSG00000131471.7,ENSG00000131831.18,ENSG00000134020.8,ENSG00000134115.13,ENSG00000134917.10,ENSG00000135052.16,ENSG00000135063.19,ENSG00000135218.19,ENSG00000135604.10,ENSG00000136160.17,ENSG00000138821.13,ENSG00000139304.16,ENSG00000139567.13,ENSG00000140600.17,ENSG00000141338.14,ENSG00000143590.14,ENSG00000144843.11,ENSG00000150625.16,ENSG00000151718.16,ENSG00000154342.6,ENSG00000154721.15,ENSG00000154783.12,ENSG00000155511.18,ENSG00000155897.10,ENSG00000157654.19,ENSG00000158435.8,ENSG00000158764.7,ENSG00000159307.19,ENSG00000159708.18,ENSG00000161649.13,ENSG00000163501.7,ENSG00000163815.6,ENSG00000165197.5,ENSG00000166123.14,ENSG00000167434.10,ENSG00000167588.13,ENSG00000168309.18,ENSG00000168481.9,ENSG00000168484.12,ENSG00000168497.5,ENSG00000168539.4,ENSG00000168952.15,ENSG00000169218.14,ENSG00000169252.6,ENSG00000169418.10,ENSG00000170323.9,ENSG00000170989.10,ENSG00000171885.18,ENSG00000176771.17,ENSG00000179133.15,ENSG00000180440.4,ENSG00000182010.11,ENSG00000183010.17,ENSG00000183019.7,ENSG00000186994.11,ENSG00000196616.14,ENSG00000197465.14,ENSG00000198358.4,ENSG00000198873.12,ENSG00000204305.14,ENSG00000213853.10,ENSG00000224215.1,ENSG00000227051.7,ENSG00000234281.5,ENSG00000238018.2,ENSG00000241644.2,ENSG00000243566.7,ENSG00000244215.2,ENSG00000244280.1,ENSG00000248551.1,ENSG00000249741.2,ENSG00000257894.2,ENSG00000261371.6,ENSG00000261863.1,ENSG00000263155.6,ENSG00000268388.6,ENSG00000277494.2,Label
TCGA-73-4658-01A-01R-1755-07,1768,1872,300,607,852,903,27,0,3473,20,2011,16,10,24,3172,3668,4412,3269,39,63,4,140,433,555,52,42,95,710,1048,5329,52,349,146,4131,450,402,12,97,9748,117,724,651,1483,5264,1,1913,7,316,313,725,57,1023,7,480,1328,36,0,6707,2011,6,62,29,9,6,182,61,668,69,55,1270,61,13310,3149,1,132,26,199,637,202,1884,1184,150,4,1,275,3643,173,177,2279,14,0,1279,998,9604,2,832,6,8,1669,82,1,8,0,16,10,13100,1,39,216,79,1
TCGA-55-8615-01A-11R-2403-07,122,353,299,16,671,324,0,0,842,20,275,6,4,1,1038,241,500,616,34,35,0,33,31,270,19,1,23,143,210,2038,10,827,50,750,146,55,2,6,27085,154,317,72,224,1687,7,935,0,63,74,229,2,568,2,211,421,1,0,2360,2884,17,324,53,0,83,5599,11,11072,14,54,148,2,282,275,0,12,16,125,282,34,501,178,1166,0,0,350,4515,258,109,32,3,0,1679,531,1988,0,186,2,37,300,1,0,0,0,0,4,3665,0,11,24,90,1
TCGA-97-8177-01A-11R-2287-07,1702,2716,301,1034,702,1317,49,6,15644,88,2139,33,11,54,5613,3173,4404,2648,72,16,207,189,2522,612,795,594,253,596,2096,11434,750,746,299,5925,1167,2429,58,476,9235,749,2257,927,717,23573,3,2499,21,631,337,703,73,1573,184,800,1387,37,5,4190,5332,1,65,1931,16,37,138,524,3510,7,421,296,382,121279,3103,2,107,73,588,604,159,1485,5723,211,12,21,221,5966,1450,301,3492,37,1,1243,6188,16278,2,948,17,43,1371,333,3,76,0,13,40,19030,4,128,113,622,1
TCGA-67-3771-01A-01R-0946-07,520,718,120,86,434,431,8,3,1723,30,828,2,1,21,2114,1915,8280,1646,29,30,0,74,547,570,1247,10,49,162,557,4069,225,1072,132,1527,251,12,6,53,3498,193,708,320,395,1641,6,840,2,99,466,660,26,424,4,231,312,13,4,3588,4767,18,23,41,8,7,60,40,945,16,24,344,6,546,1320,2,40,12,55,137,63,646,606,68,4,109,744,4162,724,88,863,31,1,442,306,5178,1,307,7,21,300,1145,30,2,0,17,50,5288,0,11,37,66,1
TCGA-49-6744-01A-11R-1858-07,2505,3135,285,3258,787,1136,52,7,5610,108,3174,36,12,51,2976,3880,7067,5452,59,54,7,208,2007,523,433,142,424,949,916,5478,101,592,191,4950,806,485,82,623,10703,490,2394,588,1004,5850,15,2125,10,707,214,1183,152,2046,37,769,1428,212,11,5426,2632,43,226,65,147,10,361,913,1755,179,338,1932,257,59646,5051,6,307,122,418,807,217,2848,4253,349,17,21,938,4435,722,152,5318,24,2,1304,5354,13843,3,585,35,77,3816,320,6,102,5,7,59,13679,4,65,234,785,1
TCGA-MP-A4SW-01A-21R-A24X-07,607,2314,106,802,747,791,10,7,4890,44,815,15,9,8,1376,2730,2716,3053,39,77,19,65,2145,953,249,413,64,299,932,5652,65,721,1630,1447,311,169,50,152,10695,1081,824,428,396,9991,11,979,1,286,115,545,44,1013,37,320,833,40,7,2504,7254,6,58,311,2,48,70,108,2178,18,150,250,66,14284,941,2,41,7,237,575,58,661,5280,43,9,4,388,5376,282,263,649,21,3,837,1583,17168,0,313,8,64,621,260,0,79,0,5,8,6128,13,38,114,145,1
TCGA-97-8176-01A-11R-2403-07,461,910,148,547,371,333,11,1,2046,27,482,17,3,9,825,1611,1978,6882,12,15,1,95,308,534,88,112,52,439,303,2616,49,643,252,832,210,562,44,49,23679,155,755,203,454,2717,4,1232,9,72,76,668,60,769,15,304,594,18,0,2366,3442,3,47,91,7,22,102,35,8233,56,70,368,51,4019,871,6,66,3,91,461,50,1092,1883,57,16,3,328,6130,198,200,351,7,2,1706,1231,4722,0,183,8,29,242,383,0,12,0,5,25,6215,1,80,177,133,1
TCGA-97-7552-01A-11R-2039-07,4506,3650,619,88132,1571,783,60,11,14824,95,4307,20,19,11,2090,6320,8986,8460,275,40,59,164,4666,576,257,279,632,1306,1081,8330,610,239,1343,5345,1113,883,84,725,22735,607,1128,824,2289,7762,86,1873,12,1634,36,1178,260,2212,23,1075,2432,344,0,8610,3189,44,567,85,45,1503,327,377,1031,256,130,553,43,11575,2792,15,552,69,390,553,37,2058,13624,410,90,0,1108,740,66,261,7091,54,3,2065,5753,8333,9,1089,42,73,2095,1334,1,101,0,23,75,16857,6,211,622,386,1
TCGA-55-A48Z-01A-12R-A24X-07,552,726,143,9,597,941,3,6,1153,32,960,5,0,20,1048,1799,1782,1669,9,10,0,96,455,478,28,69,57,199,822,1969,67,706,349,2694,639,37,100,56,15087,1028,125,285,247,3508,0,1416,0,93,491,588,18,880,10,503,710,3,2,3804,5903,0,66,41,2,8,39,24,1386,6,40,32,1,135,251,0,82,12,374,757,10,338,298,171,20,9,587,2670,28,114,56,10,0,458,348,6471,8,816,19,59,158,160,0,6,1,1,20,5341,0,46,69,64,1
TCGA-50-5944-01A-11R-1755-07,4030,3500,298,201,1404,751,148,2,4699,58,3686,46,4,18,3262,4933,4674,645,77,6,67,88,5991,832,293,135,364,422,1001,4530,72,330,110,8020,469,999,845,971,3290,441,1546,439,422,6737,43,908,2,1409,49,619,173,2158,16,383,778,303,0,3766,3318,2,115,22,14,15,201,499,1350,5,472,144,105,19163,3410,2,141,75,522,233,154,567,11703,116,9,1,144,2193,678,67,6582,6,0,627,2399,21053,2,2344,7,25,3065,72,8,48,0,7,391,6872,0,33,178,140,1
TCGA-MN-A4N5-01A-11R-A24X-07,872,1407,149,1059,1175,1421,12,4,5382,18,1214,17,7,13,1537,3053,3145,3450,40,65,7,90,1206,1419,230,165,86,394,830,2944,88,1033,157,1134,400,837,60,135,15992,898,504,498,533,13080,6,1850,7,196,251,875,50,765,48,343,607,26,0,3919,7700,25,171,89,5,40,189,97,883,143,141,205,95,21917,1214,2,177,13,89,466,127,880,5190,89,33,5,805,4016,51,197,876,16,1,868,3528,7773,10,518,17,118,564,237,7,121,2,5,17,7441,7,188,245,62,1
TCGA-75-5146-01A-01R-1628-07,2080,729,165,9634,483,541,14,0,1560,46,1786,2,6,9,4258,4068,3454,1558,44,14,16,77,2434,276,1401,47,167,432,623,3156,37,292,71,1985,459,7200,115,224,7982,535,460,349,1059,2518,9,956,3,429,64,368,139,1107,25,718,366,67,1,951,2298,0,30,49,70,4,427,435,2376,131,35,652,13,12155,2193,5,85,38,227,185,31,965,21248,412,15,1,436,3185,36,167,8184,11,0,499,1299,6786,4,484,22,63,3158,17,1,127,0,6,180,6033,74,66,130,36,1
TCGA-97-7546-01A-11R-2039-07,7713,4105,677,5270,1087,656,173,3,9250,73,4687,19,12,40,3664,7920,11866,3971,89,24,4,164,6373,1199,416,421,573,690,1356,7996,89,429,299,7429,699,3589,432,2453,5947,2312,1837,799,1213,13002,60,1764,2,2368,83,1118,325,4287,11,795,1255,404,3,8684,2941,6,106,242,129,122,145,1110,417,15,431,1445,395,201190,4396,1,274,110,1283,1512,296,2136,39877,801,22,64,361,948,411,159,13095,41,2,1122,14705,31808,0,2326,113,53,4594,59,1,36,0,16,296,8533,3,32,123,349,1
TCGA-55-7911-01A-11R-2170-07,496,1227,93,517,602,1094,6,1,4940,27,431,6,4,7,1221,941,1752,3500,68,25,1,54,511,467,121,120,57,875,586,3511,92,663,509,879,217,985,15,45,5804,684,690,554,668,2672,8,1345,4,107,46,627,49,445,4,317,483,25,0,3220,5249,5,378,66,12,7,104,63,769,78,28,161,40,7488,10800,6,60,6,121,293,15,864,2853,45,4,8,458,3435,107,90,586,14,0,528,982,18428,0,178,24,52,288,88,0,4,0,6,18,7682,2,43,243,68,1
TCGA-44-5643-01A-01R-1628-07,732,598,91,337,155,271,3,1,3633,13,171,49,2,69,488,2380,1070,1905,18,49,1,24,270,845,56,15,14,137,217,2461,26,227,470,242,114,133,10,28,5955,60,233,461,212,616,45,366,193,115,17,732,25,362,357,150,251,11,0,896,4046,23,21,3,8,3,29,40,2374,20,27,445,642,10620,1160,5,834,2,149,113,33,541,412,76,39,3,367,915,11,32,191,9,7,282,1289,7635,1,221,6,9,132,2097,0,3,0,3,1,2603,1,32,16,50,1
TCGA-86-8279-01A-11R-2287-07,992,1869,88,103,1234,1550,3,3,8266,62,3002,9,14,31,1819,5224,5908,1411,21,3,40,69,4539,1042,783,12,89,449,1687,6037,44,1082,202,4803,604,456,13,68,10170,643,1428,232,320,4540,8,2032,4,54,859,1023,3,1931,41,658,1295,17,0,3216,4665,5,79,111,5,3,177,14,7195,82,75,427,6,2019,1979,0,56,30,288,543,35,788,8935,54,2,2,310,13329,241,177,216,15,1,616,619,14206,0,2042,12,69,581,55,1,276,0,13,50,9291,1,44,152,73,1
TCGA-75-6212-01A-11R-1755-07,631,2957,117,1238,426,247,19,5,15270,34,501,13,3,11,1162,1256,1875,1496,15,19,19,62,555,290,96,500,95,312,354,4131,102,254,146,991,574,11934,18,53,1508,149,1030,219,801,7818,9,986,1,137,107,487,131,885,8,363,538,83,6,2245,1250,9,80,54,30,30,174,117,2059,100,545,192,313,109686,870,1,99,1,546,662,69,683,2141,147,0,7,367,1412,174,54,1362,15,2,454,1469,5238,2,134,45,24,866,97,0,8,1,8,15,6178,3,61,122,78,1
TCGA-55-8299-01A-11R-2287-07,1508,3176,333,1424,1186,1382,14,17,12983,37,1836,9,7,5,3149,4162,8479,6464,122,28,23,218,2303,878,303,363,183,1376,1366,5474,290,663,295,5816,1041,3407,178,105,10685,355,1882,816,1062,8019,34,5574,2,599,98,1161,95,2687,6,1159,1870,32,1,7919,2594,12,404,97,24,55,446,103,1385,46,28,540,22,2557,3258,2,105,44,227,1190,140,3638,16382,76,2,5,668,3525,105,302,1362,32,0,2752,6101,6671,2,1805,29,52,715,468,1,88,0,24,53,24830,5,76,307,378,1
TCGA-83-5908-01A-21R-2287-07,617,1224,159,39,555,382,1,2,2411,13,2093,10,0,5,1220,6386,8785,3746,12,5,0,79,1060,824,14,11,69,461,2073,2599,50,1429,93,1162,350,71,8,69,33558,424,414,814,385,3692,4,1861,3,935,119,692,27,2260,8,398,1017,5,0,10865,3453,0,863,63,2,6,86,16,3197,50,42,213,0,357,955,2,160,18,207,209,11,1166,226,34,11,2,1018,3347,32,76,563,43,2,1576,376,2969,1,336,9,108,188,50,0,56,3,33,35,7797,1,72,262,43,1
TCGA-44-2655-01A-01R-0946-07,5353,2844,520,10644,1968,1731,90,17,15112,82,3235,31,40,45,5719,12015,20530,6032,123,532,79,294,4058,980,1217,545,359,1127,1740,17556,452,1164,546,5329,809,2646,133,772,20557,889,2462,1065,2848,16731,49,2741,55,929,382,2500,721,2003,78,1089,1363,293,25,5842,5784,231,271,372,92,84,924,559,1576,353,585,911,951,307060,5060,12,366,77,623,1344,2239,2685,13072,268,39,118,2137,5666,1273,344,10041,77,11,1686,19184,23679,5,1065,96,74,4724,917,21,39,4,25,311,15631,63,234,697,488,1
TCGA-50-6597-01A-11R-1858-07,712,1728,54,16,242,291,2,2,3213,19,303,2,10,2,700,1807,585,2000,29,3,3,5,297,103,449,231,76,51,373,1289,20,186,134,1096,181,286,5,99,4839,324,155,149,89,4520,0,559,1,78,276,919,20,277,6,224,171,29,1,1865,2883,2,11,73,3,1,131,181,1992,41,135,105,6,239,677,3,85,4,72,2432,17,285,279,12,23,0,55,481,4,24,1484,2,0,91,930,4803,0,128,7,7,994,15,3,5,0,0,6,1745,0,31,12,9,1
TCGA-44-6147-01B-06R-A277-07,3922,1416,471,440,818,158,206,11,2004,33,1660,10,21,6,1062,3213,6020,751,137,27,1,407,766,999,7,187,397,325,134,1058,337,84,26,1049,127,28,10,59,1604,957,583,337,1674,1954,31,217,10,1156,32,558,160,937,3,545,414,33,2,4946,1404,0,141,33,3,2,4,153,469,1,10,507,7,624,1840,3,181,39,124,190,59,1150,2684,84,34,1,866,148,5,16,3521,50,1,317,72,2702,0,532,72,257,901,6,0,9,1,6,40,3356,0,24,57,8,1
TCGA-44-6776-01A-11R-1858-07,1187,963,118,6761,967,604,12,1,5460,31,768,5,31,5,2529,4863,13371,1515,22,17,10,50,834,437,280,528,166,310,1058,4338,217,380,54,1923,282,7367,8,183,24710,501,932,143,1438,6618,12,971,0,204,125,352,53,1501,8,309,374,84,0,1297,1917,20,33,156,106,14,234,520,1561,226,93,618,339,42176,2830,6,89,17,135,1023,67,721,5132,47,1,5,206,2690,24,111,2365,25,2,501,3515,15731,0,336,40,32,2408,98,1,36,1,15,295,5653,6,84,103,90,1
TCGA-55-8511-01A-11R-2403-07,486,1072,109,98,387,436,3,0,972,32,567,18,1,24,784,3481,2366,2598,14,6,3,50,804,425,81,4,55,221,1272,974,12,1010,130,2069,244,196,0,69,16943,1066,308,455,283,2977,7,926,0,80,140,368,7,608,9,263,778,14,0,2281,2977,3,58,32,1,2,25,75,1416,5,24,120,19,5611,217,0,28,40,51,234,25,542,169,19,9,1,297,13085,17,156,340,5,1,599,618,1238,1,224,1,60,174,35,0,3,0,8,5,4437,2,20,28,38,1
TCGA-95-7948-01A-11R-2187-07,556,472,94,131,693,686,1,339,755,22,641,8,2,3,1518,11590,24796,702,34,12,31,178,1904,755,1231,10,46,296,1052,7476,26,814,313,476,807,214,26,151,8586,4886,203,120,131,1228,3,655,8,504,172,1246,35,6462,16,306,336,9,0,4974,3563,1,11151,53,4,51,90,67,637,5,106,266,21,8756,1595,0,121,18,71,155,47,693,19028,37,1,1,102,13548,25,111,537,10,0,278,561,24350,0,478,6,16,858,943,1,1617,3,1,634,5242,1,44,45,47,1
TCGA-97-8172-01A-11R-2287-07,18055,4954,840,10530,2464,2363,269,14,7348,204,10874,75,1,101,9934,2414,6351,7960,467,22,9,274,1478,1112,212,159,1816,1108,3938,9850,87,676,542,19140,1351,321,4,3095,70642,2863,1004,733,1727,5255,72,2456,5,4288,116,1266,261,3560,5,1311,2034,1458,88,9822,4710,1,344,723,169,32,690,2459,10933,14,280,1073,321,81163,4050,3,258,305,586,1076,360,3106,1886,449,2,54,387,3358,701,578,34926,69,0,2897,1604,18660,4,3013,12,327,10311,104,4,26,0,40,10,16014,2,100,440,130,1
TCGA-55-6979-01A-11R-1949-07,519,1571,147,855,523,470,5,1,3144,33,610,27,2,9,1323,1642,2191,3201,27,26,9,90,824,316,91,59,88,355,435,2460,65,372,116,1005,301,249,32,38,11881,336,589,705,581,3813,8,1373,3,163,93,785,35,773,8,315,871,20,4,5617,2857,12,52,66,9,7,93,80,1040,26,34,173,41,12934,707,1,70,6,242,210,36,920,2020,239,5,5,609,3199,63,131,732,3,0,723,1432,3395,2,470,8,26,468,153,3,59,0,2,22,8571,8,94,141,96,1
TCGA-05-4410-01A-21R-1858-07,609,975,73,50,453,260,8,2,3407,19,947,11,1,6,549,3057,1030,1618,39,9,2,35,437,970,123,20,65,231,228,2756,11,312,344,1283,193,76,2,110,12926,484,230,271,181,4167,7,544,1,258,61,441,24,1063,8,233,302,23,0,1700,3449,0,130,9,4,4,47,83,793,53,63,238,11,2115,723,2,40,20,64,205,27,393,3890,28,19,0,127,1818,17,43,2376,6,1,300,137,6439,0,229,6,26,490,120,0,4,0,4,26,4720,0,5,45,37,1
TCGA-64-1677-01A-01R-0946-07,235,215,40,62,145,100,0,3,1364,4,150,0,0,0,633,774,728,568,9,5,6,19,223,170,161,115,26,62,201,2130,58,444,25,209,48,142,6,6,3953,1020,119,122,134,1305,3,238,0,61,87,128,5,324,0,90,62,1,10,661,2247,9,12,27,1,1,29,3,980,10,20,27,4,1296,469,1,65,0,155,34,15,227,1124,14,0,59,514,1546,25,15,79,4,1,171,516,2108,0,251,4,13,122,21,1,1,0,2,14,1851,1,16,28,11,1
TCGA-78-7633-01A-11R-2066-07,1955,5572,401,3087,2577,1440,24,2,5246,102,1892,10,1147,8,6467,14177,18473,4393,82,306,5,225,2101,1020,755,142,359,1330,832,14034,140,901,254,3105,887,6044,111,156,8934,629,2610,434,4395,7399,28,5044,6,4964,96,3097,129,3442,41,1260,2210,140,3,6020,5132,54,118,60,105,11,794,190,14648,787,52,1602,193,40798,4412,9,494,16,217,1938,54,3706,16033,351,9,22,1049,7105,142,395,3636,12,1,1972,9374,49350,5,889,76,48,2649,577,6,350,1,9,381,32251,3,162,464,419,1
TCGA-55-7724-01A-11R-2170-07,3621,1816,143,3717,790,179,65,12,7152,37,2221,12,14,40,2988,3997,9193,1658,46,215,19,193,2157,969,201,282,386,700,277,2683,163,156,307,3544,271,717,66,265,1670,713,2438,427,1342,4968,34,1071,39,467,260,646,265,927,23,460,685,201,9,5724,1729,83,113,151,7,10,75,1203,393,140,241,792,494,28497,2432,4,450,49,335,328,1123,1267,6561,357,19,62,1828,157,470,13,6294,28,14,946,4751,11014,5,794,13,101,4419,243,1,21,8,8,39,12503,26,107,383,188,1
TCGA-05-4405-01A-21R-1858-07,671,1665,131,292,658,392,31,3,2807,27,908,14,0,8,962,2490,1445,631,27,7,2,55,1296,669,297,45,88,318,601,4378,63,475,127,2731,289,647,600,124,10609,885,252,180,313,3140,4,861,2,470,119,409,16,897,5,330,806,8,0,2231,2715,7,126,52,16,8,48,55,787,3,145,56,96,26909,1630,0,29,18,208,453,31,454,3598,48,2,3,194,2634,63,167,1743,14,1,700,802,7357,1,581,12,22,564,28,10,139,0,3,11,4877,0,15,50,70,1
TCGA-J2-8194-01A-11R-2241-07,1039,2704,492,376,1302,502,6,13,3042,54,390,5,90,5,4129,6646,10686,2967,61,13,3,234,718,508,122,342,155,898,536,9109,130,942,90,2462,348,582,194,94,14248,347,870,594,3720,4875,6,2991,7,567,201,796,32,1640,16,793,1274,31,0,6555,5348,2,73,68,15,18,294,238,10855,215,52,1203,188,2538,3050,0,220,3,695,1192,25,3162,5117,88,11,9,344,5611,114,265,2102,11,0,1833,941,13830,1,547,11,54,936,45,0,55,2,5,12,19495,0,118,520,343,1
TCGA-44-8119-01A-11R-2241-07,1144,1946,314,102,897,1462,1973,8,2321,40,903,15,6,6,2057,2276,3625,3413,30,32,4,339,460,534,174,45,1378,1120,613,8276,140,643,376,3094,486,18,26,15,35190,692,1543,665,858,4404,13,3484,0,421,325,849,62,5256,7,690,1864,941,2,8840,4592,1,156,74,4,3,67,26,10901,11,128,610,9,734,1712,6,173,107,53,453,441,2475,25,4354,7,26,1244,8020,204,520,465,9,0,7644,269,5910,1,1296,31,44,751,92,0,3,2,19,343,20338,1,132,17,46,1
TCGA-62-A471-01A-12R-A24H-07,263,240,54,37,412,279,1,0,1432,4,177,2,0,2,549,2701,4308,930,21,5,0,25,115,132,19,23,16,98,243,2339,15,836,37,600,98,56,8,33,42913,31,301,132,149,2144,1,579,7,29,398,170,4,672,143,125,296,1,2,908,5090,4,67,22,0,2,28,83,6318,28,366,70,8,354,206,0,16,0,92,442,133,674,277,59,4,0,280,5874,28,138,37,2,0,357,692,1481,1,192,5,49,108,265,0,22,0,0,10,4132,0,51,109,28,1
TCGA-86-8674-01A-21R-2403-07,143,227,48,23,475,456,1,0,773,13,95,3,1,0,407,1192,1042,491,8,4,2,25,136,180,41,23,11,139,611,4690,12,1005,57,269,104,133,3,44,42486,59,66,54,234,923,0,522,1,43,265,558,5,476,0,197,296,23,1,559,2766,1,34,18,0,3,36,52,5837,14,30,57,3,225,385,0,7,5,14,144,20,385,365,10,0,1,242,5440,4,73,12,4,0,185,265,5536,0,95,6,6,103,881,2,0,0,0,89,4772,0,24,56,46,1
TCGA-55-A48Y-01A-11R-A24H-07,763,1315,151,81,693,395,4,1,530,10,735,2,1,5,3635,1590,2019,1670,47,3,1,227,1356,277,91,124,77,578,356,3787,47,437,179,2428,293,104,14,19,19343,61,669,148,493,1707,2,1914,0,151,180,1029,12,613,1,611,903,11,0,4103,4172,0,17,34,2,0,87,12,2779,8,98,181,1,45,556,0,40,0,31,431,47,1175,1094,31,0,0,437,7168,44,104,97,12,0,1154,440,8440,0,496,10,25,265,29,0,7,0,2,37,10297,0,37,48,81,1
TCGA-91-6829-01A-21R-1858-07,1720,1987,185,20,1225,787,4,0,1586,46,2541,14,0,6,1443,2433,2642,1736,56,14,4,1001,2754,862,130,74,155,441,719,4371,69,434,197,4568,492,184,323,71,15060,391,672,264,553,1242,5,1647,0,770,108,709,93,2551,1,645,1039,26,3,5656,3499,2,81,15,1,0,46,38,3003,4,16,218,5,79,1011,0,33,79,234,485,71,961,7114,40,17,18,298,3753,54,92,1757,9,0,1175,988,10820,3,881,6,26,882,24,0,106,0,4,21,9223,3,21,77,153,1
TCGA-69-7763-01A-11R-2170-07,2514,1920,380,2507,1369,1476,77,7,8327,54,2936,27,10,59,4604,2992,6644,2885,52,661,17,181,1487,551,307,204,283,1189,690,2713,148,417,456,5623,690,1875,59,456,6239,629,1639,453,1866,5297,17,2432,24,582,165,780,140,1185,44,1047,1153,192,22,3163,2589,79,124,112,80,56,469,538,6952,337,362,2869,395,91988,3268,20,404,49,262,949,655,2267,3307,211,17,30,1032,1771,467,201,4738,28,1,1820,6464,9050,7,882,32,42,3514,683,16,31,3,12,52,15638,6,191,618,440,1
TCGA-64-5779-01A-01R-1628-07,474,814,163,185,435,408,4,1,643,12,2351,3,0,13,1621,657,1196,1756,84,25,0,133,270,446,133,23,73,270,300,2089,39,212,128,2559,387,9,4,37,3997,526,499,178,374,1160,7,971,0,185,61,457,3,2224,5,371,608,4,1,4586,5458,3,21,35,2,1,64,26,5335,5,11,289,7,26,872,0,25,32,78,225,18,832,78,1536,1,2,730,2265,34,87,447,7,1,1490,165,2600,2,576,10,93,756,3,0,4,1,8,21,8177,2,11,54,128,1
TCGA-78-8640-01A-11R-2403-07,471,589,63,2189,239,358,12,9,2871,23,770,12,11,8,929,1298,2341,2349,12,379,7,41,859,306,502,121,59,198,346,1564,44,2787,286,1581,169,578,44,76,19821,214,452,373,311,2396,62,905,19,120,430,281,57,2127,34,178,405,24,3,3500,4028,72,93,75,20,23,107,131,4413,139,320,305,345,66250,1032,3,61,12,127,183,372,452,1828,318,5,20,813,7134,372,150,394,12,4,600,5605,6566,6,295,27,40,403,317,20,28,2,3,19,4395,6,47,132,114,1
TCGA-64-1680-01A-02R-0946-07,658,259,58,870,268,273,11,0,6724,20,689,1,4,5,1721,2248,1276,493,15,22,9,20,286,135,186,125,50,196,563,3309,45,400,252,955,448,674,11,99,5422,125,556,150,373,12288,2,415,5,170,84,165,30,449,3,249,101,29,3,410,2183,4,14,49,15,5,104,183,390,135,50,310,95,31971,3176,3,92,9,141,160,19,529,7591,25,43,1,137,1715,1,49,1698,6,0,161,631,9889,4,234,12,10,1011,47,0,3,0,5,6,3662,2,34,88,96,1
TCGA-55-6980-01A-11R-1949-07,944,1220,132,225,608,722,16,1,852,49,839,10,0,24,1671,3869,3814,2797,27,2,1,97,339,182,94,46,114,170,528,1985,41,284,160,4181,426,31,36,302,6304,310,214,204,307,1520,2,795,2,327,75,547,28,681,11,250,561,79,0,2776,1725,1,155,18,3,10,66,68,1435,21,141,171,8,1228,1154,0,42,16,233,548,42,492,432,62,2,3,120,1356,452,77,1389,9,0,422,199,5181,1,857,6,13,927,57,2,17,1,4,48,4853,0,27,79,113,1
TCGA-86-8585-01A-11R-2403-07,618,622,90,550,472,425,7,2,1581,26,564,10,6,1,858,1011,1048,2499,32,8,3,67,288,172,166,105,70,76,363,1474,38,588,156,1476,268,206,8,58,13173,134,218,437,191,1200,15,876,3,47,456,377,13,712,196,247,426,7,0,1291,2101,9,51,66,1,6,37,107,1715,47,59,140,93,23086,798,2,26,32,75,172,129,524,502,17,7,0,348,4040,80,192,523,4,0,397,1242,2421,2,395,11,97,627,1179,5,11,0,4,10,2880,0,72,38,47,1
TCGA-75-6211-01A-11R-1755-07,200,549,95,28,197,412,1,0,286,22,507,5,1,2,864,371,592,1555,6,1,0,57,131,335,83,5,35,351,165,4319,24,424,93,1117,165,15,2,6,8236,17,107,129,270,1113,5,815,0,82,167,182,2,272,2,344,449,1,0,3521,3424,0,108,22,0,2,99,16,3104,9,40,233,1,34,334,0,32,11,34,177,20,629,61,192,3,0,576,2566,21,74,106,6,0,1473,66,5581,0,528,5,9,200,12,0,2,0,3,23,6769,0,20,66,23,1
TCGA-50-5066-01A-01R-1628-07,1076,410,72,358,183,318,29,2,718,16,571,0,1,8,2692,9958,13952,1378,27,7,14,186,370,148,353,28,44,290,332,3944,261,245,43,432,211,423,8,16,4605,87,295,594,391,2759,8,799,1,111,90,286,40,573,4,334,248,8,26,1240,1476,8,20,85,8,2,134,85,403,27,25,105,23,27686,651,2,437,19,63,115,425,1030,927,18,2,0,313,1403,108,69,797,28,0,254,535,2331,9,682,13,4,334,135,0,19,1,20,9,5937,1,32,21,29,1
TCGA-78-7149-01A-11R-2039-07,1243,1189,308,7,749,1551,4,2,315,78,532,2,22,4,3591,4917,7095,3100,53,11,2,123,1684,355,462,296,101,1276,1156,4678,50,709,100,2372,437,667,10,110,5904,275,1501,153,2035,2140,2,3074,1,1178,418,923,30,611,20,1869,1376,20,0,3238,3220,4,101,45,43,11,515,223,1213,316,39,599,32,28,2303,1,138,3,62,1210,29,1808,6610,38,12,0,230,5277,12,332,1163,5,2,1042,2230,21259,0,769,28,21,1049,513,0,24,0,4,253,19707,1,77,202,112,1
TCGA-97-A4M2-01A-12R-A24X-07,6242,3160,718,9987,1714,4448,132,24,12242,254,5114,279,73,135,5080,5647,17577,10425,304,1715,32,359,5963,1740,1210,866,1035,1277,2617,8237,273,563,1841,8273,738,2847,260,1728,4684,2075,1481,1337,2826,10355,245,5612,71,1913,94,1399,416,2244,220,1019,2753,564,24,6476,2878,378,2056,908,194,75,658,2138,1883,1656,2732,2332,2833,516179,3646,119,596,164,547,1880,1939,2248,14754,672,113,79,8898,2302,2327,828,17263,61,51,2412,28587,18649,26,1389,130,309,7166,4811,39,365,5,30,273,19112,67,255,2314,895,1
TCGA-44-6777-01A-11R-1858-07,1858,3964,444,196,725,755,95,33,7030,95,2810,39,1,47,2534,2586,4291,2879,42,10,0,163,306,589,95,14,258,565,1063,5941,48,398,427,6209,701,911,46,243,5907,147,2243,688,835,5040,4,2866,0,488,172,1110,23,1392,3,550,2765,30,0,5997,1787,1,116,27,10,0,55,31,526,15,452,198,28,5984,1283,2,103,36,189,1517,232,1279,495,182,12,3,118,3883,753,123,2322,22,0,1025,317,4805,1,1119,5,9,866,25,8,1,0,10,22,19649,0,27,66,253,1
TCGA-67-3774-01A-01R-0946-07,2589,1487,178,4597,635,733,37,9,8133,65,872,12,2,10,3926,1960,3770,3306,65,25,11,99,999,476,206,248,191,557,880,5229,100,353,139,2834,912,1022,26,337,9308,376,1056,572,974,5455,2,1555,13,618,95,752,75,1263,7,493,596,226,4,3405,2424,7,75,139,40,45,368,340,4759,143,143,1482,282,67300,2179,6,123,20,494,1738,267,1504,2800,49,29,0,251,2597,85,131,5081,51,2,685,2344,10323,1,605,50,44,2484,91,0,47,0,33,21,9159,5,49,215,91,1
TCGA-05-4426-01A-01R-1206-07,1373,2746,188,900,1110,613,25,3,2706,36,564,17,0,8,2109,7717,7159,2459,173,29,8,140,1018,852,768,836,66,260,1722,6752,65,784,151,1392,1960,1103,271,85,28074,372,676,479,1195,9178,14,2167,127,1054,647,525,83,3074,35,345,1058,38,13,2858,4615,2,98,61,4,27,123,57,850,81,90,78,45,6998,1086,1,194,4,382,380,15,863,3466,100,6,8,448,2577,1681,338,265,13,1,679,2019,10538,1,1956,9,32,579,206,2,16,0,5,138,9319,7,202,421,27,1
TCGA-55-A4DF-01A-11R-A24H-07,373,742,103,564,188,291,58,4,5842,33,346,4,3,47,1915,1322,1654,2829,34,25,5,127,1544,1737,162,426,29,194,467,4541,246,1078,146,764,143,39,12,71,11097,1233,375,634,180,4054,5,886,19,78,164,532,14,643,36,229,574,14,19,3056,3616,10,94,104,18,7,46,82,6092,12,73,205,34,8502,570,0,750,12,202,147,34,487,1569,710,8,258,1402,951,39,75,297,7,3,823,1151,7820,1,485,28,89,259,368,3,10,0,4,38,4311,21,137,74,37,1
TCGA-97-7553-01A-21R-2039-07,16804,6502,696,15066,1829,2032,285,73,32475,265,5035,141,60,127,4764,9243,24353,13149,189,1744,85,549,10752,1880,883,477,1501,2991,1568,15853,580,348,2291,8066,947,1308,490,1317,12233,2086,11562,2407,3360,17673,98,6098,60,2190,60,1868,540,3489,138,1947,3926,430,27,11395,2376,376,1810,237,317,167,1170,1298,1170,702,1636,1909,3288,413465,4692,98,663,166,714,1465,5521,3581,21599,954,79,169,7188,1706,3541,418,11554,121,24,2422,20616,19592,26,1600,98,163,3043,3002,94,199,11,41,181,29946,33,233,1168,735,1
TCGA-MP-A4TD-01A-32R-A262-07,1392,1042,237,20,583,1768,11,3,1435,45,1170,40,0,6,3133,839,2086,2533,77,11,1,168,223,436,30,791,153,543,799,2628,38,637,359,4269,894,44,3,225,8776,109,487,289,621,1365,1,1566,1,615,155,597,37,520,6,660,1172,79,0,3624,2961,3,220,169,5,3,168,210,13175,4,102,562,14,27,654,1,45,120,181,546,58,1304,15,278,17,0,280,6269,73,288,3036,31,1,1015,588,6230,0,808,18,36,2181,16,1,1,1,7,29,9091,1,52,164,68,1
TCGA-50-5930-01A-11R-1755-07,402,440,72,121,181,223,6,0,605,25,506,3,0,2,1215,1812,2531,881,13,8,0,52,137,155,134,10,65,168,195,1094,26,333,75,1545,159,63,5,16,18240,80,412,168,333,968,7,683,2,183,314,274,11,310,0,219,297,5,1,1784,1084,3,26,5,0,4,50,10,1195,25,5,264,17,2750,2011,0,19,5,31,183,5,592,281,19,4,0,97,2409,8,108,171,11,1,338,230,2596,1,198,1,4,207,76,4,13,0,10,27,4969,1,11,23,106,1
TCGA-95-A4VN-01A-11R-A262-07,694,2432,135,499,571,504,5,11,5460,45,971,5,10,9,1419,2374,3551,3416,34,12,8,118,716,1581,120,108,117,549,669,3190,72,929,123,1341,270,767,48,158,11120,285,734,632,374,4810,3,1428,7,162,108,760,42,527,20,278,933,26,2,7024,6024,8,166,90,4,21,98,91,1330,17,28,443,93,26957,1957,0,36,5,180,492,56,1325,5412,171,36,2,326,5721,67,136,738,13,1,1147,2382,7194,0,273,14,43,483,234,2,7,1,13,11,7058,6,13,75,150,1
TCGA-93-A4JO-01A-21R-A24X-07,2313,1602,251,2513,665,1431,42,22,3018,67,2204,15,23,30,2263,3241,6990,7343,92,603,0,110,1992,903,353,100,273,851,987,3661,48,1127,444,2927,510,387,238,453,10093,1450,919,602,1443,2699,30,2141,32,415,117,667,99,940,145,755,1281,112,6,4276,3144,77,389,142,93,50,315,214,768,361,297,1317,160,35998,1859,41,276,28,498,590,577,1470,6620,234,96,17,1201,6585,288,382,2793,21,7,1067,7324,4524,4,945,18,105,1634,1511,4,27,0,11,60,10431,18,120,797,540,1
TCGA-49-AAR0-01A-21R-A39D-07,1501,1725,156,3677,938,2009,17,0,8506,75,1417,27,23,30,4063,2256,8388,5807,31,253,25,188,3656,876,1097,433,181,534,1000,5066,119,578,422,3179,982,4944,107,392,6915,1003,1197,625,599,6767,60,2343,42,435,96,1051,165,803,133,633,1023,84,28,3906,2712,234,400,554,18,98,792,456,4480,530,799,1063,1036,425041,2269,21,209,38,244,1128,852,1250,7524,501,38,61,1819,3458,624,472,1959,16,14,1582,19549,13497,7,856,98,42,2712,2483,16,157,0,11,138,9938,21,99,481,728,1
TCGA-67-4679-01B-01R-1755-07,2897,4176,308,1453,962,906,90,6,6418,128,2463,19,1,32,4765,4043,4798,2320,115,233,0,179,1954,684,211,206,381,793,592,7495,292,487,90,5067,413,3973,63,219,3948,1263,1057,400,1632,8989,15,1801,5,681,43,530,78,2209,11,876,970,65,5,3751,2878,14,146,152,51,6,415,691,623,304,181,1031,37,12252,2271,10,343,27,224,751,46,1877,9852,110,24,8,317,2161,643,224,4611,22,4,693,3933,17565,3,499,38,88,3227,87,3,228,3,15,57,12776,8,90,478,180,1
TCGA-O1-A52J-01A-11R-A262-07,946,4005,144,5422,1343,379,26,5,63865,81,750,54,28,20,3383,755,1280,1694,34,13,16,88,4927,1719,398,296,139,313,608,8242,7,428,53,1621,366,1926,273,270,6372,479,9162,1079,104,6742,9,838,1,328,48,909,45,1598,57,143,673,124,2,3208,5128,1,42,5072,15,6,31,440,5780,12,462,265,6837,393992,3366,3,17,4,497,885,14,548,9501,977,1,3,140,477,1065,92,1877,80,0,1531,8962,12401,0,158,14,61,877,94,0,25,0,76,38,6134,1,23,31,98,1
TCGA-05-4420-01A-01R-1206-07,816,918,142,76,192,561,0,0,1244,9,1336,27,3,1,6538,1468,1816,1917,25,12,11,172,101,254,60,3,119,468,938,11929,34,819,110,1907,237,190,3,38,31488,554,1508,223,717,3249,5,1963,1,270,318,824,0,1694,10,615,577,76,0,3033,9027,0,51,90,1,6,179,21,6278,50,79,189,25,12,639,0,89,58,36,490,28,1304,119,54,2,0,1043,18325,563,177,1655,14,0,1161,427,8364,0,348,3,29,460,1272,0,1,0,8,95,32528,3,93,107,79,1
TCGA-55-6642-01A-11R-1858-07,817,1275,211,27,561,870,1,0,721,18,1836,22,1,3,1167,1101,2604,1560,17,2,1,124,363,206,27,9,65,451,521,1933,54,464,483,3926,501,53,5,31,7593,736,334,253,427,2049,2,1337,0,187,121,516,4,1438,1,644,931,15,0,4696,3369,0,89,21,0,1,84,7,3405,14,25,79,1,170,645,0,98,53,239,245,28,718,249,133,5,0,407,2732,72,49,205,6,0,804,99,5579,0,949,5,34,325,11,0,3,0,2,28,13977,1,11,140,27,1
TCGA-86-7953-01A-11R-2187-07,526,2124,160,595,350,410,9,7,1876,31,501,3,4,61,2412,2033,1866,5308,23,26,10,160,665,877,81,104,67,504,625,13847,506,978,195,1268,449,64,34,66,20623,672,726,578,365,11738,10,1777,8,163,307,831,26,2076,6,384,2163,16,0,15666,4080,8,85,56,4,9,136,51,5302,35,73,364,6,2131,1271,1,91,4,420,310,17,1413,1311,1076,10,40,2000,7885,510,143,278,21,0,2044,1144,21892,0,395,3,53,558,134,1,92,1,11,26,10027,0,36,117,80,1
TCGA-53-7624-01A-11R-2066-07,371,587,50,5,2062,470,5,0,4138,68,126,2,2,9,1110,3664,6464,11648,65,202,255,83,515,277,1269,74,6,72,652,1132,11,781,114,253,297,5,0,8,5770,195,70,816,1467,7988,24,446,21,11,138,771,40,2078,63,133,156,5,0,6872,6156,1318,125,9,2,1,9,17,1024,2,21,68,20,42,119,0,55,17,47,1629,0,145,2,10,73,3,840,4596,8,128,20,23,110,213,172,16771,0,67,8,133,22,43,1,586,3,20,33,1552,71,48,10,9,1
TCGA-97-A4M3-01A-11R-A24X-07,1737,848,336,1060,932,1012,24,1,2042,56,1069,2,11,10,2870,4053,5090,2550,54,60,3,118,789,270,128,72,145,650,566,6505,50,504,139,2134,672,1234,36,305,14269,420,289,318,1057,1867,7,1921,4,387,144,635,60,959,37,449,1037,109,0,3203,3619,31,137,75,6,34,215,355,7170,118,71,943,52,16992,3673,6,155,19,249,586,98,1292,1889,128,10,17,1192,4307,253,255,1681,15,4,1115,4534,5591,2,495,5,55,835,293,6,28,3,4,157,9309,8,107,345,349,1
TCGA-80-5608-01A-31R-1949-07,971,1012,122,2635,293,750,4,2,6713,24,1055,4,12,14,3167,1055,3428,14618,20,36,18,86,1079,637,280,230,105,459,464,4067,78,1017,156,1467,339,837,68,122,46684,513,903,365,565,5931,12,1463,12,180,145,458,62,921,18,399,567,52,10,2993,7011,35,89,146,8,47,2450,97,27093,120,62,942,423,67803,1545,0,170,6,172,799,55,1284,3732,1092,11,10,843,9881,127,111,1036,14,0,1194,4320,14995,2,605,41,119,926,162,2,34,2,7,18,7630,28,87,139,439,1
TCGA-55-8620-01A-11R-2403-07,386,484,52,746,284,394,14,2,910,34,640,3,4,1,437,474,1184,1929,10,28,2,332,391,533,60,33,31,132,219,1468,10,276,258,622,641,69,18,63,21839,151,304,320,131,991,1,559,4,227,223,328,61,274,34,118,386,9,1,2852,2634,24,187,44,3,5157,42,99,3938,19,126,124,52,14804,205,1,697,4,45,162,157,379,505,235,3,48,530,2350,117,70,1007,4,4,838,1471,10062,3,882,17,29,306,192,0,14,1,3,19,3461,0,18,46,77,1
TCGA-62-8395-01A-11R-2326-07,1209,3332,237,10852,1930,1006,7,6,1755,46,916,8,3,23,3019,3814,6107,7985,93,16,60,708,7221,1183,203,188,191,605,628,7588,60,574,155,3281,1266,231,448,115,3721,1227,417,212,1055,4207,18,1706,3,3433,81,1576,40,2141,52,566,1118,29,41,3071,4425,21,55,137,11,201,174,154,9171,61,81,363,42,1899,1197,3,180,10,214,865,18,1166,6335,270,1,2,324,5551,71,203,1998,15,1,1366,1684,15923,0,1210,21,44,1547,60,26,339,0,10,118,10400,2,59,107,124,1
TCGA-75-6207-01A-11R-1755-07,397,883,112,187,662,162,16,4,2362,19,432,24,2,4,707,3816,6476,814,5,13,1,33,124,1446,53,11,41,159,505,5056,9,540,91,910,139,261,15,83,10451,352,860,593,148,3521,2,740,0,112,312,737,108,1723,2,219,530,9,19,3468,4777,1,12,35,0,2,30,47,2107,2,145,124,27,4235,370,0,62,0,315,267,184,514,229,44,1,2,259,5195,432,63,436,2,0,451,279,6050,0,216,6,17,204,70,0,2,0,3,6,5577,1,26,22,69,1
TCGA-50-5068-01A-01R-1628-07,746,467,59,4287,260,174,11,1,1993,10,1991,0,1,7,1708,4638,4092,825,22,11,11,78,526,123,801,14,41,187,368,5867,66,174,35,402,255,91,12,80,2921,156,292,303,241,2942,6,636,9,367,100,258,38,583,98,275,261,12,1,647,1912,22,17,75,7,7,209,55,217,31,10,103,7,4120,1304,1,48,21,212,70,107,555,14501,158,23,3,592,1442,81,128,2017,7,0,239,615,3285,2,226,11,2,815,30,2,7,0,2,21,3335,5,50,90,28,1
TCGA-NJ-A4YF-01A-12R-A262-07,272,282,61,2,107,240,0,2,45,2,152,0,2,1,1113,223,1024,760,4,9,0,29,59,89,30,4,17,107,445,1168,7,865,53,731,99,77,7,10,4633,28,155,126,106,1114,0,1058,0,18,842,432,2,833,9,172,287,14,0,7975,2234,44,59,48,0,0,65,2,8614,14,27,340,1,49,230,4,6,1,13,169,45,616,0,77,1,0,99,10340,63,80,5,1,1,476,132,2172,0,189,20,22,24,118,0,6,0,1,26,4696,0,11,12,58,1
TCGA-44-6145-01A-11R-1755-07,789,1120,118,831,512,439,7,1,1736,29,992,3,4,6,1182,4334,4392,4551,29,11,5,112,1300,503,60,37,182,412,377,2995,42,337,147,2347,391,103,17,119,16993,88,599,429,472,3899,5,1139,4,140,61,388,60,1139,11,494,669,12,0,3801,2476,10,85,20,20,3,119,144,3378,55,103,392,49,11213,1307,4,83,19,106,219,62,1596,1399,42,6,3,455,2945,70,147,1004,21,0,759,1586,6565,0,389,11,18,494,105,0,79,0,12,31,10022,2,55,60,149,1
TCGA-05-4424-01A-22R-1858-07,3155,2416,298,4032,702,846,143,9,9676,62,4043,31,13,32,2798,2451,6589,4704,92,215,8,188,2083,987,285,285,271,954,592,4848,108,430,338,5819,477,759,119,478,16519,690,2353,807,1145,4031,93,1818,30,979,82,822,273,1830,40,669,1563,319,15,6120,3710,67,206,79,15,19,213,955,5343,156,563,1782,401,73736,3334,7,262,60,259,929,653,1885,3670,627,10,63,1320,4174,377,125,5332,17,6,990,6582,16071,10,1198,37,78,3701,3280,7,29,2,8,42,14683,17,70,280,626,1
TCGA-86-A4P8-01A-11R-A24X-07,14099,6338,1081,64789,4059,5717,287,11,16980,166,5928,115,255,181,11395,17395,62005,18748,607,3293,233,895,16868,5330,2789,2103,1906,3620,3509,14318,1109,330,2141,14802,1403,5118,1014,3365,1485,5859,15844,3305,8010,26655,1065,8854,129,3965,33,1999,2190,5863,233,2658,3293,1196,518,15667,1873,479,811,2368,1527,366,1052,2560,468,1881,1314,3104,3263,870424,14212,120,1895,254,1783,2387,668,5825,30296,1833,229,603,19826,231,1581,1795,16574,480,34,4178,79555,47896,108,2728,181,803,7764,7574,118,635,26,126,360,21894,273,625,3607,5002,1
TCGA-67-3772-01A-01R-0946-07,1989,1211,145,897,541,725,28,1,1642,37,3359,31,4,7,2735,3139,3191,1362,59,1,45,142,2082,313,315,494,107,538,775,7281,228,399,192,2943,926,1071,24,239,11141,335,4223,276,1115,9547,3,1171,2,593,175,612,124,780,38,574,655,27,0,2906,3689,0,51,624,158,9,240,56,2088,3,567,419,4,5206,1440,5,119,50,275,306,4330,1730,3621,97,12,8,227,6700,694,125,5684,15,0,566,180,10177,0,587,3,12,1888,28,2,6,0,10,62,9555,0,24,62,124,1
TCGA-44-4112-01B-06R-A277-07,1105,1483,231,507,805,253,66,6,1780,10,1856,11,4,8,690,2530,3059,507,89,49,1,240,716,584,15,114,113,351,235,1801,183,123,89,977,101,74,39,112,2940,227,920,177,918,5256,85,370,11,1137,39,281,132,1184,6,415,514,34,2,4024,1112,4,184,52,4,1,12,71,273,4,37,143,10,1513,977,2,111,43,174,155,37,813,2507,187,9,7,1173,277,40,29,1799,48,5,497,171,3663,1,563,68,117,768,38,2,12,1,10,58,4411,6,6,142,10,1
TCGA-44-4112-01A-01R-A278-07,301,792,90,45,432,98,10,12,477,14,1532,2,0,13,1092,3369,2465,246,25,19,0,53,103,181,44,2,18,317,228,5018,30,286,68,910,41,129,17,44,8336,58,399,118,286,3010,1,666,0,201,100,263,64,858,10,200,379,29,9,2811,1117,0,13,21,0,1,23,16,463,11,29,16,0,94,369,0,22,17,103,167,44,668,353,85,4,0,232,2090,242,46,404,9,3,222,111,6553,1,535,21,16,429,17,6,4,1,1,1,5001,0,15,36,22,1
TCGA-55-7994-01A-11R-2187-07,416,1859,108,117,2095,2225,4,1,14900,55,494,19,3,2,789,6591,16047,4052,19,72,0,60,1495,2086,185,6,34,381,1244,3554,18,350,1553,1062,145,301,8,43,12948,353,532,1225,421,10245,9,1535,2,95,271,639,293,2290,8,262,1081,4,0,2935,9438,4,71,10,4,1,46,22,2655,60,93,229,7,4609,3435,2,32,8,68,167,23,729,5033,51,2,6,559,4555,73,108,163,24,3,836,1490,18161,1,123,13,71,167,89,1,5,0,10,89,9743,2,18,42,47,1
TCGA-49-4490-01A-21R-1858-07,409,807,186,32,548,656,13,0,599,31,758,7,0,20,1405,3678,1721,1225,9,5,6,36,1036,200,405,50,50,202,368,774,37,323,1117,2046,360,108,14,211,8842,193,123,68,307,2185,17,721,0,80,352,509,8,447,9,271,369,16,0,1829,2678,2,64,18,1,8,84,111,793,3,33,196,9,260,779,2,51,15,221,246,14,401,600,40,1,0,131,1729,31,83,563,3,0,249,209,10593,0,406,5,36,982,45,2,6,0,3,5,4022,0,25,48,299,1
TCGA-35-4123-01A-01R-1107-07,425,1505,64,13,545,515,2,4,1210,37,1522,2,1,15,1695,10322,15779,2853,8,4,0,110,280,522,35,6,46,153,885,3268,48,624,34,850,335,23,0,5,9308,479,443,929,285,4654,1,966,0,26,295,837,13,1094,4,313,472,3,0,4771,4148,2,34,29,3,1,120,7,337,27,66,38,5,75,386,0,44,4,75,103,57,734,244,32,0,0,398,4292,620,166,163,0,0,894,129,4347,0,250,3,4,369,20,2,1,0,4,12,5874,0,30,62,29,1
TCGA-05-4425-01A-01R-1755-07,1105,4534,68,2922,301,260,2,15,9914,23,370,26,1,4,510,868,1718,1436,34,12,0,40,282,55,249,5,9,285,841,10755,108,231,538,287,132,134,9,8,10339,706,342,378,191,14021,0,1033,0,91,70,1095,10,1956,9,335,1152,3,1,1740,2673,0,56,75,3,23,43,9,3227,0,125,273,40,25651,357,0,114,20,844,186,39,582,1734,42,1,0,295,3596,180,193,52,5,0,570,832,9224,1,399,1,10,234,87,0,7,0,7,4,5453,9,52,39,26,1
TCGA-55-8204-01A-11R-2241-07,5884,1342,233,15,865,683,8,5,1841,34,4103,6,2,8,1458,6657,14294,1189,47,7,3,159,714,263,19,58,94,602,514,4944,51,563,567,1702,452,69,24,159,7440,407,796,390,473,1306,12,1291,49,346,151,564,36,644,331,524,913,105,0,5316,4229,0,144,222,21,31,153,32,2598,4,98,384,10,77,1662,0,85,8,629,287,159,1342,437,464,201,0,1201,2792,126,140,1089,14,1,2192,137,5156,4,1558,4,29,466,159,0,3,0,17,12,11467,2,18,79,42,1
TCGA-MP-A4T9-01A-11R-A24X-07,4132,2738,263,10585,2347,1481,147,53,13029,83,2995,77,40,36,5204,7133,17686,11597,121,443,21,407,7170,2203,853,727,286,701,1269,5631,286,621,1215,5790,633,2398,366,778,14302,2563,3047,1120,1782,13717,112,2535,63,957,173,992,549,3245,365,652,1726,230,19,11237,4015,399,613,615,1,143,245,841,2534,114,1740,1251,838,236515,2870,1,299,49,631,1226,7234,1651,16342,730,85,92,7870,4178,881,418,2624,83,23,1988,38659,18273,8,2704,56,228,3899,3702,55,91,4,22,195,15751,147,118,528,843,1
TCGA-78-7539-01A-11R-2066-07,841,2213,147,6,1220,999,49,10,1889,80,1096,65,26,19,2578,4123,2178,6408,58,19,0,94,11823,646,4490,113,114,373,530,4741,25,2381,105,2798,682,312,170,316,17093,5621,464,631,373,30919,2,1270,0,293,322,1643,28,1478,0,438,1062,50,0,2998,6282,0,98,25,5,3,229,819,3712,122,1360,278,0,352,1393,0,82,34,756,5325,75,785,389,116,2,20,236,7090,960,67,4221,11,1,863,602,21015,0,2688,7,52,992,40,7,111,0,4,8,9083,3,56,100,86,1
TCGA-50-5933-01A-11R-1755-07,1312,2137,233,7,756,886,18,10,436,72,1768,31,0,8,1035,4913,9237,1222,19,5,0,150,118,930,120,2,46,323,566,1921,57,935,71,3770,280,19,1,14,6586,275,743,401,294,3319,3,1558,0,77,116,731,75,748,0,447,1310,19,0,8620,3874,1,18,18,1,1,22,1,3649,0,112,55,5,21,568,0,32,3,59,366,47,847,100,52,0,0,83,8030,376,80,17,6,1,791,49,4670,0,409,2,12,236,6,0,2,1,2,7,9470,1,31,18,42,1
TCGA-MP-A4T8-01A-11R-A24X-07,589,817,152,126,481,845,5,0,441,21,480,19,2,8,1090,1754,1320,2291,26,32,0,72,198,265,44,14,100,322,524,1309,31,911,49,2240,255,199,11,37,16009,128,322,140,399,4725,0,1266,0,179,612,420,3,783,66,421,586,11,11,2916,6119,1,26,38,1,13,134,6,9531,3,19,95,29,334,254,0,29,6,34,273,53,718,494,292,9,5,457,9424,36,153,103,66,0,2392,406,4047,7,300,2,37,415,20,0,5,0,50,19,7975,0,83,76,67,1
TCGA-55-8302-01A-11R-2326-07,389,560,95,1409,680,380,6,2,3532,24,363,13,7,3,822,4836,6132,1392,10,12,4,30,463,540,125,82,89,209,807,1878,58,523,106,1612,276,588,19,47,19019,418,618,239,204,3295,7,913,1,93,99,391,67,596,16,253,385,8,1,3915,3471,18,71,41,3,5,78,94,1533,78,68,174,72,17256,1109,3,286,8,94,205,45,331,1781,34,3,5,1023,3811,158,141,839,19,3,597,1796,3554,0,314,15,61,271,204,2,46,0,7,33,3959,0,73,59,181,1
TCGA-44-A47A-01A-21R-A24H-07,388,4082,77,148,332,557,16,13,7353,45,449,22,2,7,1174,586,1722,3015,30,13,2,75,200,513,48,133,35,252,523,4997,98,1191,154,499,178,87,4,76,5413,278,294,293,366,6727,2,952,0,134,125,786,12,968,9,195,864,7,0,1462,3848,14,21,1838,7,619,90,27,3138,9,326,237,54,7221,367,3,56,2,256,950,100,563,167,174,11,9,347,5408,345,66,343,22,4,575,614,4882,0,618,11,50,305,43,0,4,0,5,8,5371,1,20,146,36,1
TCGA-MP-A4TF-01A-11R-A262-07,300,523,54,6,754,157,0,4,2176,2,226,9,1,3,619,1716,1835,431,6,11,1,20,369,303,30,72,11,63,222,1154,26,691,69,388,182,158,17,9,6924,155,378,126,157,1454,4,435,3,137,237,206,6,731,5,62,160,4,1,2300,2868,1,50,8,1,7,4,1,1160,27,71,22,6,6,306,0,43,2,61,127,11,309,1681,49,1,1,183,2136,77,45,25,5,0,204,355,804,1,181,17,78,100,10,0,4,0,2,2,3729,0,61,53,18,1
TCGA-50-7109-01A-11R-2039-07,728,988,129,308,206,504,10,0,5978,17,1095,7,2,6,1722,898,2294,2577,23,22,12,119,255,268,175,74,57,465,335,5345,73,581,239,1547,298,196,7,16,18531,843,1249,282,483,1472,2,1614,0,711,89,328,25,1053,0,491,613,3,6,3413,4439,6,36,30,4,8,150,18,12825,91,24,324,91,10549,740,1,44,50,146,353,48,740,507,889,7,14,579,7498,43,97,1036,11,3,697,266,3906,1,1132,9,12,294,124,0,6,2,5,400,9376,1,34,61,218,1
TCGA-78-7161-01A-11R-2039-07,1181,1027,597,689,572,798,6,0,1163,42,738,11,2,11,3391,1218,2778,2435,53,18,3,125,311,394,52,107,179,685,397,3365,60,1588,116,3487,332,230,12,59,24843,862,268,215,828,2595,4,1998,5,190,144,557,32,1012,7,774,942,15,1,3703,4764,6,316,66,4,16,297,248,11098,96,21,485,10,270,1497,1,54,11,183,552,23,1621,1112,835,12,1,463,4624,49,191,1124,3,0,1977,1042,7865,2,1151,12,53,1180,54,0,8,0,8,29,11264,3,47,225,217,1
TCGA-55-6971-01A-11R-1949-07,1036,1536,105,2725,344,383,22,4,5392,20,1113,9,16,17,1215,1649,3693,4311,32,101,30,150,1317,368,140,222,120,607,498,3065,92,353,327,1571,309,575,30,169,6735,305,1157,643,572,5348,20,1532,9,292,57,530,64,606,33,376,757,47,5,4011,1511,31,147,146,17,22,126,206,553,100,105,510,241,43531,828,9,105,17,330,342,158,1027,4577,527,10,20,664,1890,129,159,1171,13,1,627,2701,4707,2,380,24,55,640,363,3,42,2,11,24,8032,8,44,157,222,1
TCGA-86-A456-01A-11R-A24H-07,1485,2233,193,2351,780,600,47,4,7410,74,1462,43,14,42,2990,4565,5890,3488,57,97,22,206,3222,701,851,279,171,381,564,3628,121,553,177,2680,356,740,237,378,5578,2013,1027,745,944,6983,26,1049,9,405,99,848,188,985,56,378,670,55,54,2508,3122,43,126,192,18,48,165,495,2840,131,264,971,461,124343,1215,4,120,27,517,1018,519,1061,9168,225,6,70,926,3855,330,241,2181,11,6,721,10317,17699,3,245,53,99,986,228,7,177,3,3,46,7080,11,70,200,163,1
TCGA-44-6148-01A-11R-1755-07,8737,2057,527,10597,1361,730,359,0,6951,100,5422,31,21,4,1336,3053,5642,2125,632,47,201,373,2135,982,346,435,2231,397,414,10260,134,279,342,3328,2080,1245,92,168,7748,1776,1323,680,656,1391,112,997,28,3872,31,844,139,1895,36,1309,1487,233,465,3559,1788,30,185,343,74,387,131,206,1900,48,99,3333,568,456697,5156,138,244,200,460,291,152,2510,15737,183,186,0,401,597,191,146,27329,58,2,1071,3851,7783,3,2759,38,83,1446,1893,0,5,0,55,23,6486,68,96,914,105,1
TCGA-MP-A5C7-01A-11R-A262-07,540,1168,126,27582,486,462,4,0,15761,63,752,1,67,0,2397,807,1611,1259,39,10,30,197,1727,186,271,67,99,357,735,15829,31,1036,57,1215,231,477,6,171,9054,719,372,117,887,3416,4,1151,1,186,488,629,20,619,39,518,641,14,2,1681,4021,7,85,425,5,18,225,248,12030,132,248,237,13,5840,1282,2,60,3,169,568,8,1023,1260,36,1,3,427,9131,5,140,805,8,3,571,774,10123,0,214,22,85,945,98,2,8,0,4,969,7495,7,66,155,27,1
TCGA-49-AAQV-01A-11R-A39D-07,756,986,154,25,690,657,6,1,972,31,1293,6,3,7,1147,1665,1952,3723,15,19,1,51,929,289,112,156,40,203,716,2692,50,1511,170,1327,336,260,8,149,18343,789,409,523,191,5612,3,1045,1,155,546,952,8,852,46,298,670,13,0,4535,6240,3,119,163,5,8,61,36,3336,2,116,573,2,679,466,0,297,16,464,841,56,801,1206,692,36,42,451,4693,138,201,359,9,3,636,508,6833,1,888,6,35,301,165,4,5,0,3,10,5429,0,24,25,242,1
TCGA-75-6205-01A-11R-1755-07,769,1742,151,20,422,254,2,0,1238,42,790,9,1,11,652,2749,7302,2154,17,3,0,56,190,141,11,7,68,371,455,2608,8,240,98,1154,214,31,0,52,3846,100,277,481,309,1684,2,875,2,189,29,607,68,967,0,365,1227,21,1,2837,1406,0,40,10,8,0,48,47,325,2,14,300,2,49,1038,0,20,12,252,213,145,969,97,65,0,0,156,1108,30,121,505,4,0,462,63,2377,1,150,2,18,254,13,0,1,0,3,6,7596,0,45,16,46,1
TCGA-44-A47B-01A-11R-A24H-07,317,820,138,487,686,759,1,5,3738,33,334,4,1,6,2090,881,732,1108,19,13,2,95,246,1308,86,8,30,274,1208,5316,34,424,61,1072,200,67,6,13,25861,385,846,299,696,6164,1,866,1,124,82,460,10,659,3,240,600,3,9,3224,2990,3,81,83,1,8,49,4,12897,53,90,187,10,144,6124,0,38,1,447,398,89,867,150,145,4,0,281,2013,125,155,401,20,0,444,892,16184,1,218,7,445,870,15,12,3,0,11,15,5733,0,25,37,32,1
TCGA-50-5049-01A-01R-1628-07,1554,1936,166,247,532,444,8,7,1485,50,2249,6,4,27,2574,4232,5264,6111,43,11,5,166,950,350,689,11,130,406,925,3118,72,281,241,2486,609,93,39,124,9715,187,1323,928,794,2962,5,1988,3,299,63,920,46,692,5,530,975,17,0,3759,2319,3,69,42,2,6,165,119,625,16,55,381,17,11828,1803,2,193,47,145,378,145,1422,2949,366,21,4,612,3053,23,154,2035,14,0,744,1436,5820,2,652,5,7,1082,77,0,4,0,11,47,14478,2,53,47,182,1
TCGA-55-5899-01A-11R-1628-07,779,675,100,36139,387,274,0,1,223,11,187,20,0,2,557,411,1017,1212,28,5,2,3359,165,100,19,0,62,280,281,1962,38,390,153,413,723,9,4,25,9491,15,2408,280,264,1313,34,1155,0,146,106,554,5,355,2,211,758,3,1,2285,2016,1,355,66,6,801,40,25,3628,65,50,184,4,50,494,0,1466,14,20,133,68,776,4,834,1,49,295,7785,46,77,41,7,0,422,45,4306,0,2108,2,4,252,7,0,0,0,4,0,5329,0,9,103,62,1
TCGA-50-5045-01A-01R-1628-07,2529,2106,295,1234,633,1521,58,24,5890,80,1504,38,3,51,6087,6332,8777,5953,64,38,25,274,758,401,435,124,109,912,1363,6391,268,597,364,3154,923,1248,36,273,8105,352,3211,1186,1427,4974,11,3403,15,479,192,1084,82,959,19,1121,1423,33,16,4988,2591,24,70,240,29,61,391,267,1435,173,636,390,173,81017,1498,4,218,23,168,869,282,2405,4721,130,24,21,516,5731,1158,243,2955,20,4,1114,2584,3964,4,1227,20,9,1772,339,1,17,3,16,24,16736,13,122,375,236,1
TCGA-69-8453-01A-12R-2326-07,4025,3058,591,66298,1059,1973,129,22,19995,213,3486,131,36,31,4403,6270,12219,6101,124,193,32,170,2276,1086,693,399,332,875,1158,8271,256,308,2132,3421,776,2035,203,690,6665,744,4363,1759,1028,9709,72,2430,37,885,72,1318,200,1572,41,679,1941,113,23,4523,2568,181,245,211,59,374,368,387,1131,169,2889,3467,804,213367,3086,14,308,25,539,1286,800,1867,10774,311,71,8,3003,1113,1853,306,6168,33,9,1769,17387,11115,8,842,36,103,2717,1944,2,68,2,15,91,13891,25,185,319,453,1
TCGA-55-A491-01A-11R-A24H-07,300,1220,93,59,320,1714,2,0,476,63,427,11,0,4,1143,601,667,2232,25,25,2,71,851,246,17,10,41,180,431,2717,197,961,190,1166,308,4,5,36,15105,505,342,255,150,2453,1,1251,0,80,281,947,1,373,3,248,798,3,3,2215,4652,1,7,76,1,0,91,26,2319,13,49,224,13,31,164,0,21,12,61,118,13,689,6,33,61,9,210,2952,60,99,134,3,0,515,126,4574,3,508,3,31,263,104,1,2,0,4,6,4880,0,56,31,23,1
TCGA-49-6743-01A-11R-1858-07,758,2276,132,400,709,489,9,7,3222,49,829,14,4,11,808,2001,1550,1792,26,7,4,71,470,302,231,32,78,430,459,3806,51,928,116,2736,243,347,24,57,19884,212,716,307,437,4582,23,997,0,156,170,700,20,1110,13,306,719,14,0,3773,3638,3,169,27,3,10,62,86,319,13,25,139,106,10802,745,1,33,12,67,340,51,763,1912,152,1,1,953,7762,138,95,565,8,1,649,431,5995,0,512,4,14,433,164,1,124,0,6,16,7945,2,19,52,70,1
TCGA-78-7150-01A-21R-2039-07,702,922,72,9,1173,832,124,0,2157,9,986,4,0,5,926,3166,3634,967,16,4,6,53,41,168,295,661,68,103,460,4433,86,592,37,2569,298,6,2,21,30486,119,134,181,248,1560,18,864,0,74,1115,814,43,2996,1,643,420,10,1,3593,3977,1,16,13,0,6,27,17,2026,9,531,47,4,15,552,1,165,18,15,701,19,327,9,13,0,10,519,2934,42,47,7,17,2,1560,52,8284,1,558,21,6,189,853,0,7,0,15,5,3898,0,35,69,11,1
TCGA-95-A4VP-01A-21R-A262-07,3810,1775,158,7744,663,2401,23,1,5814,43,1841,7,48,33,3599,3193,14067,6203,183,58,24,205,2703,894,546,261,210,886,1021,3247,65,607,366,4241,509,1195,104,666,10984,1420,1963,576,844,5231,45,2526,59,585,136,663,178,906,154,1032,1423,127,4,7822,2619,114,334,359,74,130,461,761,9012,120,93,1979,529,173333,2135,4,155,50,270,1187,497,2050,6787,1300,35,53,3038,2508,139,691,2187,29,10,2942,20604,14987,3,581,41,125,4119,1819,27,52,3,7,74,11796,54,131,509,2055,1
TCGA-49-4512-01A-21R-1858-07,695,1406,83,160,531,713,34,3,3833,54,431,36,1,12,790,1640,1324,604,8,11,0,71,2111,383,221,10,50,131,1124,1578,44,726,61,1425,416,116,60,144,4100,595,146,182,184,2647,2,857,1,48,361,401,8,391,20,298,605,1,1,1851,1993,0,63,359,5,1,48,18,2155,3,372,160,5,820,432,1,22,19,136,400,61,214,2905,43,6,1,60,1521,755,99,538,12,0,177,193,10429,1,474,6,24,339,56,0,141,0,6,23,3466,0,18,41,21,1
TCGA-86-7701-01A-11R-2170-07,293,696,72,60,258,171,1,0,899,12,556,0,2,3,398,399,959,2211,11,6,1,127,229,422,41,24,31,265,168,1013,33,152,121,991,218,31,6,43,4994,72,293,207,259,1539,3,545,3,124,38,350,6,1018,0,349,451,183,0,2737,1171,5,30,9,1,4,63,26,3207,3,13,118,3,558,393,0,51,5,136,117,43,582,262,1302,1,0,418,1152,46,22,287,15,0,518,162,3065,0,641,6,17,337,6,0,2,0,10,6,6268,1,11,41,28,1
TCGA-55-8513-01A-11R-2403-07,2559,2478,282,23055,1104,1512,32,3,14628,56,2934,18,39,23,2675,2842,8919,3910,143,206,53,171,3470,1160,462,680,390,939,944,5819,268,250,1373,2868,806,2366,242,322,10262,970,2704,588,1118,10652,152,1751,37,1074,42,967,332,2115,43,579,1047,188,5,4797,1481,137,453,447,140,225,272,367,628,223,186,1446,381,53048,2903,18,444,42,610,1254,77,1179,22297,347,98,25,2644,661,55,308,6224,49,10,1341,20111,9125,30,1491,23,136,3251,691,36,40,1,18,62,9954,97,78,378,667,1
TCGA-55-8206-01A-11R-2241-07,8625,7099,617,4008,2562,1871,373,14,11691,356,4453,38,8,40,4512,4322,6936,5318,142,459,44,804,3410,1111,336,127,544,1138,1587,13909,236,581,407,6928,717,1424,154,1369,9759,1086,8094,1159,908,14125,57,2359,16,2218,90,1320,208,4132,41,1000,2411,564,19,5956,3511,56,341,2640,71,94,471,1363,5471,166,478,1204,436,271070,3883,12,256,59,1037,2705,215,1969,12671,468,11,34,1331,1426,3473,375,10853,34,4,1785,10977,11234,5,1733,27,123,3263,642,4,36,2,27,613,20061,6,63,698,316,1
TCGA-44-7660-01A-11R-2066-07,451,1292,107,24,744,768,56,1,1985,26,637,8,3,73,2055,1685,985,3164,11,7,5,90,187,538,61,10,44,101,600,2941,28,580,216,1025,236,4,4,25,2991,336,361,193,202,1544,43,813,5,47,371,991,50,164,85,179,370,31,0,3026,3249,8,43,20,3,1,44,125,1677,16,100,134,8,73,1095,27,587,13,268,84,5,392,228,616,5,22,1937,3086,17,50,59,3,1,322,444,8281,2,1676,14,59,276,521,1,2,0,1,357,2747,1,75,21,35,1
TCGA-95-7944-01A-11R-2187-07,837,815,87,12,693,347,3,1,2267,24,769,6,0,5,635,3284,3938,4652,56,12,0,58,1625,22,355,38,219,191,1293,2526,61,677,93,1194,331,4,1,115,9918,27,315,880,1676,6720,1,1849,0,272,315,593,2,1381,13,380,632,28,1,4337,5454,2,130,14,3,7,77,3,1571,39,115,101,45,54,434,0,53,74,84,169,29,623,0,10,34,0,227,8467,15,194,515,18,0,732,363,2622,0,435,23,30,160,1836,0,1,1,15,63,7135,0,17,145,13,1
TCGA-L9-A743-01A-43R-A39D-07,1115,2176,183,741,665,963,24,1,9180,31,941,14,7,4,4011,4053,5399,5638,45,17,5,175,814,731,349,126,126,473,899,3506,107,788,285,2178,484,1117,44,329,10845,374,940,845,764,5855,15,2364,5,401,109,1203,45,1530,17,544,1312,19,3,5955,4248,1,226,224,5,19,350,93,1216,74,107,1346,237,88559,1461,3,198,33,472,1066,162,2109,4419,71,52,0,475,3503,146,213,1097,10,0,1227,1655,12994,0,600,19,87,629,242,2,19,1,12,16,11635,9,63,96,154,1
TCGA-55-7995-01A-11R-2187-07,581,1946,156,202,416,535,5,6,2762,39,773,6,0,13,2222,1653,1889,6894,75,26,3,397,927,1374,63,437,70,420,904,12072,61,764,295,2158,498,150,20,124,25894,305,1609,1217,222,3692,67,2525,1,285,310,1483,78,743,153,437,1039,19,1,4698,5933,6,67,190,4,0,130,128,2737,60,280,210,11,2641,1852,10,380,20,225,114,35,1556,851,41,25,31,833,888,48,161,688,36,1,1167,888,28584,3,1130,23,81,333,126,2,5,2,23,29,8701,16,35,178,79,1
TCGA-97-7554-01A-11R-2039-07,1364,3289,230,1171,1911,730,15,3,5119,34,1319,8,1,9,1176,5951,6120,2686,41,7,3,111,1228,1327,127,69,171,592,830,4266,46,660,140,4899,537,366,18,163,13740,1067,1005,399,553,9016,6,1602,5,273,174,654,49,2653,16,540,1133,19,0,7229,3795,22,51,53,7,7,133,69,2032,21,75,356,78,17138,1352,1,122,32,450,903,123,1211,4609,74,7,1,1014,5002,136,142,1974,17,3,969,1913,10263,2,495,9,30,616,33,1,19,1,15,16,14392,6,22,50,187,1
TCGA-50-6673-01A-11R-1949-07,1317,2410,447,575,691,763,28,3,1891,86,869,42,2,3,2001,2996,2243,2025,42,30,2,101,954,319,68,63,212,567,514,2641,27,664,967,2905,689,201,17,203,9087,257,411,388,1127,4356,6,1776,5,452,130,993,20,2062,11,461,946,73,1,4257,3707,147,49,74,38,106,127,317,2466,111,329,720,60,5601,904,14,434,28,111,505,142,1183,759,197,55,2,366,2425,224,125,4491,6,28,1122,358,5722,1,399,8,54,1453,33,21,6,0,3,3,8462,0,55,105,72,1
TCGA-49-4514-01A-21R-1858-07,249,782,39,240,105,437,109,4,1930,14,294,0,2,1,1099,1120,1411,1663,15,6,0,52,161,261,92,35,15,219,619,2203,17,292,227,248,131,142,2,33,12619,80,591,132,131,1728,3,834,2,24,128,239,10,226,2,227,381,8,0,1735,3239,3,46,13,9,16,55,20,11991,16,1563,146,5,4217,353,40,20,2,14,188,7,413,198,21,14,1,230,2818,18,49,322,4,0,241,446,6272,0,74,1,3,304,72,0,11,3,2,6,4080,2,72,30,57,1
TCGA-NJ-A55A-01A-11R-A262-07,4001,1492,173,619,661,708,52,1,3813,27,2616,15,0,11,1285,1088,2181,1958,137,29,5,74,471,462,72,156,133,279,469,4463,63,233,267,3218,409,340,196,734,6061,760,606,330,560,2177,55,631,57,446,25,329,83,536,69,377,536,103,0,2136,1687,3,198,637,44,6,73,285,344,5,122,697,147,73749,1091,4,148,56,240,593,201,591,1973,71,373,0,100,374,32,187,5279,12,0,609,734,3401,4,870,23,48,1669,101,1,2,0,4,6,4024,26,20,85,73,1
TCGA-78-7160-01A-11R-2039-07,1822,1875,196,5510,889,971,35,2,5746,39,2428,5,15,15,3200,5308,10460,7018,68,264,9,194,2827,852,244,185,214,996,449,4017,127,466,125,3730,740,407,116,373,19217,435,1334,671,1114,6396,29,1514,10,720,126,776,168,1896,58,729,890,110,2,5719,3786,54,253,63,49,25,204,264,5034,196,117,1133,127,20548,2786,14,260,25,240,596,146,1822,6730,322,6,23,1337,2659,98,126,2038,68,4,1091,6293,9670,1,875,18,56,1502,198,8,64,1,24,70,11112,3,71,368,291,1
TCGA-55-7727-01A-11R-2170-07,414,1051,86,2045,388,43,21,2,4336,14,555,4,4,6,600,1878,1981,911,23,83,8,90,2465,625,167,147,43,253,213,1758,117,423,83,709,110,1105,89,58,13022,560,778,191,381,4869,9,347,9,144,120,498,59,585,1,187,230,28,1,1841,2593,14,28,56,1,4,17,120,665,39,64,100,46,9273,432,0,91,7,136,124,97,296,4541,62,3,4,710,671,64,14,1128,16,3,391,1340,7686,0,323,22,60,529,30,0,46,0,3,29,3357,3,32,94,24,1
TCGA-62-A46R-01A-11R-A24H-07,396,934,119,11,838,436,4,16,2089,58,1314,16,2,15,1527,7746,2478,2248,30,15,0,126,201,605,534,4,54,263,794,4010,26,783,211,679,275,17,2,121,11183,1416,558,229,268,16666,2,875,2,156,91,385,18,1700,4,272,670,8,0,2290,5754,0,45,27,4,3,77,18,1510,16,226,227,4,41,1422,0,57,8,73,3848,81,587,20,28,31,0,618,4362,751,31,989,10,0,360,219,12625,1,294,8,77,329,121,1,74,0,4,10,5236,0,30,105,31,1
TCGA-55-7907-01A-11R-2170-07,513,613,71,10,1222,374,19,0,520,10,1065,0,1,8,907,2238,746,1465,18,7,0,31,2105,565,346,14,53,120,408,1383,20,316,2114,1233,334,4,4,115,11370,258,253,278,164,2888,2,564,1,126,83,419,8,1214,0,260,456,14,0,1585,3386,2,52,26,0,2,24,40,661,0,17,70,2,63,696,0,15,5,39,102,22,347,50,21,8,0,275,1492,24,66,503,8,0,557,472,13664,1,238,3,67,347,1028,0,150,1,0,2,3885,2,17,31,16,1
TCGA-44-2662-01B-02R-A277-07,210,1237,162,235,387,69,46,39,344,7,667,10,4,14,326,3377,1260,150,25,29,13,237,77,464,2,92,69,152,122,785,264,101,18,387,47,17,36,2,3315,200,1210,215,328,2378,72,286,9,226,8,265,32,1921,0,187,457,19,66,3767,1416,1,14,19,7,2,0,11,302,7,36,33,4,2,381,0,80,8,178,65,8,392,306,141,8,23,728,95,91,7,63,30,1,285,69,1731,1,190,71,160,113,19,3,81,1,12,32,2708,3,28,53,15,1
TCGA-44-6779-01A-11R-1858-07,271,745,38,0,645,200,2,2,369,16,93,5,0,1,350,7593,23966,1243,4,3,0,18,394,33,1,2,25,305,202,1802,6,136,45,954,88,3,2,5,13640,8,178,342,365,4177,1,540,0,33,95,274,94,806,0,314,600,0,0,3580,1578,0,44,5,0,0,40,4,828,3,17,128,7,33,2986,0,2,5,161,196,19,907,2,16,0,0,133,2343,9,63,3,4,0,373,12,8599,0,111,1,2,80,5,0,12,0,1,6,7841,0,142,2,19,1
TCGA-50-5055-01A-01R-1628-07,2039,1662,109,135,357,865,25,3,1982,51,1800,6,0,4,2166,1808,2470,5694,25,4,20,149,361,97,135,53,117,545,646,2460,81,228,339,2342,761,187,46,244,5347,194,378,430,823,2692,7,1523,10,305,54,751,99,377,6,876,969,31,1,3415,1605,0,40,63,15,8,184,42,399,3,143,668,12,6325,771,1,108,39,255,404,144,2082,1195,69,31,1,174,1293,290,138,2865,33,0,738,416,2259,1,406,4,6,1083,67,1,13,0,22,11,9191,0,45,66,146,1
TCGA-67-6216-01A-11R-1755-07,286,1027,49,83,492,209,18,15,5527,24,361,11,0,14,636,998,771,1541,30,28,1,40,429,231,87,342,27,176,772,3773,187,353,110,669,598,146,18,83,15624,192,671,279,145,13400,3,433,5,123,67,341,55,556,7,155,512,69,0,1252,2340,1,22,10,3,1,39,25,1667,2,62,188,11,1048,4884,1,27,4,396,69,12,1582,2087,61,0,4,98,492,316,58,834,8,3,344,320,7392,0,195,2,18,314,40,2,8,0,6,13,4192,0,37,17,28,1
TCGA-05-4415-01A-22R-1858-07,186,750,36,372,1156,171,1,2,2611,23,196,0,5,11,544,2235,7865,1194,17,5,3,34,531,404,99,53,531,213,357,7638,147,732,49,265,81,104,19,6,20529,31,878,445,755,5979,6,815,4,112,610,537,96,3102,10,175,557,1,0,2949,3823,9,69,21,3,4,37,23,411,42,7,132,42,1533,9769,0,39,8,56,1466,39,385,2524,16,1,2,369,3964,52,54,45,4,2,8655,712,3468,0,108,42,9,81,113,0,10,1,4,2,4177,3,19,69,7,1
TCGA-86-7713-01A-11R-2066-07,527,1111,148,339,720,271,9,1,4695,17,651,0,13,1,1979,1523,2198,2712,33,12,3,107,724,965,235,75,55,476,240,5576,22,2218,113,978,201,269,191,21,61394,983,738,219,987,4459,13,1482,2,368,114,345,25,3323,4,438,583,20,0,2913,9394,12,33,45,4,20,190,225,34980,105,80,162,29,1622,953,2,106,3,309,414,18,888,32788,63,1,4,1585,13118,109,94,954,4,1,4463,1191,11161,1,416,19,74,415,85,0,46,0,6,113,10217,1,69,271,48,1
TCGA-86-8073-01A-11R-2241-07,3433,3609,520,2115,2115,985,98,4,4441,85,2203,24,9,33,3405,16313,11465,3683,125,309,13,173,20189,4091,865,229,526,840,2102,4514,218,762,471,7819,660,427,181,744,50034,4031,1279,617,1212,15787,96,1797,13,1035,193,1766,461,5154,25,994,1445,190,8,5890,7250,85,499,148,27,21,225,755,2935,135,182,542,233,49471,2517,10,196,105,371,769,475,1288,20909,395,18,48,2941,7657,212,285,8939,38,9,1364,4632,11159,6,812,48,194,2847,1285,19,43,2,33,438,12518,17,130,304,499,1
TCGA-55-6969-01A-11R-1949-07,949,1631,301,3855,710,953,19,0,2967,31,1586,9,0,4,1357,1587,3628,5616,25,33,66,746,572,687,123,128,36,226,790,3155,143,700,530,5507,644,5,12,29,13803,65,759,842,183,4947,6,2363,7,63,273,1178,96,1257,5,774,1522,17,0,6154,4415,3,59,18,0,31,12,54,6193,1,44,106,1,74,582,1,265,32,95,242,44,793,262,410,4,0,725,7569,53,111,62,14,2,1482,141,7555,2,873,9,20,256,5,0,2,2,27,22,14104,0,48,56,48,1
TCGA-38-4627-01A-01R-1206-07,6179,3744,433,336,1337,2780,47,9,1474,41,5637,67,0,25,5000,6041,14772,2838,120,12,25,392,474,413,117,80,282,1569,2936,6271,182,362,437,12603,1856,138,23,743,15991,312,4485,657,1229,6035,9,5285,12,1231,65,1646,85,1398,74,1637,2522,104,2,9386,3361,3,83,109,25,7,454,109,2802,20,158,606,18,8604,2953,8,173,24,303,1121,1301,3983,494,187,18,17,325,4257,390,301,5604,34,0,1388,474,8726,4,3846,3,12,3980,11,3,7,0,19,52,20171,1,51,341,618,1
TCGA-MN-A4N4-01A-12R-A24X-07,722,1021,143,20,707,1337,5,1,112,115,916,8,0,31,1073,5675,4805,17895,25,20,0,70,294,976,437,10,110,221,864,1985,82,3067,181,3701,509,19,7,73,21517,389,395,193,276,1507,12,1459,0,187,252,493,11,858,963,515,817,4,0,5292,3576,3,28,18,0,5,36,3,5125,2,30,142,5,27,386,0,54,20,93,399,94,1651,3384,22,0,5,661,7014,42,233,214,9,0,849,271,5976,0,509,3,49,296,200,2,313,0,6,25,7741,1,80,31,87,1
TCGA-62-A46O-01A-11R-A24H-07,113,200,178,18,1493,102,5,0,1590,17,142,1,0,5,1368,7935,6121,371,8,76,18,33,89,582,36,200,24,84,167,1855,97,558,49,256,115,37,6,16,23178,122,125,128,151,3437,21,341,1,48,68,704,3,1066,56,227,148,5,0,685,7085,5,231,24,0,1,15,29,2183,95,13,40,28,61,403,1,25,1,45,240,7,225,155,17,5,1,502,6826,14,21,22,2,3,614,139,6642,1,185,139,138,105,12,0,220,0,4,15,1967,0,2,31,15,1
TCGA-86-8280-01A-11R-2287-07,4975,3947,433,2659,1605,1449,78,7,8357,88,6139,17,35,66,6255,5787,7428,7011,149,147,80,145,1624,1190,426,963,1076,884,1475,4338,68,865,383,10807,904,2128,158,1167,9482,546,8251,722,1210,10169,67,2239,18,1235,409,1023,229,1939,66,1130,1698,262,13,5912,3231,26,305,836,84,35,469,3167,4696,100,236,803,2647,695711,3083,8,130,192,364,1365,781,1863,3521,134,26,39,645,3985,216,459,12946,33,1,1875,2867,12864,7,1162,50,57,6327,149,2,31,2,23,46,13729,21,69,222,296,1
TCGA-67-6215-01A-11R-1755-07,1204,1520,202,13735,1029,523,37,18,79254,45,426,44,4,10,1376,2320,3463,2039,17,66,30,96,1010,605,219,93,77,545,959,5806,83,1111,90,1396,268,1591,51,147,29551,835,1642,624,824,16583,15,1608,5,196,271,951,75,1997,38,391,1010,214,7,2890,7620,18,58,94,12,12,178,132,3239,81,784,246,64,23906,1155,2,131,7,578,334,210,1058,10769,123,20,20,652,5945,922,134,931,23,2,643,3081,29625,3,500,19,47,1331,250,5,24,0,16,30,13060,8,71,334,184,1
TCGA-44-A47G-01A-21R-A24H-07,1271,1738,162,776,577,559,15,4,3250,42,680,10,3,11,3121,6263,5240,4284,33,12,5,80,847,521,141,249,218,328,599,1931,63,596,282,2235,407,291,19,312,12340,265,368,671,551,3239,11,1515,5,311,102,1024,23,837,13,270,849,50,1,5085,3604,3,143,40,5,12,83,80,745,57,117,986,35,13427,1172,2,83,25,273,512,80,1431,2700,46,18,5,355,2050,241,197,1188,21,0,722,1705,8398,3,422,17,65,589,107,4,5,1,15,32,6944,3,52,87,120,1
TCGA-78-7536-01A-11R-2066-07,284,948,155,22,846,282,1,1,1321,37,691,2,0,1,2538,6210,1714,2502,28,6,0,75,843,1580,65,828,41,200,336,8545,10,776,96,1329,110,7,5,9,52127,6,1222,568,451,6923,25,910,0,16,214,634,0,1036,1,194,661,2,0,18024,9281,0,61,18,0,1,10,3,18654,12,37,135,0,18,1234,1,16,5,77,70,1,619,1877,1082,4,0,2160,10440,24,68,24,4,0,625,231,7691,1,963,22,25,213,42,0,0,0,9,5,7117,4,22,7,66,1
TCGA-91-6831-01A-11R-1858-07,575,920,89,23,353,767,1,1,1178,11,1102,5,0,2,562,701,987,1145,6,8,1,114,168,377,75,67,21,201,456,2531,33,356,121,2013,189,16,6,3,4905,289,521,264,142,2406,1,932,2,31,86,361,5,1259,1,192,704,20,0,2754,2726,0,14,8,1,0,14,1,5455,3,11,92,3,403,271,0,18,9,95,100,11,500,117,921,4,6,754,4030,39,66,37,0,0,539,77,2918,2,581,12,20,426,5,0,1,0,0,7,5473,3,11,14,20,1
TCGA-97-A4M0-01A-11R-A24X-07,883,1312,102,499,522,1391,29,20,13028,67,474,29,2,19,891,1812,1510,3263,27,37,3,64,664,762,124,57,155,162,478,3785,20,882,144,1601,439,929,4,260,6320,1679,374,377,240,2381,6,1221,0,286,84,747,59,1613,9,182,723,30,0,1603,3660,8,70,63,5,7,49,150,916,25,322,142,52,15027,1712,0,137,6,263,988,22,506,815,54,2,4,205,2275,670,122,2194,10,2,418,1425,9760,2,426,21,57,803,172,1,105,1,2,4,4172,1,12,71,95,1
TCGA-44-5645-01B-04R-A277-07,2091,3585,323,357,1298,154,84,36,5399,30,1556,16,9,11,450,2381,2178,934,218,38,22,307,2065,634,13,414,484,343,339,2276,835,113,58,1136,417,106,1073,272,2462,1604,1031,235,629,3354,75,245,13,2439,10,336,112,2431,3,624,495,547,5,2641,1157,2,93,462,11,3,9,259,299,1,32,67,30,4054,1400,0,94,34,299,79,16,495,10292,322,17,4,1154,31,48,16,7518,83,2,360,216,4401,1,512,174,189,780,11,2,110,2,9,72,3208,2,77,472,15,1
TCGA-55-A493-01A-11R-A24H-07,1290,1431,106,9,351,950,259,13,970,44,354,7,0,7,871,2826,3216,2331,17,25,1,55,128,1313,18,6,42,81,585,1340,25,621,182,785,177,30,1,52,11063,319,442,504,85,2192,14,1208,0,43,65,412,115,1160,31,164,927,1,0,6666,3386,0,75,43,0,9,8,6,1545,13,49,55,14,41,99,0,16,4,55,120,26,472,56,49,8,0,349,3296,271,92,182,14,0,832,351,6522,0,220,6,128,66,42,3,2,0,9,6,4615,0,21,28,71,1
TCGA-55-6985-01A-11R-1949-07,641,1077,95,264,694,483,3,0,3642,43,473,3,4,6,1282,2106,2365,3567,28,12,19,110,1861,348,114,51,37,276,716,2271,67,236,206,1491,398,347,81,195,11395,381,365,450,266,2636,6,1047,21,214,159,604,37,806,127,398,621,5,0,3454,1807,1,112,77,2,18,105,34,1013,41,56,509,53,10022,653,7,117,19,155,227,61,645,2322,39,99,10,358,2086,69,160,533,7,0,524,843,7596,2,1195,6,10,367,44,0,81,0,5,16,5414,7,25,114,45,1
TCGA-55-6543-01A-11R-1755-07,1151,1066,111,1672,1120,513,27,6,1505,54,2200,12,2,42,2460,5163,5650,3344,25,37,9,86,2611,786,177,68,67,358,1277,3688,28,507,258,1880,208,551,222,189,7549,705,1005,507,327,5911,13,963,16,86,84,466,95,1197,25,243,740,38,3,3068,2288,45,93,39,22,16,167,129,2142,73,283,307,69,17908,1817,0,64,7,945,318,91,659,5854,164,5,14,475,2267,728,118,919,13,1,584,4754,7167,1,1360,13,30,697,482,5,24,0,7,38,7120,8,34,147,58,1
TCGA-50-5936-01A-11R-1628-07,252,822,70,9,527,252,1,0,3026,8,859,10,0,10,1557,894,998,1261,14,6,0,65,111,147,83,60,131,203,321,2025,53,320,94,1422,256,164,12,14,14652,71,2564,139,257,1314,0,1033,21,157,106,393,6,682,1,216,591,23,3,2602,1299,3,105,11,3,4,22,15,1568,11,32,116,9,214,1961,9,337,3,40,141,98,480,975,24,3,1,156,2005,122,85,403,6,0,424,51,4598,1,401,5,18,140,62,0,9,0,5,2,5200,0,25,90,60,1
TCGA-05-4432-01A-01R-1206-07,1118,1733,305,4555,1442,713,31,5,6025,54,1083,12,11,10,3676,1663,3637,5151,55,136,8,160,1202,559,279,109,117,550,939,3370,75,1039,562,2772,687,569,48,101,52011,1157,990,915,662,3702,6,2314,14,326,1130,951,78,2722,17,592,1186,17,9,6077,6875,132,144,59,13,18,360,203,15919,161,228,542,221,30314,2956,4,100,28,167,596,189,1339,2298,1465,10,9,1601,11864,481,201,1009,12,13,4582,3516,9263,3,1393,14,73,866,195,9,18,0,14,37,14779,13,46,168,235,1
TCGA-93-7348-01A-21R-2039-07,767,1530,179,301,600,541,3,0,1239,25,1519,13,2,1,1436,1445,1643,1915,29,7,8,150,402,393,62,361,65,430,611,3275,169,756,205,1226,739,344,5,143,14980,366,217,171,368,4118,3,1087,1,279,210,454,31,813,65,518,910,9,2,2997,3063,6,48,108,0,25,75,20,901,7,702,309,13,4400,488,0,77,32,223,266,20,966,1023,57,30,2,163,3538,22,111,1013,6,2,672,226,7152,0,603,5,23,281,109,0,2,0,8,25,6692,1,44,74,99,1
TCGA-55-6984-01A-11R-1949-07,289,560,66,26312,479,249,0,0,1187,7,186,11,0,4,822,4937,2499,1253,6,6,34,43,460,137,45,54,18,247,268,2295,50,282,1312,623,152,307,36,34,39485,181,179,139,153,743,12,781,4,93,424,219,16,785,2,158,2133,7,0,1505,2337,1,30,21,2,232,27,25,1441,15,183,88,0,27,333,1,62,4,95,112,9,528,1518,39,11,1,190,1746,52,59,137,8,0,860,363,3721,0,209,3,44,198,41,0,11,0,5,7,3514,1,153,136,122,1
TCGA-78-7147-01A-11R-2039-07,541,628,76,68,613,591,3,0,6161,34,361,13,3,10,1043,3501,3279,1636,28,4,4,36,1645,1016,579,275,68,99,461,5518,45,896,62,1243,145,248,138,218,12660,488,164,192,213,2658,4,830,0,420,253,805,93,506,17,193,297,79,1,1891,3385,0,220,118,3,30,96,447,3001,34,349,73,5,1529,1944,21,16,15,536,202,32,233,4575,22,61,0,452,6143,83,79,703,0,4,255,439,8123,2,523,13,25,1088,231,1,30,0,2,288,5388,1,67,36,14,1
TCGA-50-5941-01A-11R-1755-07,888,1917,136,1828,570,306,12,12,6053,58,1617,10,6,22,1147,1904,2835,5178,40,96,7,95,1824,658,292,67,148,433,615,4201,72,458,240,1946,360,648,172,183,6991,192,564,576,619,4103,13,1271,8,318,365,991,75,868,18,321,957,48,4,3877,2784,32,152,59,21,27,151,188,2397,78,109,279,193,46778,868,6,83,44,138,512,81,868,3823,119,7,26,660,3894,96,121,2125,29,2,728,2925,7166,1,410,19,11,764,111,6,47,2,17,11,8499,3,41,102,76,1
TCGA-4B-A93V-01A-11R-A39D-07,133,382,266,3,107,294,0,1,252,11,23,3,1,0,3664,753,704,2032,6,3,0,65,156,267,41,22,14,78,260,1765,6,738,77,387,67,7,1,6,50251,1044,159,337,632,1727,0,842,0,231,435,196,2,552,10,190,378,0,0,3356,3315,3,20,95,0,10,49,21,23555,12,9,137,0,4,456,0,22,1,62,117,15,532,5,559,6,0,220,9009,16,86,3,2,0,1289,150,5103,1,59,2,83,56,46,0,1,0,2,1,5614,0,6,68,57,1
TCGA-91-A4BC-01A-11R-A24H-07,587,834,147,16,335,1090,0,0,1311,15,1726,11,0,7,737,733,1622,4945,18,14,2,160,337,273,16,33,45,182,551,1277,66,843,282,2317,299,14,9,33,7356,15,843,490,212,1029,0,1533,0,37,114,580,18,791,4,336,704,13,0,3723,3524,0,316,538,2,54,40,9,3349,3,19,109,1,25,453,0,21,7,113,155,99,752,38,73,1,0,309,4037,38,182,44,4,0,2512,346,1919,1,315,11,43,429,22,0,4,0,14,9,8384,0,42,32,27,1
TCGA-78-7167-01A-11R-2066-07,1231,1482,232,10,2292,1108,43,0,3701,64,1280,7,6,8,2176,3658,3760,2191,64,14,0,110,699,427,139,200,249,597,1275,13078,21,1155,71,3428,443,2243,11,379,38353,501,436,145,931,7022,6,1751,2,918,254,934,23,2183,25,675,783,58,0,2307,8096,2,127,52,27,7,301,764,7019,212,60,289,3710,69933,1775,4,144,26,96,461,44,930,6370,96,25,0,278,4328,63,244,3657,6,0,687,391,26455,0,516,54,134,2015,39,0,53,0,2,35,8232,4,84,270,62,1
TCGA-95-7043-01A-11R-1949-07,286,1561,53,62,316,357,437,0,418,6,69,1,4,5,1275,3466,7141,562,10,5,2,138,148,1106,70,11,24,228,223,2898,6,444,71,622,120,30,0,6,14022,163,426,31,152,1089,1,721,1,50,78,97,12,399,2,270,378,1,0,1226,3070,2,41,83,7,0,73,15,1171,308,18,75,6,1997,1193,14,6,2,11,155,76,544,8068,21,0,2,321,3749,12,80,418,3,0,243,380,8055,0,118,2,10,254,193,0,1,0,0,7,3927,1,21,8,45,1
TCGA-67-6217-01A-11R-1755-07,1484,1862,133,1313,948,357,40,7,7886,26,1535,11,103,32,1630,4369,4715,2636,93,53,2,74,4999,619,448,66,200,335,548,6492,101,658,68,3711,417,13547,259,500,4939,1356,454,404,504,9440,19,820,4,552,155,523,88,983,22,455,635,73,2,2959,2101,5,112,245,16,9,119,557,2581,39,92,516,37,9547,2035,2,87,74,365,1385,112,913,1766,116,11,41,240,5456,72,142,3297,19,0,590,2189,10766,0,387,19,29,1733,66,4,155,0,7,86,5671,1,20,82,155,1
TCGA-55-7726-01A-11R-2170-07,466,1419,75,15,703,229,0,1,394,3,406,7,0,4,780,11187,17934,282,12,7,4,90,108,42,1,1,21,201,229,917,40,210,138,1213,284,11,7,3,2750,93,286,155,235,848,3,529,16,61,74,216,3,643,2,515,641,2,0,6554,1895,0,3,2,0,1,9,3,183,0,10,30,3,18,101,2,39,24,228,81,64,250,217,38,1,3,536,395,72,15,23,2,0,432,52,4775,2,578,9,16,146,379,0,0,0,6,24,3803,2,16,39,4,1
TCGA-49-6745-01A-11R-1858-07,1189,2590,182,2306,948,595,66,5,10888,84,1136,47,7,15,1352,5969,8564,3265,32,224,15,135,1636,1884,114,146,113,812,503,4146,120,268,168,1877,451,784,40,168,21402,342,1778,725,1437,6382,9,1853,24,335,31,1219,62,2064,15,488,1249,61,5,13189,2842,17,54,36,17,2,111,139,709,68,409,553,472,83214,1518,7,508,11,290,456,240,1428,4154,755,13,9,627,1737,1018,75,1657,16,2,656,2870,10853,1,444,38,19,839,323,1,9,0,12,24,10897,6,123,252,106,1
TCGA-55-8619-01A-11R-2403-07,6001,3297,670,46580,1553,2222,271,69,15328,107,4235,198,63,76,3804,7028,18406,11571,156,1163,127,238,7027,1693,848,445,514,1332,1782,7764,203,347,3346,7813,1098,2992,313,1477,21656,1499,3311,1280,2370,9082,89,3508,67,1336,238,1125,410,2484,327,1038,3723,395,24,8333,2134,434,729,368,151,549,477,829,1116,546,2420,1546,1709,278438,3255,65,535,126,561,1057,2395,2406,13409,850,40,124,3383,839,1947,618,7652,42,21,2913,43041,16224,17,2302,62,247,3640,3848,2,147,11,17,130,17974,80,249,917,540,1
TCGA-78-7166-01A-12R-2066-07,541,426,99,86,771,585,2,0,452,11,288,6,0,9,1047,2871,1921,2048,66,9,2,46,210,217,129,36,46,129,298,2336,39,1191,90,890,203,116,8,68,41831,212,380,103,269,1074,9,918,2,63,1613,368,9,501,11,333,302,11,1,1311,4517,0,79,30,4,13,128,40,17589,11,18,134,45,127,2113,8,14,6,25,162,61,238,163,6,1,2,563,3907,12,123,479,4,0,474,610,12114,0,217,15,37,635,474,4,7,0,1,165,3483,0,85,39,66,1
TCGA-55-1596-01A-01R-0946-07,351,621,41,24,307,207,4,0,3258,22,428,4,3,2,1017,339,643,1560,9,3,9,96,64,188,204,2,17,285,261,2319,14,667,64,618,113,2,0,51,29555,13,869,164,178,1477,3,725,0,63,135,1261,8,461,8,209,353,18,3,1107,5028,46,19,322,2,1,125,29,12102,33,37,69,0,3,535,5,10,5,14,199,60,883,1,22,6,0,529,8162,34,78,270,3,2,302,95,5995,1,202,4,14,100,1207,1,21,0,1,20,3948,0,3,22,34,1
TCGA-73-4670-01A-01R-1206-07,1264,1178,130,175,601,1128,1,2,1031,8,314,11,1,6,1467,3911,3521,874,15,3,4,107,265,280,51,25,105,393,1309,4176,60,1076,151,4583,236,246,12,20,29909,24,764,447,611,1983,1,1821,0,124,844,461,5,2257,25,356,703,14,8,4775,6763,3,2189,16,2,1,67,23,3004,29,107,186,24,1112,870,0,116,12,76,548,219,1337,1202,47,5,1,163,18840,265,181,136,8,0,666,469,5180,0,608,5,23,358,123,0,12,0,14,6,14644,1,172,69,73,1
TCGA-05-5420-01A-01R-1628-07,366,783,37,658,112,120,46,0,2832,36,694,0,4,1,1769,605,1088,2066,22,7,5,187,388,184,147,51,24,177,241,4988,74,246,63,373,115,673,32,25,13582,26,1131,870,280,5455,5,992,5,116,50,393,29,343,0,152,222,5,0,1462,2224,9,25,55,3,9,96,36,3211,6,34,78,46,30728,1173,0,43,6,108,88,131,482,3162,15,1,0,185,1969,107,34,702,7,0,260,972,2488,2,145,17,2,349,63,0,1,0,4,8,7093,5,20,31,9,1
TCGA-95-7562-01A-11R-2241-07,445,1128,121,7,294,390,3,0,11348,27,249,0,0,7,1101,1053,1319,2294,4,5,1,102,287,1975,16,549,37,422,1175,3830,79,987,162,691,477,38,50,42,19586,280,136,394,462,11555,0,1307,1,37,569,483,95,1032,26,337,1103,5,1,4827,5182,0,30,37,1,11,88,4,5125,12,16,317,2,53,252,1,74,29,621,155,9,784,308,182,20,11,869,4201,38,60,13,10,1,946,79,10336,6,3105,1,12,209,10,0,1,2,11,10,7833,1,22,59,22,1
TCGA-95-7947-01A-11R-2187-07,1121,2437,217,3044,1220,538,32,1,7453,49,1746,4,7,7,1720,3339,3637,4685,49,327,6,107,5764,2147,205,888,192,806,589,5408,95,897,416,1556,395,413,87,169,26692,1322,991,425,816,3682,10,2198,16,334,183,1064,50,1986,49,777,933,31,12,14260,5191,43,133,137,58,18,216,201,2368,207,345,778,179,24550,1279,30,899,12,436,561,220,1423,4577,300,43,14,1351,3092,77,191,2036,13,5,884,3744,36765,7,489,31,48,883,714,7,18,1,11,29,11074,18,77,367,368,1
TCGA-55-8090-01A-11R-2241-07,1528,2372,247,2802,1564,1100,57,19,8083,70,1787,18,14,36,2700,5480,6456,4454,51,334,15,172,2058,725,321,152,198,799,1294,5892,111,561,479,3144,510,817,109,362,26240,1014,1433,557,836,13427,20,2457,22,543,191,1106,126,1969,76,552,1275,103,10,9724,4872,79,250,120,50,40,352,434,2074,120,340,538,381,70327,1478,21,176,32,524,398,700,1075,6093,388,37,66,2126,3158,520,461,1944,30,5,1425,8544,11183,5,1571,23,118,1327,757,26,59,5,14,39,8971,18,139,652,129,1
TCGA-73-7498-01A-12R-2187-07,7060,4366,893,8503,2823,3276,55,9,5695,164,4395,19,26,44,6342,6656,13723,7331,157,316,20,339,2981,1219,496,357,1044,1963,2221,8619,165,1268,460,11192,1314,2202,97,1159,10090,2063,1351,543,4152,10042,42,4182,6,1477,558,1351,208,2599,113,1936,2885,513,2,7323,5498,93,322,154,77,22,948,1450,3923,393,192,1188,4594,75123,5385,20,276,74,300,2137,286,3454,10831,330,10,25,1027,6205,642,835,9316,27,10,2719,10497,44659,5,1977,40,226,5526,508,10,742,0,22,378,24908,14,109,788,427,1
TCGA-44-6146-01A-11R-A278-07,887,777,197,59696,894,80,12,0,2244,7,937,5,6,9,944,2153,2588,1631,132,98,29,88,1511,318,136,123,67,566,376,4035,152,99,3248,911,433,197,68,270,36430,291,722,133,1251,4453,53,582,4,417,29,198,142,1320,19,294,404,160,1,2780,2246,33,123,19,13,1319,98,290,1859,106,168,189,95,23518,1203,35,185,16,150,593,24,802,3584,167,5,31,499,2049,4,99,1741,9,5,1386,2655,7266,2,532,17,57,1441,159,1,55,1,9,10,4267,14,182,395,81,1
TCGA-44-6146-01A-11R-1755-07,3119,1425,359,183669,1904,621,26,0,7837,36,1551,11,9,30,2313,3760,5267,4387,233,191,99,135,2544,547,273,224,216,1032,1029,7390,211,260,4981,3400,1569,432,111,495,75918,967,1321,257,2359,6965,46,992,25,476,82,458,257,1982,43,653,809,334,7,4360,4260,101,290,49,72,3947,280,675,4091,263,430,943,288,53554,2136,115,387,25,206,1522,34,1598,5256,338,10,90,1028,4506,6,146,3026,25,7,2369,6776,15918,6,1021,31,104,1858,737,3,105,2,15,42,9004,17,318,827,152,1
TCGA-91-7771-01A-11R-2170-07,3741,1797,460,571,631,654,35,12,3004,71,3234,12,1,17,3889,1743,3648,4240,161,168,16,216,3553,401,163,77,441,785,1139,6583,72,315,304,3579,863,5283,21,633,12447,422,1084,513,2098,2950,13,1537,1,1001,64,781,142,1417,19,768,1227,171,2,5909,2582,2,374,34,20,151,225,433,5142,136,59,806,30,7475,2787,6,227,50,154,581,192,2012,1483,149,4,0,409,2294,55,141,8901,14,0,1123,599,9271,1,617,11,88,2007,44,2,16,0,9,17,11651,4,95,419,63,1
TCGA-44-7670-01A-11R-2066-07,1070,1149,169,1182,743,1047,31,26,4876,853,573,18,4,27,2043,2345,3220,3113,43,42,54,1111,1419,1252,341,121,76,525,463,8497,438,901,482,1235,872,371,1559,130,9272,552,619,449,1062,3438,17,2306,96,162,1023,1479,124,2153,247,483,1058,23,4,5737,6940,31,1363,157,8,187,131,68,2721,184,214,1086,120,30362,1066,7,1893,16,292,640,262,2023,1824,139,143,19,1051,8931,211,253,534,20,9,819,2944,5415,7,4114,23,77,265,307,2,40,0,23,36,12559,9,43,210,110,1
TCGA-49-4501-01A-01R-1206-07,3473,3104,276,1886,1443,1525,56,19,7818,126,1928,26,21,58,6544,7856,7258,5558,87,118,122,209,6046,1364,971,87,253,801,1465,12451,118,992,290,7924,1725,751,78,742,20898,1109,1285,674,1330,12135,14,2073,4,786,300,2128,136,1393,409,948,1235,98,6,5179,6766,9,163,2613,44,71,329,590,2948,43,670,1009,585,89754,3456,13,285,117,831,9178,638,2372,1124,230,20,45,350,8538,549,284,6988,39,0,1291,1503,16121,3,2202,24,37,4248,67,2,30,3,9,59,12601,13,99,140,234,1
TCGA-05-4427-01A-21R-1858-07,480,1044,110,322,820,983,10,4,2589,32,728,5,3,9,572,2403,1398,971,16,24,2,67,309,975,48,35,43,432,367,3909,50,547,60,1031,179,417,16,17,12322,663,527,384,250,1768,14,971,3,67,78,507,13,386,1,226,697,5,263,2485,2679,7,25,10,1,3,49,17,1901,60,82,168,18,4259,7048,0,29,4,334,225,47,490,1288,36,0,1,571,2612,466,119,217,6,0,557,514,10056,0,150,6,21,509,14,0,4,0,8,6,6470,1,28,64,80,1
TCGA-MP-A4T4-01A-11R-A262-07,814,1426,138,37,831,970,11,3,2746,41,2088,8,2,7,1451,3979,4396,3809,26,8,20,82,477,1642,86,20,52,232,1456,1739,19,755,198,1374,487,71,43,125,13502,576,258,654,272,4688,7,1464,3,264,294,899,10,1368,34,357,1156,5,4,5033,2702,0,168,42,0,1,32,26,1469,13,89,242,10,1911,566,2,86,19,149,410,29,599,213,38,19,0,350,6319,47,120,535,5,1,842,452,4274,2,328,6,79,404,45,0,1,0,5,12,9226,2,15,37,31,1
TCGA-44-7671-01A-11R-2066-07,2872,3723,332,6,1111,1035,27,8,3436,69,1345,31,8,19,4039,8714,18835,1266,62,8,0,116,923,804,97,518,103,975,724,8120,36,583,137,4719,828,22786,64,370,32601,307,796,1167,1823,12125,11,2042,7,1066,212,1538,73,1350,10,968,1763,177,0,7163,4140,1,114,55,60,9,318,429,8686,16,42,1634,180,114,2391,11,75,87,77,806,248,1896,2219,227,43,1,229,7968,25,215,3207,12,0,1014,700,14992,0,1386,55,11,1857,25,2,0,0,4,77,13982,4,50,76,169,1
TCGA-78-8660-01A-11R-2403-07,986,1269,117,1829,372,637,14,3,5004,31,971,1,11,7,1611,2854,11375,6326,71,47,7,60,1393,1388,325,140,148,392,939,3120,70,714,178,1852,296,705,43,334,4753,249,1326,521,357,5922,15,1872,21,198,118,527,475,789,51,329,581,37,4,2533,4473,46,131,62,28,24,258,207,1843,173,30,408,346,64199,726,6,110,17,230,424,48,994,4517,83,12,7,930,9103,33,246,1349,13,5,855,7996,9253,2,299,24,27,964,724,4,26,3,9,17,6265,6,50,164,415,1
TCGA-05-4244-01A-01R-1107-07,1241,1617,204,1466,772,611,61,20,3528,42,1021,43,12,18,2390,4340,4251,2696,47,226,8,121,4304,1558,281,72,136,682,601,4918,19,1594,183,1380,184,170,20,106,18110,1155,1176,434,686,4672,19,21031,16,436,704,532,194,1756,31,408,1027,85,4,3244,6408,30,710,110,40,14,193,144,739,134,556,270,86,17795,1741,5,266,11,609,1910,354,927,10076,87,28,12,559,4446,1954,142,1344,10,2,628,3769,10316,4,435,26,143,689,307,19,10,0,10,43,10832,2,79,294,246,1
TCGA-J2-8192-01A-11R-2241-07,2163,4019,434,1709,2302,1527,307,42,2564,170,5234,87,3,12,5311,9628,8816,4678,57,10,6,376,1381,713,129,69,171,847,1744,7162,127,644,511,6092,2031,279,317,446,28414,371,1268,964,837,9724,19,1966,3,624,192,1386,48,2929,150,1170,2741,36,2,9472,3787,1,126,80,0,0,123,69,2363,5,1466,350,24,12504,2104,0,113,38,603,289,573,1423,2503,581,7,0,403,2929,1505,147,1639,30,4,1127,296,19449,2,2351,10,53,1157,67,1,5,1,45,135,17471,2,41,150,57,1
TCGA-L4-A4E5-01A-11R-A24X-07,314,810,92,542,488,702,1,1,3800,31,645,4,5,7,846,1679,1413,1522,11,14,5,31,337,1324,126,55,32,191,420,2724,37,1158,159,844,202,84,21,81,30020,1254,229,194,291,2921,8,933,1,93,312,274,15,1319,9,212,525,4,0,3194,5643,3,51,74,3,7,60,12,2445,125,50,92,25,5986,261,0,37,15,75,303,16,461,2012,26,11,2,604,13512,26,131,198,8,2,468,929,2174,4,216,19,77,126,609,0,12,0,8,12,4591,3,25,126,95,1
TCGA-86-8055-01A-11R-2241-07,2189,3263,310,796,1963,1775,45,6,2202,89,2464,26,2,53,3419,3866,5458,2862,44,96,5,303,652,601,118,53,128,869,1227,4287,103,730,462,6012,1022,131,41,101,21322,392,1148,381,520,2735,79,1847,4,340,324,1319,76,2988,36,834,2228,41,8,9911,4884,38,67,76,10,3,69,140,3196,24,205,349,72,14080,1593,1,395,41,622,497,148,1042,998,308,8,11,664,5800,641,150,1175,14,4,1065,1636,10698,3,2073,15,29,889,53,4,19,1,29,78,14223,4,49,245,187,1
TCGA-55-A48X-01A-11R-A24H-07,2216,1927,145,1182,949,732,18,10,6896,33,1158,13,4,2,1168,2554,2517,4792,48,27,10,112,4737,545,350,192,167,394,1511,2632,152,663,295,2823,684,1341,270,585,6817,646,1125,321,639,4742,15,1090,9,449,98,765,69,1218,79,531,789,39,0,4823,3500,4,418,190,25,18,95,127,840,10,73,508,388,83031,1635,4,107,85,209,543,92,1074,5449,119,60,2,299,2284,77,228,3452,33,0,1087,1442,11292,2,1489,31,76,920,126,19,39,0,12,11,7651,7,29,87,137,1
TCGA-71-8520-01A-11R-2403-07,444,2306,94,1118,871,536,2,0,4171,25,471,12,3,1,604,3951,1825,558,7,2,2,69,147,600,248,5,53,297,418,2682,20,553,70,1456,314,33,15,28,13584,275,65,126,378,3049,0,1008,0,70,136,366,32,1229,10,330,786,1,3,3396,3293,11,29,97,2,2,49,11,853,10,40,97,1,40,252,0,14,7,123,269,23,585,7,41,1,0,278,4447,107,181,13,0,2,903,195,3641,0,230,5,122,27,63,4,2,0,4,16,4398,0,10,28,32,1
TCGA-55-8096-01A-11R-2241-07,1923,2609,575,37,1082,1540,240,10,654,112,1698,161,3,54,3513,2751,4361,2400,44,9,0,151,896,589,278,35,156,395,1274,15142,97,892,1864,8222,916,48,29,212,15596,848,4119,486,560,3757,3,2898,0,633,302,1130,7,2164,53,605,2390,35,9,7461,7270,2,137,57,21,23,148,214,1647,4,1311,271,3,143,1090,1,122,36,342,585,935,1123,1062,473,17,2,229,5939,1967,303,917,19,1,1627,272,15899,6,1762,8,124,1161,73,9,27,0,16,12,17635,0,105,206,285,1
TCGA-97-8171-01A-11R-2287-07,247,9080,67,19937,885,429,4,0,10442,53,372,2,5,4,811,762,1271,446,203,4,700,339,482,1964,257,1151,15,178,543,14104,14,1574,412,737,136,1777,1,68,10246,249,68661,132,8254,7347,7,678,0,47,2148,645,2,2134,32,220,558,18,192,3017,4695,0,244,3459,0,72,155,10,29786,3,391,57,10770,1421992,310,2,34,3,37,216,8,355,86,37,0,23,377,13934,123,61,148,4,0,366,679,7774,0,639,65,73,122,79,0,0,0,0,1,4810,425,28,32,83,1
TCGA-55-A492-01A-11R-A24H-07,1243,879,162,307,688,1614,10,11,2687,48,383,10,115,9,6708,4944,5442,2468,59,16,3,56,957,215,371,173,170,344,1071,3150,58,592,126,2115,351,1958,33,207,8456,303,1246,475,1087,5990,0,2952,2,553,264,913,38,213,46,826,615,123,0,958,3423,10,21,158,102,8,688,695,840,1175,130,585,863,54902,2022,8,106,19,52,767,270,886,2114,53,3,4,111,3555,268,536,2743,18,1,635,2856,12483,0,252,78,9,3256,150,0,9,0,3,734,9101,0,104,214,124,1
TCGA-95-7567-01A-11R-2066-07,640,1298,207,9,1266,1560,2,0,4758,37,2019,6,8,4,1177,3044,2004,3975,9,7,1,77,2264,924,1585,3,57,587,994,4792,22,1293,116,1672,402,39,32,19,18541,1092,457,538,718,5783,0,1992,0,139,360,1139,7,2485,4,532,1173,0,0,3814,7369,0,25,14,0,0,71,0,2068,17,56,178,1,53,5510,1,644,7,357,318,65,966,29757,49,1,0,597,12943,52,237,60,8,2,799,3205,35535,0,202,6,22,221,210,1,194,0,4,250,12440,0,48,29,91,1
TCGA-44-3396-01A-01R-1206-07,1637,4687,394,80,1106,1238,12,1,2553,75,3669,21,3,3,5404,5906,4843,6003,64,14,2,352,700,699,209,24,207,867,2650,5633,83,638,370,5414,1125,58,14,27,16889,306,1833,1782,1588,10850,9,4152,0,373,220,2801,78,2407,13,1043,1948,4,1,9900,5494,1,46,62,8,9,332,21,1650,49,95,842,8,180,8446,3,113,51,491,897,103,2969,537,447,9,3,1034,6599,539,343,484,29,1,1407,544,20653,2,912,14,90,321,77,2,1,0,13,137,26277,2,164,208,195,1
TCGA-69-7974-01A-11R-2187-07,2184,3645,385,10351,1268,767,32,10,13513,83,1924,11,84,37,2911,7110,13292,4575,70,125,23,167,5129,1429,469,326,256,944,2180,10149,263,845,426,3519,463,2217,186,472,31993,1316,3250,1376,1165,20352,92,3638,31,868,224,1624,164,4503,28,769,2085,101,18,6024,6038,43,276,172,42,36,398,388,1233,386,99,1271,772,101464,6649,11,269,44,345,1038,103,2305,15431,476,57,8,2823,9431,286,598,2263,81,4,1592,5160,18214,14,926,37,89,1049,793,5,123,2,36,85,18558,55,65,353,273,1
TCGA-44-6775-01C-02R-A277-07,864,1592,253,357,894,79,55,8,972,17,1547,14,5,6,762,1747,1263,362,71,30,2,325,818,794,9,270,116,385,115,1178,98,106,46,550,102,24,229,72,3265,284,540,294,651,3153,28,245,3,641,20,624,144,1495,0,319,431,30,0,4507,1783,0,81,83,2,0,10,93,449,2,18,236,8,949,936,0,132,20,281,475,23,536,3404,175,38,1,931,81,25,16,2137,52,0,312,65,2705,2,500,74,197,535,11,0,2,2,8,57,3621,9,29,133,8,1
TCGA-44-6775-01A-11R-1858-07,1119,2761,349,46,962,942,18,11,1304,85,823,39,2,20,1475,1964,2228,1947,12,8,0,120,1401,540,148,184,60,463,844,3096,50,467,418,2323,783,53,221,84,18308,290,354,453,300,4661,2,1452,0,216,156,1534,67,1743,12,576,1356,4,0,5623,4039,3,27,37,0,7,50,21,2537,4,448,153,13,1841,491,4,75,8,472,423,61,617,409,116,16,2,360,2434,923,70,181,13,1,519,133,9066,0,1209,8,32,418,278,2,2,1,3,37,8420,1,30,68,21,1
TCGA-44-6775-01A-11R-A278-07,526,3516,315,73,933,275,25,26,640,34,704,12,4,9,951,1421,1628,1476,15,9,0,146,1275,548,136,135,25,479,546,2819,49,313,477,987,266,38,246,58,13523,180,346,411,216,4395,2,1351,0,269,52,1131,62,2145,3,416,1703,15,1,6585,3102,0,22,24,1,10,21,23,2097,4,306,77,12,1356,401,1,62,4,491,323,34,603,426,131,20,0,346,1887,563,68,154,17,1,493,76,7138,1,1384,13,25,397,96,3,1,1,3,24,7568,1,28,47,10,1
TCGA-44-2656-01A-02R-A278-07,1096,3533,314,2395,1071,72,115,8,4588,18,2407,12,16,20,2560,6595,6002,2106,103,289,8,263,2279,1166,261,220,49,1762,284,7658,160,461,237,1629,97,489,135,151,11465,578,1547,824,1006,18204,74,1563,13,830,88,1040,181,5005,2,514,1008,85,1,7436,7785,54,107,138,3,1,109,467,2579,223,546,321,64,28955,3479,2,242,27,388,386,743,1460,7639,405,23,28,1706,1862,282,26,4709,30,1,995,2182,12128,2,540,78,131,2211,52,10,14,2,12,53,15768,10,60,424,85,1
TCGA-NJ-A4YP-01A-11R-A262-07,2068,1916,239,13,2071,2491,5,0,840,28,2502,27,2,3,1551,2987,5832,4270,133,15,7,207,7498,825,297,696,89,1194,2847,5713,116,1875,1871,2142,1070,187,15,37,34379,231,1118,519,410,13029,3,3781,0,190,1126,1029,11,1801,8,1089,2664,65,0,6541,8458,0,121,97,0,18,174,12,2956,10,171,282,7,1,1125,1,39,61,137,954,49,1846,978,99,0,0,501,11489,142,421,8,19,2,1508,7012,47265,0,894,18,61,342,415,7,34,0,6,53,18576,0,88,125,91,1
TCGA-44-2656-01B-06R-A277-07,672,1756,176,1276,825,136,52,11,1676,11,1330,16,7,15,653,2722,2591,600,72,193,2,177,1141,931,23,307,71,807,130,1208,147,104,74,576,119,51,52,102,3887,671,609,396,515,5915,72,337,6,625,15,384,80,2254,5,311,419,61,8,2667,1230,4,72,69,2,3,24,129,280,40,47,223,36,3085,1214,1,185,6,148,101,67,520,1964,288,20,13,1763,168,52,10,1926,24,6,401,310,3655,2,241,114,246,532,31,4,8,8,14,193,3736,0,24,466,56,1
TCGA-53-7813-01A-11R-2170-07,112,233,38,313,103,85,0,1,6246,8,283,0,0,0,377,505,866,619,9,4,11,63,156,144,20,46,11,48,112,1621,33,514,54,280,71,35,3,11,10069,393,118,85,92,807,15,195,0,11,81,156,4,220,0,82,108,1,0,1512,3177,1,11,58,0,1,22,18,2912,0,18,30,12,893,161,0,13,2,118,53,5,102,268,216,1,0,424,809,29,6,48,4,0,250,274,3427,0,174,4,36,117,4,0,5,0,0,6,2566,0,9,12,6,1
TCGA-35-4122-01A-01R-1107-07,1048,1191,110,971,224,598,6,4,2938,92,928,5,0,19,2760,11810,10881,3067,38,1,8,115,273,308,178,41,82,223,705,2929,1020,471,91,1385,281,536,10,43,5811,78,1172,915,479,5449,5,1924,5,166,161,936,38,990,11,317,512,40,2,2096,5669,4,36,33,3,5,209,262,677,33,524,229,30,20698,424,0,69,18,221,215,1025,1442,1519,19,12,1,851,3656,1214,65,1472,13,0,396,944,3907,1,301,19,6,652,79,0,10,0,12,13,12213,1,37,66,71,1
TCGA-86-8056-01A-11R-2241-07,2366,6812,442,1082,1174,1158,78,19,3933,93,2799,52,12,22,4713,8210,5120,4302,122,111,11,244,6096,948,2228,395,424,1060,2292,12866,143,8282,397,4230,542,444,165,357,26638,7520,13897,849,2498,9685,17,2661,6,550,113,1537,77,3973,5,997,1762,132,0,6810,11118,2996,74,186,157,11,267,754,1878,321,710,972,229,44600,2833,17,229,52,653,1071,275,2168,14324,333,30,3,605,6079,668,202,5653,13,1165,1355,1673,15477,0,909,42,164,2065,179,19,10,0,27,16,15526,10,155,486,119,1
TCGA-78-7159-01A-11R-2039-07,356,900,124,38,302,384,1,2,3062,15,495,2,0,1,1394,627,1454,2125,21,9,0,149,149,194,55,22,43,488,309,2639,31,577,244,1655,253,45,0,18,27753,269,562,176,276,2619,3,1617,0,108,96,350,5,585,1,439,824,13,0,4543,4939,1,24,47,0,8,86,24,10114,49,26,76,4,121,611,0,57,15,391,226,83,1067,24,483,1,0,789,5714,145,52,70,15,1,1486,124,3329,1,319,7,67,728,4,0,2,0,17,24,10165,1,22,33,32,1
TCGA-91-8497-01A-11R-2403-07,4107,1877,304,689,438,1125,125,20,4715,99,3508,40,4,15,1576,1104,2690,3670,100,11,3,139,755,362,269,211,421,548,659,4408,71,423,519,5255,1006,2137,76,822,7185,710,2012,281,782,4543,38,1705,12,1114,95,758,124,905,6,722,1244,202,0,4551,2593,15,141,161,181,71,204,631,3408,32,548,612,131,45328,1688,4,83,103,269,2254,510,1503,3111,105,10,8,335,1684,594,414,9938,39,1,1093,1124,5479,0,796,19,71,3304,20,0,34,0,14,19,9645,4,42,107,246,1
TCGA-86-8074-01A-11R-2241-07,1213,3352,337,229,2726,1181,17,28,3327,72,1373,18,1,26,1952,5257,3254,2479,27,9,8,151,1499,972,72,18,103,634,860,13151,52,1096,146,2577,557,139,32,60,31175,688,508,476,283,4505,3,1915,2,263,470,1279,18,4053,36,557,1737,9,1,11026,4568,3,107,56,3,1,81,44,3541,13,81,162,5,2076,551,0,59,9,348,1451,54,937,915,73,41,4,282,7549,285,127,216,9,0,1021,358,10376,6,764,5,41,282,38,1,25,1,22,66,11152,0,30,100,59,1
TCGA-05-4249-01A-01R-1107-07,1328,5832,185,1328,870,938,23,76,7858,103,1488,12,2,13,1729,1742,2750,2721,49,20,3,87,1336,722,144,44,188,833,1436,13320,66,776,260,2739,503,501,22,236,45923,2050,740,441,523,3847,5,1794,4,282,185,716,38,2168,14,767,1223,43,3,3501,8668,21,139,104,19,16,355,227,10990,73,157,267,69,8666,1106,5,111,25,543,368,16,1004,2165,152,25,7,462,5137,179,127,2752,50,1,1025,3363,11853,2,3858,8,53,710,124,8,126,0,27,18,10638,4,54,186,175,1
TCGA-78-7145-01A-11R-2039-07,548,1362,117,417,488,341,39,7,4534,57,389,4,0,21,1108,4399,3645,1047,11,18,1,89,284,1228,361,34,46,277,278,3453,63,473,100,1456,205,138,58,45,5971,319,380,195,639,4930,2,1179,0,98,137,532,25,1510,8,275,857,6,0,2619,8577,4,18,33,1,1,45,38,3997,17,310,78,11,6351,968,0,79,3,47,215,79,545,3792,57,2,4,384,3815,888,79,180,4,0,323,437,8045,2,343,12,32,317,27,0,6,0,3,12,6518,3,51,137,78,1
TCGA-78-7158-01A-11R-2039-07,298,7717,92,1492,696,373,16,4,5407,74,707,9,1,9,666,677,1022,924,14,9,21,171,431,599,254,190,28,272,428,7382,235,1273,125,865,173,312,10,45,3908,430,328,153,5372,4905,0,701,9,63,128,574,18,2722,6,232,498,5,63,3016,3685,4,20,1120,8,399,98,67,1468,33,385,98,6,1116,344,5,33,3,59,5639,11,381,5254,142,0,70,363,4922,504,80,417,6,0,512,1102,7208,0,605,7,34,226,21,0,17,0,8,16,4474,50,34,58,58,1
TCGA-71-6725-01A-11R-1858-07,620,869,165,274,1884,1102,3,3,17161,56,200,6,5,0,2191,12125,6424,677,25,16,2,61,5685,1814,473,32,34,761,2167,4561,23,1255,49,829,162,4481,563,40,28069,3071,479,489,650,7077,1,1263,0,91,387,391,15,1352,10,578,769,1,0,2097,5114,1,57,36,9,13,275,34,6718,29,73,395,58,15892,3105,3,23,9,158,592,64,975,14686,78,2,3,465,10017,54,150,240,4,2,601,2746,10174,0,1530,6,16,342,54,0,249,0,4,44,8737,2,24,62,64,1
TCGA-86-7714-01A-12R-2170-07,348,2389,79,10,320,211,8,57,1309,14,559,2,1,3,726,972,1207,459,7,6,0,39,203,258,13,153,97,207,248,2664,506,127,188,1304,545,87,19,84,12327,144,9,183,256,10237,0,526,1,164,40,201,5,810,0,235,329,6,0,869,2441,0,10,49,7,30,39,79,1140,20,15,323,14,11,939,2,25,30,152,136,13,388,1874,33,0,3,38,254,36,44,2236,13,0,176,81,5416,0,207,5,10,816,112,0,1,0,3,2,3729,0,12,21,26,1
TCGA-55-6983-01A-11R-1949-07,1817,1964,219,1809,476,1139,18,3,4275,51,2287,18,4,9,1827,1524,3082,7212,37,45,15,172,899,582,230,156,172,751,1079,4430,198,900,372,4063,1084,630,55,229,26517,595,1031,345,886,5884,9,1814,49,661,144,838,89,1067,56,806,1165,14,0,5998,5541,15,129,83,13,48,1591,63,12929,2,108,441,31,11487,1328,2,87,45,336,634,167,1669,3166,1489,66,2,579,6421,107,210,4304,42,3,2332,3082,11127,2,934,28,23,1873,210,2,19,0,20,29,11836,3,53,102,187,1
TCGA-78-7163-01A-12R-2066-07,94,218,74,1,479,187,2,2,470,6,132,2,0,3,662,4631,966,1389,5,2,0,12,195,455,51,519,1,74,530,5324,6,1027,16,287,2133,1946,6,53,18252,1493,179,134,71,15259,0,184,0,42,309,182,0,814,13,66,104,0,0,1659,7841,0,52,111,7,5,7,77,10780,1,96,94,1,11,1939,0,22,3,555,54,0,138,752,192,1,0,29,2978,3,81,101,2,1,82,90,13157,0,40,22,8,227,99,1,0,0,2,10,5779,0,7,7,5,1
TCGA-62-A46Y-01A-11R-A24H-07,1397,1163,193,1034,698,658,53,7,32331,45,1399,28,2,17,1661,3864,3600,2353,51,95,5,130,643,523,160,116,73,333,993,4703,60,603,198,1088,225,979,224,141,11351,514,1338,503,909,9200,17,1424,10,264,107,730,77,752,21,370,996,43,4,2081,4057,22,79,179,24,23,95,161,999,94,319,205,131,43808,2864,7,157,12,231,413,474,756,2717,102,73,10,614,3078,899,138,1964,22,1,539,2365,7148,2,304,22,31,758,449,11,26,0,6,17,7883,15,178,272,72,1
TCGA-35-5375-01A-01R-1628-07,212,147,59,3,103,98,3,0,350,5,1140,2,0,6,928,2384,2199,381,18,3,0,22,58,71,17,117,30,54,251,1906,29,138,20,330,42,5,1,3,1521,12,138,131,147,212,4,380,0,79,198,125,4,115,23,126,114,9,26,449,1007,2,3,8,2,3,32,13,430,11,4,16,1,39,566,0,20,1,16,20,16,251,188,8,3,0,175,1271,19,26,210,3,0,178,71,1783,0,300,4,2,89,65,0,1,0,4,10,2104,0,10,16,8,1
TCGA-97-A4M5-01A-11R-A24X-07,6672,2601,557,6731,1658,3258,169,30,5511,138,3590,76,56,75,4744,5628,17192,9461,195,3908,18,324,5324,1589,853,333,644,1601,1825,6860,89,652,1532,7176,1036,957,278,984,40804,1937,3061,946,2816,6413,77,4721,89,1143,129,1026,289,2125,256,1209,1974,494,16,7275,3478,305,728,365,244,78,654,738,6476,458,859,1926,721,123260,3680,148,642,98,592,1266,1807,2782,8056,647,163,147,3513,6411,933,626,9899,31,30,4590,20719,16873,34,1923,38,179,4421,1991,46,101,7,10,108,19068,41,299,1694,535,1
TCGA-97-7547-01A-11R-2039-07,2215,2573,142,70,328,596,56,2,750,58,1775,53,1,15,919,2778,2525,2443,54,18,3,81,1142,494,182,11,223,480,1348,9236,641,3834,1043,3321,1520,103,3,671,45969,552,303,265,263,12513,6,1522,1,766,86,705,128,1296,10,469,906,191,2,5615,10032,5,75,34,4,9,76,470,2006,1,65,1270,9,608,1419,8,73,23,113,231,101,756,347,71,0,0,73,3536,51,115,6966,9,2,1472,164,15287,0,681,1,53,1645,26,17,3,0,4,2,6889,3,91,153,113,1
TCGA-44-6778-01A-11R-1858-07,3082,3750,331,6425,852,1094,102,19,13293,88,2570,20,25,62,3560,3580,10337,7490,109,1657,24,338,2877,988,421,333,368,2404,647,5080,355,345,721,5908,564,1270,170,1115,2811,529,3489,1331,1919,8677,138,3451,22,794,82,1116,227,1789,102,946,1890,504,50,8341,1328,302,452,161,68,54,701,1328,2361,466,349,3111,514,126335,4423,47,566,164,437,833,391,2753,9882,831,34,122,3024,1313,192,308,6939,21,13,1558,13133,10314,10,2004,82,131,4174,890,15,52,2,15,88,17779,27,125,1082,752,1
TCGA-86-8281-01A-11R-2287-07,836,2143,248,125,1752,943,3,4,2382,88,1013,11,213,2,2911,13772,22352,3404,44,44,3,99,1482,592,309,309,91,867,1455,11463,49,877,243,2575,585,5199,12,122,55474,428,499,183,2229,4626,3,1971,0,475,315,1048,13,2040,14,713,1395,95,0,3065,3553,1,42,84,32,5,312,273,7584,281,101,438,21,1321,1932,5,195,24,111,764,13,1482,3378,87,0,1,417,6128,70,183,2026,10,0,1137,7946,30778,0,497,38,33,1158,33,0,2,1,8,293,12785,1,96,385,188,1
TCGA-49-4486-01A-01R-1206-07,1143,1370,95,932,1587,691,12,4,7090,29,779,4,408,3,7365,10677,21586,1404,143,86,4,167,10900,1033,1684,1312,98,327,4106,10995,104,625,64,1931,838,36882,103,230,9825,1931,864,1255,1185,17499,12,1148,2,1526,261,3767,64,1477,12,353,224,133,0,946,3812,6,31,50,226,43,517,224,1484,372,62,1231,151,31518,4438,8,171,8,96,674,46,1150,36374,76,2,7,177,2528,16,174,2601,6,0,276,6800,31457,0,1924,438,36,2398,213,1,34,3,8,1037,5221,5,168,222,288,1
TCGA-62-8399-01A-21R-2326-07,2430,1529,364,890,2090,1173,45,5,3053,83,1384,10,19,34,4356,5221,7123,2073,91,427,9,226,2801,863,591,232,307,1472,537,5419,52,731,3153,4353,401,346,40,570,7891,867,1157,504,1304,2351,23,2576,5,462,331,452,48,1893,41,763,937,58,1,5655,4129,15,355,43,24,8,471,655,3322,644,121,6109,182,26064,2980,16,411,31,240,981,373,2277,7024,709,8,5,1076,4620,150,294,3147,13,0,3790,7247,9347,5,384,48,35,2110,234,2,865,0,10,19,14342,7,71,373,486,1
TCGA-44-8117-01A-11R-2241-07,1334,3133,280,481,2549,605,4,0,4073,1226,687,10,6,8,2854,7097,3428,3025,48,88,0,94,2107,3295,577,49,121,549,816,3584,34,1194,199,3927,312,166,322,95,19357,1531,1203,546,2165,9150,6,2760,6,197,1181,388,25,7500,25,510,1175,15,1,3965,8934,9,89,59,17,10,188,55,4410,123,182,543,47,7220,2807,3,172,7,104,606,153,1492,19358,72,4,0,1481,7780,108,374,340,9,2,964,1997,1955,1,600,7,46,484,298,1,48,2,6,44,14261,4,82,261,100,1
TCGA-44-4112-01A-01R-1107-07,1280,989,193,35,595,971,6,3,2167,31,2229,8,0,11,2406,6021,5678,763,39,20,3,107,195,401,102,3,62,465,926,8773,66,832,80,2897,558,383,15,95,21785,153,787,256,393,4710,2,1410,0,176,589,441,123,839,5,396,562,25,0,2846,2948,1,31,50,1,7,62,43,1011,5,29,131,23,188,715,1,70,15,116,316,76,1392,495,75,10,3,337,4754,697,102,658,5,0,469,359,15240,0,834,6,11,521,66,2,3,2,4,19,9436,0,12,64,44,1
TCGA-05-4397-01A-01R-1206-07,554,5095,108,71,859,883,2,74,7607,49,1037,12,0,0,1424,1173,1761,1863,414,8,1,1068,1200,602,64,314,12,280,1536,16559,1537,1212,3896,579,420,1804,5,16,19659,34,10378,1030,1452,6543,14,1962,0,36,287,3314,50,1293,340,285,500,28,0,6791,5644,10,7651,91,11,1,220,124,1687,56,2894,1684,110,617,1419,126,651,3,395,1039,10,1845,82,204,59,0,1043,3222,27,247,88,9,2,901,485,16011,7,1689,12,33,170,238,0,0,0,48,252,10398,4,102,44,124,1
TCGA-55-8094-01A-11R-2241-07,150,215,57,243,464,168,7,0,1830,6,112,2,1,1,3038,1272,1249,56003,7,41,5,594,232,692,132,26,28,131,103,3779,30,1184,322,283,82,316,5,13,36949,272,342,68,364,1525,20,495,0,20,181,81,7,584,0,153,150,5,0,1571,3370,139,61,38,1,1410,105,9,16629,55,27,270,81,18330,482,5,37,0,16,572,12,618,289,223,1,2,211,6439,18,271,116,4,2,1264,839,2842,0,71,10,27,126,30,0,8,3,0,27,8033,2,81,79,101,1
TCGA-44-3918-01B-02R-A277-07,746,1475,187,561,786,147,22,9,4478,19,2023,5,12,3,468,1470,2285,855,69,53,6,218,790,2288,3,125,167,517,268,1255,152,134,61,633,103,36,47,77,3470,253,867,479,343,2969,55,476,5,328,39,468,159,887,20,330,532,42,2,3279,2815,4,116,106,2,2,5,69,143,1,18,75,22,2011,449,0,62,12,126,66,27,516,3587,406,35,9,1779,386,24,24,703,34,1,445,245,2615,1,236,75,147,426,35,6,4,5,11,71,3641,4,31,64,112,1
TCGA-49-6767-01A-11R-1858-07,326,1212,16,24,861,158,261,5,763,16,73,15,1,5,320,14493,20684,915,6,25,0,18,305,538,22,0,14,73,331,1840,19,352,93,267,69,4,1,15,7962,37,69,282,23,1667,0,379,1,21,101,477,7,1147,3,113,387,0,68,9034,3296,0,176,7,1,0,8,1,2522,1,56,36,1,341,13,0,9,0,34,126,14,162,70,6,1,0,112,1859,221,16,6,0,0,531,144,3907,0,110,4,8,89,3166,0,3,0,1,9,1776,1,26,5,11,1
TCGA-44-3918-01A-01R-1107-07,1502,1915,194,751,777,950,3,9,10813,71,3160,5,2,4,2349,3088,4803,3274,42,24,9,171,807,1694,109,40,145,1686,1279,6084,96,649,207,3363,708,333,26,53,16451,175,1575,954,491,7130,6,2274,3,157,471,1128,247,802,17,697,1007,23,1,2865,8567,15,165,132,8,14,164,105,698,23,34,170,54,16037,664,0,93,16,190,246,146,1462,3672,272,54,11,473,8881,193,136,601,18,1,816,1632,9647,3,586,13,15,597,128,2,4,1,15,35,14681,11,37,110,87,1
TCGA-44-3918-01A-01R-A278-07,621,1909,142,495,688,47,2,5,5308,15,3673,5,2,4,1070,2825,3175,844,46,30,9,260,837,1413,20,48,30,1504,196,4352,151,322,87,1145,111,151,49,22,8252,90,1512,590,420,6266,22,955,6,222,108,554,185,1164,4,556,638,19,3,3844,5790,12,46,134,2,4,20,69,308,8,30,48,2,2535,587,2,93,1,200,86,117,823,4601,358,66,17,568,1199,30,4,619,23,3,582,405,6266,0,488,28,33,562,5,0,4,0,10,22,12336,0,31,94,11,1
TCGA-93-A4JQ-01A-11R-A24X-07,1465,2451,162,609,1193,1708,23,3,5061,65,1547,19,1,46,1622,2572,4150,7298,80,27,2,169,610,964,495,168,130,564,1485,2769,212,626,414,3538,826,257,41,254,9943,478,610,399,435,4046,42,1710,12,760,72,1052,116,1225,32,697,1031,63,5,5958,4213,22,95,64,13,21,80,150,1367,57,69,241,82,29943,790,9,287,19,289,434,84,1340,1903,200,21,12,604,3929,49,255,1642,27,6,1158,1959,7927,2,575,19,147,630,241,0,46,0,16,34,7220,1,59,175,318,1
TCGA-62-8394-01A-11R-2326-07,971,1088,121,1349,1092,1208,12,3,4447,47,848,6,8,15,1442,2421,3854,3237,73,75,20,90,1145,1197,333,223,83,520,502,2199,48,864,704,1385,337,484,64,200,11353,720,536,471,393,4411,20,1513,7,172,297,1032,82,1923,50,359,698,76,1,4831,4439,40,181,88,4,42,186,204,3370,67,85,448,87,24058,847,8,105,15,329,866,115,979,1803,126,63,35,1595,5305,154,217,1121,8,4,805,6648,11985,6,861,14,76,770,511,5,67,1,4,43,7602,7,68,221,396,1
TCGA-62-A46U-01A-11R-A24H-07,308,5020,72,37,456,866,18,9,6477,111,88,37,0,1,1318,1510,611,4874,52,4,0,121,1518,344,291,10,5,186,390,5056,9,1046,306,267,148,123,4,4,10500,603,84,2120,84,5102,0,2436,11,114,226,1432,6,1194,0,141,3348,0,0,2806,3689,0,189,26,2,3,6,6,922,3,276,105,0,18,102,0,130,1,141,772,16,405,13,85,6,6,411,1329,258,155,0,1,0,326,293,7134,0,233,9,83,34,121,2,0,0,2,22,11284,0,25,23,7,1
TCGA-69-7761-01A-11R-2170-07,563,1641,280,5582,1132,454,17,1,2733,33,2502,14,0,4,1845,3615,1971,4665,34,3,61,116,903,227,33,39,52,258,477,3581,58,318,1357,2006,727,7,1,97,16438,247,276,620,351,1546,4,790,0,188,54,672,16,1676,1,301,997,35,0,3898,2866,0,92,54,3,892,68,18,738,17,867,210,0,72,1164,0,113,16,173,175,12,917,21,256,14,0,685,820,39,50,614,11,1,674,146,3838,3,482,6,49,543,32,0,11,0,5,5,9656,1,69,168,15,1
TCGA-MP-A4TH-01A-31R-A262-07,3477,2008,188,985,1281,943,29,9,20354,51,1520,14,0,9,1472,1106,3019,5757,195,39,0,121,3348,274,176,137,301,597,1950,4605,75,620,563,3754,625,2302,19,644,12487,882,876,378,693,3225,18,1271,4,950,62,908,62,982,10,652,956,459,3,3869,3176,2,193,54,72,10,246,243,1243,58,90,310,31,4937,2021,5,56,46,278,505,243,1134,4054,80,7,6,371,1471,76,261,5479,41,1,1044,1767,8681,1,427,15,82,2326,134,2,17,0,25,98,7745,2,74,265,155,1
TCGA-86-8669-01A-11R-2403-07,510,860,85,14581,221,275,13,2,12595,51,710,6,2,4,923,793,1425,2950,19,9,7,315,281,291,31,37,41,292,186,5221,25,308,93,689,264,148,6,49,5677,64,568,255,822,2887,5,724,4,76,46,752,22,708,3,246,572,41,6,2378,2897,7,19,942,2,187,67,55,30198,72,30,398,363,155996,1356,0,62,5,317,220,15,720,241,642,0,1,183,2908,130,77,628,10,0,471,366,5367,0,108,1,51,223,36,0,6,0,7,12,6229,0,48,51,79,1
TCGA-44-A479-01A-31R-A24H-07,211,1323,135,59,509,292,7,6,3266,16,972,17,0,4,1238,708,1015,3565,39,13,0,133,357,413,19,19,45,409,437,2694,16,490,134,1338,392,9,8,5,11163,270,486,525,625,2359,23,1049,4,120,78,657,3,738,7,390,566,91,0,5511,4561,27,89,35,1,3,70,41,5239,17,73,144,2,70,417,0,80,37,184,144,17,669,58,1104,2,23,698,3691,9,85,68,16,0,1252,286,3946,0,977,11,34,824,12,0,6,1,2,10,10314,2,147,28,18,1
TCGA-64-1679-01A-21R-2066-07,1727,2576,353,26,1974,1250,3,11,1840,39,1738,15,0,40,2441,9185,11085,3479,15,10,0,105,1019,1036,436,4,99,334,1246,3925,93,679,412,5090,958,448,4,86,17564,356,1003,417,363,2016,18,2102,0,107,440,946,4,2810,306,823,2321,8,3,9223,5216,0,32,29,4,1,30,10,2486,2,43,79,17,47,1737,0,103,13,1277,786,6,1067,163,172,6,0,854,7818,133,166,352,15,0,670,192,16538,2,1714,10,26,383,20,4,44,0,2,130,12479,0,58,29,244,1
TCGA-99-8032-01A-11R-2241-07,1061,1128,232,523,710,1310,39,2,3199,50,739,13,1,3,2118,1455,2916,2608,52,19,5,170,257,420,44,137,84,569,707,3614,108,743,298,5738,663,202,29,113,23983,584,1034,261,685,2394,1,2312,18,333,82,985,19,1267,16,782,1317,183,3,6536,3607,545,176,89,3,10,155,27,11222,18,66,458,21,6271,1281,1,87,35,211,689,193,1733,1167,1657,2,64,840,6578,162,259,919,9,6,3634,496,7555,1,1308,16,56,1598,29,1,14,0,7,15,13962,0,34,111,493,1
TCGA-55-6968-01A-11R-1949-07,242,809,42,108,239,385,42,0,746,15,408,3,0,27,500,567,1029,2011,14,9,0,136,423,848,11,8,14,172,270,1505,34,288,583,853,323,1,2,10,6166,92,705,519,266,1661,0,1048,0,17,75,475,177,222,1,201,649,3,0,5923,2446,1,142,43,1,5,20,14,2408,10,36,1288,35,36,217,0,15,10,41,102,61,424,7,38,41,7,1700,1225,20,77,55,2,0,783,68,9107,3,4300,11,22,155,2,0,1,0,3,7,6201,0,27,8,9,1
TCGA-44-8120-01A-11R-2241-07,3652,6051,416,1992,1873,1689,56,7,4269,90,1575,26,21,48,4603,5356,6136,25164,116,156,12,239,29932,2765,827,159,561,1284,1554,10309,101,743,316,7409,981,519,646,608,15162,2708,520,599,1661,8684,6,3300,1,1006,164,975,73,4757,21,1207,1810,57,44,5232,7975,33,468,169,16,11,637,676,3628,232,244,1594,268,47255,4134,18,2021,86,142,1717,560,3252,23087,115,4,9,591,14726,316,895,3098,8,4,3791,4443,33299,1,1810,28,105,4066,118,0,1424,1,6,13,20257,8,101,647,368,1
TCGA-97-8174-01A-11R-2287-07,8568,5645,1241,9412,2789,1498,38,15,19452,105,13824,16,62,27,10844,5522,8181,8033,489,45,27,622,1691,1359,466,2191,6885,1608,2114,8184,277,564,358,9776,1985,22920,83,814,21592,1919,3985,736,8007,6769,22,5488,5,5203,105,2463,172,3668,22,1287,2970,715,1,9949,3709,20,153,265,49,16,939,438,4206,504,54,1949,1177,166103,9154,15,551,18,537,3368,99,5774,14308,271,3,1,577,1763,69,637,30155,81,7,3495,18183,27670,2,3999,175,174,26971,46,10,79,0,47,209,30503,10,271,1029,586,1
TCGA-38-4632-01A-01R-1755-07,269,583,33,155,108,145,6,8,1105,18,312,8,1,2,989,2452,1763,1224,7,3,2,53,182,150,138,20,20,257,368,2007,36,389,31,383,78,248,10,13,6316,150,381,300,236,2468,0,626,2,68,106,195,21,703,0,142,270,1,1,841,3308,4,11,47,1,4,132,19,1429,10,53,87,12,3043,811,0,24,1,183,209,12,472,984,15,10,0,139,6733,397,51,107,6,1,450,461,2721,1,81,1,13,120,59,0,4,0,7,3,2993,4,16,22,10,1
TCGA-MP-A4SY-01A-21R-A24X-07,944,1205,161,29,977,1252,155,24,350,56,2089,59,0,18,1360,3207,3653,851,6,19,0,126,71,987,11,34,71,152,2541,2472,69,633,136,2834,613,9,2,153,11820,255,682,317,253,4795,6,957,5,283,152,556,52,1382,21,316,988,7,9,5660,3559,3,137,47,3,7,13,23,3270,2,716,95,21,20,435,1,86,18,129,282,207,317,168,123,21,15,181,4480,494,88,683,22,0,348,210,6901,1,1015,15,72,386,20,2,1,0,6,19,4903,2,42,103,71,1
TCGA-95-8039-01A-11R-2241-07,2044,3963,302,4010,1517,1134,61,26,9531,94,1976,43,17,30,3416,4147,6061,7290,58,264,25,190,2140,1885,573,343,193,1161,1518,4969,173,657,313,4279,663,1347,88,496,11256,1286,1770,674,925,17947,58,2345,14,433,89,2271,204,3008,73,641,1601,147,18,6756,6515,70,232,160,36,34,404,451,3138,123,406,541,269,98353,2609,21,267,16,800,1393,719,1821,14348,220,33,24,1583,7920,726,278,3219,48,9,1407,8147,17052,1,1087,31,86,2108,588,11,65,3,24,194,12066,9,153,480,540,1
TCGA-L9-A8F4-01A-11R-A39D-07,693,1166,147,93,880,840,169,1,528,89,1419,11,0,8,2633,1808,2754,14330,23,58,1,88,385,952,962,11,73,157,872,2151,14,734,467,3129,435,33,33,151,20021,288,308,627,219,1244,7,1329,4,196,192,1335,7,1192,17,264,884,24,205,2710,3641,6,49,29,1,3,84,75,4508,20,49,94,19,450,909,1,44,35,112,200,64,668,91,32,3,0,478,2584,40,183,710,11,1,874,545,12841,0,546,18,146,733,612,5,10,0,3,46,6754,0,22,44,73,1
TCGA-86-8075-01A-11R-2241-07,1703,2535,280,442,2205,1433,16,3,2890,55,2391,13,4,20,4217,4613,4667,4273,65,18,14,198,988,885,143,151,109,690,971,3679,84,802,306,5155,892,149,149,187,39640,560,745,570,688,5337,4,2007,39,395,300,1141,61,2466,12,949,2206,47,2,14012,5166,10,64,74,6,5,108,36,4104,6,53,295,45,6733,1107,4,217,27,681,955,83,1296,1044,245,17,9,651,5552,315,169,755,11,2,1611,768,10913,1,2229,11,50,703,215,2,23,0,22,33,13571,1,28,164,87,1
TCGA-69-7760-01A-11R-2170-07,141,1171,48,31,365,475,6,0,9030,25,762,12,0,3,999,1206,567,206,7,14,0,18,2080,619,89,31,27,85,191,4384,25,620,24,1336,261,8,25,55,4907,1353,459,73,115,12702,0,254,1,135,128,500,169,1294,3,98,165,2,2,1671,4399,0,10,9,0,5,25,16,2158,1,55,64,3,138,666,0,444,10,44,50,17,179,4450,33,1,2,175,2596,135,12,100,5,1,171,154,9189,0,415,3,16,422,21,2,21,0,2,5,1984,0,23,49,24,1
TCGA-75-5126-01A-01R-1755-07,1309,1897,113,2299,241,374,41,94,7336,52,1100,6,17,13,1835,4772,9585,1892,39,38,10,135,1696,310,199,127,196,337,690,4057,102,189,187,1711,274,861,76,139,8478,170,2370,749,624,7644,13,2253,19,261,38,584,113,1096,34,288,951,42,5,4812,1790,42,122,77,2,22,111,212,1442,129,211,514,302,64911,1252,1,119,14,181,353,430,1085,6274,90,25,16,499,1375,874,85,1569,11,2,672,3987,5002,4,273,34,18,932,428,6,19,2,5,14,10553,14,44,87,177,1
TCGA-91-6849-01A-11R-1949-07,540,797,59,29,424,234,16,2,457,19,418,3,6,4,1609,2467,3888,931,15,8,1,42,127,96,35,28,46,243,558,4064,13,281,85,825,134,1146,4,183,10717,141,162,381,292,2513,2,273,3,158,78,267,28,641,4,214,452,24,0,1399,922,0,39,10,4,6,69,149,395,5,55,461,9,115,1622,1,13,25,64,120,67,568,2173,22,3,0,78,959,19,89,1042,8,0,284,137,9849,1,144,4,11,497,50,0,1,0,2,60,4698,1,11,18,44,1
TCGA-86-7711-01A-11R-2066-07,625,3111,219,11,628,363,3,1,1738,17,499,4,2,1,554,6805,8122,1509,16,8,2,250,145,619,248,103,66,556,690,3862,48,1394,1446,2307,285,14,12,11,25548,8,9690,757,762,9671,53,1706,2,94,281,1032,4,4174,2,644,1714,11,0,6636,5868,3,14,13,4,4,66,29,2319,12,31,156,0,96,459,0,62,24,933,1677,35,3027,146,286,0,5,305,12232,569,107,17,5,2,959,97,5460,0,466,14,14,81,873,0,0,0,4,4,13522,0,32,31,23,1
TCGA-05-4417-01A-22R-1858-07,1987,1802,203,63,379,750,10,0,2483,79,795,10,0,6,1274,1008,2344,3272,25,14,3,158,233,169,37,9,83,806,490,3278,45,333,208,2912,441,206,8,230,15405,173,1036,350,1188,2643,2,2010,0,256,37,661,12,633,2,564,1086,5,0,4830,3823,1,78,24,2,1,251,41,5857,54,54,232,20,4334,684,3,70,21,90,523,60,1477,641,649,1,0,264,3208,178,105,759,13,0,977,203,3905,1,444,2,19,590,17,0,4,1,9,7,12444,0,31,165,57,1
TCGA-97-8552-01A-11R-2403-07,3796,2041,300,7726,1117,1270,55,33,10739,58,3600,63,16,27,2517,3152,7053,4043,79,334,15,131,2173,956,615,446,207,600,1383,5729,141,367,399,3167,725,2166,79,596,3852,1081,2243,661,751,8399,56,1213,43,721,56,585,273,1441,95,490,931,352,19,2834,1971,152,178,765,178,69,244,461,786,183,807,897,4855,939507,1924,28,170,73,472,1521,753,1013,5140,249,220,23,1139,1823,1424,286,5434,26,16,1012,10966,9129,11,1594,59,101,2363,612,35,46,3,9,41,7858,43,81,289,295,1
TCGA-93-A4JN-01A-11R-A24X-07,3091,2487,250,3695,2130,2281,11,0,6122,81,1463,22,8,4,2935,2874,4067,3271,116,24,4,176,7814,1762,386,150,174,623,1100,2764,166,745,1413,2409,660,375,150,372,9533,816,666,360,858,2873,7,1552,3,856,73,1277,16,1735,528,626,873,33,11,5444,3247,5,112,334,16,24,116,429,3479,23,60,856,145,10579,1592,4,82,24,545,957,54,1483,3390,220,15,28,941,1533,100,277,3242,19,4,2486,5387,11729,0,5035,26,148,1718,245,2,377,1,12,29,10417,2,49,346,147,1
TCGA-05-4389-01A-01R-1206-07,527,2049,66,308,264,425,39,4,3969,46,780,7,3,18,1139,2362,3214,4661,10,13,7,8979,1189,1365,227,53,27,240,799,7650,16,1101,194,660,283,30,4,56,11676,500,18317,613,260,9921,48,1653,203,48,2045,905,88,762,6,360,1045,8,0,2667,4685,1,118,152,10,10,159,28,4830,20,317,123,4,1116,1401,8,55,10,82,313,47,815,1070,226,7,0,359,19357,162,79,347,18,2,524,450,6839,1,659,15,20,214,111,2,1,0,6,6,7448,1,25,61,20,1
TCGA-64-5815-01A-01R-1628-07,672,1552,119,473,405,527,69,5,2124,31,748,37,1,15,1815,2680,3821,1929,14,20,5,87,233,206,36,35,94,282,530,1986,52,247,139,3099,428,319,21,26,7291,244,631,335,467,2128,1,1237,17,246,96,446,43,517,19,446,994,7,4,3372,1435,12,24,26,7,12,63,34,357,31,608,116,79,16996,525,0,150,9,74,349,130,687,1114,125,4,4,233,1739,613,81,349,12,1,448,891,7138,0,758,3,4,415,110,3,4,0,5,18,7003,2,20,105,47,1
TCGA-L9-A50W-01A-12R-A39D-07,507,5777,116,7342,868,457,4,24,3750,43,394,3,6,5,2201,1091,1745,1770,51,8,23,91,491,488,285,59,43,296,971,12179,60,449,3246,1466,303,2385,37,130,11431,1433,13211,212,267,4341,2,1330,0,121,145,1023,3,2062,24,490,688,2,91,2375,6981,1,87,1780,4,13,187,167,8988,38,57,312,11,7398,554,6,20,11,97,273,10,853,1002,108,2,0,1354,3454,15,195,714,8,0,987,861,11049,0,310,12,72,308,154,0,3,0,7,3,8148,10,67,50,110,1
TCGA-86-8278-01A-11R-2287-07,1077,1988,163,293,725,1368,12,18,4230,34,1383,21,0,11,2824,2046,2881,2993,22,31,3,109,574,522,44,848,97,533,2536,11254,172,1132,225,2934,2456,210,18,118,41057,972,364,364,263,16787,6,1589,13,138,120,924,142,2636,216,662,1222,42,0,3299,5619,1,270,55,2,10,92,25,7625,14,554,269,34,2021,4275,3,212,75,701,363,11,841,2991,255,4,3,412,7258,80,156,420,22,1,789,1009,18573,1,1980,16,27,580,172,0,45,1,15,32,11186,1,59,265,80,1
TCGA-75-6203-01A-11R-1755-07,6080,4449,484,33124,2054,2602,170,48,11698,128,6066,124,93,109,4850,10849,34116,14209,106,2031,34,477,9710,2171,1382,814,763,2521,1192,8544,361,219,1290,6353,1367,4855,543,860,2512,1890,5101,1512,3758,15920,139,4081,91,1196,31,1244,1255,2790,384,1518,2422,917,40,10413,1264,695,1248,435,232,113,1247,1046,974,928,2450,3025,1431,534321,5671,66,1021,126,939,1903,1034,3381,12754,1265,63,300,2902,970,2230,452,7702,35,34,2737,53327,32771,36,2102,214,326,4895,3372,39,229,13,22,321,27139,95,313,1392,1642,1
TCGA-78-8655-01A-11R-2403-07,814,921,136,732,731,583,23,4,1001,53,803,8,5,23,1185,2067,2896,2409,23,132,6,76,683,408,205,32,142,438,454,3069,27,469,105,1218,218,113,138,146,15569,434,341,339,482,3251,9,1237,7,193,63,468,38,711,33,405,582,44,0,1924,2905,33,78,46,25,19,200,146,652,74,238,173,34,11813,530,12,175,14,96,251,113,692,2382,107,3,19,617,3278,288,143,867,17,2,576,4461,3317,3,269,9,15,703,365,2,26,2,7,11,8746,9,67,208,227,1
TCGA-97-8547-01A-11R-2403-07,507,1001,95,15,585,820,45,4,453,28,244,51,0,6,1029,921,1335,883,13,5,2,101,129,322,110,3,58,131,572,2016,32,349,49,629,585,1208,10,19,6347,127,272,158,168,1686,0,917,5,16,79,546,11,532,3,237,688,0,8,1575,1860,0,104,78,4,1,24,1,1061,0,244,103,3,211,423,0,15,5,271,191,70,261,315,72,1,0,104,4496,649,73,2,1,0,175,131,6551,0,233,6,29,76,55,0,1,1,0,54,3669,0,49,60,12,1
TCGA-55-8097-01A-11R-2241-07,7090,6737,515,5393,1629,4152,52,14,10607,130,3133,15,14,27,3615,8693,16686,6256,104,184,16,143,3766,2142,1511,392,586,798,1717,10170,168,730,453,7237,849,1579,102,1228,18183,8413,1602,414,1353,7443,26,2359,7,1097,86,764,125,3834,17,873,1268,490,9,4728,5454,30,175,440,41,40,547,508,12143,284,197,951,224,72569,5569,18,298,80,504,2539,256,1869,15357,214,10,9,769,4064,160,336,9402,35,4,1673,31468,47233,0,2519,48,106,5185,374,0,162,0,13,142,11566,8,135,974,277,1
TCGA-73-4668-01A-01R-1206-07,1676,1358,319,107,752,1024,18,6,5770,36,1067,15,6,1,3726,8007,8159,3621,36,6,2,159,410,727,677,49,89,421,1147,5369,64,1310,274,3853,604,1001,17,78,20796,379,822,421,2868,4773,1,2593,1,352,463,552,8,1712,5,505,1148,6,0,3856,5952,1,28,20,4,3,122,28,3238,112,125,614,14,429,2341,0,199,57,87,681,376,1892,72,41,0,0,612,12124,211,132,813,6,1,1111,4415,21512,0,1060,11,142,847,79,7,112,0,5,155,14463,0,151,208,81,1
TCGA-55-7910-01A-11R-2170-07,247,285,38,54,132,220,2,0,2833,7,124,0,0,5,1380,515,543,499,14,4,0,50,122,155,3,7,11,120,119,1774,28,330,55,727,83,78,2,27,8380,122,136,94,246,573,2,395,1,53,149,252,2,400,6,163,223,4,0,2102,1942,3,25,23,5,2,17,17,6736,1,13,49,5,1056,342,0,16,5,23,92,26,315,212,1083,1,0,698,2580,314,24,65,12,1,2536,186,4100,0,160,5,51,121,14,0,1,0,14,3,3235,6,4,4,20,1
TCGA-44-2668-01A-01R-A278-07,157,3820,74,38,523,72,2,1,1057,14,226,13,0,5,513,3630,5175,1131,4,0,0,116,216,180,7,7,20,305,356,1404,22,321,73,543,72,25,2,7,8192,65,323,480,209,7236,3,1419,1,26,42,528,59,1871,10,132,739,0,0,9057,2562,0,36,3,0,4,13,0,1296,12,14,50,0,380,422,0,10,5,91,288,7,725,227,62,3,0,212,1572,269,63,11,10,1,577,64,3779,0,338,7,31,78,7,2,5,0,4,3,5708,0,18,33,9,1
TCGA-55-8301-01A-11R-2287-07,914,2804,167,2604,533,777,2,6,8227,65,2024,9,1,13,1682,3214,6523,5908,39,8,22,160,3343,1418,361,387,64,262,1578,3566,76,829,306,3238,553,87,65,230,9855,436,755,522,662,3169,3,2028,1,152,477,1024,81,1383,167,460,949,9,0,4489,3169,0,124,107,3,4,130,24,1989,31,40,203,23,2754,1258,0,149,32,332,384,15,1053,16874,124,4,25,691,5217,57,95,2657,27,0,1171,921,5491,0,977,19,39,574,31,0,35,1,10,102,12254,0,36,66,70,1
TCGA-55-A490-01A-11R-A466-07,285,2078,129,7,562,1066,8,12,216,21,431,17,0,12,3064,2094,2586,1581,26,72,0,54,70,1650,179,9,48,111,248,2289,10,623,135,1499,338,61,0,4,13974,324,243,137,344,2468,2,1465,0,81,237,322,4,1806,0,255,1110,2,30,1907,2785,0,20,5,0,0,62,14,5101,23,393,28,1,0,232,0,38,26,50,412,75,527,4,60,0,0,98,10305,734,80,5,0,1,980,139,6173,0,176,0,75,122,7,0,0,0,6,3,6830,0,15,73,52,1
TCGA-78-7152-01A-11R-2039-07,295,542,81,26,381,275,3,0,757,24,311,0,23,1,532,1560,1236,2019,4,4,4,37,4060,184,224,9,22,260,250,2054,14,235,693,755,198,61,3,63,9756,115,114,138,363,2303,1,545,0,91,76,321,19,234,4,323,408,16,1,1386,1954,3,16,5,3,7,48,18,720,8,59,130,7,236,748,0,82,4,107,165,25,573,1341,24,0,1,116,3054,11,89,567,6,0,414,150,16133,0,155,2,3,403,14,1,3,0,2,4,3988,0,38,21,4,1
TCGA-86-8671-01A-11R-2403-07,2732,3140,295,1728,801,1726,39,24,7234,105,2227,27,3,44,1880,2108,7178,11496,130,215,17,196,2027,617,294,159,289,1352,1137,5446,192,431,993,3742,1015,609,149,478,5335,686,2267,814,906,6745,42,2612,7,869,61,1049,173,969,56,1242,2077,151,24,5112,2503,68,267,984,238,34,348,531,1400,299,331,971,295,74521,1525,10,153,172,578,1700,255,2359,3027,243,9,31,940,1347,320,427,5403,21,3,1495,6180,5754,4,773,28,84,2287,620,13,27,1,9,37,14168,10,85,304,477,1
TCGA-55-7913-01B-11R-2241-07,132,1027,95,40,214,94,9,3,282,25,93,4,0,5,3632,448,799,961,12,9,0,63,429,1631,46,41,4,180,669,3108,13,2626,91,192,82,175,46,5,41165,1438,409,164,61,11027,116,725,1,64,800,1247,3,2026,5,146,491,3,0,11560,7237,73,38,126,1,4,15,15,17956,1,463,43,5,456,172,40,163,0,14,151,151,457,62,1937,3,1,2203,11153,106,52,6,42,1,369,280,4585,0,176,5,57,42,158,0,25,0,19,4,4434,1,41,15,13,1
TCGA-73-4659-01A-01R-1206-07,5100,3879,545,5949,1109,1851,70,8,24898,112,3996,15,44,29,7375,3666,10254,5453,244,151,54,458,3441,1345,444,627,642,1856,1618,12629,352,1308,337,7865,806,2201,155,471,27179,524,9755,1266,2862,29480,53,4358,31,1468,116,1348,245,1984,70,1111,1839,180,38,10427,7379,73,435,286,12,72,713,1169,27728,213,164,1729,3874,344011,3564,12,328,74,485,3017,395,3713,17050,2157,23,25,2108,20528,572,581,6295,56,5,3360,9472,22479,15,2496,92,83,4262,676,26,28,5,23,42,26188,51,86,652,1017,1
TCGA-75-5147-01A-01R-1628-07,2700,1793,281,74,733,796,23,9,1947,110,8894,13,5,177,4876,2134,3486,2942,76,11,12,177,3503,542,222,42,205,369,877,6312,70,1125,280,3103,818,72,4,361,19934,1324,749,486,361,2222,114,1393,45,671,163,1500,171,2389,37,414,754,51,0,4214,11918,4,65,196,21,539,121,277,6262,44,197,276,9,63,1414,18,788,24,756,365,60,1158,1922,221,61,17,741,6322,919,107,3995,9,4,906,577,10019,3,1167,4,37,2133,38,9,7,1,16,8,9678,0,56,121,52,1
TCGA-05-4403-01A-01R-1206-07,3656,2997,351,126669,1996,1441,40,21,13014,159,3778,32,22,46,5971,13542,12126,5307,99,141,82,217,6340,634,951,309,445,1260,2057,17493,256,324,10280,5113,1024,3460,113,941,40804,660,4796,985,1816,14507,21,3352,29,696,422,1264,292,2061,104,1301,6276,130,5,4236,6718,174,216,81,61,1976,604,655,2512,368,718,1292,484,126516,2319,23,1437,19,507,1522,143,2427,15430,376,32,31,1572,3017,1142,354,4468,48,6,4056,14482,14778,12,2301,41,38,2191,3365,1,74,2,34,31,17125,31,636,411,1168,1
TCGA-53-7626-01A-12R-2066-07,7628,6429,713,8367,2077,2240,175,20,14055,191,4972,53,39,129,8120,12377,24394,19007,279,2499,23,496,9921,2083,995,302,779,3324,2783,9888,300,553,1284,12772,1447,559,816,2312,12487,2040,6462,2016,5107,19144,210,4853,49,2005,69,2163,703,4987,253,1934,3370,911,37,15463,4212,301,1053,404,634,75,1179,2719,1730,1014,519,8856,860,154553,12708,90,991,217,1189,1492,970,5663,20195,1445,73,297,5421,4075,545,788,14195,63,25,3840,29299,23392,46,1140,56,184,7956,4992,94,327,11,43,305,28088,44,219,1222,2175,1
TCGA-55-7728-01A-11R-2187-07,1280,2684,1677,52265,1260,1619,7,13,5082,175,978,54,3,18,5389,3259,2804,5095,127,107,35,99,2213,463,533,387,82,184,1704,4165,206,426,2170,1328,798,1485,132,235,18454,715,1600,934,332,3343,70,1836,17,212,173,1306,53,1311,41,497,3174,101,4,2820,2971,17,165,157,8,1259,170,116,2043,64,386,289,42,24648,859,10,117,19,253,196,34,417,4639,244,3,5,1810,764,373,192,1097,43,4,1029,5382,9677,1,720,26,361,1040,461,4,209,1,15,104,8678,14,261,427,123,1
TCGA-91-6840-01A-11R-1949-07,583,1267,179,870,1271,663,4,1,13999,59,337,29,31,1,1517,937,2360,2465,45,18,29,75,2507,850,592,39,76,531,298,1235,366,318,403,960,242,69,11,107,3827,543,164,376,2153,1076,25,1478,384,104,46,551,33,2373,16,478,756,21,1,3036,3442,37,203,58,3,18,276,82,2348,329,35,563,46,9880,1695,15,476,81,146,629,16,1320,2213,106,9,20,724,716,48,252,661,9,2,1064,34675,5946,0,182,9,66,446,95,0,240,6,7,71,10928,32,95,319,200,1
TCGA-55-8507-01A-11R-2403-07,933,1281,326,3729,863,597,337,14,11925,53,410,55,17,14,1010,1521,4082,2444,47,133,21,101,1268,650,252,195,104,471,643,4303,104,724,412,2686,301,1243,90,226,7296,1171,1313,473,524,5589,14,1834,27,208,399,691,73,1925,46,439,744,32,5,2699,3763,85,410,168,8,36,277,132,4391,189,416,279,520,82030,1175,15,83,34,190,438,895,905,7010,129,12,17,1216,6467,826,195,1182,31,3,1754,6075,5398,4,507,28,206,712,760,2,50,1,14,26,8449,16,30,222,133,1
TCGA-69-7973-01A-11R-2187-07,1070,1928,239,2177,477,766,13,0,19683,47,1022,19,8,10,3143,1341,3881,2496,72,29,7,412,673,763,190,261,258,1022,646,8987,144,1399,169,3332,433,844,56,97,23499,631,1895,340,1277,5815,20,2253,6,294,122,952,50,1643,28,684,1132,2091,2,7155,6780,59,427,103,16,23,398,325,28306,78,129,798,472,58080,3277,1,93,27,510,913,71,1835,7756,7257,1,19,1606,16764,91,233,2281,23,4,2054,1873,11835,3,1621,53,62,2439,79,8,10,0,9,18,15113,14,54,190,554,1
TCGA-44-5645-01A-01R-A278-07,1892,5411,221,320,1275,102,36,26,7132,21,999,9,4,12,993,2730,2847,3886,98,16,93,190,2408,470,127,270,128,629,435,7974,1061,293,254,2025,551,1023,1380,860,7641,926,755,423,695,7140,30,1050,5,1887,20,671,77,2943,3,543,725,615,1,4396,2377,1,37,601,17,77,85,501,1092,6,53,59,68,26023,3076,5,51,63,441,179,36,1152,21702,161,18,30,323,749,59,148,9358,33,0,758,226,9287,0,784,37,57,1992,37,0,214,1,9,15,6456,1,138,257,59,1
TCGA-62-A46S-01A-11R-A24H-07,1106,889,271,1926,957,761,12,8,7294,32,1424,4,1,4,4511,1890,3468,10852,40,25,1,107,1100,944,114,203,149,430,563,4240,88,979,206,1580,372,1613,36,347,56033,830,576,392,1902,4297,5,1767,0,218,80,428,34,974,7,622,765,64,2,2422,4652,6,88,63,10,4,151,265,14979,361,12,490,62,9550,1483,2,225,13,148,1011,67,1131,1303,146,5,0,323,2221,86,186,1973,7,1,3343,845,14159,0,440,35,117,1378,76,8,21,0,4,30,10062,1,109,651,63,1
TCGA-44-5645-01A-01R-1628-07,3277,3355,182,297,1014,388,15,22,11628,34,627,0,3,6,995,1847,2520,4704,80,6,103,108,1825,339,146,191,260,424,538,5455,475,288,204,3736,1506,1123,540,721,7120,1196,591,384,482,4548,12,781,7,963,48,694,52,1654,7,581,697,475,7,2614,2126,1,65,508,29,95,141,513,884,5,59,192,94,24910,2146,1,58,72,288,173,40,946,12278,101,12,26,255,601,65,96,6479,18,1,571,445,7231,1,644,10,30,901,87,2,158,1,5,15,5496,1,117,205,51,1
TCGA-86-A4JF-01A-11R-A24X-07,449,1113,116,529,333,582,10,1,23039,33,334,0,10,4,916,1028,1766,1477,30,7,4,85,775,696,115,104,48,561,556,14935,30,836,114,1098,201,901,15,52,19397,467,868,404,453,5413,6,1336,7,107,252,405,18,721,8,474,708,1,0,2962,3646,8,165,76,4,15,59,48,1447,8,91,444,166,62556,5669,1,27,16,816,441,60,1082,13049,34,4,2,479,4482,264,225,281,8,0,659,1583,9579,0,216,20,43,281,290,0,24,0,3,13,8796,5,6,31,71,1
TCGA-55-8087-01A-11R-2241-07,4024,8747,262,10838,1991,1937,65,26,19281,60,2380,58,1,11,2062,1683,3139,1234,50,33,9,74,432,1485,347,62,219,373,2850,10828,62,864,223,5760,1118,304,21,1030,36778,3080,729,259,295,3848,4,1011,4,656,163,512,39,3396,153,587,762,214,4,2563,4719,5,103,617,6,25,193,612,8514,19,199,147,141,73814,1334,1,95,30,179,1138,100,581,1036,142,6,6,341,2877,864,152,4068,18,1,829,1799,13242,0,2796,12,58,1308,182,0,29,0,14,14,5836,22,114,504,147,1
TCGA-05-5715-01A-01R-1628-07,436,1034,148,540,353,509,28,1,951,21,572,15,2,5,1079,1072,1556,1065,17,10,5,39,387,262,390,32,54,342,662,2723,22,1408,108,1317,208,220,18,32,9528,256,948,210,213,5605,3,1037,1,65,148,384,100,733,9,268,633,24,0,1404,3831,169,23,28,4,9,180,86,793,3,210,169,24,7147,370,23,48,4,60,167,44,581,1041,79,5,7,153,2667,252,80,938,5,14,402,1478,6651,0,254,4,7,425,44,5,10,0,0,10,6062,4,61,49,90,1
TCGA-50-6593-01A-11R-1755-07,947,1568,144,727,661,776,120,16,1627,74,1522,35,2,15,1534,5497,4599,1296,20,21,3,110,356,583,326,41,94,357,669,2686,45,513,208,2552,447,276,14,236,9144,470,469,497,414,4648,6,1321,4,328,117,587,25,889,22,433,1245,7,5,3330,3202,11,79,50,2,6,128,48,985,26,1059,249,63,20692,1038,5,80,7,74,328,81,657,712,92,24,4,385,4460,1083,100,889,14,2,612,1166,10003,2,761,5,32,691,94,0,27,0,4,7,8371,2,44,150,64,1
TCGA-97-A4LX-01A-11R-A24X-07,1416,3539,333,1510,841,1108,52,12,5978,314,1014,65,11,27,1805,2187,2743,7776,73,116,12,153,1032,5205,150,120,142,546,1236,3966,70,648,672,2711,669,542,17,150,4276,561,905,922,691,3234,0,2509,10,291,91,1368,53,1501,30,490,2036,39,0,4483,3066,22,289,149,11,14,103,119,852,54,826,256,258,41949,585,11,94,39,293,1224,278,1174,2544,91,12,10,684,3552,353,277,1771,30,2,1169,2882,6167,6,1251,22,60,761,243,3,18,0,20,14,12056,8,56,167,89,1
TCGA-44-2666-01A-01R-0946-07,3805,3079,276,7575,724,966,25,4,12807,75,1524,10,12,35,2720,4751,9286,2385,87,93,10,185,2274,911,665,286,577,762,2828,6191,166,954,957,3592,582,1211,66,683,27148,1174,1768,275,897,20987,16,1376,9,737,87,741,174,2860,29,663,713,270,6,3895,6346,76,352,151,47,78,437,327,2795,344,90,1052,71,30695,3359,18,155,24,1439,1059,5198,1261,13944,138,9,29,1537,4772,222,168,3988,38,2,1124,6467,22303,1,1367,86,52,2531,149,0,49,1,15,40,9853,23,67,521,316,1
TCGA-44-2666-01A-01R-A278-07,1513,2225,286,2811,527,179,35,4,3856,34,1315,4,18,18,1581,3814,5097,992,88,73,3,185,1512,654,438,247,215,688,1294,4930,229,417,483,1170,145,595,90,445,13736,469,1429,210,908,16926,25,956,11,920,15,387,163,2749,18,366,443,198,4,3650,3692,40,154,92,9,30,179,211,1758,197,70,217,21,16711,2540,3,94,24,1107,540,2977,775,11577,109,8,11,1276,2664,57,139,3548,31,7,843,2638,12168,2,989,55,50,2428,79,0,53,4,30,26,6279,14,45,314,145,1
TCGA-86-8668-01A-11R-2403-07,1116,2753,181,3323,1046,418,9,1,2051,26,1165,4,5,7,1337,1408,2344,2100,29,5,14,64,829,420,380,1053,184,321,446,2680,23,337,201,2550,440,3901,36,211,1883,96,758,329,733,4003,8,983,3,572,79,467,414,1836,33,302,834,45,3,2542,1882,3,62,21,10,29,64,201,628,18,106,242,703,158249,892,2,76,21,382,2669,20,785,7725,90,1,2,149,1771,27,173,2533,9,1,603,817,11060,0,2318,212,37,630,34,0,20,0,8,29,9401,3,42,62,91,1
TCGA-69-7978-01A-11R-2187-07,1752,4186,397,134,1207,821,8,34,1731,91,3295,57,1,9,2597,10222,12766,6919,30,13,1,181,653,2032,28,27,89,497,1116,3268,88,869,219,3719,683,111,5,201,18176,157,807,1039,893,5293,4,3090,6,353,143,1564,84,2095,4,618,1939,17,0,11190,4865,3,92,33,6,3,91,25,1200,87,47,261,9,1548,856,0,116,17,129,541,118,1813,617,111,16,3,383,4022,279,216,853,15,1,1836,488,11105,0,377,16,45,460,93,0,3,2,3,52,18404,1,65,166,201,1
TCGA-49-AAR2-01A-11R-A39D-07,223,316,47,4082,329,479,1,0,1730,21,97,1,3,3,764,285,887,1866,7,20,66,277,183,150,153,45,12,120,687,1624,18,546,125,546,123,135,29,43,7202,55,372,183,193,1120,10,693,1,45,521,521,18,264,103,163,289,6,0,1437,2874,44,34,70,4,17,50,59,20739,10,40,233,17,3242,329,2,21,1,51,240,83,421,383,90,1,0,406,2049,32,135,68,5,2,282,1143,9537,2,87,11,23,266,762,0,13,0,2,8,4756,5,98,36,179,1
TCGA-44-A4SS-01A-11R-A24X-07,515,1475,84,258,616,520,0,1,992,25,417,8,0,8,1148,9367,5083,3138,18,7,5,60,231,304,34,21,70,214,504,2842,29,450,82,2311,268,33,8,32,10452,112,230,540,246,2002,2,793,0,186,37,896,14,1054,6,315,710,11,0,2774,2493,0,75,29,2,3,25,59,1108,0,380,251,2,35,371,0,15,16,55,191,36,1571,342,27,1,0,523,724,14,100,122,8,1,455,558,1448,0,353,13,81,254,97,0,5,0,6,8,4770,2,60,24,43,1
TCGA-78-7146-01A-11R-2039-07,514,686,61,102,530,136,7,14,1565,10,75,11,1,5,587,4027,5332,879,10,8,0,21,98,568,84,13,32,195,259,2531,46,1198,37,688,75,195,5,63,16838,345,265,196,232,1980,0,765,3,56,217,772,225,1558,0,142,313,1,0,8628,6250,2,24,11,0,0,34,12,1705,39,33,53,2,10,290,0,42,4,24,917,39,641,232,37,0,3,138,6004,97,57,11,5,2,644,57,6086,0,53,4,14,44,17,2,0,0,6,40,4179,2,19,5,40,1
TCGA-44-3398-01A-01R-1107-07,4322,1891,294,8730,722,1156,118,126,6631,79,5500,46,25,118,7165,9105,15319,3206,176,207,51,410,3001,823,957,486,238,1025,1862,9497,259,476,228,3957,942,1879,183,359,9829,631,4720,875,1024,18984,66,2977,42,674,138,632,482,1365,64,1253,827,160,24,2566,4574,245,191,303,53,53,1263,1078,1567,410,1230,532,307,128853,1816,4,506,31,340,487,3824,2834,11452,304,50,156,3365,2729,2898,282,4916,65,13,834,18371,21007,13,983,77,34,1955,1534,18,46,9,24,90,21003,81,119,544,456,1
TCGA-64-5774-01A-01R-1628-07,255,633,51,11,138,359,2,0,597,19,710,4,0,2,589,339,651,1189,8,2,1,58,119,183,29,4,38,214,392,2277,18,711,94,1044,137,84,1,20,10373,131,92,93,130,2768,0,810,0,45,101,452,22,1013,1,202,470,374,0,4884,3403,69,37,15,0,0,73,6,3799,0,19,76,5,36,189,0,27,4,328,126,20,673,362,3395,0,6,713,7260,87,65,12,4,1,3173,105,1943,0,490,2,11,258,23,0,0,0,7,3,5210,0,23,11,82,1
TCGA-55-8616-01A-11R-2403-07,2136,1007,196,22,601,718,30,0,625,24,1130,18,3,22,2970,6232,5049,2231,53,4,0,50,2423,729,274,29,327,163,451,2762,33,837,57,3183,307,343,85,461,20063,2053,401,237,436,2580,22,643,4,360,334,247,33,1062,22,233,425,40,0,2475,4309,2,72,53,52,9,100,316,3175,20,46,1200,7,2096,1631,0,68,62,336,770,76,887,1816,34,56,0,208,7392,50,139,2538,14,0,621,807,6079,1,470,6,58,2899,560,0,240,0,3,7,3334,2,23,20,254,1
TCGA-55-7570-01A-11R-2039-07,382,639,69,60,968,417,1,0,399,9,99,4,0,9,1110,1068,1009,6635,9,7,9,4564,122,420,102,16,59,153,340,1845,29,533,118,1532,162,66,4,22,3021,32,205,100,99,4514,2,812,155,163,266,1058,0,379,5,178,313,1,33,1465,4808,24,22,408,7,4,76,78,4798,19,96,140,8,316,326,1,173,6,33,126,54,357,168,8,16,0,1461,12019,25,51,319,5,3,403,329,9436,3,531,13,38,402,79,0,7,0,3,61,4217,1,20,75,43,1
TCGA-38-7271-01A-11R-2039-07,2554,2348,183,1555,344,631,76,1,7326,79,1354,18,4,12,2589,1876,3326,8910,101,17,6,190,873,329,167,103,257,878,545,2850,186,255,298,4351,846,782,19,689,4473,246,614,552,1374,4949,7,1678,1,784,47,984,179,798,5,706,864,131,0,5441,1867,5,294,87,33,8,301,226,472,77,88,2240,398,125105,3194,12,126,82,181,682,203,2503,3964,110,5,0,325,1782,93,183,8449,36,0,1409,1346,5248,3,366,21,12,4166,44,1,15,0,16,24,10989,7,44,108,127,1
TCGA-55-7914-01A-11R-2170-07,514,4730,93,988,395,326,7,0,4173,34,455,4,6,1,790,1179,1872,2894,36,67,2,50,800,851,899,87,54,274,404,5731,55,736,865,1159,154,358,36,62,2384,982,472,272,499,3917,3,1096,4,102,87,1043,50,3041,12,309,435,14,8,2987,11403,27,176,68,20,10,92,66,3052,74,265,145,150,30389,1099,7,45,28,77,622,22,465,1617,39,1,3,916,3017,6,66,742,27,2,657,5320,10807,3,301,18,63,478,96,1,7,0,9,22,5934,6,15,56,79,1
TCGA-55-1595-01A-01R-0946-07,1994,2137,302,1308,1085,2191,13,5,2993,49,3766,35,8,7,2744,1929,3597,3240,70,114,3,159,1015,876,135,107,176,786,924,4132,66,1319,281,6054,654,92,36,162,14763,359,693,456,1272,4693,13,2825,3,320,263,1100,48,2142,29,652,1614,50,3,4285,5627,22,161,55,7,11,231,126,4092,76,113,480,197,20285,1290,4,389,34,352,690,177,1511,3741,166,3,9,1246,4686,59,210,1950,25,2,1071,2772,13666,0,1073,29,130,1073,223,2,14,1,18,23,12209,1,42,294,243,1
TCGA-49-6742-01A-11R-1858-07,757,651,91,1341,512,462,63,12,7982,20,274,8,1,10,1471,2235,4605,1302,28,11,23,115,750,391,381,171,60,201,439,2479,90,484,137,1061,424,893,45,149,27970,300,762,267,425,4041,14,697,18,72,426,649,78,607,24,193,420,15,14,2811,3366,38,78,42,5,37,99,81,1299,17,243,494,442,87364,1360,20,44,5,135,437,558,591,4268,65,5,9,467,2426,196,86,573,20,0,493,2863,8128,1,423,61,35,804,393,2,30,2,5,32,5237,7,50,69,248,1
TCGA-38-4630-01A-01R-1206-07,7956,1134,73,20,1700,2363,49,2,3779,209,756,1690,1,267,2130,1021,2499,15406,24,29,122,482,289,1076,118,121,44,336,881,12754,382,2238,10385,1048,3232,8,9,89,9475,55,215,308,141,1787,48,1703,166,25,1267,942,3,4583,44,924,901,4,110,3402,8516,1,1618,146,6,13,41,49,6529,25,116,4701,12,1,423,4,11597,16,29,2212,2,574,290,334,11,1190,3331,16526,43,174,10,10,3,1883,958,5207,1,6973,35,102,52,158,2,8,8,9,17,5332,1,41,43,62,1
TCGA-44-2661-01A-01R-1107-07,2353,2576,188,20838,828,871,50,14,6537,126,4014,20,14,17,4395,3042,5088,4178,76,112,43,214,3496,376,1202,151,161,382,1473,10263,156,365,267,3621,820,6519,35,442,4198,575,1388,1019,512,13508,52,1974,8,667,70,824,170,1304,15,448,870,134,43,2526,3237,58,67,260,19,19,265,669,556,36,494,240,419,510982,1699,3,172,80,763,218,618,1382,6058,222,53,42,889,2278,1766,116,5794,50,4,909,8043,9651,6,703,41,42,2287,145,9,23,1,19,43,13871,40,81,223,206,1
TCGA-55-1592-01A-01R-0946-07,3411,3351,587,10549,1499,1229,122,29,11454,123,4363,79,32,35,5224,5258,8271,4321,111,1462,252,423,4628,1639,1497,556,368,1188,1068,11847,362,1763,1124,4793,586,1491,90,477,25054,1035,4591,837,1849,8768,58,2527,23,492,1209,1732,226,4256,820,875,1552,123,34,7285,8221,178,192,583,49,51,457,371,3713,313,645,1294,957,183449,3105,34,320,45,715,1197,1251,1696,12558,382,21,60,2820,8270,547,248,7169,60,15,1151,9548,25025,26,2990,70,102,2834,1733,42,359,5,41,38,14474,28,243,529,654,1
TCGA-50-5932-01A-11R-1755-07,1453,839,169,801,2051,551,41,33,1499,42,1175,29,5,14,2584,4039,2457,1737,37,48,1,85,2062,229,329,50,210,429,371,6673,32,766,66,3302,325,385,13,324,19041,552,734,184,710,6766,8,1224,3,323,159,377,59,4580,13,461,472,47,0,2456,4711,10,37,23,33,2,225,228,4597,210,397,331,111,25655,7724,5,101,17,39,418,82,770,2066,169,2,2,436,3769,358,91,3462,2,0,498,3004,15888,3,285,9,23,1415,174,3,49,0,4,31,7766,1,107,192,64,1
TCGA-55-1594-01A-01R-0946-07,840,1071,290,745,671,330,39,8,2143,18,612,8,5,6,850,605,1481,1929,68,408,5,243,467,601,132,53,59,238,444,8420,41,561,161,1545,573,208,13,39,23292,427,1157,319,318,2238,29,1199,3,357,80,1306,21,1947,7,272,416,193,2,5133,5983,12,58,100,15,36,119,47,8939,77,140,175,68,20412,410,0,27,10,129,234,99,702,1205,227,12,418,746,4482,232,60,337,52,4,2849,1077,2942,3,1339,19,35,346,84,0,2,1,53,8,6192,1,26,73,81,1
TCGA-44-7661-01A-11R-2066-07,4862,5469,510,6120,1511,1531,262,70,12255,99,2448,18,30,34,3068,14635,46193,7195,118,80,21,282,4033,1344,285,213,455,1855,1567,7691,176,655,389,5034,664,646,154,481,21303,690,5848,1105,1155,10619,45,3958,27,811,137,1379,231,2811,71,1136,3180,107,476,13108,3648,110,290,91,32,27,489,385,1542,114,484,1446,327,69780,4008,5,468,52,450,1598,999,3811,10206,473,13,62,2425,3350,1376,538,4399,50,8,2783,9610,13055,5,1008,27,131,1497,774,12,60,2,31,33,22825,17,147,573,1246,1
TCGA-44-6147-01A-11R-1755-07,4057,2042,666,1150,1011,1202,59,2,4539,73,1849,18,6,10,4011,3768,7255,3098,167,26,8,137,1671,1254,146,165,322,1078,650,4249,80,611,687,4307,813,330,16,589,7457,1672,663,462,1443,3003,31,1574,37,1074,170,758,176,1174,62,853,1474,47,3,5497,3009,7,304,218,23,53,326,301,2860,16,134,3404,120,19470,3122,4,214,61,279,2435,190,2751,4767,157,217,3,282,3502,64,213,4551,8,0,1085,1162,10194,5,2794,15,40,1395,43,2,28,0,8,23,13000,12,34,116,115,1
TCGA-05-4384-01A-01R-1755-07,2387,2092,265,4088,1104,901,88,23,5606,50,1970,20,21,28,3163,4539,11000,2849,81,841,15,170,1446,689,344,280,378,736,687,6016,158,420,347,3594,484,1506,66,437,4277,432,2935,469,1841,5802,28,2123,15,511,392,799,232,1339,33,776,1051,289,15,3094,2372,89,134,308,34,21,306,815,510,245,440,492,769,78469,1920,23,301,47,199,752,411,1272,4940,386,13,27,1483,892,465,289,2891,42,6,1007,5503,11799,12,641,57,91,2514,473,21,71,3,12,794,9958,6,88,567,663,1
TCGA-44-6147-01A-11R-A278-07,2142,2669,541,553,990,246,83,1,2220,43,1689,14,17,13,2723,3646,5980,1630,141,20,0,203,1496,1246,85,142,182,1063,373,4922,117,425,365,1898,224,227,46,430,4820,1090,700,320,1739,3387,38,1431,29,1564,63,571,151,1937,33,628,1260,59,0,6580,2265,4,215,151,5,56,146,274,2542,14,105,875,34,10062,2901,3,207,48,305,1887,144,2154,6505,338,126,3,272,2722,28,173,4770,26,0,951,605,8916,3,2512,30,44,1666,18,5,42,0,14,50,9986,3,30,88,47,1
TCGA-80-5607-01A-31R-1949-07,702,932,108,1665,277,252,18,5,3604,37,934,14,9,7,4903,1702,2794,2477,66,283,14,72,1485,936,70,88,76,337,955,2683,209,124,212,953,368,427,27,116,7639,259,455,378,495,7762,11,835,8,151,39,341,84,694,25,275,377,30,10,3084,2798,19,67,22,36,20,151,197,1609,71,68,1506,477,39347,2155,4,132,18,676,229,45,871,3371,126,12,9,534,1701,81,80,1530,9,3,489,3215,11807,5,492,23,18,877,143,0,15,1,4,20,3798,2,41,134,176,1
TCGA-50-5072-01A-21R-1858-07,1636,1296,134,2201,815,773,68,2,10639,102,709,10,4,18,2130,4866,10196,2485,45,204,16,392,1127,773,163,376,113,650,629,2105,192,570,251,2973,424,1086,29,190,31294,220,1065,568,888,5679,22,1507,16,291,226,1209,168,1428,64,449,904,30,2,3923,5505,17,670,87,54,25,232,115,2381,75,455,1134,290,70236,1143,4,102,15,164,1349,871,1755,4120,198,16,9,481,3349,254,129,739,19,0,722,3445,8479,5,429,48,51,985,3220,3,35,1,8,40,8808,6,42,186,87,1
TCGA-05-4396-01A-21R-1858-07,395,565,98,54,420,198,2,1,1153,16,497,0,0,4,1137,630,1176,1391,25,15,79,225,427,233,24,79,79,238,550,4518,15,314,234,593,242,109,1,127,40278,482,102,106,698,1107,2,879,10,117,199,384,19,782,1,210,370,9,0,1212,4086,2,14,28,0,16,77,76,5010,73,18,113,24,571,475,4,70,1,24,305,17,583,200,342,1,1,141,2474,8,52,406,1,0,377,124,2831,0,242,8,14,480,37,0,6,0,3,6,5548,2,87,255,22,1
TCGA-67-3770-01A-01R-0946-07,856,1073,103,1125,425,228,11,4,1578,24,1135,12,6,8,1806,2843,2141,771,37,54,6,37,3050,399,952,70,58,166,293,7532,31,164,23,721,163,3871,414,90,3628,204,739,489,415,9116,1,498,3,246,104,363,326,864,5,182,176,59,0,718,2057,7,44,208,4,5,203,100,1436,64,299,246,1294,187354,690,1,100,13,370,630,108,697,7980,27,9,11,117,5959,347,41,1332,2,0,201,1579,7197,3,439,67,21,1439,56,5,44,0,1,82,4083,5,29,100,107,1
TCGA-73-4676-01A-01R-1755-07,1096,1601,148,1880,236,391,83,5,2249,40,1342,29,14,19,4399,9990,15840,1594,28,220,10,130,695,2870,246,85,119,647,1826,3683,84,1140,98,1903,177,362,37,199,14581,396,1134,452,1403,5302,15,1301,13,384,309,762,276,978,27,379,585,56,2,4502,2501,23,69,38,30,10,326,323,1437,229,296,1797,137,45088,2543,8,518,13,149,418,348,1879,4811,141,9,16,755,9081,650,121,1271,17,3,921,3196,9494,8,208,17,39,1144,330,11,15,1,5,134,8578,7,42,358,197,1
TCGA-50-5939-01A-11R-1628-07,1030,1502,169,1465,789,427,70,14,3046,31,772,19,1,9,1527,4983,8887,3649,21,42,3,94,660,183,71,71,127,390,426,2075,57,187,342,2354,278,323,42,187,7606,165,982,554,562,4721,12,1123,65,222,73,502,75,1216,23,251,792,34,5,6184,1662,16,86,24,6,9,95,167,608,20,306,618,159,33035,1219,1,100,29,125,441,632,1247,1766,129,5,5,615,1711,266,117,1028,9,2,629,2643,4672,5,306,16,17,579,390,2,29,3,6,19,8478,6,106,103,211,1
TCGA-91-6836-01A-21R-1858-07,686,584,38,29,133,211,0,0,1514,3,71,4,0,4,592,1249,969,776,3,1,1,54,159,721,7,4,29,423,409,1764,11,1330,68,381,92,31,4,11,21560,185,120,145,90,4905,0,788,0,36,679,261,59,1311,9,140,409,1,0,4668,3417,0,36,24,0,1,39,4,3807,8,10,28,21,82,2064,0,122,0,52,115,14,416,149,225,3,7,491,5536,143,62,3,4,3,307,78,2889,0,366,10,37,33,5,2,2,1,2,3,4816,0,10,64,32,1
TCGA-05-4434-01A-01R-1206-07,3780,4400,419,385,1231,1772,26,21,7831,115,2976,54,2,16,2638,10785,26276,8457,103,18,66,162,3108,567,530,93,314,974,3044,6495,217,1158,1009,6091,921,984,6,739,29411,574,1720,1438,738,10779,8,3072,48,1101,565,1360,106,3139,176,1016,1657,162,3,12506,7904,0,183,108,25,181,158,385,2777,315,243,592,83,19333,1860,13,870,72,413,2663,91,2307,2157,297,178,2,560,7137,203,405,5057,38,1,1482,762,9826,12,1934,14,80,2528,802,1,86,0,20,39,17663,5,100,544,241,1
TCGA-55-8621-01A-11R-2403-07,9203,4616,688,18725,1971,3620,192,60,16254,207,5230,164,122,119,5506,8516,30267,18231,178,1773,29,440,8426,2204,1416,343,1066,2249,1974,8495,280,381,3289,9421,1148,1973,284,1232,5243,1968,6355,1586,2607,10568,118,5914,182,1312,54,1325,593,3252,592,1147,3499,530,91,11473,2021,609,817,719,329,141,1140,1544,954,1131,2589,2614,2452,604205,4887,79,907,143,749,2103,3039,2983,12609,1291,164,250,3814,1723,3634,715,11797,83,40,2672,47998,25144,41,2444,107,209,7340,1660,132,168,21,33,162,26446,73,315,1791,2488,1
TCGA-05-4402-01A-01R-1206-07,1396,5545,237,20052,2318,1065,19,2,8787,89,4872,12,34,40,3843,6582,5751,3450,41,8,145,378,3419,2360,1191,294,194,438,1464,9812,89,925,323,4845,863,1487,330,419,26129,813,12615,556,542,6163,27,2025,1,417,589,2626,123,3159,95,503,1406,38,1,5327,8218,1,65,255,5,35,147,195,3635,26,160,327,82,7938,2137,3,437,22,620,360,51,902,11860,768,24,5,629,6128,497,135,3191,186,0,1493,2154,24652,5,1602,21,97,1323,3029,1,67,1,54,130,13105,29,75,92,123,1
TCGA-44-3917-01A-01R-A278-07,92,504,55,40,241,75,674,0,623,0,312,3,5,2,625,267,419,538,16,20,3,1427,125,349,82,135,9,261,175,6346,23,294,63,283,15,38,4,15,2762,90,319,256,210,2698,7,517,5,90,15,169,744,1398,2,121,205,0,0,1146,2238,0,35,23,7,12,54,26,2145,0,21,18,12,1060,314,0,10,4,193,61,17,390,1153,702,0,0,872,4577,14,51,64,11,0,553,96,2415,0,234,48,6,576,1,0,0,1,7,3,3971,0,7,16,0,1
TCGA-73-4677-01A-01R-1206-07,2715,2547,306,3540,2668,921,28,5,12502,81,2476,20,33,14,5161,15988,25289,5388,57,309,6,245,1685,329,503,538,545,1171,2698,15463,346,728,183,4804,659,26554,37,322,31497,323,3024,1604,4355,11433,12,2916,4,782,239,1973,133,2529,16,1008,1000,206,5,4272,4067,9,66,72,95,25,668,763,2202,477,164,3185,229,43581,5382,20,427,29,466,1903,276,3720,11253,159,12,6,499,5903,307,236,5079,42,1,1283,9354,20214,2,543,75,40,5559,152,8,17,2,11,156,14604,6,98,497,433,1
TCGA-67-3773-01A-01R-0946-07,802,2358,71,922,153,264,12,4,1561,28,1545,8,8,11,2690,3766,4037,1186,55,88,6,42,506,561,346,992,65,159,309,7630,35,183,66,1440,243,7706,22,78,981,705,588,264,612,14060,4,765,5,138,29,543,36,1169,13,301,268,26,4,705,4142,23,166,120,16,12,187,288,130,75,171,221,50,26822,1500,2,71,12,421,351,136,668,9505,50,5,7,304,447,136,57,1463,9,2,254,3788,5735,3,226,233,10,1233,121,5,4,2,9,23,5210,9,29,98,33,1
TCGA-91-6848-01A-11R-1949-07,2963,1955,242,17,571,279,1473,12,2153,39,494,26,0,7,674,1225,3708,1487,9,8,2,165,133,325,5,10,46,1916,287,1053,131,260,208,1503,179,11,5,9,5486,27,470,489,287,2356,5,2609,11,189,37,538,30,3655,4,1568,909,13,168,10515,1627,0,85,6,2,0,60,6,1336,6,14,108,0,74,280,0,77,25,35,393,84,857,178,766,16,38,441,1827,111,103,276,35,0,746,117,1334,5,504,10,16,122,8,0,2,0,42,7,9218,0,12,84,25,1
TCGA-50-6592-01A-11R-1755-07,456,1629,119,46,924,268,648,1,2798,26,710,3,1,1,1198,3528,2805,3183,32,24,44,271,421,596,493,27,48,300,748,1990,68,443,185,1998,202,14,1,21,30905,82,327,607,197,5281,0,1830,0,68,148,751,48,1470,1,344,714,7,2,5540,4454,4,12,48,2,5,74,13,991,31,54,114,2,44,228,1,316,8,50,708,61,1148,173,186,0,0,316,1470,121,86,47,7,4,682,411,3176,0,331,4,41,121,4098,0,4,0,2,4,8354,1,30,74,38,1
TCGA-86-7954-01A-11R-2187-07,920,3860,250,632,867,810,16,9,11872,108,4853,10,2,32,1255,2182,2697,6741,80,29,0,134,1343,1071,60,95,73,841,673,7148,42,1896,189,1670,506,185,32,156,30049,591,968,1066,769,8803,15,2074,6,289,158,1463,44,2937,12,505,1832,26,3,5787,6292,13,99,335,11,21,149,139,4743,37,322,227,119,19577,780,19,59,10,212,435,99,1604,1805,202,18,5,833,5535,144,214,1099,32,3,1420,1846,5214,3,494,13,72,573,183,0,10,0,22,12,13361,4,26,110,101,1
TCGA-55-6981-01A-11R-1949-07,340,622,60,339,304,520,8,6,621,25,450,8,1,6,740,1237,1521,1028,11,12,1,34,369,765,81,20,47,351,242,1744,17,445,74,1018,156,87,66,86,11226,277,484,96,304,3657,9,745,0,93,57,279,18,650,13,257,536,14,0,2288,1677,6,26,22,1,8,73,47,1234,22,109,225,25,4616,454,3,54,13,195,196,50,550,926,41,5,1,283,3370,137,83,496,4,1,316,877,2554,1,420,4,45,498,177,0,6,1,0,14,4665,2,23,114,132,1
TCGA-86-8054-01A-11R-2241-07,1075,804,105,1261,690,264,382,2,4829,27,1429,3,8,7,3175,1063,2698,1732,29,22,6,552,970,787,138,175,122,488,347,5547,71,1347,98,1545,319,689,42,80,18825,535,869,170,868,6298,56,1260,4,638,84,318,53,3133,18,391,617,84,3,6348,6158,48,166,38,1,7,1097,101,6040,103,30,392,104,17068,1384,0,297,17,141,422,99,980,6105,3760,3,294,2766,5570,67,124,908,13,4,1440,2487,2660,2,493,25,84,460,76,1,27,0,12,21,8661,5,30,146,259,1
TCGA-J2-A4AD-01A-11R-A24H-07,1538,711,318,910,1656,746,15,0,1348,15,1975,16,6,42,2116,4933,3522,34667,54,92,5,82,639,918,1088,549,181,294,803,5258,60,766,157,3764,346,221,41,311,21401,707,400,255,551,1451,36,825,8,335,845,982,90,687,75,471,529,48,1,6284,5383,30,169,83,1,13,128,328,2177,84,113,1162,60,18789,1419,9,180,30,228,379,101,551,2012,110,25,21,1111,4477,67,264,2132,10,5,524,2021,16775,4,1008,18,119,1086,3695,4,70,1,2,67,4668,10,40,186,143,1
TCGA-62-A46P-01A-11R-A24H-07,217,295,60,183,197,599,0,0,5044,16,219,4,0,1,1530,517,1057,1592,39,4,2,45,238,165,238,135,48,222,492,2115,21,497,59,461,348,250,1,44,20581,886,400,104,498,1881,0,989,0,60,164,184,12,401,0,464,394,4,0,1894,3965,3,13,51,10,9,211,117,6299,238,76,276,9,10294,630,5,58,4,82,359,19,597,647,14,3,0,148,4082,81,219,503,5,0,379,564,3887,0,106,3,15,900,35,1,4,0,0,7,4822,0,49,109,34,1
TCGA-86-7955-01A-11R-2187-07,221,265,392,128,814,197,3,0,1630,15,193,3,2,3,585,3266,1493,748,8,7,2,19,162,522,240,146,37,172,480,11089,10,1624,69,792,92,125,7,20,24893,268,222,55,184,3618,1,621,2,39,1284,789,6,3523,21,116,532,4,781,927,5704,1,45,9,0,5,62,51,7738,44,24,100,5,1407,365,0,20,5,102,172,24,885,481,303,2,1,432,18989,31,368,118,5,0,350,507,7212,0,419,17,68,169,263,0,9,0,4,8,3256,0,7,34,56,1
TCGA-50-6590-01A-12R-1858-07,771,1960,90,22,1634,515,90,39,1028,27,358,6,0,4,597,8409,16527,2734,9,2,1,68,202,50,8,1,13,226,393,1227,22,403,316,901,132,10,0,33,8352,24,355,664,152,3261,0,1019,143,24,40,854,2,1967,20,146,639,10,0,5947,3339,1,20,9,1,2,16,2,1395,0,11,98,3,99,183,0,40,11,82,255,31,462,47,13,16,0,232,1105,20,52,57,5,1,652,97,1147,2,607,4,16,115,17,0,45,0,2,6,7148,0,18,28,11,1
TCGA-97-8179-01A-11R-2287-07,2717,2200,413,3253,1403,1557,148,20,2787,59,1459,53,14,34,4190,5943,10047,4328,126,216,5,259,2043,1126,374,184,236,993,749,4807,93,1053,473,5876,500,4210,58,655,12753,475,1359,560,1702,5994,68,3496,19,917,292,667,184,1580,58,714,1838,141,7,5266,5468,126,279,199,46,22,484,880,8461,569,624,1011,220,54608,2308,12,309,31,132,1557,459,1831,5469,289,13,66,1791,8280,681,243,3732,21,15,1442,8297,19293,1,973,25,72,2940,594,9,25,2,3,211,18638,11,119,700,854,1
TCGA-91-A4BD-01A-11R-A24H-07,848,832,54,1369,284,491,18,1,3489,45,602,4,7,11,2567,1955,2785,1584,19,46,6,96,768,374,422,88,40,276,502,2801,27,252,163,470,138,5580,54,97,2263,571,902,203,348,7898,5,900,24,129,49,337,36,566,40,279,289,17,2,814,2558,70,297,134,33,26,144,45,497,222,211,269,132,65295,3082,3,122,3,374,278,262,263,2447,68,81,10,554,416,1448,99,1210,18,4,336,4938,10118,3,182,16,6,726,128,1,21,1,6,14,4613,11,93,224,116,1
TCGA-78-7162-01A-21R-2066-07,6826,6692,623,32954,2511,3813,54,7,41185,134,4628,10,159,90,5884,16593,47922,19999,147,2544,87,730,10961,2958,1875,881,933,2589,1852,14557,936,510,1685,10417,1629,2465,250,1226,14888,1591,4957,1173,9125,30634,215,7756,142,1942,91,1993,1282,4495,168,2350,2732,397,111,14327,2944,441,410,630,365,136,939,1716,3687,1873,67,3213,2417,477097,5866,148,1394,95,805,3175,149,5001,32411,1058,73,205,4102,3621,19,464,13653,123,15,2852,47369,49932,25,1854,216,219,8015,3020,124,204,19,33,563,37780,72,427,1603,988,1
TCGA-50-5931-01A-11R-1755-07,862,659,75,20,352,378,7,0,773,19,334,4,0,73,616,1032,1664,336,18,9,0,236,44,312,10,22,19,184,258,2296,118,692,301,1114,267,12,3,44,2399,41,191,49,297,567,28,695,192,59,129,507,6761,407,13,199,360,10,7,1326,2219,1,24,39,2,1,85,10,2890,10,37,141,1,59,153,4,33,4,44,185,39,419,117,665,13,6,217,2221,4,69,409,23,1,297,453,3571,0,454,6,16,174,12,1,8,11,28,5,3196,0,4,29,20,1
TCGA-78-8662-01A-11R-2403-07,1387,352,43,310,491,296,2,1,2157,12,259,15,3,1,1413,1625,2068,548,21,27,1,376,16824,457,1231,26,38,149,213,1200,14,1001,50,719,128,87,515,32,17971,1370,298,537,406,970,23,757,1,206,331,100,25,1424,9,209,260,5,0,823,4781,6,37,25,3,7,112,162,1835,105,139,63,32,11677,680,3,26,7,35,210,202,307,1732,20,4,4,530,10933,81,85,315,2,0,191,1800,7854,1,82,6,50,235,332,2,567,0,4,80,3117,2,36,111,44,1
TCGA-75-5125-01A-01R-1755-07,303,1460,134,144,561,292,0,2,3045,33,584,3,3,12,1316,2162,1825,2222,13,18,2,77,223,745,111,48,73,2407,464,2322,36,659,112,950,193,347,3,24,12799,156,418,663,325,3305,3,1264,0,221,104,790,25,693,9,256,720,0,0,2211,2191,1,44,32,3,6,44,9,1055,16,46,149,36,509,315,4,37,3,88,206,13,617,595,19,1,0,272,3335,125,94,82,10,0,578,434,5451,1,167,8,23,264,70,8,0,0,6,8,6918,1,17,58,58,1
TCGA-55-8512-01A-11R-2403-07,3579,1589,299,7230,1317,1576,62,11,29094,66,2816,27,65,22,1901,2724,6088,2410,145,155,42,122,3879,786,632,329,220,637,1203,6416,153,475,602,2799,556,2422,27,597,6402,1048,1240,793,1094,5770,53,1838,123,1133,54,699,148,1135,165,593,825,100,2,3458,2283,93,575,485,57,54,292,200,2113,290,440,1764,1150,236285,2799,61,371,82,509,1033,901,940,7709,321,445,24,1072,1101,217,347,5656,21,4,1072,9221,10682,24,1628,73,119,893,781,15,117,2,11,135,6473,64,60,593,243,1
TCGA-73-A9RS-01A-11R-A41B-07,126,161,33,61,218,176,1,0,751,8,128,3,0,0,1282,860,368,412,1,3,0,24,68,97,12,28,8,110,83,1099,7,558,19,294,48,66,1,13,8893,5,86,68,243,740,0,305,0,25,78,204,0,674,5,73,152,0,0,674,1801,0,49,18,1,12,45,9,4446,20,10,196,15,1142,211,0,9,10,12,164,4,342,90,12,0,0,287,3850,2,50,120,0,0,184,218,1484,0,68,6,35,56,105,0,3,0,1,6,2080,0,2,10,21,1
TCGA-69-7764-01A-11R-2170-07,1176,2460,148,1289,1049,440,5,0,8503,19,284,0,19,9,1763,2585,2932,1727,65,59,6,70,3245,717,87,134,147,289,431,3257,48,550,58,1699,262,843,122,62,12001,1450,767,132,468,1822,7,657,2,400,110,755,58,1032,7,228,346,72,3,2184,2889,15,73,788,21,1,120,79,4059,102,19,381,67,12083,1509,4,83,6,83,435,30,775,8361,158,0,5,347,3786,6,71,1481,11,6,458,1886,8395,0,339,18,131,1754,65,2,13,0,4,84,5320,0,39,141,66,1
TCGA-L9-A5IP-01A-21R-A39D-07,446,698,119,2,656,465,0,1,285,5,275,5,0,2,617,2104,3353,2892,2,4,6,49,106,128,20,20,6,337,304,1869,26,643,99,525,160,0,0,18,29122,62,25584,428,416,14543,0,1102,218,32,336,543,15,1221,12,186,723,55,0,4852,4622,0,1037,11,2,7,45,22,1470,3,35,59,4,26,1266,1,22,7,48,524,131,1109,2,1149,35,3,89,4043,42,218,3,0,1,454,122,5121,0,150,7,90,120,686,0,2,0,2,11,6183,0,124,13,16,1
TCGA-55-6987-01A-11R-1949-07,1822,3057,298,3296,675,1035,49,4,10608,69,2335,11,9,21,4444,3889,6830,10115,110,40,28,307,2554,916,235,342,299,1248,1145,5519,188,1291,1047,3160,638,1374,55,247,14218,292,2923,1715,1116,14657,31,3875,16,519,521,1207,98,1388,28,1077,1691,64,14,8585,4913,36,551,81,22,21,378,251,3552,226,134,1168,376,59610,1402,8,449,15,477,843,133,2232,7922,540,21,29,936,6235,364,272,2687,53,6,1621,3546,9360,6,857,49,51,1558,608,2,49,1,27,59,24400,4,96,349,217,1
TCGA-38-A44F-01A-11R-A24H-07,4094,1462,407,19567,1132,2046,62,31,5283,80,5037,20,14,36,4606,9979,11051,5350,211,403,131,172,2741,719,413,361,238,740,999,4768,133,276,2313,3418,1020,727,125,799,6621,929,1457,596,1150,3272,47,2412,41,569,74,814,154,927,105,1016,1840,103,2,3191,2700,80,719,334,109,712,410,392,929,405,417,1467,216,84025,2123,29,541,57,459,814,1253,1271,4657,225,163,37,1340,444,653,423,5854,57,4,1464,9897,11396,6,934,31,58,3396,1235,7,71,2,21,45,10923,18,212,759,227,1
TCGA-NJ-A4YI-01A-11R-A262-07,654,2237,67,735,555,806,164,10,1463,121,209,41,2,6,945,793,1480,1096,8,15,2,105,394,593,250,50,68,112,772,4472,9,634,90,1596,172,150,16,12,2602,595,255,331,145,1666,3,3972,2,102,145,494,34,962,29,145,546,0,0,1087,2747,16,41,128,4,10,44,38,544,3,1150,62,19,1429,5452,0,5,2,308,234,1179,194,10012,16,2,4,214,3155,2330,50,1385,18,2,213,1974,10418,0,225,10,11,502,175,3,157,0,3,12,5582,1,8,47,66,1
TCGA-62-8398-01A-11R-2326-07,505,1753,348,32,471,290,2,0,2784,11,1115,5,1,3,965,1995,2003,7903,26,4,1,108,562,401,130,45,50,276,445,4642,48,778,1693,2068,456,122,24,38,15870,70,666,349,2644,2506,10,1571,1,214,198,494,33,2281,3,212,967,8,0,3623,4197,0,448,32,2,4,20,27,25580,29,196,142,9,60,1421,1,163,5,106,280,93,1168,1294,54,2,0,560,5423,156,143,135,11,0,1022,460,4401,0,470,8,38,350,98,0,6,0,8,9,7295,0,109,81,124,1
TCGA-55-6978-01A-11R-1949-07,2131,3872,310,166,1640,1699,108,2,3428,85,4083,23,5,11,2416,15127,21275,5873,44,27,0,291,1433,1379,25,38,277,769,1240,3719,122,564,141,5137,730,126,7,52,19863,451,416,1337,672,3897,7,3483,5,277,55,1503,24,3088,13,690,1898,1,11,13000,3647,1,147,51,3,8,156,4,2405,21,33,356,9,847,3325,1,95,30,369,455,71,1790,979,84,9,3,2125,1839,108,167,337,31,0,1963,413,3041,0,872,6,77,732,33,0,8,0,26,8,15526,0,89,223,48,1
TCGA-93-A4JP-01A-11R-A24X-07,17552,5453,1216,31515,4294,4094,522,129,16641,246,13050,198,181,307,9224,15677,55996,23589,574,1059,95,1208,20485,4361,1892,1432,2377,2546,2537,11862,532,692,3629,21664,1278,2087,571,2539,9416,4771,13322,2308,4538,17956,364,4565,261,5267,160,1472,2011,6726,718,2426,3912,1684,200,21098,2445,1032,1757,1328,490,199,1009,4643,4413,1168,1102,3107,2953,540006,9723,141,1805,429,1633,2270,3397,4471,19189,3716,144,612,17375,2750,2426,1054,24314,60,88,5033,76336,38160,49,4836,119,755,13766,6430,33,307,34,32,411,29004,109,355,1291,1707,1
TCGA-75-6214-01A-41R-1949-07,1602,723,46,20,1272,276,392,4,678,7,389,8,1,0,927,13613,22959,1385,11,18,0,28,2107,245,328,10,6,159,346,3388,78,808,2802,455,187,9,3,25,20401,90,208,318,116,1012,3,831,223,21,825,417,18,1443,629,269,449,13,0,5345,8690,7,6,14,0,2,30,7,1530,5,175,71,19,108,302,3,63,1,783,135,76,382,8,56,59,0,657,4177,33,108,14,55,2,1573,245,11821,7,197,6,52,152,2253,0,450,0,32,14,3984,1,186,34,28,1
TCGA-S2-AA1A-01A-12R-A39D-07,2079,1554,216,25925,674,976,3,0,1024,39,1974,7,3,4,3527,1691,3442,4964,54,7,97,110,834,302,234,308,65,667,821,2216,44,429,644,4166,631,104,24,477,19471,588,981,274,489,1336,9,1623,5,493,36,659,40,888,5,767,874,28,140,4218,1505,4,123,270,119,820,271,107,3810,104,973,549,12,338,1457,17,460,40,136,503,297,1551,769,74,7,0,368,2294,12,245,2470,15,0,1042,1590,3281,2,713,9,45,1973,376,0,28,0,11,23,10867,12,110,355,44,1
TCGA-44-6774-01A-21R-1858-07,1326,1483,118,49,652,1157,5,0,344,13,1251,13,0,9,581,1311,1726,1089,22,163,1,123,159,286,95,8,59,694,596,1159,41,223,104,3408,370,8,6,29,4940,143,263,206,443,1208,13,1403,0,274,34,479,5,1079,14,506,1001,29,14,4493,1795,3,18,11,4,1,74,1,1049,11,10,139,3,108,517,0,24,42,58,386,53,910,144,152,3,64,268,2530,88,109,121,7,0,1134,60,1814,1,853,5,9,1003,6,0,1,0,4,29,8573,0,16,86,68,1
TCGA-55-6982-01A-11R-1949-07,368,822,65,8,300,485,23,1,1153,19,822,35,2,11,537,1990,2150,732,5,2,1,58,1659,312,35,19,58,94,635,2284,27,250,576,2461,306,30,5,49,17374,223,287,239,119,19744,2,638,1,100,52,615,71,994,3,215,477,4,0,2660,2993,0,27,17,1,3,11,5,643,1,120,77,2,124,290,1,96,30,79,511,105,224,1129,102,12,6,126,2517,203,47,119,4,1,179,197,5528,0,356,1,42,249,18,1,35,0,4,14,3420,0,31,25,9,1
TCGA-05-5423-01A-01R-1628-07,1022,1727,136,2233,308,276,41,11,8557,89,1486,43,12,17,1884,3489,2244,1661,24,111,4,127,6579,278,926,207,69,305,526,8657,57,261,103,931,213,809,415,144,5200,326,1038,568,217,14195,9,846,1,175,100,620,72,1007,26,250,498,67,3,1358,1533,25,50,464,20,10,212,194,899,33,460,461,70,34327,663,2,112,12,424,718,385,563,10708,81,11,6,457,2151,2279,65,2015,12,1,323,3978,12419,3,235,76,8,738,122,0,75,2,8,130,4805,10,28,83,80,1
TCGA-55-A57B-01A-12R-A39D-07,4628,4131,455,1560,3212,1163,74,12,2803,69,820,36,17,74,6822,5037,10560,5865,141,390,7,214,1843,2121,1177,220,553,983,1467,6909,322,597,621,6985,960,973,450,1034,6271,1540,1429,716,1703,5643,47,3187,25,1862,263,713,327,2788,270,652,1980,426,18,7795,4182,123,496,356,57,176,488,769,1661,332,220,1337,148,66447,4083,13,416,78,965,901,615,2102,4730,586,39,131,1777,3635,290,567,5999,23,2,2048,9452,17263,6,1110,23,220,3521,1084,19,44,11,15,63,17278,10,203,953,1839,1
TCGA-L9-A443-01A-12R-A24H-07,1382,1306,189,126,815,1675,7,2,1177,125,967,32,11,2,1840,1787,1563,854,41,11,2,68,193,862,178,53,55,332,446,2812,57,732,78,1723,314,580,22,195,13977,658,213,164,459,3351,2,970,16,206,240,559,29,783,22,582,645,1,0,2411,9979,0,115,89,4,6,131,71,905,10,60,349,3,600,808,0,163,16,263,371,74,968,92,277,61,0,192,3315,28,134,981,11,0,368,251,10451,1,227,10,75,1359,18,35,5,0,3,2,5376,10,36,62,46,1
TCGA-05-4430-01A-02R-1206-07,3416,3138,317,4528,1139,1907,53,18,20504,93,4538,20,17,63,4715,5721,8834,5126,123,91,30,282,3403,1394,777,227,587,1045,1768,8400,173,648,476,5838,1039,574,95,528,25093,935,2470,777,1649,8482,26,3799,30,874,325,847,229,1923,292,1073,1754,86,14,5276,5068,107,225,190,47,26,555,679,4364,173,285,1026,459,119399,2830,4,298,66,533,1210,317,2931,11289,205,55,34,1146,9586,873,289,5493,29,5,1877,13192,23569,15,1886,33,21,2626,464,12,400,3,19,34,20795,36,73,296,528,1
TCGA-55-A4DG-01A-11R-A24H-07,2249,1009,171,1174,843,339,32,2,3478,34,624,9,3,33,2388,3380,4005,2222,85,6,10,51,884,662,532,247,385,226,428,4911,149,788,270,2003,266,819,12,185,7318,1951,1147,230,500,6443,57,546,2,712,82,353,108,1687,11,213,301,37,6,2384,6820,17,227,230,16,7,49,253,1214,27,121,319,273,71233,2982,2,24,90,264,430,87,539,11259,55,2,12,441,3164,23,94,3254,10,5,480,3976,9198,0,312,35,142,2281,179,0,19,0,6,44,4191,4,42,66,46,1
TCGA-55-8506-01A-11R-2403-07,157,635,60,30,578,407,1,0,12439,13,78,4,3,0,541,3534,2854,785,0,2,1,27,543,1717,230,10,31,179,525,5228,11,939,33,753,121,1287,10,9,15802,300,266,208,105,8485,1,700,4,17,1333,232,1,191,243,113,416,0,0,1187,4009,0,45,47,0,2,31,3,534,11,114,56,2,57,362,2,13,3,156,89,22,418,5137,11,5,0,284,11813,113,124,7,3,0,1047,143,6225,0,103,0,7,88,61,5,1,0,4,15,4039,0,27,52,8,1
TCGA-05-5428-01A-01R-1628-07,450,331,46,242,180,109,0,1,214,12,765,0,3,8,1166,4728,1827,246,24,9,2,25,60,248,956,10,27,115,238,2775,22,216,21,281,64,87,6,14,2745,98,658,111,162,7207,0,497,2,46,342,322,16,769,3,132,176,8,1,412,1927,11,14,36,4,2,62,51,331,18,16,44,6,4963,1210,0,29,1,22,52,74,283,845,33,0,0,367,2365,217,37,502,7,0,184,513,5595,0,104,7,4,253,58,5,22,1,4,49,2888,2,15,27,59,1
TCGA-44-7672-01A-11R-2066-07,1046,2635,213,303,835,1299,18,6,3407,96,1758,36,0,6,1938,3275,4812,7745,26,14,2,123,497,550,70,45,107,669,1108,4071,91,642,506,3751,1006,234,28,87,23218,504,509,841,698,3461,5,2888,7,262,148,1144,27,1432,15,669,1908,15,0,8025,3810,1,106,38,4,15,175,53,3037,66,617,591,21,3287,643,1,93,39,212,968,28,1507,1179,164,30,0,343,4423,647,200,980,29,0,1621,966,20763,1,939,11,18,683,125,0,7,0,18,14,17215,3,51,159,98,1
TCGA-64-5781-01A-01R-1628-07,621,349,44,5,363,569,58,0,400,5,478,10,0,1,780,4030,3587,1320,20,2,2,46,179,238,39,1,42,100,648,1213,41,403,33,1397,164,20,5,8,14038,54,79,237,143,7110,22,505,1,23,217,152,2,720,12,309,240,8,2,1868,2173,0,88,7,2,0,17,4,350,2,122,36,22,27,264,0,14,19,35,115,101,835,10,12,12,1,162,3000,14,79,42,5,0,201,69,2337,0,219,1,2,197,23,0,1,0,4,23,3135,0,50,24,8,1
TCGA-05-4422-01A-01R-1206-07,503,1895,150,12410,1087,576,7,13,1677,39,604,4,14,16,1405,743,1426,5858,154,13,189,729,17364,454,232,952,15,274,2722,9006,13,1344,1565,455,505,395,29,67,28922,1120,232,614,363,5698,52,1150,96,319,449,1588,158,2065,16,269,869,65,0,3166,9598,0,97,80,0,523,158,91,16274,15,88,239,9,668,925,5,39,2,190,228,15,893,2854,293,5,0,638,9430,8,96,646,20,2,982,495,20952,4,305,246,220,468,78,0,11,0,10,910,9155,90,125,59,81,1
TCGA-44-2656-01A-02R-0946-07,2606,4413,273,4559,1374,1052,44,18,10742,114,2168,66,14,39,4888,6539,9817,6840,103,389,17,190,2716,1946,618,190,276,1962,1081,9820,101,939,816,4978,695,951,89,452,24990,1353,1732,1447,1040,22481,42,3519,28,611,260,2411,162,4103,55,999,2112,87,13,6372,11755,93,339,154,23,14,629,739,5248,524,1125,1211,383,115548,4183,25,253,51,434,888,1030,2538,7116,329,24,36,1552,10655,990,166,4874,36,4,1581,8510,19001,4,735,45,114,2399,299,20,28,6,16,72,21649,26,71,531,352,1
TCGA-78-7535-01A-11R-2066-07,633,1223,117,69,441,648,1,27,900,11,187,12,1,9,1069,9105,3756,579,9,3,0,71,1113,527,579,4,62,161,1831,2645,23,611,167,1111,151,17385,6,41,27258,653,147,392,192,11548,0,1721,0,47,3173,937,2,647,12,327,1142,7,0,1672,4618,3,31,64,14,9,106,6,1967,5,38,82,5,724,2241,0,21,3,298,336,36,498,8305,38,2,0,389,6480,25,259,122,23,0,595,545,38459,0,409,2,34,208,77,0,30,0,27,82,7564,0,117,33,96,1
TCGA-86-8358-01A-11R-2326-07,682,493,77,2970,179,241,11,1,659,57,442,0,1,17,481,537,1218,804,65,9,0,447,257,144,13,16,38,182,215,1715,105,534,146,886,388,22,5,28,6124,41,497,175,242,884,25,777,6,62,124,324,214,490,7,157,321,26,14,2654,1757,8,96,59,3,5,19,44,1387,68,41,263,5,2289,311,11,268,6,37,178,24,482,144,98,16,129,1898,3018,47,49,233,12,1,542,333,3645,6,2323,9,24,96,42,3,2,0,5,2,3298,1,20,83,77,1
TCGA-62-8402-01A-11R-2326-07,136,942,39,14,2239,194,1,1,1930,8,410,0,0,2,729,482,531,4129,6,29,3,57,572,310,57,32,5,80,199,2246,8,559,76,307,403,0,0,19,38416,369,170,569,292,2058,0,785,2,8,62,798,9,1699,2,166,515,17,4,2596,4302,3,137,243,3,15,6,11,6118,4,28,92,2,101,81,0,81,4,98,97,13,483,41,96,0,164,397,2904,15,49,66,9,0,2377,349,1900,2,33,6,60,42,12,0,0,0,0,1,3488,2,3,6,9,1
TCGA-MP-A4T7-01A-11R-A24X-07,1718,1396,197,6719,982,1034,28,13,10910,67,1483,27,27,24,4203,3637,11478,5308,72,31,26,97,3905,1024,585,362,186,492,803,4292,81,799,537,2149,472,1776,165,373,14146,1129,1460,770,818,7504,43,1558,35,428,250,738,158,1757,102,802,816,126,2,3058,3822,96,200,223,20,79,178,241,15445,203,237,756,756,241351,3625,5,365,15,248,761,545,983,8756,358,19,22,2565,2888,462,379,1967,68,3,2420,11946,11383,3,543,36,138,1491,409,15,136,6,29,67,8047,29,135,312,431,1
TCGA-50-8460-01A-11R-2326-07,1772,2437,157,2452,562,863,16,7,32564,94,1396,4,4,16,2771,1462,3167,4644,52,239,7,90,684,270,146,751,242,769,650,5077,86,634,409,2902,665,4598,17,442,3353,289,3117,265,1259,4449,7,2003,5,298,180,561,40,696,20,511,903,80,17,2942,2651,29,109,145,53,10,316,323,1370,200,160,742,192,96270,7224,25,171,39,409,642,110,5315,8318,100,13,4,286,659,479,233,4401,6,1,931,3938,7464,0,331,21,20,1660,117,4,6,0,5,22,11508,5,64,360,152,1
TCGA-69-8253-01A-11R-2287-07,3305,1866,299,2933,1559,1271,43,8,5994,74,563,26,27,45,6363,5780,12430,3958,44,2146,15,189,1813,684,447,173,318,1447,1846,7296,170,1351,316,3055,744,6833,71,548,25926,687,1606,490,2050,8772,27,3436,22,600,422,1212,235,1739,63,1322,1203,330,8,5302,4552,113,256,169,205,27,701,501,2526,350,206,3754,157,48895,5153,57,389,49,412,983,569,3223,2788,308,24,54,1331,6172,363,398,3173,26,5,3454,11389,18359,7,682,7,58,2601,724,32,82,9,7,40,16699,23,205,669,1162,1
TCGA-49-6761-01A-31R-1949-07,907,992,44,425,308,924,0,0,1535,26,186,8,2,1,759,1624,1790,1358,11,22,4,54,275,1119,60,23,42,253,305,1033,44,750,62,557,116,153,6,37,6615,348,164,226,164,2291,9,818,3,51,141,329,40,117,5,211,286,10,562,4091,2606,6,51,19,14,6,47,40,625,29,17,149,64,14356,213,5,89,7,57,132,49,481,648,20,2,1,209,5023,83,67,232,11,1,555,878,2512,0,114,7,3,984,147,2,10,0,6,1,3463,3,23,56,66,1
TCGA-L9-A444-01A-21R-A24H-07,504,1580,154,4,298,506,1,0,2461,19,973,7,5,7,1349,844,1315,3844,18,7,0,56,561,963,366,2,55,354,392,2468,16,615,270,1251,256,146,2,40,3772,1084,453,521,332,3906,1,1107,0,78,177,502,15,756,2,320,675,17,0,2207,2411,0,82,26,2,1,47,130,2002,36,33,109,1,27,805,0,77,31,124,652,51,811,1417,19,4,0,206,3135,27,148,538,16,0,596,261,3018,0,119,8,46,214,38,0,0,0,7,13,7361,1,30,26,15,1
TCGA-55-7227-01A-11R-2039-07,796,2734,196,505,831,696,25,4,4064,56,1825,31,3,14,1857,2958,2895,2656,45,12,6,90,1118,502,369,71,91,442,1090,2995,51,273,205,2983,554,234,17,290,9417,483,708,545,348,4832,10,1261,1,313,90,617,25,1143,3,489,999,5,2,2726,3204,0,26,21,6,9,129,42,656,15,272,217,14,5572,2067,1,58,12,68,351,33,786,3080,62,6,0,274,1494,227,123,1947,19,0,627,479,16825,1,673,10,99,1098,44,0,10,0,4,18,7002,0,46,112,31,1
TCGA-44-7669-01A-21R-2066-07,1859,2425,254,4113,1042,824,108,6,9564,52,2051,10,49,23,2620,3472,8771,4467,52,185,35,1524,3577,1843,371,535,125,887,667,5960,253,1075,367,2868,777,630,127,403,12391,548,3417,1147,1186,9284,101,2832,20,652,35,947,2972,3223,36,550,1520,121,8,10895,3817,28,220,212,26,22,281,372,5634,129,134,1922,494,74154,2836,3,349,44,304,1068,377,2855,11456,1212,17,163,2332,6247,97,194,2361,38,4,3173,6803,13769,13,3995,55,148,1046,702,4,53,2,23,91,18496,37,61,334,963,1
TCGA-75-7031-01A-11R-1949-07,245,366,42,855,180,146,10,5,2528,8,373,3,4,2,3391,878,1199,1767,9,42,3,99,443,444,75,60,39,97,157,2195,44,236,77,496,111,355,20,49,24657,123,322,241,164,2442,18,498,6,132,32,315,85,612,13,108,199,8,6,1912,3081,15,55,63,16,10,77,62,9140,37,47,253,160,36809,779,1,37,3,106,279,48,330,1200,120,4,2,351,4961,56,32,273,2,0,937,2135,7874,3,132,10,28,392,65,1,9,1,3,22,2357,5,29,48,39,1
TCGA-78-7143-01A-11R-2039-07,1295,1451,114,287,1148,476,24,6,5119,44,485,13,2,7,1105,2887,2697,2291,26,10,3,46,821,983,368,114,110,176,855,3732,67,680,159,1511,170,389,295,357,19105,622,738,327,214,7321,3,748,0,310,140,972,116,742,4,224,623,131,0,2378,3779,1,41,48,11,7,77,175,1316,10,203,86,53,18477,1444,2,98,19,669,429,75,498,1569,51,38,1,474,3163,338,124,2014,19,2,553,325,17336,3,300,18,82,1092,207,18,7,0,4,48,4697,0,76,122,100,1
TCGA-55-8092-01A-11R-2241-07,532,1099,226,31,1927,531,2,3,1067,15,3258,3,0,11,2279,3411,3146,3993,48,11,73,165,836,451,167,452,86,180,780,5044,49,813,482,3529,464,28,5,56,27728,24,716,516,333,3828,10,1392,0,198,564,751,54,956,13,550,579,34,0,6297,5560,0,260,16,2,7,98,59,8361,32,196,257,3,205,1612,1,110,27,145,259,75,673,141,11,5,0,500,4629,17,178,1363,25,1,794,396,5762,0,392,58,40,308,205,0,4,0,16,10,10913,1,114,52,114,1
TCGA-49-4507-01A-01R-1206-07,558,564,79,17,451,790,0,25,1179,34,229,59,0,1,928,6297,15899,5565,11,13,2,42,322,76,25,57,59,193,883,999,112,1128,61,812,128,10,1,41,17497,25,225,608,345,6132,0,1183,9,12,498,556,21,753,11,408,381,2,1,3735,4619,0,301,36,3,13,112,24,3172,2,131,59,168,1264,1765,45,16,11,53,307,33,1272,46,94,35,0,344,6910,20,166,15,6,1,249,572,13975,2,112,4,7,215,66,0,2,0,2,20,7436,0,234,14,39,1
TCGA-73-4666-01A-01R-1206-07,643,1535,102,1137,1383,447,10,21,5493,62,585,7,4,9,2005,18760,59255,5866,31,50,4,78,857,595,133,90,48,432,3741,4660,32,1153,106,1142,266,170,47,115,34727,212,948,1681,569,12952,9,1829,5,148,238,755,303,1289,28,358,849,29,2,4050,3578,7,132,24,3,3,99,126,2641,101,47,590,128,28570,1298,3,405,18,111,241,48,1547,1508,99,8,5,620,7710,76,125,517,5,0,1099,2465,14422,1,194,11,26,285,639,0,2,0,4,61,11285,7,52,212,100,1
TCGA-91-8499-01A-11R-2403-07,1167,349,63,128,150,1195,780,2,529,20,947,0,0,441,1276,704,1310,1513,21,54,0,385,820,200,93,28,9,209,175,2392,168,252,263,422,84,66,20,8,4899,166,1523,282,188,1856,14,1017,11,25,358,238,3731,316,1,185,281,2,3,4281,2042,8,16,38,4,3,96,67,3313,85,18,123,2,1755,343,4,307,2,18,198,63,803,931,125,2,3,322,3694,47,79,157,4,0,906,469,5679,1,57,6,6,144,24,0,3,0,0,7,4938,18,74,31,13,1
TCGA-86-8359-01A-11R-2326-07,520,381,80,48,223,483,1,1,444,3,633,5,1,2,1169,1732,1833,2649,8,6,1,97,231,205,17,15,54,147,404,6440,19,687,50,854,173,198,1,56,19935,133,221,196,391,2955,0,687,0,80,151,210,3,985,11,157,187,6,0,3537,3735,3,67,20,1,12,86,39,7594,30,33,112,7,994,391,2,40,3,15,148,26,371,247,245,2,0,115,7033,172,74,186,4,1,610,243,1820,0,179,2,25,328,22,0,3,0,5,4,3498,2,65,141,29,1
TCGA-50-6595-01A-12R-1858-07,959,1568,137,7,701,617,466,3,2151,15,510,4,0,3,980,8941,24609,1385,19,3,0,124,125,366,13,5,57,646,812,1474,27,300,89,1820,262,8,7,49,15767,83,976,301,284,1470,0,1912,14,77,66,437,22,1038,8,410,873,19,0,9841,2179,1,31,16,3,4,38,3,945,0,6,99,5,104,363,0,25,3,405,603,65,1285,20,41,10,0,187,1539,97,132,273,8,1,758,62,4061,0,268,3,9,184,703,0,26,1,7,15,10662,0,31,47,37,1
TCGA-44-7667-01A-31R-2066-07,189,706,89,14,122,439,15,1,906,12,227,7,17,2,1035,429,1654,643,17,8,0,115,28,161,471,42,15,310,254,3155,397,640,110,990,130,9,2,8,7330,37,1587,215,90,3155,23,1420,1,29,115,289,11,165,14,306,605,7,0,5000,4427,2,93,7,4,2,271,7,3279,3,22,167,0,39,478,0,2201,1,17,298,116,1804,26,3518,1,0,2359,11232,105,198,6,1,0,7370,49,5101,0,496,16,32,31,2,0,2,0,0,6,7522,0,31,14,36,1
TCGA-99-8033-01A-11R-2241-07,514,1021,152,270,1100,534,4,4,2632,18,651,4,3,7,1934,9783,17533,9242,21,10,13,103,589,1141,354,160,112,332,2049,6755,131,1154,164,2172,256,292,7,98,10840,61,376,688,461,9014,4,1789,0,91,844,668,6,2752,24,435,663,9,3,3778,5847,0,290,24,2,24,135,13,3638,21,273,87,26,561,1523,1,31,13,111,500,90,1004,844,9,1,0,491,4896,126,213,397,11,2,824,589,20425,0,560,28,38,207,135,0,469,0,10,377,9294,0,99,55,13,1
TCGA-62-8397-01A-11R-2326-07,127,1328,36,13,304,219,14,0,2373,126,254,10,0,2,308,637,289,375,3,0,28,19,178,272,194,6,18,104,130,1983,5,136,267,610,134,4446,16,26,2015,255,5488,53,96,2805,1,292,1,50,53,145,0,609,5,115,233,2,102,556,777,1,4,4,4,2,31,33,1040,6,133,59,4,165,171,0,9,11,110,50,21,149,102,16,0,0,34,339,255,44,384,0,0,103,234,1890,0,115,1,16,282,33,2,13,0,0,3,2743,1,4,11,10,1
TCGA-MP-A4TA-01A-21R-A24X-07,370,535,81,9,1003,490,6,2,1805,19,367,7,0,0,566,1674,1571,1684,45,12,1,61,432,490,299,48,31,270,460,2923,23,909,135,1396,217,5,6,96,18634,113,495,262,272,1541,39,913,1,326,169,1019,105,1075,73,263,529,11,0,2293,6261,2,37,7,3,3,33,29,4391,5,59,134,2,78,365,4,52,6,37,238,43,595,14,157,7,2,421,7358,80,178,240,7,0,524,207,6197,0,235,17,42,371,501,0,7,0,7,6,5926,2,52,10,80,1
TCGA-55-8510-01A-11R-2403-07,1858,1793,268,2045,1154,846,42,8,4516,75,1619,40,25,52,1958,5012,8418,8187,60,179,20,138,2337,1390,611,147,269,525,1004,4781,72,612,578,3346,520,796,199,476,8821,1075,969,647,746,6163,43,2341,27,552,127,758,141,1523,83,606,1149,86,12,4312,2585,151,231,138,25,77,260,543,1079,218,475,210,259,74113,1247,10,146,42,193,1370,299,1058,5805,209,14,42,1863,3808,309,289,1525,45,10,1049,6559,8227,8,527,11,82,965,1226,24,172,4,19,75,7847,11,150,424,510,1
TCGA-50-6591-01A-11R-1755-07,1288,2350,1030,7,1298,224,16,0,212,75,3,36,1,11,1832,596,1779,205,4,7,1,4239,504,433,10,48,1,1126,86,1268,123,581,1228,119,42,11,4,12,7208,230,441,32,200,1775,0,443,80,43,118,166,516,1855,0,1101,641,2,1389,4169,1956,1,4,21,2,0,16,3,1777,2,4,30,0,1,89,1,706,1,163,107,34,342,28,30,2,4,481,3057,14,115,2,109,0,330,167,1437,0,2943,13,25,14,11,0,1,0,41,3,2823,0,12,8,47,1
TCGA-05-5425-01A-02R-1628-07,772,1271,90,2105,332,317,5,11,5201,36,859,3,12,9,2355,1786,2630,8226,58,10,13,94,1154,301,392,184,68,368,445,4850,116,482,333,1033,248,1138,19,105,18127,207,1633,949,632,4842,15,1176,8,203,197,520,70,826,16,355,521,21,3,2849,5252,12,82,28,2,242,222,123,2209,87,957,782,275,70892,1336,0,141,13,146,412,117,1429,4875,37,6,0,345,5365,131,130,1392,16,1,836,2519,4916,7,262,59,26,424,253,1,20,0,9,6,8438,15,73,86,175,1
TCGA-49-AARR-01A-11R-A41B-07,7963,2381,595,5003,1552,2678,119,15,10799,97,5343,70,12,49,6897,3960,13907,5534,181,1694,35,233,3332,1215,533,414,331,1736,1460,6109,225,408,951,9175,1087,1848,103,1668,9289,1493,2989,944,2223,7069,52,4336,108,1152,33,971,253,1181,301,1379,2166,190,24,7402,2258,163,1113,941,312,120,1046,735,1295,641,991,4766,696,193866,2913,71,867,113,574,2171,2201,3569,5627,387,483,78,2170,631,951,996,4955,48,17,1859,17349,9500,29,2191,61,126,3787,1577,35,45,9,24,51,19571,36,182,1153,1442,1
TCGA-55-7574-01A-11R-2039-07,1238,1819,240,1350,546,1261,20,1,9245,43,803,15,8,4,2113,1676,3228,3927,70,37,18,137,594,645,83,379,190,769,720,2580,293,376,404,2693,470,1035,34,94,4599,503,1413,300,1204,4949,19,1436,6,380,63,576,114,851,24,433,988,38,2,3935,1958,37,120,104,50,15,131,195,1622,45,24,1359,485,62356,2343,2,93,30,247,977,123,1909,3301,165,5,5,626,1151,29,197,1719,62,4,1028,2051,5367,2,653,34,82,1496,141,8,21,2,15,24,9754,11,42,147,193,1
TCGA-44-7662-01A-11R-2066-07,1668,2651,229,27,1929,2625,3,1,1171,43,3219,9,0,6,1788,46123,50144,13643,31,4,1,181,3826,876,342,0,125,549,1562,2525,86,1078,296,3280,874,21,5,35,30214,781,940,518,432,4482,3,3329,1,46,642,930,5,2282,2,824,2310,6,1,11847,6362,2,99,42,1,2,86,7,6375,17,38,173,6,144,821,0,51,36,724,467,105,1586,13,82,2,0,1337,6518,286,216,14,10,0,1857,356,11314,3,751,5,50,149,990,1,202,0,9,37,12894,0,68,51,51,1
TCGA-69-7979-01A-11R-2187-07,726,749,97,29,2886,2576,0,0,38301,16,1145,2,1,1,3091,3839,2714,738,8,5,2,51,455,2792,721,14,64,197,2145,4666,38,1597,92,2017,348,129,22,126,13081,2383,377,244,271,3632,1,1055,5,92,706,1007,8,1695,11,274,709,6,3,1704,5114,0,74,35,0,10,45,10,1513,2,75,200,97,1277,1094,4,21,28,58,194,36,483,10446,22,28,2,515,9366,36,237,292,10,0,727,232,7007,0,3426,4,52,303,171,0,5,0,6,129,4760,3,6,51,26,1
TCGA-55-8614-01A-11R-2403-07,5457,931,96,257,790,838,4,1,2902,47,1253,18,3,62,1039,2249,3921,1774,22,15,5,47,350,352,110,197,35,183,695,2643,117,420,1431,1215,412,665,41,247,2095,1337,554,206,463,1327,7,693,11,201,309,752,19,813,462,333,431,48,0,2257,1986,6,146,89,0,20,48,39,1235,13,54,249,5,854,2270,0,49,2,191,464,44,470,2791,293,19,1,250,1900,34,94,596,14,2,961,917,3975,0,915,11,43,281,102,0,30,0,4,61,3791,4,11,149,46,1
TCGA-69-7980-01A-11R-2187-07,2004,1925,207,1377,2202,2312,32,20,2422,65,871,17,10,30,3036,1837,2317,4268,99,94,1,82,8790,520,466,87,444,450,656,4611,61,835,195,3890,1292,504,43,322,24879,1332,440,655,587,1587,95,1710,4,395,135,696,79,2530,25,389,826,50,0,5257,8791,12,118,35,9,31,124,311,4597,102,123,889,139,21055,2878,10,179,36,136,624,193,1137,1056,148,21,6,419,4439,46,186,2840,33,7,961,4730,24312,3,642,22,93,1529,242,26,198,0,24,20,9695,10,148,152,243,1
TCGA-55-A494-01A-11R-A24X-07,118,414,45,4,250,697,0,4,965,16,9,2,0,6,725,584,949,251,0,7,3,49,74,575,16,5,14,251,1489,7941,9,972,34,81,117,72,0,29,34471,349,64,35,118,1720,63,918,0,21,101,118,2,1767,9,136,421,3,0,1227,5132,0,55,73,2,0,12,12,5448,1,34,59,21,47,166,78,16,4,2,759,0,398,9,59,0,2,253,10405,25,78,0,6,0,539,494,5156,0,116,5,178,155,106,13,48,0,4,5,2794,1,32,15,18,1
TCGA-73-4675-01A-01R-1206-07,1067,1101,215,38,562,872,32,11,1253,73,844,59,0,9,2336,13053,17135,1913,35,18,0,140,75,603,158,32,124,238,4152,4650,28,1333,594,4320,437,906,11,136,65547,1132,774,341,626,1106,5,1817,6,429,496,1063,7,1329,55,453,940,68,0,2220,6273,1,72,61,1,77,137,89,411,26,1256,139,13,49,1797,1,112,28,70,503,203,751,146,34,29,0,191,6497,1121,295,610,11,1,757,355,31476,1,765,16,26,953,97,8,6,0,10,217,8703,3,247,172,247,1
TCGA-05-4390-01A-02R-1755-07,226,544,70,6,177,374,2,1,1599,5,614,1,0,1,788,278,597,687,5,4,7,148,38,494,35,0,17,89,345,1315,55,410,205,1435,127,2,1,7,9821,312,426,116,99,3719,0,639,2,37,74,180,3,457,1,122,424,28,1,2329,3057,4,9,8,0,19,637,5,6328,4,14,64,1,6,183,0,18,3,364,99,14,437,3983,1382,0,4,530,6091,244,69,28,6,1,655,68,4124,0,350,0,54,426,4,0,0,0,2,8,3887,0,11,19,22,1
TCGA-97-7941-01A-11R-2187-07,4188,3038,1445,16079,1490,2038,33,13,10656,118,3109,7,9,66,3700,6462,12521,8352,162,186,114,181,5854,1208,1248,566,724,1057,1799,10359,490,1019,7014,7740,1389,2279,185,956,23784,1533,2232,508,1493,15462,135,3091,62,1201,273,1090,317,2977,85,1220,2429,380,4,6614,5042,245,463,438,59,900,692,884,5512,748,76,1297,430,59412,2103,470,569,74,641,2132,77,2033,9357,402,101,72,2416,2193,97,710,7679,62,22,4860,15910,23039,14,1613,56,169,4533,6682,24,530,1,33,75,16564,27,209,479,960,1
TCGA-05-4433-01A-22R-1858-07,1348,1582,236,112732,1337,388,14,3,9270,42,961,16,6,10,1181,2907,3904,3503,43,155,21,99,2113,352,174,188,141,557,514,4163,175,265,1371,1803,296,859,72,307,19378,373,1849,503,624,5229,30,1132,14,375,37,515,112,1197,49,376,1277,128,5,3095,2521,79,218,39,90,474,161,203,2031,164,454,487,220,34743,804,7,514,23,236,309,26,820,3736,222,17,19,1636,2214,339,136,2201,24,5,1653,5069,7068,7,466,15,95,1101,751,8,59,0,6,18,6437,8,125,205,427,1
TCGA-69-7765-01A-11R-2170-07,885,1403,161,242,375,473,9,4,3109,10,1308,3,2,10,1364,5480,4662,1378,53,22,3,99,659,284,156,33,91,539,605,3226,101,620,170,2820,494,378,23,337,12882,508,1111,345,947,7996,6,1410,1,231,183,607,10,726,3,725,795,29,11,4190,2742,4,74,43,11,4,119,61,375,43,52,301,76,18468,705,5,105,23,67,476,122,1130,2273,41,7,4,258,2453,115,76,838,15,0,754,521,7938,2,804,6,42,315,49,3,27,0,7,50,10258,0,37,110,54,1
TCGA-86-8672-01A-21R-2403-07,613,480,108,9,431,796,0,0,456,22,958,6,0,4,667,12078,7582,1877,11,7,0,38,203,101,25,5,55,101,615,1727,21,360,96,2006,214,4,5,16,7982,16,92,314,102,1851,0,856,0,17,93,234,8,395,1,199,455,0,1,2223,1674,0,57,3,0,9,12,16,2547,2,24,46,5,68,419,0,9,12,27,123,14,435,5,10,1,0,250,4090,8,126,1,4,0,465,238,3302,0,268,2,13,128,171,2,229,0,2,18,3017,0,95,8,8,1
TCGA-49-4506-01A-01R-1206-07,323,576,74,13,278,313,2,17,947,17,1055,46,0,2,1762,1285,1656,2616,23,5,2,70,232,118,42,25,21,243,588,5723,26,955,85,810,127,60,4,7,13535,184,408,644,606,2561,2,1370,4,28,470,212,35,711,4,261,433,5,0,1458,4504,1,253,18,2,3,86,17,735,9,1447,128,59,114,1087,0,64,1,61,208,116,1459,583,13,3,0,141,14890,62,117,109,16,0,357,286,786,1,255,8,35,135,32,0,5,0,7,10,6520,2,135,18,17,1
TCGA-MP-A4TE-01A-22R-A466-07,249,244,97,211,387,211,3,0,438,4,130,5,0,0,702,165,385,1214,6,6,0,173,48,559,34,33,18,123,169,2610,13,627,96,705,82,42,0,5,17754,30,447,89,111,1604,2,605,0,41,99,264,1,1112,0,182,311,0,0,1929,3858,4807,25,39,13,8,67,40,16167,10,311,66,0,0,170,0,3,8,58,135,468,295,0,1434,0,0,284,10493,210,86,290,3,64,4043,120,9326,0,150,4,23,187,5,0,0,0,1,8,3949,0,21,5,47,1
TCGA-55-8508-01A-11R-2403-07,256,391,75,8,141,398,1,1,286,6,226,2,0,5,642,480,819,1076,18,7,0,39,115,141,23,63,44,162,221,1525,8,585,244,1396,187,9,0,49,7814,383,318,148,190,796,5,739,0,163,50,208,8,367,6,181,437,16,3,2440,1354,12,39,17,1,1,271,0,4762,7,13,151,1,106,412,0,57,17,153,191,28,443,85,389,0,2,192,2828,97,92,139,3,0,665,107,3078,0,247,4,13,345,52,1,0,0,3,2,6669,0,8,49,20,1
TCGA-44-2668-01B-02R-A277-07,223,4124,199,296,730,167,4,3,1525,10,79,24,8,8,461,2139,2672,1273,23,8,0,257,410,524,5,57,21,299,362,813,122,256,96,402,74,27,14,22,3620,115,701,535,385,5127,15,995,3,133,35,450,50,1740,4,152,715,9,3,6194,1911,0,70,22,0,3,1,10,676,15,18,88,3,124,250,0,99,3,84,388,10,805,821,57,5,3,652,441,351,50,16,39,2,573,169,3704,5,349,77,141,81,26,0,5,0,7,30,5113,0,17,133,12,1
TCGA-75-6206-01A-11R-1755-07,785,2076,137,76,777,487,8,0,5449,42,791,6,11,2,1532,3456,2656,1290,30,1,0,75,5727,469,378,474,78,457,543,4826,12,397,66,1484,504,11866,298,81,5686,415,367,371,487,3383,1,1093,0,430,64,787,9,1132,2,366,615,30,0,1734,2808,0,17,9,3,18,124,53,2116,23,32,208,452,90,639,4,31,24,36,1563,7,747,3833,34,1,0,573,2497,37,101,1455,5,0,498,1103,18334,0,917,52,12,1021,18,0,40,0,4,396,6493,1,36,57,30,1
TCGA-50-5946-01A-11R-1755-07,485,1218,70,39,644,536,2,0,2209,33,116,4,6,0,1179,2353,2521,2465,12,27,3,61,1334,1456,1693,4,30,344,475,3738,23,1445,91,599,128,5,59,6,29441,1040,248,222,590,1423,99,654,0,329,531,917,23,5481,13,150,481,1,1,2263,6198,0,88,7,0,4,25,8,3828,2,44,48,3,22,801,0,1520,0,487,205,7,540,225,4,17,1,2009,5031,35,627,184,7,0,782,567,5512,2,568,14,59,266,54,0,7,0,11,12,4435,3,23,0,42,1
TCGA-97-A4M1-01A-11R-A24X-07,7840,2753,594,8229,1776,3026,229,12,7853,243,3780,135,43,189,4296,5732,19959,9593,195,2173,49,492,4368,1666,1995,788,746,1544,1633,6912,366,737,1189,6321,1101,6177,356,1583,2533,2819,3589,841,3858,12118,129,4609,65,995,170,989,803,2094,331,1061,1659,588,61,6684,2959,415,768,3365,65,108,931,1413,2488,1120,981,1308,1969,676567,4312,94,721,169,707,6046,1023,2658,11124,554,63,233,5001,3060,2112,1097,10643,125,43,2259,40868,20234,31,1858,81,193,9884,3400,60,194,9,37,330,18815,56,396,2198,1067,1
TCGA-55-6972-01A-11R-1949-07,495,287,47,209,466,144,2,1,1018,12,393,1,36,5,679,2106,1400,302,20,67,2,12,1827,384,126,103,58,137,236,4881,19,326,14,302,226,232,20,69,2948,1111,440,22,522,2943,2,356,1,545,70,687,9,399,6,158,87,96,0,295,1530,0,5,177,54,4,165,116,678,262,14,214,23,9638,1064,4,76,0,19,120,12,304,8561,21,1,1,119,3060,4,50,989,0,2,137,1273,6391,0,121,101,10,868,27,0,11,1,2,407,1707,0,40,99,66,1
TCGA-64-1681-01A-11R-2066-07,2624,5070,292,20172,1571,1130,25,23,18029,56,1584,16,25,31,3639,9485,13539,2844,63,66,10,189,3033,1683,443,193,212,766,592,6407,119,465,189,5298,656,826,255,656,8490,839,1716,893,1598,10075,6,1626,23,479,361,1118,92,1337,75,747,1061,81,3,6003,4144,15,267,2280,33,14,272,197,4413,35,187,1385,688,145685,5906,2,205,29,747,13255,176,2432,11899,131,94,1,311,2297,365,120,2385,31,2,957,6047,29039,2,1093,87,61,2370,331,39,84,1,8,97,14796,11,54,194,514,1
TCGA-97-A4M7-01A-11R-A24X-07,2007,4246,371,5848,1260,1210,31,30,4844,46,2189,11,7,16,2628,1883,3129,6063,124,78,9,143,1310,416,333,243,165,658,711,4794,189,818,339,2440,615,242,28,482,6143,639,534,638,1184,2088,30,2981,20,808,80,615,67,1394,31,654,1832,160,3,4939,3149,72,152,949,21,13,162,423,2967,156,700,459,78,19386,1180,8,210,15,351,579,218,1623,1326,110,105,11,560,3580,399,280,3920,55,8,1520,6192,4862,1,882,43,126,1370,210,6,12,5,38,18,13776,14,95,497,161,1
TCGA-44-2662-01A-01R-A278-07,149,1911,156,92,391,48,1,39,202,7,795,10,0,21,817,7818,4228,790,12,4,1,70,76,390,2,7,23,233,350,3651,106,350,79,768,39,5,4,3,15714,242,1979,449,294,6069,0,1568,2,82,85,693,2,3268,9,211,1375,19,623,7516,3586,0,7,31,1,2,22,3,2090,9,41,22,0,37,224,0,14,4,342,406,16,633,49,131,4,1,289,2061,407,52,12,10,0,587,63,6239,2,353,14,53,157,80,0,98,0,10,12,7021,0,48,31,38,1
TCGA-38-4628-01A-01R-1206-07,1849,3703,256,362,1006,1831,268,14,2928,497,1508,139,1,34,3898,7918,4132,537,10,17,3,216,5138,1173,2476,9,132,379,1291,21345,40,698,48,3481,637,1565,61,67,29205,1411,1977,556,440,7391,1,2618,0,137,130,1540,4,4448,15,593,772,2,0,2237,5140,31,38,27,12,5,435,29,2235,29,2679,195,2,111,2112,5,50,23,408,2021,3088,738,9,299,20,0,458,18996,4714,136,996,9,2,2100,721,7982,1,526,4,6,952,7,5,86,4,2,36,12316,0,34,37,132,1
TCGA-55-7283-01A-11R-2039-07,3493,2052,161,5621,884,1174,43,7,9823,48,2333,4,20,42,2612,5240,8791,4263,78,874,17,129,5061,791,535,330,309,974,884,8035,122,855,353,3980,421,2275,109,1038,12949,920,1255,448,1676,22072,25,1898,54,559,96,693,247,1434,95,638,761,176,16,4710,4473,223,386,78,172,44,392,543,700,347,37,1202,558,102631,2741,49,313,95,527,871,41,1582,14287,257,17,106,1419,3784,57,205,6176,17,7,1031,17166,21441,21,628,19,32,3532,1526,20,61,4,9,29,8054,20,78,413,617,1
TCGA-44-2662-01A-01R-0946-07,560,2706,190,14,654,490,0,35,656,46,1236,8,1,34,1429,10252,7378,1543,15,6,0,99,94,524,13,9,110,272,786,4913,97,886,170,2583,206,8,5,8,30681,651,2462,671,347,7540,1,2368,0,121,316,1207,2,3404,4,500,2185,10,843,9115,6173,0,5,31,3,1,54,2,3607,9,56,90,1,33,400,0,22,6,344,771,39,972,41,140,4,0,382,3929,1259,51,15,10,0,941,175,10298,1,545,4,52,220,300,1,163,0,11,36,11690,0,71,62,115,1
TCGA-49-4488-01A-01R-1755-07,290,1289,59,56,560,164,1,1,989,14,385,2,0,3,1094,5735,4888,794,8,1,0,34,1510,612,1886,15,31,81,401,2592,14,526,17,468,129,30,1,22,4092,439,163,196,203,4611,0,446,1,27,220,344,3,380,6,130,218,1,0,794,4577,1,17,111,3,4,55,6,975,11,31,91,5,369,293,0,18,5,62,873,5,285,12513,7,4,0,93,3237,64,36,298,4,0,172,274,5128,0,80,2,8,114,10,0,9,0,3,1,2493,1,7,10,21,1
TCGA-50-8457-01A-11R-2326-07,5348,3434,373,18,939,1021,76,5,2411,110,3652,19,0,57,2762,2533,4837,3702,164,12,1,152,995,605,85,75,659,729,820,6100,53,496,463,8689,875,2761,8,1117,8995,605,2303,499,1409,7798,24,1451,7,1579,92,781,186,1566,3,1116,1706,162,0,5151,2868,0,366,40,227,15,231,529,2359,23,133,732,3,114,3941,1,56,109,666,468,567,1982,541,230,9,0,158,2666,172,381,8546,17,0,1326,816,16783,3,940,5,36,2018,41,0,25,0,15,124,11258,1,26,96,291,1
TCGA-86-6562-01A-11R-1755-07,1393,1290,131,2002,1090,797,25,8,2206,29,1116,28,5,12,1471,10014,6960,2147,15,170,7,107,886,659,318,100,136,595,558,3612,99,763,204,3069,628,381,114,121,22391,519,1102,358,747,4017,15,1484,10,209,264,416,108,1536,26,543,858,31,11,4423,4133,57,52,132,27,18,117,172,1268,80,129,434,122,40444,929,5,125,28,135,402,273,1054,2977,380,17,21,1214,3079,220,192,1321,21,2,989,2695,7871,4,486,31,31,793,545,5,18,2,5,23,8335,6,66,122,281,1
TCGA-75-7030-01A-11R-1949-07,1524,1598,293,16150,754,849,16,2,4141,26,2416,5,6,9,1843,4796,6041,2755,48,31,477,100,1048,464,133,187,207,400,747,2596,111,149,577,2749,704,555,49,432,6771,421,401,272,611,2262,25,800,16,396,83,467,162,1064,33,426,818,172,0,3699,1088,21,131,66,19,376,70,382,736,48,54,1326,116,22652,1511,4,321,23,220,911,60,1410,2598,94,49,9,464,745,8,146,2645,16,0,607,2993,4514,5,820,19,31,2489,277,2,30,1,7,31,5728,8,64,131,126,1
TCGA-55-7815-01A-11R-2170-07,265,741,54,31,251,60,14,2,502,8,760,13,0,4,491,370,660,953,6,4,0,92,155,351,1,3,24,125,100,1677,19,218,48,822,200,0,0,2,11922,145,740,150,223,5473,0,304,0,57,81,424,1,346,0,273,429,6,0,3621,1956,0,0,21,1,0,10,7,2725,0,42,31,1,19,228,0,14,4,47,125,27,477,31,97,0,0,330,194,111,1,40,5,0,237,23,2046,0,652,2,15,214,1,0,0,0,3,4,3998,0,3,15,18,1
TCGA-J2-A4AG-01A-11R-A24H-07,1823,1051,171,1228,537,376,18,3,2407,20,582,11,3,13,3387,3868,4237,3453,63,91,6,103,811,673,139,60,118,424,634,3182,49,476,136,2547,374,2126,24,242,11582,569,457,465,649,8689,9,1100,15,471,270,460,51,792,15,442,907,71,1,4467,2760,13,92,58,24,1,184,367,7658,47,155,983,59,22931,2303,2,111,31,598,404,223,1254,999,113,12,9,612,3208,125,203,2836,17,2,1049,3081,17962,0,323,10,44,1253,78,2,18,0,10,46,6947,1,64,140,185,1
TCGA-44-2666-01B-02R-A277-07,1879,1888,361,1148,640,438,70,3,1891,45,1787,4,5,18,516,1677,2116,333,135,44,0,250,828,719,48,214,702,334,647,1041,226,189,248,1200,166,52,14,214,4852,699,491,107,665,5838,15,332,3,1508,12,236,56,2111,6,470,479,188,0,3238,2007,7,221,81,8,25,27,107,681,33,30,286,6,380,1294,2,91,20,528,234,334,481,2871,140,11,0,755,284,17,37,3338,57,1,576,261,4879,0,755,147,169,1300,64,4,6,0,16,38,3897,2,19,443,23,1
TCGA-78-7542-01A-21R-2066-07,1484,915,87,117,2510,125,1293,1,4817,15,325,10,2,3,915,40372,53370,1340,5,5,1,24,148,435,33,103,19,192,714,3099,51,1002,39,284,147,641,15,32,46990,106,746,411,200,6623,0,838,1,37,191,542,170,3962,2,82,620,2,2,15396,6102,1,50,18,0,6,19,0,8016,19,18,34,12,2228,491,1,38,1,309,467,178,467,1608,40,3,6,974,3476,106,157,19,6,1,579,439,22915,0,46,7,43,82,351,0,4,4,9,8,4789,1,240,127,3,1
TCGA-62-A472-01A-11R-A24H-07,235,846,48,416,300,152,15,7,1654,13,246,4,2,11,710,1540,1550,1247,12,26,0,40,248,393,133,47,43,285,394,921,29,342,194,564,72,137,8,45,6681,486,334,173,220,2123,7,478,1,82,71,448,15,215,13,125,263,10,3,780,4378,7,27,32,5,7,52,47,546,52,116,66,42,9064,617,1,64,5,79,120,188,196,608,39,6,8,361,752,107,54,443,5,0,211,848,5859,0,128,7,53,436,263,6,113,0,2,2,2287,1,37,173,51,1
TCGA-69-8254-01A-11R-2287-07,3531,4710,306,6794,1223,1001,25,11,13219,71,4280,8,36,20,5681,5149,9945,7163,375,79,56,188,3741,1221,735,543,508,957,1789,12180,303,2241,7985,4462,1074,2278,131,922,60502,1987,2868,826,639,16697,81,2029,39,1083,40,1053,287,4727,43,832,1215,522,33,7640,7350,89,359,300,167,3122,412,1420,6399,219,217,2396,485,70542,4640,73,1279,50,675,663,82,2002,8661,352,83,49,1962,3178,222,285,7941,46,3,7649,8144,23714,4,1333,49,134,3229,472,8,67,3,20,57,14188,29,144,338,544,1
TCGA-55-6712-01A-11R-1858-07,422,781,111,30,610,227,3,2,1064,23,797,12,1,3,1623,6228,13676,2715,8,4,1,54,2942,477,76,8,84,184,747,1632,19,286,809,1071,304,93,24,55,11234,238,236,328,273,2900,2,738,2,139,67,336,82,1437,6,298,487,5,1,5071,1228,6,29,7,5,1,64,34,554,28,65,257,9,1657,896,0,53,36,522,146,37,718,371,25,6,0,397,2740,140,51,901,11,0,708,267,11572,1,160,3,25,225,70,0,123,0,9,54,4980,1,41,44,56,1
TCGA-44-2657-01A-01R-1107-07,2951,1819,180,3504,540,673,30,2,2941,52,1976,14,7,17,2115,2766,5171,3894,107,10,21,122,2307,273,433,24,278,351,717,4592,68,334,486,3072,833,1241,27,505,3195,378,590,575,461,6503,10,1134,1,514,64,914,122,1034,158,525,627,94,8,3547,2591,1,190,285,32,1,211,446,783,40,98,357,871,389218,2110,0,79,80,415,295,117,1035,1779,123,15,3,284,2335,79,191,5692,16,1,1142,1810,7312,2,553,14,27,1547,119,0,203,0,16,73,9628,0,44,141,64,1
TCGA-MP-A4TI-01A-21R-A24X-07,1499,2181,234,744,1017,976,60,12,5182,76,1032,5,12,8,1436,5162,13082,6686,83,20,5,114,885,355,135,69,114,297,1085,2755,55,458,206,2257,446,481,31,262,7764,247,981,965,367,4839,14,2639,9,187,61,864,132,946,12,420,1409,13,6,5524,2308,9,169,49,7,9,58,62,670,29,38,154,119,19080,529,1,72,22,271,517,147,1254,2617,50,3,8,1094,1069,428,255,984,31,2,1156,2534,3360,2,645,19,72,613,478,0,16,2,9,22,8475,4,62,133,46,1
TCGA-55-8505-01A-11R-2403-07,677,781,113,1719,846,782,4,0,587,19,859,6,0,1,508,4297,3772,7129,26,8,21,54,103,280,192,36,74,272,528,3075,17,564,337,2647,322,36,14,46,11780,133,288,105,191,1152,1,1050,0,120,567,600,9,962,95,235,761,14,2,2248,4353,0,46,23,1,30,45,8,5685,3,279,124,3,49,522,10,36,10,41,599,32,547,332,54,3,0,154,4730,61,244,228,8,0,536,163,2589,1,514,15,41,270,1014,1,18,0,5,6,5121,6,60,46,60,1
TCGA-49-4510-01A-01R-1206-07,2409,1323,530,218,1204,2097,25,1,13375,111,2432,1,47,9,10032,4028,5993,2195,72,214,4,284,552,340,305,380,336,772,1340,4646,54,639,144,3635,816,27930,44,512,10295,754,939,505,2907,10030,6,3655,6,856,461,2033,53,1926,28,793,862,92,1,2978,3925,3,53,134,210,6,981,1153,12782,1243,99,1536,5561,702192,8526,12,407,34,155,4598,54,2939,13743,78,27,0,433,4309,258,523,7644,5,0,1761,1380,27267,0,965,27,83,3019,268,1,881,2,1,37,17279,3,189,715,450,1
TCGA-64-1676-01A-01R-0946-07,352,413,113,70,222,294,0,4,1941,6,368,1,3,12,1070,7405,2585,557,2,2,0,19,198,210,61,26,12,434,745,4359,49,354,21,433,74,458,5,12,6087,217,273,547,191,2967,1,625,0,25,345,214,7,956,3,141,369,1,3,2224,1449,0,121,76,2,3,59,2,575,7,22,31,3,3622,948,0,18,0,30,341,121,357,4639,16,1,0,78,4823,995,44,59,2,0,209,324,3345,2,142,4,6,244,22,1,12,0,1,10,4034,0,82,12,11,1
TCGA-44-2665-01A-01R-0946-07,1592,2978,172,45,1134,1334,17,24,1427,30,1889,21,0,19,3435,3825,5799,2508,59,6,1,256,610,333,23,26,92,618,1463,3166,85,939,115,2982,1406,26,9,18,27248,234,243,320,527,2650,3,2122,10,324,216,1098,248,1258,20,1089,1415,12,5,4829,2229,0,48,335,2,0,70,2,1671,1,184,80,4,117,679,0,152,29,155,205,42,1224,209,338,1,1,226,4339,278,46,44,14,0,390,292,8723,1,1507,8,11,498,17,1,187,1,13,119,9577,1,55,198,31,1
TCGA-97-7937-01A-11R-2170-07,411,463,257,23,604,610,0,3,1745,18,478,8,4,5,1349,16829,18194,448,6,6,0,28,3189,1255,873,3,39,81,1079,5232,27,825,57,1476,161,153,181,20,14576,2210,144,164,183,4135,0,525,1,284,487,286,0,1872,4,213,462,13,0,1945,4462,1,20,22,2,3,12,2,1165,2,25,44,3,118,1701,1,17,6,281,128,5,274,4651,176,2,0,1265,5541,65,29,66,6,0,249,877,16820,0,321,6,47,128,45,1,219,0,4,136,2911,0,18,12,22,1
TCGA-05-4418-01A-01R-1206-07,747,990,84,180,622,492,4,2,5068,41,960,23,1,5,1265,4211,2881,3754,20,10,7,92,375,161,101,72,62,277,571,6755,366,703,132,1674,328,107,10,24,25916,103,664,703,1241,2743,3,1620,7,70,353,664,41,1799,11,370,556,15,2,2676,6586,3,342,24,7,11,105,29,2711,36,351,150,14,976,2400,1,226,4,63,261,241,1184,700,36,7,0,340,4733,248,230,129,25,0,1562,551,1481,1,774,9,20,443,1793,0,12,0,9,9,8573,2,223,58,54,1
TCGA-86-8076-01A-31R-2241-07,1745,2203,250,1934,801,538,35,8,8566,55,2267,16,15,7,1856,2496,4514,7438,56,53,12,135,1595,479,200,185,219,636,955,7125,108,709,361,2253,696,1125,52,208,10982,368,889,689,934,6049,9,1905,21,481,257,1023,87,1360,47,824,1262,107,5,4869,3862,52,380,196,6,41,247,94,3161,80,190,784,406,42826,1533,2,107,44,537,610,156,1542,7433,117,158,9,479,2555,140,217,2733,17,1,1169,3149,6144,3,891,27,33,571,84,10,47,1,8,72,16772,10,79,190,153,1
TCGA-55-8091-01A-11R-2241-07,957,2679,305,34,1151,885,3,1,3790,57,2370,2,2,10,1852,4516,4637,2219,49,9,1,154,525,480,33,183,80,690,863,4526,89,496,259,2041,2463,51,10,251,17195,249,992,947,472,3938,12,1802,9,333,193,910,47,1458,22,610,1721,28,0,6017,2421,0,201,187,4,10,141,38,913,9,77,233,5,346,1985,3,126,17,604,484,146,1311,919,122,79,2,161,1312,112,214,668,17,0,1174,268,4915,1,1105,12,24,379,73,0,2,0,16,10,12572,0,24,172,108,1
TCGA-38-4631-01A-01R-1755-07,215,244,16,1,277,169,19,0,745,15,592,1,0,11,1496,31283,27384,927,4,4,0,56,232,111,148,4,8,48,212,1462,25,169,204,560,132,4,0,6,8927,11,113,153,94,1286,2,331,6,47,110,209,64,908,4,72,111,3,2,655,3131,8,11,71,0,2,49,37,2729,18,14,76,0,31,107,1,43,4,15,44,9,213,10,18,200,4,233,1753,280,39,40,41,0,143,113,1050,3,134,1,13,199,15,3,1,1,42,54,2068,3,3,33,20,1
TCGA-44-2659-01A-01R-0946-07,2469,9647,325,429,1165,911,24,6,4830,263,3926,33,2,25,4123,4284,6813,6044,183,167,2,142,1652,1384,744,109,383,957,1348,9150,115,729,871,6124,955,3732,302,262,12765,2807,1035,551,1062,19134,21,2715,7,935,149,1146,72,3969,6,4273,1864,68,0,5163,6025,16,478,130,85,9,323,175,3080,221,220,3487,19,6617,2122,10,805,76,341,3011,196,1719,12556,104,11,122,352,6292,180,183,7206,25,1,1547,1932,15812,0,1033,7,81,3914,124,1,255,0,8,26,14401,3,44,254,471,1
TCGA-55-7725-01A-11R-2170-07,1244,2193,115,2617,277,159,42,4,2834,42,575,6,3,14,1259,2658,5139,966,29,331,3,75,1323,414,185,661,80,425,310,2903,211,638,377,976,136,413,25,118,4208,759,963,318,482,5488,16,493,11,275,34,623,133,1269,4,359,310,212,5,2643,3169,7,62,113,86,0,53,341,404,108,204,434,31,10161,885,8,142,12,214,261,251,632,4135,90,9,13,715,189,386,7,2215,61,1,271,1881,7779,0,185,11,44,849,75,4,15,1,27,23,4901,1,54,143,103,1
TCGA-38-4629-01A-02R-1206-07,2393,2792,284,80,1132,929,735,6,1343,93,446,4,2,22,4543,32395,63091,2511,20,5,4,320,461,1115,57,6,57,337,1353,4714,72,1057,159,3241,454,71,9,56,22465,242,722,1153,339,10986,2,2630,9,144,257,926,250,2600,4,456,1527,2,95,11540,4943,2,31,26,1,3,52,12,1836,7,43,108,11,3476,557,0,96,16,106,614,384,1301,623,118,7,0,676,7228,406,137,137,4,0,1109,130,11155,5,538,4,12,235,126,0,48,0,9,17,11729,5,132,29,55,1
TCGA-05-4382-01A-01R-1206-07,2651,3604,594,24,2228,2193,49,11,815,151,4885,8,2,84,4577,4661,5603,22821,91,197,0,327,1033,658,2482,44,167,418,2818,5236,146,1575,525,8309,1059,17,14,131,45935,648,2121,1185,568,4850,44,4275,0,92,866,2426,5,3087,25,1106,2719,70,1,8928,8666,10,35,24,3,6,47,30,3625,5,83,202,6,41,1060,0,110,58,185,597,120,1654,8,317,10,0,814,6399,309,319,388,54,5,1556,714,37908,3,903,8,88,870,272,2,121,3,21,34,21205,1,106,157,170,1
TCGA-44-6146-01B-04R-A277-07,2621,1310,431,44741,1498,180,54,3,2481,19,3330,10,4,27,925,5105,3441,561,188,95,41,288,1616,659,31,386,220,553,307,1685,443,63,629,1224,345,46,59,203,15030,637,1024,147,1713,3606,125,255,13,1085,27,226,192,2321,6,740,592,337,4,3789,1769,19,74,67,15,216,17,467,622,56,51,202,14,1740,1672,11,538,17,133,260,47,764,4306,421,10,42,1999,91,2,26,3458,60,8,700,322,5017,3,804,107,371,1650,23,2,28,6,17,78,4096,5,236,1301,13,1
TCGA-38-6178-01A-11R-1755-07,590,835,269,184,595,462,5,3,1758,22,1012,2,0,6,1116,3374,4350,1086,18,6,4,74,1016,329,134,64,70,258,324,1985,19,392,265,1728,268,39,74,136,4085,350,205,131,489,1625,5,763,3,331,185,319,28,626,9,268,491,22,0,2141,2178,1,51,20,1,0,46,37,1402,7,87,509,20,3521,863,0,220,21,187,355,18,672,2012,36,6,6,160,1865,27,81,588,8,0,471,514,6479,0,938,4,13,582,30,0,75,0,1,20,5269,0,5,72,108,1
TCGA-55-7573-01A-11R-2039-07,2202,2544,175,559,848,481,50,6,6134,35,2218,18,0,10,1035,2120,2896,2452,91,20,21,81,1057,565,172,91,205,401,583,3463,266,416,306,3118,616,889,14,441,4487,530,702,296,500,7028,8,685,18,879,84,393,78,1188,35,566,768,132,5,2830,2190,9,118,174,75,26,104,204,756,75,159,406,115,19503,1253,3,104,69,391,473,199,742,5366,127,51,15,466,1273,149,124,3845,24,1,652,1630,8042,3,880,27,51,1315,26,4,79,1,17,18,5859,9,35,138,84,1
TCGA-50-5935-01A-11R-1755-07,592,2399,109,628,574,636,7,4,9004,31,837,5,16,8,1270,2121,2530,2321,34,10,0,76,1388,535,80,23,59,208,421,4520,29,617,83,2128,796,928,13,124,6384,937,465,186,625,5859,4,911,2,150,255,344,58,1618,12,229,578,18,0,2282,3418,8,33,230,16,3,72,198,1238,4,61,175,128,20060,982,1,46,10,244,2302,68,837,1285,138,1,3,180,2024,183,53,962,6,1,400,1462,6449,0,397,5,27,1481,21,0,23,0,4,5,6224,0,5,15,138,1
TCGA-55-8207-01A-11R-2241-07,4586,5410,582,17,1111,1707,151,4,4241,83,6348,84,6,42,6999,2280,4883,2258,120,26,1,208,483,868,304,84,394,929,926,5418,110,1046,77,11079,1363,39,11,788,5655,599,1896,430,2237,8498,16,1744,3,1701,101,1193,53,4598,4,1163,1646,67,3,5395,4983,1,312,266,21,8,354,560,906,39,614,1152,7,634,7662,4,604,73,250,569,284,2571,4006,124,12,10,136,2193,890,312,9606,15,3,1102,628,16053,2,1138,12,53,4688,27,7,40,0,22,150,14772,3,25,143,123,1
TCGA-50-5051-01A-21R-1858-07,377,476,85,310,265,508,5,1,7749,12,472,1,2,4,1042,587,1431,971,42,7,3,180,161,237,37,197,46,282,542,2749,35,405,69,968,188,248,12,78,7903,400,174,114,386,1129,5,655,3,79,111,218,17,292,8,259,402,5,0,1617,2481,5,59,54,3,6,96,186,7231,20,37,272,148,7877,1469,2,34,12,146,279,25,602,770,425,3,0,463,2317,28,73,446,9,2,527,658,13632,0,236,11,28,563,66,0,19,0,3,34,4653,1,21,69,112,1
TCGA-44-3917-01B-02R-A277-07,114,844,92,167,614,96,1040,3,890,7,212,11,7,6,385,288,529,506,11,32,1,2882,297,808,15,351,12,184,168,2396,43,208,40,153,19,5,5,8,2458,251,290,330,215,2674,26,296,5,230,18,216,749,1927,3,153,227,4,1,1886,2749,0,69,16,0,0,6,21,1538,0,48,22,30,334,348,0,22,0,161,56,3,335,1470,1403,1,1,1716,983,3,25,115,41,1,468,71,1575,0,76,143,81,289,25,1,0,1,12,81,2322,0,3,51,3,1
TCGA-78-7540-01A-11R-2066-07,1183,1609,313,101724,2881,1176,16,0,9254,65,501,30,6,13,2438,19799,11021,3715,24,103,228,103,3182,827,593,368,62,932,1435,6791,168,396,9187,1413,1537,1472,103,225,50511,1028,1846,433,911,6047,25,2037,19,363,274,719,279,1681,48,948,2068,40,2,4451,5868,89,162,138,35,4931,369,101,2014,86,601,509,99,34608,1232,10,865,8,187,969,64,1198,8289,707,46,28,2434,4786,221,215,1078,41,7,1303,10063,10778,4,729,13,96,1065,511,2,80,0,15,85,10588,20,1362,348,410,1
TCGA-NJ-A7XG-01A-12R-A39D-07,572,665,109,75,656,747,1,5,7529,36,94,4,2,0,1116,3951,2699,885,10,17,3,22,534,452,108,154,20,292,877,2489,59,818,43,451,584,550,179,125,25856,608,162,218,578,13182,3,563,1,81,270,287,19,604,2,277,281,48,1,759,3520,1,27,94,7,3,149,173,925,172,15,105,17,1447,794,1,64,16,212,267,5,423,7662,50,2,4,95,3043,13,134,338,3,0,261,1565,15523,0,458,3,86,605,277,0,58,0,2,0,3291,0,56,329,51,1
TCGA-55-7576-01A-11R-2066-07,1869,3023,272,2344,1714,899,64,12,6616,87,838,41,8,19,2044,8852,6051,3997,48,59,7,193,8430,2773,1009,132,152,903,773,7354,78,1412,309,3642,683,923,172,202,34321,2108,1778,578,751,6348,10,2179,2,516,361,1986,141,1733,18,764,1679,33,7,11950,7268,25,99,99,7,3,241,197,2975,96,745,565,241,51464,4668,11,550,46,248,725,504,1629,12294,367,5,23,1344,13477,754,360,1632,13,3,1306,2901,18106,3,1731,28,57,768,534,6,106,0,11,35,14725,4,117,119,457,1
TCGA-64-5775-01A-01R-1628-07,9234,1552,87,19,1783,147,3244,16,98,18,109,11,0,11,590,4392,50418,310,15,5,0,488,54,49,2,2,1,618,217,3506,13,343,40,1057,63,36,14,7,5698,6,1734,208,877,1183,1754,954,54,84,75,359,34,1059,1,220,523,232,107,15997,1752,2,4,1,39,22,25,2,1313,5,186,120,4,2,383,0,293,1,100,584,3783,1176,0,46,0,0,1060,1697,129,62,2606,3,0,863,51,5284,0,1804,5,3,42,1,0,0,5,5,7,4365,0,16,1,78,1
TCGA-55-8203-01A-11R-2241-07,782,1672,162,610,560,811,4,2,3764,31,2559,6,9,2,1619,1177,2387,5103,23,7,3,143,892,536,132,157,104,620,853,7945,88,1522,711,2844,585,368,32,84,30536,618,622,483,359,6171,5,2107,2,225,311,672,81,750,6,509,1170,17,0,5529,7366,11,70,57,11,41,1499,49,8433,51,107,254,9,2332,696,0,47,28,338,373,51,1257,2266,2018,2,5,959,8843,134,149,1486,22,3,1911,1536,11190,1,1614,15,49,488,97,3,30,2,21,15,13003,5,42,97,142,1
TCGA-55-6986-01A-11R-1949-07,923,845,104,4086,455,450,20,0,4196,31,987,11,6,20,839,1750,4507,2938,30,38,5,60,1386,423,200,153,126,313,430,2446,68,323,171,1311,366,682,48,173,10996,497,1340,262,433,12077,31,791,10,435,30,361,173,1046,35,286,598,38,4,2339,2165,59,81,44,87,14,127,218,1588,75,88,292,166,38669,1631,6,75,53,190,416,120,674,3533,150,5,52,966,1778,128,109,2750,13,2,642,5075,5948,0,520,18,49,1165,616,0,53,0,5,37,4133,12,50,109,271,1
TCGA-86-6851-01A-11R-1949-07,712,3300,355,151,1240,952,6,1,2899,66,2241,10,4,15,1969,1688,2433,9044,137,7,2,166,2219,418,205,25,83,670,757,5081,53,1266,1213,2523,722,562,8,187,9563,1157,235,1156,523,3043,2,2333,0,190,152,2083,28,1626,14,598,1414,7,0,9374,6491,0,500,18,12,9,120,116,2926,143,130,378,10,1859,696,2,83,40,315,263,9,1004,251,511,13,0,678,3860,16,164,2074,7,2,1729,596,13815,10,6317,24,95,474,99,25,160,0,7,43,17750,1,58,131,127,1
TCGA-49-4505-01A-01R-1206-07,1827,2962,365,677,1208,786,37,31,5425,103,1697,43,3,35,5755,9744,6996,3898,56,18,5,185,2117,557,690,71,210,684,1454,6567,75,753,240,3998,731,525,330,285,11200,907,822,1252,1313,10419,12,3542,2,353,429,1683,233,1253,27,762,1513,15,2,5750,5743,12,362,69,11,15,390,119,2818,57,296,626,99,34222,2781,3,234,41,274,947,321,2554,6993,48,21,4,426,8894,1161,270,2666,32,2,1409,1363,16994,0,849,14,25,645,38,2,39,1,22,15,18788,3,31,183,353,1
TCGA-73-4662-01A-01R-1206-07,2956,4147,317,641,1329,1207,88,14,6551,118,2851,58,4,43,3921,6497,3624,8062,67,64,1,275,2787,2540,348,78,381,1001,835,14381,49,1532,372,6321,887,131,158,372,16755,3534,969,794,1096,37260,20,2384,4,807,338,1201,71,3164,7,808,1996,122,0,5422,7658,3,42,62,43,2,282,582,2815,121,576,1197,16,4583,5765,9,113,65,1605,954,295,2261,1615,62,11,86,391,5687,1594,213,7759,26,1,1219,1068,23248,1,536,25,68,3589,52,2,34,2,14,77,15066,5,22,142,146,1
TCGA-38-4625-01A-01R-1206-07,12244,1812,196,3695,930,620,21,58,10204,63,958,14,11,11,2184,12394,16477,3038,99,55,31,142,637,228,225,205,224,606,942,15408,123,1391,147,2894,361,1728,23,184,26915,112,3373,978,1449,18304,10,2143,10,396,217,1193,136,1763,25,423,791,53,5,11374,7136,39,312,293,6,31,298,337,13250,152,245,1491,1031,280662,10177,0,128,72,204,907,174,1580,3081,91,5,4,634,11873,319,194,4210,15,3,1694,3530,8703,4,370,81,33,1489,269,3,152,3,20,12,13494,8,58,113,289,1
TCGA-55-7284-01B-11R-2241-07,6329,4198,2103,173236,3169,2121,584,14,14404,204,3429,125,40,102,6294,14655,21169,12621,143,846,212,303,7014,2575,1302,1067,765,2418,2215,9996,511,482,4483,9210,3052,2200,368,727,33887,1971,5396,1189,3165,16703,286,4150,108,1640,179,1487,753,5097,146,1740,3676,611,48,12288,4176,562,802,472,188,3247,1057,1690,3755,685,1583,2314,799,97067,5278,52,1807,109,667,2138,220,3588,19352,1300,70,164,7284,1549,404,579,11916,97,31,3885,34362,29852,42,1827,118,298,6725,1750,58,302,24,32,193,21784,123,464,999,1204,1
TCGA-55-8089-01A-11R-2241-07,3169,3095,211,13041,1337,659,23,17,10190,55,1370,28,13,12,2414,15012,32053,5358,72,35,28,197,1729,615,216,179,153,766,1687,4186,109,490,386,2527,612,1025,59,132,16432,207,2041,1656,687,8590,10,3146,16,266,104,1406,183,3345,539,648,1495,36,6,7359,3347,9,653,60,18,11,217,173,2282,79,150,759,323,65852,4167,6,115,14,404,618,308,2103,5273,73,4,0,710,2745,253,204,1637,37,2,1546,4259,3427,0,536,38,84,745,854,2,80,0,29,29,16221,6,376,215,120,1
TCGA-38-4626-01A-01R-1206-07,10497,11235,923,42506,2333,3056,175,15,129702,339,3959,43,356,42,13005,16958,50999,6802,447,250,121,797,15754,3978,1999,1994,1443,3425,6171,23903,550,777,1171,12434,1897,13068,499,2177,11130,2043,22927,3531,5799,80223,106,12625,33,2089,89,3914,449,7306,287,1570,4325,202,6,21532,4628,178,3404,645,81,116,1616,2427,1697,588,195,6015,8579,1005225,14522,11,1121,192,1420,7932,728,8603,97733,742,84,27,1965,3488,2422,923,14153,183,11,5377,27290,48806,55,7249,264,257,7495,1127,12,297,4,74,117,49660,107,302,1198,4844,1
TCGA-44-5644-01A-21R-2039-07,78,296,38,20,393,151,2,0,924,10,142,13,0,4,441,453,495,532,9,9,0,404,63,914,24,8,10,149,126,663,16,651,844,392,62,5,0,10,13317,58,556,74,115,1038,7,627,0,22,66,115,3,318,2,221,216,2,5,1152,3172,2,38,20,0,2238,81,14,3531,54,12,101,2,34,276,0,11,3,12,91,18,360,16,1605,1,6,283,4028,62,39,16,1,0,1137,221,4336,0,640,13,34,267,4,0,3,0,0,4,3101,1,11,23,47,1
TCGA-91-6835-01A-11R-1858-07,2481,3975,246,1547,1172,675,70,4,4444,58,2908,29,7,26,1773,1968,3157,8853,85,58,6,219,4135,1130,106,74,177,900,843,2977,72,763,326,3554,972,203,137,479,21705,435,994,826,1194,7852,34,2050,8,905,136,1307,224,1639,33,710,1476,63,4,7452,3524,29,218,82,29,15,166,285,1111,50,94,682,235,44525,1447,21,188,59,386,509,81,1587,3322,888,45,29,857,2476,71,131,4817,49,2,1171,3073,5569,1,2180,19,92,1004,143,10,4,0,36,99,12539,8,74,330,119,1
TCGA-L4-A4E6-01A-11R-A24H-07,6104,4050,474,33468,1835,2498,83,5,30555,132,4908,30,94,93,7003,9911,28376,13699,325,1203,79,493,10985,3450,1102,1380,520,1803,1995,10779,313,351,1100,5853,967,2127,478,675,2512,2970,15423,1799,4165,24976,162,4677,108,2157,46,1905,630,2611,370,1191,2641,511,54,8747,1893,718,1252,2382,86,349,818,1315,395,793,325,1205,1983,487665,3548,67,694,98,734,1593,1159,2520,28246,1040,80,180,8578,244,896,782,10302,186,41,2838,52600,29188,35,1911,159,382,4691,5203,158,255,16,47,259,23735,81,434,2392,692,1
TCGA-05-4398-01A-01R-1206-07,1015,3246,325,503,1310,1157,3,12,3373,76,2019,10,3,23,3081,10532,6775,4630,36,28,3,175,702,958,146,26,98,503,1333,7510,40,1804,279,3162,481,202,22,109,33265,220,1305,1194,916,5775,4,3094,3,266,544,2341,25,2325,28,591,2167,13,6,10933,9616,7,189,54,5,5,180,44,3913,84,77,234,44,6381,929,0,105,19,186,1181,70,1581,1662,170,10,2,708,24177,873,382,490,14,3,1386,1108,8894,3,665,14,88,530,128,5,27,1,11,15,16755,3,84,323,94,1
TCGA-97-A4M6-01A-11R-A24X-07,2140,1491,462,1060,887,1449,87,15,2508,64,2011,35,2,22,1971,2141,4474,5165,50,332,1,110,2150,424,162,226,193,383,943,6083,61,798,330,4919,916,281,148,609,7612,1225,611,458,595,12567,17,1640,72,706,174,629,170,1330,47,476,1049,228,5,3023,3913,60,163,125,30,15,147,345,3884,72,430,434,60,19816,1800,23,157,46,630,512,419,979,1754,236,22,18,926,1958,917,235,3260,15,6,1147,4925,7175,1,725,17,121,2459,265,4,47,0,10,23,8525,15,50,334,360,1
TCGA-49-AAR9-01A-21R-A41B-07,219,698,35,265,390,116,1139,0,631,4,1,10,0,4,422,8433,9164,211,15,5,0,23,40,746,419,1,0,132,554,1176,15,590,34,359,44,2,4,6,34732,67,70,81,77,2673,0,693,2,18,315,363,8,2034,10,115,389,0,0,1347,4486,0,17,17,1,3,6,31,4331,1,11,19,2,69,29,2,3,0,2,188,11,222,0,13,0,0,1657,5677,3,60,3,2,0,384,142,2442,0,56,2,118,39,543,0,2,0,0,0,2074,0,47,0,8,1
TCGA-75-7027-01A-11R-1949-07,1986,2171,231,96,1011,1570,3,1,1073,28,1044,11,1,4,1484,4537,2960,23206,31,11,2,118,344,395,31,48,179,696,1003,4211,92,1165,138,7084,436,49,14,32,25281,155,457,417,705,2423,3,2499,2,76,545,874,19,2035,20,790,1325,11,2,6664,9817,5,1283,50,3,46,159,19,14517,66,76,256,27,1346,2363,4,55,8,68,382,115,2304,839,253,3,1,983,7193,100,177,58,13,2,1412,406,4564,1,1412,25,139,457,66,0,78,0,9,13,15566,1,275,215,40,1
TCGA-49-AARO-01A-12R-A41B-07,1298,2022,198,133,849,938,10,17,1929,80,664,21,1,12,2297,2914,4136,2591,26,17,0,63,309,1529,74,40,104,287,1023,1670,35,571,166,1933,313,73,8,241,13002,1693,354,376,531,2339,4,2364,11,153,169,620,21,737,89,453,1222,4,2,3607,3339,7,256,268,4,12,126,20,2040,126,249,154,13,4159,773,4,130,16,193,354,48,780,206,34,102,1,289,2432,836,148,989,11,2,686,1196,11082,3,539,3,148,388,148,1,4,0,5,1,8048,9,130,401,39,1
TCGA-69-8255-01A-11R-2287-07,924,1176,82,1269,755,432,14,18,4962,33,763,5,6,13,1805,2410,3960,8039,147,103,7,1476,945,3792,959,73,69,314,578,6539,52,2082,413,1463,223,515,41,157,14061,132,682,969,410,4317,10,1905,4,486,479,602,58,2269,47,338,511,56,4,4138,18576,45,459,83,11,48,305,269,20523,270,124,418,268,72710,1083,8,81,21,151,254,243,1135,2041,136,3,12,826,30262,95,135,1447,17,1,1055,5317,4434,7,722,42,262,576,243,4,21,1,16,24,10004,7,57,162,243,1
TCGA-55-7816-01A-11R-2170-07,11892,3695,1424,82,2674,2108,89,6,578,127,3895,17,1,19,624,6015,23756,10626,487,209,2,149,18554,579,71,51,20,2468,922,4806,1123,528,411,3200,1161,24,63,63,11414,446,2612,2688,772,42888,4296,1839,119,7744,61,1110,4740,6242,7,2242,1696,142,1,8797,2217,1605,27,224,293,2,570,28,1088,2,604,895,16,172,5361,3,493,8648,186,4929,2679,2640,432,91,53,8224,88,1452,43,177,34543,30,213,1796,357,5792,0,3621,14,131,12863,63863,1,4,1,19,757,22103,30,129,53,100,1
TCGA-86-A4D0-01A-11R-A24H-07,179,386,46,1161,436,188,2,3,1215,35,171,2,1,2,649,342,570,1255,12,16,0,954,179,507,67,48,38,149,194,2034,25,653,55,412,109,25,7,17,22901,103,267,137,134,1531,1,562,7,62,130,318,1654,1899,6,163,265,0,2,2289,5391,23,212,222,0,1165,45,130,29373,31,32,37,2,491,247,1,45,2,81,70,13,231,311,497,3,2,1500,11469,30,52,65,4,0,486,519,7291,1,169,8,29,250,25,0,1,2,2,12,2635,3,29,112,28,1
TCGA-NJ-A4YQ-01A-11R-A262-07,599,868,110,1052,289,513,6,2,1714,57,611,7,5,11,897,1566,3162,4444,42,173,5,92,533,318,147,551,63,291,455,1982,45,670,472,1216,266,294,25,100,28206,247,398,413,248,1949,17,1272,10,176,147,671,59,973,64,275,566,42,0,2354,2591,39,82,58,5,15,116,153,2204,111,60,216,96,28936,335,14,233,49,208,218,104,639,996,179,12,9,945,7316,42,130,1052,20,4,708,3646,5048,5,1137,18,66,430,149,13,15,0,7,33,5811,9,48,240,193,1
TCGA-78-8648-01A-11R-2403-07,1623,2230,206,2042,569,1079,18,4,6320,38,701,17,13,8,3219,1506,5388,3115,92,7,19,167,644,485,120,207,445,762,713,3557,150,212,252,5957,673,923,39,112,3078,192,2374,737,1117,3275,14,2241,3,485,23,953,62,930,24,741,1476,49,3,5274,1125,26,191,56,17,22,175,1141,942,25,40,710,558,133255,1834,1,59,35,163,788,143,1840,3547,98,11,9,326,1451,62,359,2765,17,0,1700,2629,2231,4,1326,17,26,867,177,0,27,0,12,11,16803,12,38,150,491,1
TCGA-L9-A7SV-01A-11R-A39D-07,365,2221,138,404,1050,1267,4,2,1756,31,225,4,7,16,1737,6855,4584,1674,16,19,7,45,9798,3006,798,15,28,370,469,3962,6,2271,84,1811,165,77,313,78,36820,9266,107,237,1169,5402,3,1164,0,70,867,277,3,4070,17,295,770,1,2,1936,3582,12,32,153,9,0,211,112,1981,55,182,310,1,111,2226,5,89,5,275,1171,16,806,4106,1415,10,0,898,16026,21,237,248,5,4,738,1079,7291,0,344,20,130,501,107,13,232,0,2,24,6283,1,19,176,38,1
TCGA-49-AAR3-01A-11R-A41B-07,1025,816,127,4,436,533,18,2,513,22,378,6,0,2,613,5826,11541,1730,7,11,0,27,187,188,9,2,32,205,531,752,19,463,100,919,123,6,0,7,6457,71,188,406,86,1557,6,986,32,14,29,390,12,474,12,212,691,1,0,3136,1900,1,52,8,0,1,26,21,725,0,9,91,0,180,113,1,18,5,45,269,22,363,14,12,1,0,289,1686,25,129,69,6,0,381,240,2870,0,91,3,26,99,31,0,56,0,4,22,4479,0,40,8,6,1
TCGA-91-6830-01A-11R-1949-07,7085,2188,357,2889,758,833,145,17,6153,70,3892,31,10,74,2412,4737,9174,27518,170,1080,10,117,4675,745,944,165,631,1361,664,3878,118,266,331,5554,507,651,55,1223,7903,282,1004,506,1770,4724,120,2269,20,1268,91,1389,228,1538,55,913,973,388,9,6402,2868,67,318,152,51,17,368,1139,790,286,374,569,175,45859,2448,66,506,124,290,715,896,1954,5097,295,12,81,1750,1763,265,299,9376,19,9,1283,6778,9464,5,677,20,84,1849,873,21,86,3,1,118,10821,20,192,538,294,1
TCGA-MP-A4T6-01A-32R-A262-07,822,1950,71,2306,643,559,15,1,3641,49,543,11,18,14,1786,2148,2441,3925,42,56,8,30,1057,526,200,321,78,278,1360,7222,42,1535,172,1158,252,456,59,202,15393,2110,573,373,230,5576,13,888,10,170,362,624,45,1876,80,361,525,50,13,1845,3746,120,425,785,30,28,140,136,2128,118,220,314,223,51705,581,10,99,18,217,720,135,576,1697,124,8,18,566,2812,105,271,908,15,25,975,4124,10442,2,344,42,262,854,334,1,15,2,4,247,5056,9,54,150,233,1
TCGA-91-8496-01A-11R-2403-07,5401,1652,179,5494,396,631,168,24,6398,151,988,131,16,51,3118,5501,8319,2164,93,440,100,257,2312,333,882,512,236,473,805,11485,228,225,164,2275,394,10752,65,241,2933,444,2235,662,1304,9827,22,1282,34,511,95,419,290,898,46,538,538,259,28,1449,1329,208,88,2765,150,29,410,678,886,287,2090,371,1105,847798,1613,19,269,36,234,582,2071,872,7674,166,34,132,1025,1861,5793,197,6900,32,11,525,11876,11173,7,529,145,28,3122,635,37,44,7,10,81,10191,35,79,538,182,1
TCGA-55-8085-01A-11R-2241-07,533,2175,99,429,523,376,4,1,2832,42,922,13,13,7,937,1733,3613,3550,39,10,14,163,677,480,302,45,45,359,562,7828,37,1153,340,1070,335,339,183,71,6468,114,772,590,468,3051,15,1611,0,124,853,1111,57,634,18,336,1040,11,3,3784,4579,4,44,25,7,10,118,72,7668,24,56,211,27,8957,778,2,58,21,159,327,77,794,3966,45,7,2,1481,11874,141,140,701,10,0,797,1084,7513,2,220,28,46,446,102,0,15,0,4,18,9301,5,24,55,70,1
TCGA-55-7281-01A-11R-2039-07,442,1975,104,44,390,875,6,19,1665,61,548,23,3,14,2283,4095,2116,1632,15,6,2,71,1781,261,1399,4,59,268,1213,2888,59,359,140,1332,385,252,70,119,10196,481,147,478,413,4078,2,1121,0,77,212,619,26,891,5,471,1123,11,1,2968,2424,9,21,24,2,1,98,50,560,4,290,454,4,900,3167,2,28,36,555,242,22,672,672,63,1,14,140,2183,495,93,375,13,0,369,419,9591,0,220,6,29,555,422,2,10,1,6,89,6000,0,39,52,53,1
TCGA-05-5429-01A-01R-1628-07,527,339,165,58959,406,300,91,0,213,9,1087,127,0,20,947,2543,1228,346,49,2,87,60,106,27,267,15,17,165,566,9599,32,165,483,618,192,4,3,39,11172,51,139,92,156,437,2,397,1,72,165,196,3,622,10,112,1236,1,0,1270,2154,2,22,49,1,1713,54,6,1072,2,813,35,0,2,297,0,161,3,28,72,44,270,20,24,11,0,222,1798,42,63,348,1,1,280,36,3751,2,292,0,10,425,90,0,2,0,2,0,2066,0,121,51,10,1
TCGA-44-3919-01A-02R-1107-07,2857,3035,272,1031,1403,1141,23,25,7326,54,2908,6,2,26,2956,4491,5213,5855,93,66,5,124,2072,1065,525,79,291,526,1016,6984,60,757,1440,5017,737,1553,36,833,16458,515,736,698,818,12528,6,1857,7,677,166,1581,127,1534,8,550,1431,108,1,5236,6237,20,188,55,17,25,249,234,2396,91,92,396,220,74926,1860,9,129,84,726,440,102,1496,3129,114,3,6,522,3062,115,209,6073,29,3,1332,2735,17770,2,712,13,90,1673,78,4,7,0,9,39,12004,3,35,220,154,1
TCGA-75-7025-01A-12R-1949-07,7405,3698,416,6000,1399,1534,163,6,5561,215,5661,42,4,43,2845,2900,5090,3337,210,37,1,232,1745,1076,155,291,540,972,1521,5914,313,587,383,6347,2231,177,14,1155,8826,829,617,440,1106,7598,30,2139,44,2544,144,912,142,1369,534,1431,1523,312,0,4893,5540,0,531,2901,115,55,351,573,2200,28,176,1387,58,14469,2338,6,151,121,415,889,135,1712,1893,110,204,1,192,1522,477,429,13758,43,1,1374,981,24099,4,1763,29,101,3871,116,13,42,0,12,8,13065,14,57,185,296,1
TCGA-55-8514-01A-11R-2403-07,745,398,82,495,271,334,17,2,801,26,209,17,7,6,967,2464,1926,1031,29,37,4,34,661,222,228,31,66,219,809,2761,14,2558,89,1101,133,2860,121,147,13488,983,174,230,152,6051,6,702,3,190,644,222,44,268,10,199,347,45,1,1378,2882,16,77,77,7,4,89,150,2948,72,126,556,41,15902,950,6,54,29,223,276,147,465,3506,241,4,2,148,6750,159,163,1456,5,3,1064,1743,3137,2,129,5,50,755,940,0,169,1,4,29,3683,5,35,74,260,1
TCGA-78-7537-01A-11R-2066-07,407,1304,161,3674,1261,1035,5,4,8871,394,563,3,9,25,1165,3761,5285,2989,39,17,32,162,4375,297,697,3,24,825,2186,4966,44,791,235,481,586,2998,5,69,50543,701,1226,148,664,4477,11,2104,0,676,168,845,10,1160,84,488,1211,230,0,2647,4003,0,88,50,10,44,121,31,2655,15,67,222,6,241,1198,0,57,1,71,543,78,1246,7250,86,0,0,232,4414,45,230,784,14,0,457,936,18884,0,507,9,55,545,40,2,3,2,8,818,13042,6,90,102,38,1
TCGA-69-A59K-01A-11R-A262-07,892,3471,188,684,438,556,8,2,4212,36,621,23,8,0,3218,2207,3558,2632,21,13,5,181,1075,12591,205,92,82,660,949,4382,27,746,472,2685,267,259,20,101,1230,263,76,568,465,3702,15,1559,3,174,205,1832,47,824,46,357,580,23,1,3023,3185,7,159,474,16,9,135,47,1223,129,57,1196,62,7120,1730,5,126,15,155,448,160,1224,5065,71,17,2,297,3321,88,307,649,6,2,869,1043,7784,1,1242,25,115,386,214,0,14,0,6,268,12370,10,16,389,267,1
TCGA-95-8494-01A-11R-2326-07,209,1517,46,42,469,206,0,18,1100,53,99,16,0,10,487,5453,4085,645,7,8,0,30,601,5181,41,6,23,67,400,1501,9,465,20,473,72,23,203,19,7586,534,242,246,141,2095,2,539,0,14,118,518,14,951,2,95,290,0,0,1706,2114,0,7,15,1,0,63,3,966,9,44,44,1,57,909,0,8,2,77,111,17,231,5021,12,3,0,249,8062,948,61,89,7,0,327,238,4788,0,71,4,37,94,50,3,1,0,1,75,2749,0,14,18,8,1
TCGA-MN-A4N1-01A-11R-A24X-07,336,740,70,46,647,1150,3,1,2011,16,213,10,0,9,1572,2934,1350,1577,14,661,0,25,667,665,420,13,33,124,1038,1552,19,1281,36,1167,414,487,102,26,33066,728,202,100,90,2544,1,705,0,83,277,590,2,1426,64,155,400,2,0,1764,4752,4,30,19,2,4,35,34,2094,14,73,34,15,73,255,0,5,1,288,525,25,297,1459,29,12,8,1051,11696,151,193,58,5,0,1996,655,2927,10,226,11,37,305,172,0,28,0,8,40,2361,0,8,32,49,1
TCGA-MP-A4SV-01A-11R-A24X-07,562,1258,124,470,701,635,0,1,3945,35,943,16,1,11,1049,1788,2387,4038,27,13,2,76,641,2034,132,49,66,271,704,3726,28,1121,210,1254,420,181,11,113,12555,610,445,456,508,3961,11,1474,1,98,229,378,16,2105,6,343,715,6,2,3303,6555,4,156,48,8,39,81,46,3455,81,81,283,44,8365,1303,0,53,41,147,323,36,1000,2302,37,20,0,602,4684,55,134,492,19,0,702,1153,7308,2,196,20,85,249,58,0,27,0,8,18,7847,1,50,126,71,1
TCGA-50-5942-01A-21R-1755-07,2973,5399,253,4159,831,565,39,0,8080,75,1297,6,1,30,2275,1738,3353,1515,61,10,4,63,593,444,92,305,397,491,711,7289,351,327,349,4772,750,454,9,191,7074,314,908,190,734,10908,18,751,6,1199,30,398,82,2788,9,693,644,232,0,3304,2755,7,112,235,14,304,261,507,694,37,39,368,190,55852,1834,4,106,30,250,1643,53,899,5474,77,37,3,147,992,64,125,4567,60,1,746,901,8342,2,733,19,18,3781,38,0,12,0,32,4,7140,5,20,65,99,1
TCGA-55-7903-01A-11R-2170-07,347,824,79,1268,700,254,3,4,5678,27,502,1,4,6,802,2618,2163,1613,25,26,2,50,496,662,203,126,71,323,419,2223,30,1372,78,890,168,452,66,101,6759,1447,378,280,209,5216,8,859,7,91,459,312,23,499,15,211,420,7,2,1752,7325,14,124,55,2,12,69,51,1221,10,75,105,30,12955,542,1,30,17,90,223,60,378,4900,36,1,11,575,3710,164,70,294,10,4,515,1642,7272,0,172,21,52,339,190,2,10,0,7,64,4418,5,21,53,95,1
TCGA-55-8208-01A-11R-2241-07,1315,3136,285,1658,858,1325,10,12,7376,92,2426,8,18,17,2122,2323,4979,7383,49,18,26,191,1915,636,360,132,205,1168,1155,5821,141,687,950,2549,740,689,86,160,10894,520,2080,1286,643,5371,32,3881,21,331,127,1563,94,1050,33,1029,2375,31,2,7809,4799,21,142,183,14,25,255,91,1706,163,83,530,155,31583,1079,12,127,45,377,538,191,2463,5779,90,44,11,1092,3435,280,354,1215,49,1,1679,4035,7899,3,930,24,52,538,864,6,62,0,28,54,21369,8,109,219,176,1
TCGA-05-4395-01A-01R-1206-07,676,886,134,5,479,227,2,0,1454,26,273,9,0,3,1480,11250,24627,1440,10,5,0,36,95,129,29,30,21,321,418,6225,34,952,58,1206,147,5,3,45,48530,61,464,692,497,5646,0,1131,2,24,324,432,74,1526,4,211,647,1,0,8036,8657,2,78,32,2,0,60,1,1191,41,137,103,13,12,1986,0,30,1,45,301,242,1138,96,162,1,0,141,15272,73,215,81,5,1,510,97,7797,0,146,3,15,106,108,0,0,1,5,4,9621,0,231,29,64,1
TCGA-49-AAR4-01A-12R-A41B-07,521,559,82,23,821,590,5,2,502,23,562,6,1,9,1514,2329,3103,3607,19,9,0,59,1344,1157,105,10,63,124,766,883,73,522,191,538,224,12,150,199,8371,535,163,351,93,1868,3,887,11,128,52,805,4,433,19,260,541,2,14,1580,2587,1,123,72,1,5,113,9,1084,16,94,242,1,6,399,1,56,19,269,203,39,422,416,24,37,0,510,1815,148,79,571,9,0,630,542,3863,2,230,8,52,211,102,9,34,0,5,7,4976,4,33,97,58,1
TCGA-75-5122-01A-01R-1755-07,1456,2587,147,5,349,329,0,16,1724,76,161,4,1,15,3419,2243,2259,3161,10,6,0,66,564,194,67,0,16,824,423,4954,10,278,72,276,77,93,1,29,7110,236,1765,1970,414,5019,0,1488,0,157,30,1101,16,1230,0,136,927,0,0,5217,1622,2,42,15,10,1,62,8,1605,1,36,147,9,82,1532,1,17,2,482,235,3,1002,846,70,0,0,230,2119,271,74,101,17,2,766,206,3296,1,81,7,25,112,5,0,3,0,9,14,10686,0,8,24,20,1
TCGA-73-7499-01A-11R-2187-07,1950,1128,119,22,813,931,8,9,5050,35,1898,4,1,19,2722,1755,1851,3582,28,6,0,106,712,408,1201,245,54,351,861,4022,47,1115,119,597,514,44,8,52,6035,427,465,694,478,4297,1,1178,12,45,375,963,186,1176,228,500,824,4,1,2303,5898,1,75,89,4,11,130,23,2359,5,164,247,23,648,524,18,111,15,275,204,158,779,435,147,104,3,926,5617,39,91,191,6,0,459,231,9790,5,488,9,16,272,11,0,3,0,4,33,7899,2,46,34,39,1
TCGA-NJ-A55R-01A-11R-A262-07,2391,1664,339,121,1679,1743,54,0,1071,49,1276,29,1,6,2807,2337,4699,3106,117,49,0,609,290,744,114,232,183,801,902,8003,84,1702,921,4896,2496,70,44,610,46124,577,743,313,1065,3771,62,2268,25,712,327,1497,124,1849,73,973,1545,89,1,9699,6678,153,745,349,28,932,222,531,6772,5,291,488,23,6271,1185,0,365,81,194,1123,326,2183,166,1031,3,2,336,8365,24,407,1725,38,21,2497,917,12014,1,3212,82,84,1533,174,19,1,0,11,82,17365,12,38,233,299,1
TCGA-NJ-A4YG-01A-22R-A262-07,742,1167,96,2150,673,882,64,16,4595,50,869,37,6,11,1649,1589,3113,1878,17,66,7,81,762,245,203,211,56,301,643,4538,57,769,140,1290,289,1218,21,169,5253,622,585,273,279,3316,8,1189,5,190,129,372,46,649,155,278,761,28,12,1909,3617,29,50,215,7,6,116,157,2778,101,715,264,172,51318,843,7,51,20,233,286,431,467,917,80,6,14,794,2622,812,83,540,22,4,541,4319,18690,0,294,20,40,1159,170,6,21,1,3,26,5498,3,56,183,180,1
TCGA-53-A4EZ-01A-12R-A24X-07,316,328,73,429,98,609,1,2,2295,23,310,0,5,6,502,2893,4804,987,58,9,0,2287,76,2768,39,8,9,130,212,3181,17,631,48,451,102,8,7,21,10428,329,11541,178,272,4306,1,480,0,52,221,1033,10,440,1,122,329,0,0,5379,7426,0,104,200,6,5,31,42,4989,4,56,85,1,19,833,5,6,3,11,603,15,228,3,310,5,0,675,5335,25,63,191,3,1,363,547,2445,0,119,12,62,179,42,0,0,0,4,47,2882,0,81,8,11,1
TCGA-78-7156-01A-11R-2039-07,1217,3153,398,80,1342,590,6,0,636,49,1391,0,222,4,1790,4258,7747,2953,75,11,0,79,1687,388,555,552,316,781,1045,15647,24,299,31,3099,479,11741,397,213,5218,482,1348,113,1710,2965,5,1181,2,3724,49,1324,18,1528,4,872,657,237,0,2243,1872,0,56,50,27,1,286,190,1134,530,33,771,289,380,3572,7,263,4,118,571,15,1567,21282,55,0,0,157,2069,4,134,2928,4,0,484,2942,19167,1,319,152,40,1379,51,0,11,1,2,733,9767,0,59,137,59,1
TCGA-55-6970-01A-11R-1949-07,2175,3085,275,6758,1791,641,30,30,15232,69,2287,9,20,20,4272,5278,7762,7039,93,761,40,204,3346,1095,261,309,310,1167,622,6771,227,928,386,2662,652,1115,121,353,25152,575,2636,1008,2268,17147,56,2437,33,682,364,953,243,2527,123,767,1184,134,28,7079,6229,52,338,141,61,47,322,431,9990,128,141,1394,574,73995,6198,16,310,24,256,654,177,2141,15367,373,12,35,2595,4231,68,246,2737,20,2,1394,7549,9660,5,919,46,70,1794,638,5,81,1,13,59,15805,20,103,494,169,1
TCGA-NJ-A55O-01A-11R-A262-07,1873,1612,192,11265,1073,1112,17,47,19850,57,1283,3,23,27,4294,3259,11847,17740,48,106,19,100,3791,1067,622,592,174,549,1162,4128,131,468,381,2032,1065,2846,157,395,23511,1264,3451,523,930,12107,85,1631,32,674,93,555,158,1610,71,501,1223,107,4,3885,3299,104,177,154,17,111,315,370,6402,253,148,574,538,166153,1712,21,277,15,262,807,78,1552,9447,384,13,31,1926,3728,97,263,2436,42,2,6395,13267,11951,5,685,68,101,1542,1796,7,111,5,20,98,8271,30,181,343,443,1
TCGA-99-8025-01A-11R-2241-07,1154,1446,288,25,1027,1823,11,0,1085,29,1453,10,6,9,1736,7825,5458,3278,42,13,1,105,413,1356,592,60,70,764,605,4231,59,1006,360,3319,603,2913,19,346,19198,1792,544,268,470,2613,13,1844,45,187,710,603,20,1476,51,705,1314,7,1,3445,7186,1,201,159,8,49,224,17,4172,1,54,299,3,38,1600,0,95,8,175,650,84,1500,98,54,151,0,323,8675,83,252,582,7,1,1456,210,17429,0,638,11,42,330,52,1,350,0,6,265,11668,13,107,29,136,1
TCGA-50-6594-01A-11R-1755-07,210,1074,42,7,123,169,1,84,438,2,160,34,1,5,403,1196,495,413,10,0,0,32,56,1080,24,1,7,105,606,1961,2,388,57,462,82,3,0,7,11526,17,84,86,53,6831,0,397,10,12,92,404,223,1168,9,147,265,0,1,1103,2099,0,21,16,0,0,7,5,1218,0,112,18,23,8,55,0,323,4,49,70,19,219,3,174,1,4,183,6319,150,54,0,3,0,250,96,3417,0,128,2,13,15,39,1,1,0,1,3,2016,0,8,1,7,1
TCGA-99-7458-01A-11R-2039-07,3920,5074,410,7207,1787,1127,102,16,9509,92,3998,66,10,50,3924,6745,12359,8594,138,276,22,265,5101,1441,333,376,515,2075,943,7264,287,788,723,6368,901,2148,111,666,17899,1365,2469,805,1930,15967,92,3209,24,961,163,1335,378,2534,79,1308,2318,264,13,9433,5327,134,358,231,46,59,521,665,1373,234,380,853,360,78750,2906,11,305,118,671,1176,617,2423,7534,379,25,97,3609,1459,433,259,8863,42,4,1586,9057,18415,8,1173,72,112,3000,582,7,156,5,18,91,19847,17,129,544,1140,1
TCGA-91-6828-01A-11R-1858-07,737,1448,117,1818,330,335,17,1,6605,23,1065,4,4,14,1781,895,2699,2362,35,375,4,119,1002,398,55,80,59,530,307,2895,48,240,131,1130,191,188,29,90,6531,257,966,362,611,2538,18,1216,5,280,16,440,44,972,15,406,740,50,4,3768,2542,11,85,83,78,24,128,234,3279,89,79,657,275,48778,1114,3,86,12,108,320,154,1219,1466,250,6,18,315,1816,121,76,2071,20,0,473,1672,5984,3,442,15,55,461,141,4,5,0,8,18,7208,4,20,199,168,1
TCGA-MP-A4TJ-01A-51R-A262-07,1131,1395,128,1706,479,485,21,3,7256,59,1255,11,16,5,1300,1126,3164,4842,54,89,6,156,1146,441,130,195,82,440,627,3789,117,362,461,1839,474,905,42,266,7643,485,660,900,565,4445,34,1730,21,237,26,621,58,716,35,529,780,35,6,4475,1946,23,251,138,15,31,151,142,936,100,147,681,87,29140,1239,5,161,48,288,260,247,1011,3605,326,83,11,739,1367,72,153,1195,38,0,875,2951,3012,6,507,27,58,517,507,3,11,0,24,26,7569,6,35,184,90,1
TCGA-99-8028-01A-11R-2241-07,1985,2070,395,1271,577,1599,7,8,5703,93,1973,11,9,37,4588,3522,5244,9260,101,36,11,236,1181,706,299,71,289,799,1144,3616,147,723,255,4133,1181,818,36,253,11036,604,775,1507,805,5398,18,3886,20,464,142,1476,63,814,42,1510,1696,38,1,5756,3168,40,173,187,10,30,565,281,948,170,61,805,79,28476,5445,5,189,78,269,687,136,2483,2472,112,44,11,710,3774,174,346,2070,18,4,1611,5488,8391,11,827,7,40,1810,273,16,39,2,20,31,17991,13,140,298,455,1
TCGA-64-5778-01A-01R-1628-07,624,602,67,902,280,314,5,2,3238,13,761,2,2,2,2267,3114,1954,3276,30,23,7,49,1731,501,268,67,62,170,406,4279,54,526,63,797,253,1001,4,164,18725,526,362,397,237,2733,0,531,1,129,297,620,34,369,16,206,226,12,3,1747,3426,3,45,31,3,7,169,103,900,30,66,225,40,25855,1436,4,156,18,254,131,74,531,1663,26,18,4,357,2457,34,131,1242,13,1,252,1653,15390,4,153,16,16,571,26,3,7,0,9,24,3917,3,92,53,101,1
TCGA-91-6847-01A-11R-1949-07,156,339,66,8,1607,210,1,4,223,5,184,0,2,4,651,1096,430,481,4,7,428,99,119,1022,10,63,12,100,88,2501,44,657,15,273,282,3,1,16,23312,987,32,48,154,4578,0,349,1,18,164,643,15,1329,0,220,1204,6,10,9872,5232,0,4,12,0,0,18,25,2771,20,36,3892,0,22,120,0,506,2,37,137,11,212,27,497,47,17,1391,3969,3,38,80,2,1,1105,227,546,7,820,15,148,42,7,0,0,0,2,11,2839,0,7,39,77,1
TCGA-49-AARQ-01A-11R-A41B-07,96,645,31,62,122,320,5,0,3043,53,77,1,1,5,354,447,252,687,7,8,1,131,196,603,284,748,7,28,404,1154,32,932,29,195,99,93,1,9,6605,364,55,168,90,4687,3,414,0,31,258,350,50,546,1,254,182,3,0,1860,3958,2,108,42,0,5,38,22,4450,6,807,60,2,1000,50,0,68,4,90,125,8,182,329,58,34,15,314,772,6,29,70,1,0,253,614,2667,10,996,16,41,72,1318,0,1,0,0,15,2113,2,24,31,20,1
TCGA-55-8205-01A-11R-2241-07,1646,3806,439,1467,1074,463,22,17,7553,115,1778,9,4,15,2105,19274,49754,4854,107,12,14,140,2174,1793,170,161,308,971,1146,6658,66,534,340,2505,492,687,41,165,16381,145,2060,1886,913,6960,16,3257,3,630,47,1160,40,2059,8,748,2280,38,1,16477,5529,9,448,70,37,14,239,73,1621,98,39,425,108,23261,3598,2,106,26,876,629,142,1719,4797,65,7,2,624,3376,430,271,2935,20,1,3603,1980,8006,0,605,50,58,378,88,2,13,1,16,23,18348,5,109,164,125,1
TCGA-49-AARN-01A-21R-A41B-07,480,890,264,6827,333,759,33,4,1527,14,315,4,0,5,675,815,991,918,15,6,29,36,353,145,106,42,47,237,513,1958,44,375,227,803,333,320,23,123,8436,219,225,87,215,2687,1,743,4,121,308,277,26,480,21,273,511,6,1,1655,2594,3,40,85,10,179,91,80,1008,3,255,142,20,6974,2303,6,154,28,146,202,35,389,263,33,13,0,244,1013,26,120,621,13,0,594,470,3978,1,462,7,35,381,180,0,6,0,3,5,4168,2,39,59,83,1
TCGA-86-A4P7-01A-11R-A24X-07,6454,3027,545,8478,1252,2608,81,13,11542,108,3827,31,42,99,5730,5651,19609,8476,220,679,30,332,5491,1407,681,595,746,1601,1260,5898,226,1301,1040,7242,745,1357,216,1253,8301,1865,4244,980,3267,8931,120,4232,62,1041,233,883,323,2177,243,1432,2168,340,42,8360,3204,236,887,525,290,187,684,1169,3813,688,382,2582,1313,233218,3628,48,606,108,563,1740,1396,2713,10356,534,28,62,3633,5791,548,865,6791,61,19,2809,20468,10968,34,1260,123,175,5285,1748,30,107,20,17,121,19161,43,134,1533,1277,1
TCGA-MP-A4TC-01A-11R-A24X-07,735,1375,101,12,899,1958,1,12,780,24,471,3,2,10,1168,9883,15975,11633,11,8,0,113,359,712,519,0,66,386,1518,903,45,865,96,3200,558,10,69,20,27876,902,287,715,155,7205,9,1389,13,30,127,666,0,1528,7,482,942,0,0,4096,3270,6,38,8,3,4,23,16,2085,5,14,53,1,53,747,0,135,37,185,237,38,469,20,26,5,0,338,3946,109,130,5,5,3,662,220,6766,0,561,8,90,195,326,0,6,0,5,34,5124,0,36,32,30,1
TCGA-50-8459-01A-11R-2326-07,1930,2621,445,3756,1255,2488,103,18,1023,82,2238,71,1,51,3553,4047,5243,3116,22,7,48,349,460,312,47,52,194,583,1305,3202,96,311,1089,4963,981,50,19,302,5859,135,462,562,655,855,4,2639,3,533,227,1050,24,967,17,424,3058,13,2,6451,1462,5,130,69,1,177,94,11,692,15,770,796,19,192,956,0,236,9,104,359,62,1025,195,252,60,0,341,1145,1161,172,1235,27,0,1142,500,2895,3,2074,8,31,940,71,0,17,0,9,20,12765,0,107,260,101,1
TCGA-55-6975-01A-11R-1949-07,897,1317,149,7,882,747,2,0,778,16,1008,8,0,4,1046,3263,6200,802,15,2,0,78,51,149,78,10,64,604,619,970,46,312,92,3952,322,5,7,18,9752,26,478,133,181,1237,3,1653,1,114,214,552,3,1090,9,435,919,28,0,3568,2398,2,138,14,2,3,53,12,1636,0,6,152,0,5,981,1,15,16,26,490,107,1110,0,60,0,0,194,3548,21,144,103,5,0,768,31,3123,1,838,9,6,619,251,0,1,0,9,5,12208,0,23,36,188,1
TCGA-95-7039-01A-11R-1949-07,881,966,104,1042,391,679,13,4,2458,21,609,5,7,9,2064,9373,11669,2218,25,38,1,81,512,758,675,50,88,505,360,4065,38,387,153,1712,228,353,31,113,14027,653,779,211,769,3823,8,1488,7,208,113,220,46,1380,15,384,645,17,2,2291,3845,12,71,33,10,7,190,155,677,109,70,767,131,28245,1132,2,109,8,45,645,143,1297,2058,75,5,0,601,4869,48,215,850,6,3,711,1912,14823,3,327,8,36,515,107,7,20,1,2,32,6932,7,24,163,176,1
TCGA-44-7659-01A-11R-2066-07,494,2263,89,349,379,299,5,3,2774,27,503,17,1,4,753,1149,1277,770,25,16,1,32,417,524,74,45,46,126,738,2548,24,368,79,964,169,547,3,116,6250,735,165,218,190,7828,8,353,7,151,28,417,34,2479,5,230,316,20,6,1150,4804,2,48,68,5,7,89,75,452,25,182,256,107,16019,3509,3,104,20,213,141,28,298,6158,16,57,1,104,1113,120,72,965,6,2,252,645,7751,1,211,11,19,366,85,0,7,0,4,46,3325,3,12,38,27,1
TCGA-86-8673-01A-11R-2403-07,402,356,107,8,390,845,0,1,3048,2,414,5,0,1,780,1353,1027,1485,6,6,2,42,92,341,89,28,11,211,619,1804,17,1101,128,1159,128,144,0,11,9112,26,929,121,124,1801,0,942,0,202,573,408,115,179,17,158,412,30,0,1087,3206,1,36,24,0,2,34,5,1731,8,34,117,8,1,191,0,16,11,39,245,18,329,1260,245,11,0,153,5329,55,231,3,3,0,261,248,3184,1,177,0,5,171,24,3,8,0,3,37,4719,0,39,10,6,1
TCGA-49-4487-01A-21R-1858-07,627,758,103,356,507,372,0,2,3644,28,454,6,0,2,2925,727,1218,4259,19,5,1,73,845,329,185,216,66,149,398,752,61,460,170,1411,284,349,8,39,4790,173,215,323,297,1378,4,921,2,164,216,508,22,740,16,193,379,10,1,3360,1686,5,34,17,0,8,30,15,1225,13,33,190,41,15485,418,1,84,12,112,195,57,654,1328,129,1,1,774,1932,18,59,277,10,0,747,1695,5056,1,605,15,10,265,25,3,6,3,3,62,4905,1,12,25,52,1
TCGA-78-7153-01A-11R-2039-07,376,341,75,104,348,514,2,1,2517,16,393,0,0,4,806,439,1169,1360,18,34,22,332,77,295,59,17,29,230,525,5328,21,553,388,861,198,77,0,93,18017,77,93,98,493,3274,0,536,0,325,63,273,26,656,5,237,363,8,42,3946,2696,2,32,111,1,578,78,58,33550,16,15,199,5,426,901,2,60,1,81,170,11,473,166,210,1,0,197,5465,6,50,313,1,0,432,33,13645,0,226,1,19,497,4,0,1,0,0,29,4541,1,24,49,52,1
TCGA-44-A4SU-01A-11R-A24X-07,815,922,225,9,1269,967,7,2,2102,33,1949,4,3,14,1481,2874,2312,2078,27,12,3,54,1336,698,90,218,54,169,627,2615,34,846,324,2167,421,110,130,222,11043,1197,506,173,385,2949,11,759,2,235,190,366,6,1242,49,272,522,3,0,3324,3452,3,154,1690,4,17,90,43,2634,11,64,136,5,77,539,2,128,22,233,207,16,533,399,105,4,2,309,4197,28,104,1276,9,2,563,705,4598,0,1299,15,51,488,119,1,0,0,0,8,5313,0,10,58,52,1
TCGA-44-2668-01A-01R-0946-07,928,8307,199,107,1428,927,3,9,5521,66,628,30,0,5,1577,9916,15763,3956,16,7,0,241,549,447,34,9,76,667,1426,3562,60,1281,202,2976,465,73,14,40,25346,295,717,1242,568,17751,0,3745,8,44,246,1625,134,3384,31,434,2015,1,0,17538,7215,0,104,9,1,3,74,2,3636,33,60,312,11,1063,1083,3,42,15,144,925,38,1821,450,64,5,0,540,5059,1207,146,69,12,1,1394,291,12267,1,792,3,54,140,37,0,29,0,11,21,15147,1,23,94,34,1
TCGA-49-4494-01A-01R-1206-07,838,1118,131,2208,660,668,30,24,7149,34,851,4,14,8,2405,9704,5310,2593,24,54,13,77,827,1107,518,135,98,253,1491,7385,128,1102,87,1391,212,1547,52,43,18012,371,1333,805,808,16355,8,1401,19,95,340,973,133,784,52,277,549,13,3,4034,4481,39,71,45,2,32,251,44,4513,54,277,250,163,67669,793,1,156,10,301,325,374,1205,8408,269,20,14,1674,12707,666,226,552,12,1,435,7097,9301,4,312,17,12,1275,802,1,17,5,7,32,7889,24,211,176,277,1
TCGA-78-7154-01A-11R-2039-07,1838,836,133,55625,387,475,26,6,3654,36,1328,2,13,38,1800,38686,131270,2443,54,436,4,122,1291,616,162,69,247,818,414,1583,65,426,145,2421,252,352,76,386,2134,182,682,277,1476,2640,11,1484,14,333,67,747,103,1432,59,501,600,64,3,4415,4317,24,180,61,24,28,188,551,5044,144,96,1235,40,12058,1755,17,375,30,114,408,223,1477,3480,358,8,12,918,2783,68,140,2165,7,2,581,4587,10532,1,325,14,50,1459,316,5,9,1,8,25,7112,8,71,370,64,1
TCGA-49-AARE-01A-11R-A41B-07,639,1079,86,177,712,886,5,1,1654,20,410,10,4,1,2589,996,1227,1902,17,23,2,46,211,308,328,110,65,226,1299,1335,29,1120,103,1088,371,256,10,90,37630,511,257,219,156,3067,3,1226,5,39,273,760,5,414,25,476,499,3,1,2536,3778,7,59,118,19,10,188,26,4076,38,45,402,34,10085,297,9,44,16,34,213,34,1207,244,20,34,72,397,8564,24,181,267,1,0,350,935,15480,2,270,9,76,309,477,1,4,0,1,15,4035,3,14,32,65,1
TCGA-95-A4VK-01A-11R-A262-07,1077,829,141,329,1630,898,11,1,1156,33,746,14,4,5,3060,1628,2196,3802,50,16,1,111,325,202,1173,38,96,308,405,3612,23,857,188,1806,333,196,9,180,35625,484,282,181,608,2000,3,1268,1,243,260,518,52,1256,23,354,602,141,1,2558,7770,7,64,45,6,24,86,140,18291,55,63,464,29,9237,1537,1,96,25,67,410,191,891,1418,46,3,4,387,6090,37,217,1254,11,0,954,951,25104,1,336,13,115,1031,1797,2,131,0,7,32,5716,3,57,175,177,1
TCGA-99-AA5R-01A-11R-A39D-07,13934,4723,1064,20342,2006,6338,118,12,15363,212,7691,104,68,303,13294,9147,40081,16151,240,7206,69,578,8016,2668,2613,1153,1441,5499,2017,7433,495,374,1056,14460,1363,4391,343,2712,4285,2724,10733,1271,5028,12548,401,8634,106,1662,65,1501,1015,2671,361,3326,3339,1075,138,13707,1624,864,630,2312,1526,152,3109,3980,682,4160,1001,7686,1994,720181,20034,234,1806,341,1286,3474,1061,7339,13366,1149,117,246,9081,802,935,2410,16738,95,54,4706,63796,29237,62,1728,137,331,9785,5663,172,461,27,30,206,32606,71,530,3080,6233,1
TCGA-97-7938-01A-11R-2170-07,2615,3841,138,2631,911,666,79,4,4961,51,1192,12,8,5,2032,3879,5216,3564,79,27,24,95,5314,1353,519,106,334,508,435,4641,109,404,77,2989,328,2275,1042,313,6842,739,1645,415,871,8927,21,413,10,809,19,723,193,3690,14,369,639,138,16,3607,5266,10,80,280,99,39,100,465,1320,2,117,822,397,75762,3891,1,53,42,219,2029,716,830,17642,101,7,5,361,1244,103,74,6057,10,5,640,4696,14859,2,613,26,58,2777,53,6,111,0,4,41,5846,9,32,62,59,1
TCGA-J2-A4AE-01A-21R-A24H-07,2990,1250,216,1219,1000,958,31,8,6191,70,1659,14,6,10,5060,3260,4542,2104,133,94,3,93,3218,842,705,1102,186,453,916,3786,134,370,419,3034,283,2258,256,756,5797,1339,822,576,705,6677,13,564,4,629,41,1012,33,1198,8,498,588,290,1,2205,2477,3,238,173,125,44,127,696,2308,154,187,2797,20,9433,2645,10,112,76,1628,1354,152,1348,6214,75,44,10,468,936,187,190,4375,17,1,487,2090,8593,1,596,84,105,2244,324,0,42,0,4,204,6868,4,65,208,244,1
TCGA-93-7347-01A-11R-2187-07,1808,6241,197,3248,687,1106,77,8,4807,101,1691,27,8,15,1733,4106,4419,8926,49,8,2,125,2580,731,1420,119,166,620,1122,6733,97,540,1477,3897,1102,2210,21,335,10582,1345,406,621,361,5264,5,1992,2,504,88,1513,60,1747,11,740,1669,28,4,4710,6879,2,125,146,10,24,201,178,1603,3,290,284,12,4846,2337,1,40,31,471,595,87,1645,7502,107,19,2,238,3376,629,177,3826,26,0,967,1254,17658,0,835,12,90,2195,62,7,6,1,14,35,12092,5,52,65,69,1
TCGA-62-A470-01A-11R-A24H-07,630,281,75,2312,157,265,29,5,2736,11,657,1,6,5,1449,1092,2065,792,18,135,8,111,590,273,97,156,43,157,328,3425,42,304,82,667,79,455,29,116,5718,168,1402,166,332,2338,11,461,12,102,99,197,36,421,19,143,233,30,3,844,1947,22,74,69,11,37,79,151,4351,94,103,150,188,29418,458,5,62,8,67,172,286,259,1529,115,17,7,587,1908,62,78,866,12,0,241,2097,4929,4,123,14,71,544,196,4,16,0,5,110,2632,2,45,98,61,1
TCGA-78-7148-01A-11R-2039-07,522,1013,151,1845,510,357,2,2,6897,22,734,4,0,2,1600,3159,3163,2763,32,5,0,71,622,456,63,185,91,377,390,2709,78,452,53,1375,356,909,23,35,43215,266,869,227,808,4111,5,1324,0,125,163,675,38,1322,2,431,561,28,0,2757,3193,9,68,13,5,8,123,169,30223,157,24,208,175,1385,1787,54,79,1,49,385,47,796,3470,90,0,2,356,5331,55,83,1872,18,3,701,618,11343,0,175,20,23,968,432,9,50,0,12,246,8144,0,104,104,46,1
TCGA-35-3615-01A-01R-0946-07,1638,1462,200,1461,1301,518,9,8,3132,60,821,12,17,10,2121,7094,6373,1774,42,30,2,119,1163,748,292,77,112,549,1362,15979,36,956,139,1184,407,2554,20,77,17629,1081,347,315,852,9125,3,1639,1,606,161,983,34,1508,6,505,780,50,0,2040,3338,18,45,50,3,13,376,167,1076,95,133,236,12,2706,1277,6,87,3,143,369,65,1070,10322,84,5,2,387,9548,211,123,1424,21,2,750,3027,15016,1,522,12,42,1207,77,0,13,0,9,182,9518,1,39,272,67,1
TCGA-MP-A4TK-01A-11R-A24X-07,2929,1645,256,767,793,2010,109,10,1554,65,1312,32,0,27,2707,4643,6028,3043,61,36,2,167,632,1069,152,87,152,562,867,3594,116,669,247,4702,782,244,10,179,16598,728,1137,391,561,3525,13,1628,2,266,194,669,41,1870,78,688,1140,49,4,6194,2427,26,74,61,52,4,108,193,1229,84,863,493,106,22765,1251,0,144,42,530,527,405,1077,1144,65,5,8,708,5943,779,444,2008,16,4,827,2132,4471,2,835,13,146,1542,308,1,5,0,3,15,8914,2,32,79,192,1
TCGA-97-8175-01A-11R-2287-07,545,1959,172,1045,1015,284,3,16,4211,34,205,4,2,8,1779,5551,2636,2106,13,67,8,57,718,476,161,116,53,315,743,4764,75,923,100,663,230,494,129,58,32404,912,700,966,640,9412,6,1387,5,325,353,1221,46,1503,7,326,853,23,3,6317,5007,20,30,151,7,25,134,61,2558,60,88,95,28,12677,392,4,129,4,512,210,149,1004,1775,208,5,4,574,3285,632,95,319,23,1,525,1965,5979,1,287,33,97,249,139,2,39,1,18,9,6873,6,151,139,91,1
TCGA-62-A46V-01A-11R-A24H-07,766,3390,115,30,661,904,22,11,7650,35,1174,53,11,11,1169,814,1369,548,28,8,13,86,58,304,245,65,25,140,1049,7745,59,873,115,1821,357,1602,6,43,4060,200,280,132,363,2000,0,745,3,26,181,547,9,700,37,346,602,13,0,1121,5780,1,143,78,4,4,39,9,5294,3,648,41,13,34,1350,2,45,37,62,255,67,240,9292,47,0,1,116,2806,153,148,61,7,0,229,1634,4786,0,402,7,37,177,79,1,12,0,2,22,5108,0,12,43,83,1
TCGA-05-4250-01A-01R-1107-07,990,1842,198,1106,825,819,31,40,2435,40,2202,44,3,11,1854,7237,8882,2619,18,31,0,190,1848,1264,99,101,100,411,1241,7533,137,740,213,2811,345,318,14,62,19791,195,759,636,649,4101,4,2320,13,182,143,981,316,2249,16,280,958,14,5,8394,8190,4,82,16,20,12,118,60,1825,37,60,583,72,12026,1361,3,73,13,176,573,61,1273,1456,41,3,2,477,6165,370,139,1156,18,0,1055,994,12253,1,624,9,74,554,105,21,6,1,11,11,11587,1,108,98,95,1
TCGA-44-2665-01A-01R-A278-07,664,2279,158,138,767,123,21,47,561,8,2118,18,1,11,2825,4953,4942,885,59,10,0,369,623,252,31,15,11,717,423,3634,151,465,44,968,179,12,26,8,9105,85,341,261,704,3057,26,1364,20,520,49,488,330,1524,1,671,761,6,5,4969,1312,1,20,284,2,9,14,6,991,0,170,20,0,54,615,1,83,12,133,147,64,1014,351,278,2,0,364,1726,61,19,83,25,1,306,62,5269,0,1172,21,8,627,0,0,96,4,11,74,6328,0,56,139,4,1
TCGA-44-2665-01B-06R-A277-07,306,680,65,344,242,54,18,10,443,5,608,5,2,3,189,848,1030,363,19,9,6,137,296,162,2,55,18,152,82,322,54,35,7,265,86,9,10,18,3205,107,202,87,251,756,15,125,1,249,16,200,59,425,0,195,184,37,0,2170,351,1,17,17,1,1,4,16,194,1,7,59,1,300,311,1,67,0,51,27,7,209,812,181,1,1,451,78,19,26,348,15,2,75,59,1125,0,132,41,75,184,3,0,35,1,0,34,1138,0,11,106,3,1
TCGA-50-5044-01A-21R-1858-07,1031,981,194,611,245,598,568,7,2745,25,226,12,0,7,849,5356,18793,1531,21,11,6,63,219,423,63,207,36,240,488,951,90,355,25,653,256,644,24,31,6196,86,777,235,468,2075,4,1229,24,39,61,386,40,519,8,195,600,6,1,3777,1280,3,23,17,2,12,92,23,550,33,10,139,152,21809,710,0,144,2,95,1142,230,657,1490,28,5,1,88,1287,20,259,113,13,0,574,1208,5234,0,397,10,8,206,45,0,8,1,1,10,5540,1,114,75,48,1
TCGA-64-1678-01A-01R-0946-07,78,66,177,28,50,69,1,0,527,0,148,2,0,0,1049,259,252,95,5,8,0,90,37,116,149,7,2,58,77,930,31,124,9,162,68,25,1,1,2379,438,89,20,126,640,1,157,0,34,81,62,26,552,10,44,37,14,4,377,2496,69,2,17,0,1,1037,7,3019,35,10,16,1,34,189,0,43,1,57,26,38,157,63,283,2,19,1779,2370,56,15,21,2,4,497,222,4032,2,80,3,5,232,10,0,0,0,2,0,1395,0,15,15,2,1
TCGA-78-7155-01A-11R-2039-07,282,1337,71,2,551,79,0,1,1159,6,104,3,2,24,216,300,633,655,8,4330,0,70,5132,2032,380,160,3,105,88,983,543,496,700,178,72,2,14,20,11345,1314,243,140,149,1407,0,329,0,275,245,161,3,2026,0,876,167,2,2,7917,3642,259,7,34,0,72,9,0,888,46,8,50,0,4,135,0,80,1,8,59,10,345,15,8,47,8,1628,3990,19,24,39,120,65,652,242,1082,1,94,11,10,71,2,0,205,0,84,28,2065,6,4,13,12,1
TCGA-78-7220-01A-11R-2039-07,496,762,116,268,629,331,87,0,1868,93,531,5,1,2,1205,5040,4386,10239,75,37,0,189,413,700,67,344,65,598,231,3158,33,535,60,1120,230,53,18,69,49055,129,555,334,638,1679,26,1571,2,113,63,566,14,1535,6,569,744,18,1,2853,5736,11,42,23,5,75,203,129,5935,194,444,268,20,5665,972,5,94,1,41,572,72,1056,1410,32,1,15,604,1305,35,122,592,9,3,751,810,4162,0,480,42,43,234,107,0,36,34,2,16,10944,5,73,149,79,1
TCGA-80-5611-01A-01R-1628-07,78,763,247,4,711,133,0,0,754,31,203,0,1,10,1737,1314,535,1025,1,2,0,137,678,175,156,299,8,37,610,3104,10,632,21,91,72,3,3,10,7933,305,588,836,35,6469,6,706,0,45,365,360,220,759,2,88,776,0,0,1377,2125,1,11,61,3,0,17,16,898,2,5,40,0,19,705,0,8,2,63,27,3,195,126,9,3,0,332,5330,63,70,6,4,1,203,42,3517,0,2113,7,15,22,372,0,4,0,5,73,1966,0,18,5,4,1
TCGA-93-8067-01A-11R-2287-07,1171,1247,193,1830,530,636,27,8,4753,31,772,16,6,11,2394,3061,5602,2702,28,53,8,195,975,1096,200,149,66,521,625,3923,82,620,236,2063,502,511,41,169,46470,319,842,511,720,4016,21,1781,14,279,169,616,124,2142,41,459,1055,14,9,4518,13657,35,169,86,9,64,177,66,11778,61,157,550,237,53588,1207,2,147,12,189,501,490,1180,3002,336,43,16,771,4491,264,162,440,8,4,1278,4311,14102,2,636,45,51,804,301,12,27,4,3,29,10474,12,126,251,171,1
TCGA-44-2661-11A-01R-1758-07,17612,8651,909,61697,5848,5903,473,98,19109,350,14859,326,179,121,15006,18472,75896,58252,237,4469,129,1210,20631,5498,4212,1066,1656,4405,3825,15749,459,263,5778,24230,2399,5247,941,3044,1953,7713,5414,3146,4430,24811,397,9128,242,3140,37,1745,3255,8123,1134,2210,5044,1631,156,23757,1720,1758,3107,674,197,363,2079,4201,427,810,3648,2746,2747,1013044,9995,81,1186,519,1684,4114,5077,5581,30203,3054,176,1396,15562,423,3607,1045,22122,232,98,8212,163147,67116,94,5361,139,708,12612,5845,237,600,21,63,523,41913,270,387,2172,2331,0
TCGA-55-6986-11A-01R-1949-07,31503,11022,2158,58272,9286,13918,523,46,18486,336,27265,315,171,519,22376,34862,115474,60957,660,41254,146,2270,34396,11874,5836,1810,2431,10337,4298,18307,907,446,5351,24583,3933,6537,1282,5054,7291,10056,17486,6125,16958,40765,723,21109,638,4799,37,3164,4445,10651,1878,5217,8051,1820,193,38924,3532,2256,5706,1484,3510,675,4650,4762,696,3123,2261,17379,2010,720077,31427,778,5016,719,4834,5411,7360,11738,33721,4936,1489,1445,36121,235,2666,3411,38457,178,117,13629,238756,120955,171,9991,254,1404,31832,23263,421,761,42,60,1346,66971,345,2956,8261,7451,0
TCGA-49-6744-11A-01R-1858-07,14969,9078,1252,45842,4368,3302,384,59,22603,278,17930,264,80,238,10894,15342,46123,22243,277,9123,106,1138,13970,4430,1373,1396,1520,5888,1274,13055,927,138,2382,15650,1433,2751,626,2067,1340,3174,11360,2138,8737,23401,244,7333,153,3663,13,1819,2911,7896,395,2227,3881,1361,238,19974,1111,856,1736,720,1050,74,1885,3752,214,2989,2206,11004,3755,731364,26412,105,2481,488,1719,3951,3118,8811,22247,2913,139,409,9248,195,2480,522,24449,55,60,5548,58625,44606,65,4802,385,554,19386,4295,129,293,24,40,528,40731,74,443,2605,2635,0
TCGA-44-6776-11A-01R-1858-07,9920,7398,803,44751,4399,5322,181,30,30955,142,7886,188,151,116,14483,16140,56524,26231,218,17562,176,1044,15058,5671,2885,1968,404,3761,1314,14838,1284,132,2410,7269,1339,6703,892,1149,1686,4002,8504,3050,10203,27688,690,7170,339,1137,11,1574,3006,9139,603,1563,2525,388,277,19800,1210,1395,1782,1600,908,86,1700,1124,217,2047,1287,13751,5752,886384,21326,195,2239,199,2632,3696,3683,4508,28806,3317,301,714,14705,164,1076,624,9203,150,90,4991,97239,57439,105,4410,385,622,10070,5278,82,314,32,60,636,29762,241,776,2661,2104,0
TCGA-55-6979-11A-01R-1949-07,3988,3255,311,29009,1536,1086,92,7,14653,147,1242,74,40,70,6152,8073,27435,8540,105,565,49,287,8318,1855,1258,799,460,852,1009,6816,374,80,1132,3179,542,2788,222,386,1009,2748,1328,2079,1537,13455,102,1459,75,961,11,1087,621,2718,198,612,1568,215,48,6906,907,224,313,615,43,114,383,897,168,308,1133,2740,1079,401710,5689,12,505,53,1166,1041,2141,1937,17013,1110,64,120,6050,146,1729,225,5346,116,12,1733,31711,23866,15,1543,134,172,2924,1984,19,124,15,46,249,11445,106,115,551,648,0
TCGA-44-6146-11A-01R-1858-07,15188,5620,794,52167,3464,2439,191,61,22831,144,10137,66,113,335,8293,14896,48202,24165,389,1471,71,729,19435,3912,1637,1445,1503,2392,2105,11640,930,120,1841,14717,1608,2693,431,2655,1231,2659,5314,2434,6395,20685,272,3357,99,2937,18,1217,1851,5772,372,1783,2904,1563,121,18107,977,874,1491,1388,284,120,1419,2289,187,1225,625,6601,2902,714219,12595,51,1047,285,1327,2977,1661,5014,18234,2652,103,950,6725,152,1548,725,21401,172,40,4267,59664,42587,49,4255,289,564,13793,3102,42,470,22,78,352,24837,115,298,1192,1066,0
TCGA-50-5939-11A-01R-1628-07,15207,8051,1036,31239,4391,4922,810,116,25621,391,11648,436,122,237,16892,13700,45377,26915,289,7383,125,1220,13390,4108,2237,1086,1632,5550,2276,13400,757,123,4343,17991,1786,4094,716,2381,1256,3493,8421,3429,9247,21296,388,7583,246,3533,20,1870,2378,8863,484,2748,5578,711,434,23753,1112,669,2325,1011,62,205,2651,3232,201,960,3358,14190,4389,831194,15660,208,2178,307,1465,3875,4981,7228,17807,2924,161,650,14554,176,3852,1122,20838,165,37,4854,86408,45905,119,4038,201,574,13482,9618,183,256,22,61,482,42590,123,376,2659,2445,0
TCGA-91-6829-11A-01R-1858-07,6191,5263,710,21633,1673,3132,289,124,11380,262,5150,965,139,68,6270,8822,25958,11066,96,2245,47,448,8669,2294,1855,761,634,1463,1972,11874,162,194,2290,4663,737,4023,408,771,1983,2096,3010,2436,1860,13437,86,4501,177,875,25,2206,521,2909,348,943,4007,208,11,7541,1254,540,1144,622,244,81,988,626,348,968,11361,2746,3635,891401,3897,135,579,88,654,1267,9010,1565,15924,1159,133,207,6337,150,12162,291,6317,107,51,2203,49325,32813,47,2558,145,256,3359,4692,23,249,6,30,319,31024,75,286,1292,463,0
TCGA-38-4626-11A-01R-1758-07,19987,6346,1087,51248,2276,6227,390,358,24713,531,8019,953,261,120,31458,17423,45598,11240,175,15401,75,751,11810,2185,3614,1305,999,4000,3762,23345,421,287,2862,10645,1874,10191,521,2010,3171,1918,8206,7818,4331,27155,155,12940,135,1922,31,3160,1143,4387,531,1537,4774,336,13,11172,2205,561,882,897,1350,175,2321,1452,460,2425,12816,19206,5659,1355725,12317,299,1762,164,2279,5474,31911,5948,25979,1107,319,177,4653,422,23308,1068,16898,177,19,4551,78159,49999,91,3683,345,344,6014,3699,32,374,15,64,232,50558,148,637,2179,1716,0
TCGA-55-6980-11A-01R-1949-07,10059,3900,662,32990,2276,2552,147,86,22304,95,7984,145,97,139,6450,10172,39619,18815,315,2173,111,619,12836,3002,1864,1464,889,1974,1660,7501,830,129,2521,10142,970,3060,417,2146,938,2522,7821,1923,3932,15764,297,3980,151,1833,13,676,1403,3894,314,1741,2190,989,187,11067,848,1059,961,1686,860,71,1179,2039,124,2016,1141,3903,2680,877146,9187,77,830,314,1219,1594,1725,3644,11832,1900,207,597,10052,112,1739,960,13745,71,77,2831,64715,42257,47,3533,250,355,9015,5530,46,369,16,30,346,18408,64,383,1401,3611,0
TCGA-91-6835-11A-01R-1858-07,11975,2481,447,17764,1852,1690,138,11,9176,58,10794,39,37,102,2309,8644,28799,10336,311,61,41,214,12318,1847,1582,507,404,1069,2027,6899,303,242,1148,5347,1282,3040,423,1162,3999,3234,1787,1129,1018,9087,525,1597,104,3648,26,814,1111,2785,199,1460,1670,239,34,7392,1601,248,941,549,79,146,1081,504,697,94,221,1257,974,388955,4930,10,332,757,516,2142,641,1370,20040,1095,255,1320,2400,321,577,315,18083,142,13,2550,35222,32600,10,4239,74,193,4407,7540,14,243,5,50,321,12258,53,141,285,361,0
TCGA-55-6982-11A-01R-1949-07,9029,4809,801,37282,3154,2833,369,44,9534,179,13044,84,91,149,5611,15545,47157,21964,291,8829,45,670,18033,4304,1872,1128,1250,3880,2364,8768,393,146,2489,9649,1138,2154,555,2301,1349,3498,7795,2119,4698,16103,356,5535,121,2954,15,1345,1747,5566,491,1549,2895,1272,95,17842,1163,270,1612,746,596,159,1548,1491,306,1308,663,3987,1367,400007,8853,162,1604,310,1103,2159,2050,3561,21714,2731,203,865,14057,190,1553,941,14419,122,21,3815,58399,50677,55,4223,111,640,6167,4644,36,482,34,48,279,26158,133,474,3163,1209,0
TCGA-44-3396-11A-01R-1758-07,38714,17037,1933,80719,5827,9291,477,188,42660,692,22559,687,193,381,34220,28021,88870,55536,546,11959,177,1365,28115,5453,3589,1520,2431,10523,4586,24441,829,369,5490,32584,3351,7486,1455,5386,3639,6869,12507,6551,14527,37474,489,22923,280,7149,32,3804,4635,9186,1435,4839,9499,2095,117,41394,2396,1221,3441,821,617,402,4393,3813,461,5395,5600,30985,3881,1242359,37939,357,4046,627,2442,9522,10216,20465,39861,4434,296,711,12338,514,9260,2674,26096,201,52,10320,147481,89673,114,9381,355,878,18403,5394,167,738,27,78,677,94661,212,963,5965,4754,0
TCGA-55-6983-11A-01R-1949-07,4794,3804,237,35850,1975,1360,399,157,36161,108,5686,131,79,89,4661,9730,30980,12703,129,378,103,501,9869,2195,1168,1094,338,1008,1363,8259,976,128,1593,4164,676,4358,574,609,1956,1649,7851,1993,2613,23474,134,1732,103,1368,4,916,967,3379,364,640,1706,205,93,8034,1078,435,632,736,392,81,404,614,198,536,2369,3075,3000,682026,3898,18,344,70,1145,1127,4887,1650,19488,1390,106,354,5030,169,2633,249,5756,104,21,1730,48899,30768,36,1954,204,288,2275,3114,116,223,13,25,334,13594,45,134,294,925,0
TCGA-49-4490-11A-01R-1858-07,19422,3785,731,52191,2197,3631,382,207,19963,163,21044,283,149,462,16402,27128,80714,16595,317,5522,236,1100,12600,1855,7451,1170,1039,4507,1580,19178,1133,93,1011,11473,1179,8414,508,2479,1381,1521,12688,2656,10672,29841,246,6402,492,1639,19,1606,4695,3817,320,2170,1808,861,258,12377,1125,1957,515,823,809,81,4963,3410,126,3492,2728,5487,2652,1357755,13919,103,2837,288,1210,2217,12255,9375,24216,979,279,1278,9588,197,6038,743,38612,115,100,2818,127526,35172,64,3130,525,162,32199,3319,19,174,41,44,423,30201,233,669,2713,3264,0
TCGA-50-5933-11A-01R-1755-07,16166,8123,987,51564,3320,2900,552,131,44239,159,15374,291,161,200,16776,15662,55226,24738,318,4059,120,1051,19727,4026,2104,1339,679,4371,2335,11893,1283,161,1217,18397,1909,3842,826,3919,1651,2887,12426,6832,7202,29318,459,5702,88,3497,9,1763,1859,7029,440,2595,3093,1532,204,30972,1392,512,1257,1046,1978,119,1341,2878,172,1514,2439,31054,2699,984211,15990,59,1523,377,2508,3850,4241,11463,25818,3378,235,343,7179,139,2543,1070,15747,78,13,3727,79554,58355,111,2686,242,598,5907,9635,234,238,28,41,373,39737,83,387,1986,1570,0
TCGA-55-6970-11A-01R-1949-07,11934,5518,626,31532,3058,2467,147,28,20177,203,8486,22,57,193,10405,12804,40278,26162,269,10513,98,815,10334,2786,1466,1163,1267,3219,1382,11172,877,118,1899,6930,1262,2698,515,1064,1053,3409,7604,1964,8571,19100,340,5647,157,2882,15,1402,2131,5161,348,1981,2708,760,188,16095,1239,621,1375,974,730,190,1361,1823,229,698,338,7728,2474,522933,12618,198,1743,188,1052,1588,1545,5105,18562,2221,140,413,16512,110,775,754,10834,129,46,3578,64379,34962,80,2390,130,438,7976,5239,55,237,17,43,419,25615,134,402,2907,708,0
TCGA-44-6148-11A-01R-1858-07,28288,7649,1393,58457,5799,5447,680,143,36497,353,20148,238,184,458,11630,19155,76222,32082,563,7463,139,1254,24397,5177,2942,1900,2834,4679,2444,17654,1093,219,4311,22723,2774,6392,1017,2319,4323,4300,9948,3386,9830,26255,528,7402,315,5396,29,2133,3268,9244,726,3171,4551,1398,259,24021,1953,1453,2026,1889,692,173,2602,3009,471,1853,2091,5281,2588,1017243,18094,186,1902,354,1814,4032,3221,5922,24216,3756,585,694,17412,227,4565,1287,25004,253,95,6559,100707,66717,138,7376,388,870,13504,9432,311,655,33,110,646,40753,169,616,3097,1751,0
TCGA-49-6743-11A-01R-1858-07,17386,5481,547,45875,3261,2330,364,129,24700,210,10927,600,171,246,11790,15254,51637,18655,304,901,136,793,13399,2693,2837,1005,801,2418,1896,14924,684,134,2220,11217,1242,6652,422,1602,1332,3335,8952,2370,3421,21508,156,3098,226,1881,15,1878,2963,5113,441,2014,3490,676,148,17350,1204,826,974,823,1444,121,1222,3167,147,182,3767,5774,3481,1292746,10336,7,502,278,1466,2290,12416,6177,25990,2131,163,806,8736,272,4700,500,25423,155,38,3604,64249,30444,52,2964,290,383,13614,1824,167,235,28,52,338,34737,182,163,332,1907,0
TCGA-44-2668-11A-01R-1758-07,12422,9851,968,44750,2381,3988,217,188,48903,499,4754,618,182,116,13331,13622,39674,17386,157,1011,131,571,13333,1890,1989,1089,900,3556,5485,21062,535,298,4156,13518,1673,5078,532,2251,2437,2999,7513,5705,2919,27316,99,8951,123,1280,36,2829,954,4131,332,1602,5064,322,27,20748,2090,252,1866,523,150,134,1649,801,293,2200,7168,22226,8240,1791522,10524,22,699,154,1717,5147,5287,12132,30030,1420,133,56,1546,555,12100,675,6499,89,5,3401,32144,52381,33,4136,382,225,4101,3652,67,357,9,37,160,50446,55,151,1508,1678,0
TCGA-44-5645-11A-01R-1628-07,19995,9561,1281,32909,6213,8167,348,128,24936,293,8355,276,215,532,12272,23680,83256,44960,441,36905,272,1577,22961,5629,5066,1047,2057,9951,3022,15631,1087,229,7990,17285,3171,7945,597,4073,1744,5139,10538,3196,13046,35410,464,17142,418,2180,35,2094,4617,8528,1232,4803,6268,1674,373,25866,1600,2529,1750,2509,1967,572,6003,3677,390,1932,3658,5848,5374,1520700,15207,887,3617,705,2031,4108,4961,9463,23899,4170,382,1490,23983,230,3249,3011,23188,332,132,9611,173739,67450,181,5451,178,658,12421,15049,557,771,58,120,736,54145,303,2010,7191,2876,0
TCGA-55-6984-11A-01R-1949-07,24489,8313,1001,111865,7726,4528,698,257,39413,269,16772,216,507,361,12745,45568,157179,70790,415,2187,240,1833,39605,9104,8152,1851,1535,2546,5837,25427,1300,272,5963,15166,2545,15243,2114,2272,3062,13942,12014,6455,5518,58813,788,4331,544,5515,29,2560,4186,10929,1670,2725,3272,2048,92,32661,2532,3107,3734,1405,539,398,1564,2750,543,827,6205,2080,4008,1746356,16161,63,1578,274,4443,1904,19456,4017,71320,5481,628,2111,40670,254,8013,1155,19653,344,171,9886,302089,134574,120,6949,331,1188,9872,17074,720,1300,40,65,1076,33102,555,835,1318,1591,0
TCGA-49-6745-11A-01R-1858-07,9644,3903,498,64090,3107,3186,261,165,21051,195,17308,203,178,140,8986,22097,56953,17369,219,1699,180,988,18043,2602,5677,951,587,2659,2070,20412,880,153,1464,4755,1423,9584,659,925,1912,2681,16843,2761,5181,25342,129,5563,349,1577,30,1131,3429,4471,461,2325,1837,493,163,14469,1150,1944,796,862,1066,114,3427,1145,156,2842,2496,7328,2946,1767705,12231,35,1545,189,1362,1438,8403,6598,22778,1765,343,1016,7858,234,6417,701,19462,182,95,3057,156542,40626,99,2838,477,302,7785,11915,146,440,61,81,546,25242,233,616,969,2396,0
TCGA-50-5932-11A-01R-1755-07,15502,7251,818,43049,3610,4339,360,168,21534,196,12370,432,201,237,8192,15412,58454,27384,234,5835,57,727,22753,3730,2269,946,1557,3965,1842,10810,555,107,2779,12091,1631,2039,684,2637,1006,2956,6919,2857,6107,20679,256,6090,205,3174,15,1485,2656,5592,510,2285,3367,1048,160,21779,881,1376,2263,1111,812,117,2277,2235,149,2005,2218,8599,2401,838899,10032,175,1472,254,1641,3299,2748,4787,20666,3169,159,709,10485,98,2798,854,21409,141,85,4965,83954,34340,94,3829,235,607,10818,7650,115,361,26,48,506,33553,145,505,2360,1789,0
TCGA-55-6978-11A-01R-1949-07,10263,4752,669,31670,4093,3488,328,56,18514,117,9582,147,115,118,9478,14601,49016,20985,138,6798,65,860,15848,4100,2668,1068,822,2672,2289,9634,510,151,2385,8020,1249,4097,623,1746,2052,2665,3573,2632,7163,21139,317,5504,281,1874,22,1324,2314,6392,494,1499,2852,660,123,18043,1214,927,1076,1027,640,147,1399,1436,191,1104,1485,6834,1807,535356,8816,127,1471,238,1304,1914,3799,3937,17205,2261,361,423,13900,122,2061,982,9851,135,63,4281,68635,49972,190,3024,179,486,7514,5692,103,237,42,34,491,24916,163,456,2477,582,0
TCGA-50-5930-11A-01R-1755-07,11171,4882,846,61178,2960,3370,243,190,33097,210,11158,501,184,200,10746,12869,49624,26039,137,2713,64,666,16598,3277,2230,1441,1065,1984,2636,13564,657,150,1570,12029,1658,5735,562,1474,1360,2939,8452,2464,3837,22486,224,5157,169,2194,32,1462,1911,4087,445,1250,1609,727,49,15454,993,1158,880,707,634,126,1865,1479,111,2045,2304,11152,4679,1177747,9795,47,927,224,1151,5208,5338,4551,21915,2470,155,203,3755,108,4863,508,9844,80,53,3209,80449,60278,65,5841,322,371,12430,6051,20,395,9,32,288,26217,85,419,935,2660,0
TCGA-50-6595-11A-01R-1858-07,21120,14209,2089,81802,8286,12972,686,171,41035,626,10697,226,207,380,17842,34146,107222,57889,518,45047,230,2593,26447,10024,4347,2465,1799,11407,4527,19643,1404,262,5211,23463,3636,5416,1320,5775,1878,4874,9907,5563,23751,41813,808,18360,380,4262,37,2551,5148,12611,1717,5233,8352,1411,464,43428,2018,2775,5245,1631,1166,356,4399,3899,362,2573,2189,15189,6036,1368551,25374,710,4978,549,2741,6870,5955,14087,31110,4784,523,2442,23302,204,3801,2789,31801,317,175,9953,178698,115230,197,7601,458,1274,21506,13309,135,854,54,100,727,72726,219,1606,7378,4034,0
TCGA-38-4632-11A-01R-1755-07,3543,2843,241,21502,748,852,32,18,26693,62,2454,4,161,104,6337,9662,25124,3010,122,572,177,329,6481,887,1620,750,377,1276,892,11587,822,117,493,4206,546,7501,251,992,1111,583,9828,1616,5384,24430,94,3508,93,1059,13,987,930,1937,21,1053,636,302,87,5421,1036,228,121,373,514,58,1341,1351,286,927,18,3008,2185,587758,5937,29,528,64,359,1006,465,3569,33511,317,27,33,1056,311,71,304,7164,85,9,1058,21208,14929,25,1532,125,85,3512,2931,10,103,6,22,123,11936,189,96,400,974,0
TCGA-55-6971-11A-01R-1949-07,10476,5220,577,42585,3087,2635,282,146,38976,220,11343,577,168,127,5464,14028,40681,22468,184,2268,101,997,19089,3883,1878,1790,677,2283,2282,12505,1098,157,2317,9316,1205,6020,279,1233,1466,4040,6751,2843,4294,29519,309,4728,169,2733,18,1443,1715,4994,583,2027,2689,658,83,15204,1113,780,1025,2746,322,178,949,1428,226,1134,3500,2896,3493,1107673,6866,73,985,176,1191,3408,6732,3223,25093,2297,220,855,12405,214,3845,754,11284,95,64,3286,47822,60019,64,3100,317,551,4384,5151,91,753,32,58,475,22890,123,329,1300,1710,0
TCGA-49-4512-11A-01R-1858-07,10250,1876,322,55195,1488,1956,194,104,19307,179,7185,84,125,142,4824,24194,70389,12681,116,975,145,754,12247,2084,5677,736,509,1112,1214,12234,1158,110,901,5578,752,5133,431,477,1931,1432,4553,2170,5699,29460,106,3011,292,736,19,1000,3405,2071,300,1131,861,420,86,7226,1075,1289,376,578,199,75,2324,524,166,1163,1906,962,1455,1200977,5582,32,1096,66,939,1346,9475,2314,35566,834,188,721,7316,298,5373,335,16710,89,71,1820,98558,34705,14,2043,249,67,9325,5781,77,408,41,31,469,18268,245,511,978,505,0
TCGA-55-6972-11A-01R-1949-07,10554,5980,810,26968,3676,5895,279,79,20034,246,10932,119,72,178,9793,12627,46084,24843,253,17826,83,745,13693,3925,2107,1345,933,5414,1584,7444,679,160,2018,8779,1532,2436,629,1522,934,2910,6576,2021,6794,16809,293,8542,124,1829,14,1405,1930,4897,437,2730,3656,664,72,16973,1033,1230,1963,1474,1115,132,1987,1362,193,2523,1366,7911,1991,472262,12831,335,1931,197,2514,3013,3762,7248,14866,2457,226,727,10593,108,1780,1720,13501,120,78,4634,66350,39063,81,2791,245,514,8258,1822,100,474,14,25,455,33976,82,860,3276,2045,0
TCGA-44-2662-11A-01R-1758-07,24539,9420,1004,47333,4935,7727,476,54,35665,359,15746,397,177,501,30850,15793,73106,49509,510,13833,174,1231,16971,5397,4344,1288,2639,6142,4104,18211,808,209,4356,26335,3089,7612,773,5506,2085,8381,9085,5325,11430,34059,501,11984,259,3981,14,2503,3263,7912,1293,2610,5159,1442,500,25684,1413,1083,3979,1009,386,472,2954,5237,314,1965,3413,29846,6526,1888023,28244,276,2375,529,3455,4508,2779,8709,21713,4078,350,790,15278,428,3392,1843,21826,175,41,8829,159844,72234,145,4738,279,659,24504,20383,228,335,38,82,517,50141,212,708,3946,1974,0
TCGA-91-6831-11A-02R-1858-07,8216,3978,590,24627,2602,2219,153,47,13793,142,10379,71,125,120,7894,13588,40359,12336,199,8422,69,900,12957,3002,1735,732,361,3933,1031,5601,544,57,931,6788,861,1773,542,1467,645,1611,2698,2176,7170,20952,344,4145,166,1916,3,1060,2114,6064,369,1985,1884,660,65,19635,584,747,1024,577,302,76,1708,1349,63,1522,776,13264,966,327609,9877,86,1821,125,1306,1571,1712,6522,14416,2015,156,514,10626,54,1179,512,9937,73,41,2934,53198,37010,178,1196,130,418,4977,3031,90,209,30,34,548,23670,100,340,1866,1300,0
TCGA-38-4627-11A-01R-1758-07,28598,4741,775,22709,1781,4936,479,231,16504,203,9672,348,191,245,32450,18740,52934,18975,431,8243,107,771,9313,1275,3644,532,1552,3579,2917,15980,539,156,1259,17970,1834,4581,456,2720,1280,1567,8661,2916,6208,21885,82,12475,202,2640,20,1665,1857,2473,517,2615,2238,749,55,11616,1314,633,765,630,1160,298,2501,3124,253,831,5124,5391,1657,756297,10385,237,2393,96,1058,2753,31492,8534,30972,1193,126,317,4389,717,6768,1548,24008,93,25,3475,63655,28510,79,2240,125,67,22423,1653,77,214,19,30,113,40443,189,656,3851,757,0
TCGA-55-6985-11A-01R-1949-07,17575,7207,1614,25169,3699,4295,506,39,32727,469,14202,364,144,513,15039,19503,60442,24160,428,4866,112,1362,14380,4286,2696,1231,1994,5392,2624,21698,1207,287,2230,19444,1806,7595,1000,4625,3934,4689,13102,4204,9347,34721,405,9478,172,4570,27,2466,1947,5934,445,4381,5324,1672,21,21475,2235,844,2486,1061,115,218,2512,5545,524,3210,3806,9529,3790,893134,17067,275,2339,451,1809,3393,6184,7586,37149,2568,324,958,28076,450,5579,1433,26672,258,57,4398,77799,47124,62,3876,181,587,13727,2546,186,614,20,81,792,45652,110,1016,4246,2229,0
TCGA-44-3398-11B-01R-1758-07,27460,8714,1763,50528,5641,6015,858,449,24965,350,20114,781,280,608,15720,20868,89847,42645,716,4115,129,1385,29928,4857,4183,1077,3180,6598,5999,20692,529,346,5528,26599,2990,5197,1085,6092,4030,4413,18072,5264,8465,36147,1065,12421,347,7328,36,2733,4173,9146,1082,5547,6395,2694,78,27365,2250,1686,2542,954,2317,396,4574,4503,525,3746,6689,7225,4469,1164929,16004,146,2424,1608,1776,5604,7805,8713,25710,2963,330,3439,14518,438,6769,2230,45313,312,81,8196,137171,66938,203,5428,238,659,15205,32399,239,726,39,119,469,55803,242,782,3310,6946,0
TCGA-49-6742-11A-01R-1858-07,6239,5172,333,36778,2260,2117,384,318,34848,231,7397,199,160,84,4332,13079,47969,17104,162,54,111,415,14740,2510,2548,635,400,916,2508,13012,269,199,2484,5078,1168,6933,729,1049,3886,4396,3422,1698,1971,21046,118,1990,202,1189,30,1563,1283,4022,286,1704,2477,286,211,14812,1638,428,781,435,182,107,752,660,338,157,2871,3096,3155,1248921,9569,4,397,97,1326,1890,7897,3166,33849,2057,205,289,6094,297,4702,313,4998,267,18,2183,40602,41487,29,2481,290,225,4913,3348,24,240,24,85,400,27367,77,79,117,409,0
TCGA-44-6147-11A-01R-1858-07,17645,9515,1209,42215,3984,4911,328,103,28827,169,7647,255,142,168,26834,21046,68521,25095,401,6069,181,871,16468,3531,2347,1407,1210,5577,3734,8700,1200,170,2217,14163,2403,4641,436,2163,1421,3227,5388,4544,9477,24305,369,10459,304,2106,16,1710,2496,7913,805,1996,4166,1192,218,46571,1338,427,1690,946,367,135,3580,2165,156,1480,1987,35239,2796,1106797,25431,33,2768,165,4187,5030,4904,15875,18454,2508,500,263,4905,226,2599,951,12973,72,25,5430,88350,73539,167,2652,336,621,7654,3089,84,119,45,47,520,43262,141,529,3381,1076,0
TCGA-91-6836-11A-01R-1858-07,6741,5336,508,25993,2648,2383,261,67,19061,206,5983,547,147,133,6913,10394,36872,13228,94,6645,80,794,11589,3007,2251,817,656,2767,1175,9810,747,126,1776,5632,902,5573,525,726,1336,2571,5772,2431,5005,20408,153,4230,223,1458,12,1520,1097,4705,233,1519,2340,450,61,12824,885,690,968,923,407,148,1254,1123,163,1020,2620,4273,2854,560013,8461,136,1173,90,1090,1557,4196,3314,24093,1814,205,382,10183,157,3754,340,8539,179,35,2534,41896,34627,119,1925,159,398,4357,2347,174,222,24,65,322,25698,118,446,2012,546,0
TCGA-50-5931-11A-01R-1858-07,9982,7042,695,38731,4257,6774,142,23,22531,242,5315,143,176,89,10814,19451,64775,33098,183,15732,107,1490,17113,4613,2841,1000,450,5966,2356,9996,723,129,1960,8135,1875,4404,832,2164,828,4078,8181,5193,8911,29317,295,7664,255,1583,10,1875,2965,6438,854,2276,3598,388,327,26120,1174,1196,3010,505,1955,170,2920,1049,109,2772,1121,22068,3183,884638,17544,361,2164,153,2446,3892,2981,8882,18678,2747,321,1367,12152,75,1263,1292,11483,81,58,5714,143379,63299,91,3462,235,713,6346,12751,132,424,18,35,448,39052,106,562,2671,3006,0
TCGA-44-6777-11A-01R-1858-07,11945,4818,679,26043,2176,3909,338,175,23128,266,4650,213,104,212,4599,9301,32736,22038,213,6009,48,420,8905,2284,1601,496,1418,2890,2083,12285,394,144,2719,11765,1334,5620,453,1702,1322,1730,5633,1791,5690,16579,40,6177,106,1820,18,1353,1376,3471,544,1901,2726,431,59,12390,1059,592,1292,228,588,148,1732,1550,204,1493,2022,4525,4569,832574,6890,180,1075,305,885,2615,5970,4103,17234,1295,87,286,3662,325,3662,673,19647,96,28,2795,55844,22450,46,2650,124,241,8673,2946,132,241,6,43,138,32555,45,399,1653,572,0
TCGA-49-6761-11A-01R-1949-07,5982,4689,525,29184,2350,4342,73,16,21558,231,5833,191,95,95,7841,13789,42736,21195,104,9710,149,759,11073,2504,1818,900,854,3486,1206,8519,1031,124,1855,5990,1186,3815,420,1214,1096,2449,3622,1640,5937,21404,128,7009,147,1102,15,1362,1435,3677,347,2129,2072,373,102,13985,992,939,1096,1008,1257,155,1235,1492,154,1780,1519,3078,3170,823859,10361,236,1806,101,1146,2145,2075,5538,21339,1679,112,442,7352,161,1789,975,9983,112,56,2654,64571,31624,68,1774,191,216,8440,8371,207,301,13,37,240,31038,155,602,3477,793,0
TCGA-55-6968-11A-01R-1949-07,3723,3285,310,14168,1378,1830,263,226,31608,193,2865,349,94,88,2811,6000,18385,11117,140,332,88,364,7178,2202,2053,557,412,1022,1495,7452,721,205,2850,5364,647,4536,361,1231,1276,1373,7395,1768,1738,17514,145,3298,109,746,21,1185,749,2573,219,830,2155,320,72,6603,1034,475,632,530,144,98,578,789,214,844,4317,1196,2852,970300,3745,30,484,148,792,950,6179,1893,19802,796,79,418,5751,510,6344,531,6231,149,32,1598,41409,22759,34,1446,105,187,4242,3409,59,240,9,51,147,15831,72,182,492,785,0
TCGA-44-2657-11A-01R-1758-07,9436,5289,378,38989,2016,3578,253,48,28985,285,6570,150,90,129,7980,7757,29021,27164,197,3249,94,553,9582,2533,2863,748,918,2329,2238,13076,487,216,3858,7929,1504,6556,578,1313,1887,3273,6329,1999,4248,21198,211,5656,155,1726,34,1768,1183,3937,711,1618,2712,268,133,12313,1902,1191,2118,753,59,333,1370,1280,433,967,2785,3606,5343,1254029,5078,119,757,185,1280,3475,3649,3948,14059,1479,134,341,6899,366,3574,659,14305,123,52,4071,75081,32943,84,2351,233,306,6972,8452,118,234,13,59,232,23835,87,301,1330,964,0
TCGA-44-2665-11A-01R-1758-07,18532,10621,938,71489,4621,5825,871,110,44189,403,8020,555,173,177,27715,22822,83700,46486,226,3063,148,1329,15713,5496,4496,2424,1370,3640,4208,18688,836,310,4958,27392,2260,12697,1100,2672,3907,8422,10864,4360,5058,30556,297,8542,183,3140,27,3263,4619,7078,1057,2728,7368,994,186,29591,2062,1634,2781,1156,215,309,1568,3709,400,280,6123,11353,7782,2346483,17266,35,1358,238,1971,8237,11687,8231,36286,2924,232,566,12346,881,6808,1423,14793,103,77,7994,153306,91953,111,8051,406,611,14900,10169,25,795,24,42,647,64806,247,323,711,5188,0
TCGA-44-2655-11A-01R-1758-07,31642,14318,2295,49721,7709,13113,538,118,28844,531,26435,504,177,793,29486,32387,121560,69517,742,8009,230,1808,29662,7311,5268,1334,4503,10161,6438,22334,1141,355,8389,44643,3484,6385,1088,8256,3338,9236,13063,5250,15737,39072,667,20502,628,6182,47,3345,5378,12108,1604,6795,10127,2720,531,39827,2696,2824,4281,1314,1311,561,7560,6167,602,4705,4078,11924,8991,1795955,32582,300,3756,1197,3633,7416,6365,14972,36601,5100,348,1912,23650,565,5978,3240,48246,522,124,12591,213881,82114,145,6137,261,786,40867,19511,156,831,50,129,668,78136,327,928,5995,4940,0
TCGA-73-4676-11A-01R-1755-07,9007,4266,630,39309,1762,3203,146,77,21835,186,11540,156,122,195,16442,15306,46435,18183,130,8464,88,699,10478,1573,4575,552,886,3255,1673,11403,566,118,936,9991,1151,3845,699,1304,944,1957,5879,2280,11517,22071,103,6469,236,1173,12,1556,1447,3130,390,2037,1585,474,23,10361,765,954,854,505,1145,184,3934,2214,141,2523,2285,8186,2150,1008831,17753,96,2516,132,1493,2380,2893,8502,27639,1264,181,293,6535,190,4114,563,12071,136,43,2625,70271,31734,115,1229,217,155,15529,7156,192,227,23,33,269,30640,140,709,2591,2081,0
TCGA-50-5935-11A-01R-1858-07,10571,6403,628,38065,3649,3152,369,41,16807,293,5212,201,110,75,8856,15894,49172,40443,162,6289,87,876,14048,3910,1534,703,478,3493,2023,10229,438,142,3138,8352,1355,1961,589,856,1814,4184,3758,1976,7764,21610,218,6102,286,1866,20,1437,2732,6633,907,1907,3178,498,141,22710,1073,985,2584,327,372,126,1914,897,298,1048,1558,3976,3378,482880,9839,145,1824,142,1088,2854,3765,4966,24515,2513,170,573,8008,186,1867,611,12617,144,66,4183,78025,37280,59,3523,200,378,9942,5626,156,340,27,40,341,34925,71,343,1718,1375,0
TCGA-55-6981-11A-01R-1949-07,9891,3938,670,16620,2452,3805,288,37,11040,197,7147,274,50,141,7512,8715,28765,15571,196,1361,74,542,8270,2159,972,1375,743,3889,1289,5902,549,134,1804,11414,761,2907,473,1435,1019,2946,5477,1756,3564,10740,263,4888,99,1987,14,1147,1319,3659,348,1501,3485,772,95,13178,892,461,1631,1041,69,128,1485,1778,281,1139,2120,7327,2121,561255,9579,26,1357,228,904,2388,7619,3845,9350,1552,99,370,7150,89,2155,896,10547,60,30,3279,43954,27098,22,2207,205,409,10038,2839,7,211,14,22,348,27654,85,298,2572,3384,0
TCGA-38-4625-11A-01R-1758-07,26677,7761,1619,57175,3049,9833,670,165,36904,613,12520,824,333,296,19221,18999,62678,21430,204,13666,99,943,13447,3059,4575,1296,2650,5478,3928,25420,731,266,3880,23950,2603,12115,597,2911,2155,1996,13079,5843,8077,42492,144,12716,169,2797,34,3396,2563,4601,559,2912,5032,1775,22,15870,1988,1640,2276,1251,1507,181,4088,4027,353,5001,12103,21480,5880,2163186,16336,391,2421,518,1979,5988,11693,9799,33836,1625,216,629,5292,426,19874,2035,47547,112,70,6115,160257,45857,285,4647,497,340,14892,10971,171,906,16,39,343,49314,139,1126,2656,6003,0
TCGA-44-6144-11A-01R-1755-07,8789,7427,956,56992,4354,7612,105,37,37821,242,6696,156,270,183,15245,14992,58440,28002,282,21508,199,1180,18978,5021,4261,1355,1097,4961,2038,14782,869,170,3608,11062,1909,7502,1380,2248,1147,3682,5561,2911,7043,32252,631,12150,439,1825,19,1879,2033,8721,1019,1899,3654,1040,124,22755,1185,1926,3122,1421,935,220,1841,2813,249,4861,1605,6996,4932,892890,15372,429,2073,313,2091,3243,3625,5972,42898,3870,235,1260,16882,180,1986,1092,11562,266,91,5543,121732,64738,281,3759,268,661,13358,14726,208,441,29,53,742,39664,239,1244,5155,845,0
TCGA-44-6778-11A-01R-1858-07,12778,7126,992,20448,2894,5200,303,68,19145,308,7779,201,77,368,14534,13918,42320,15547,384,14021,97,1000,10586,2674,2079,1325,1139,9658,1595,10452,739,159,1696,13502,1503,3516,503,2728,1414,2853,9408,3639,7390,15291,413,10736,158,2135,12,1631,1759,5483,338,3696,6132,1350,168,23539,1220,673,1253,1555,1015,144,3452,3517,218,2254,2611,24683,1809,639312,18802,220,2536,419,2374,3378,3372,9282,15867,2204,289,245,9561,152,2586,1680,18687,78,42,5124,54243,34078,66,2151,272,550,10231,2753,88,176,19,38,500,51363,101,617,4675,2782,0
TCGA-44-6145-11A-01R-1858-07,12527,5035,612,34831,2950,3049,381,226,25389,261,4426,381,165,192,10218,15091,48355,27241,245,2720,133,668,13102,3412,2473,1025,692,2801,3003,10017,517,179,2835,8285,1309,2052,621,2525,1874,4200,8217,3165,4365,21691,199,5601,249,2183,21,1400,2139,4332,617,1729,2842,545,166,18126,1195,511,761,717,832,141,1536,1261,221,1146,2311,16247,4468,1252472,15008,77,1422,185,1614,2656,6418,6727,19900,2135,269,415,8092,222,5358,734,10483,172,22,3610,83794,55047,59,3084,197,417,5031,3926,138,345,17,61,421,26521,74,437,1248,1935,0
TCGA-91-6828-11A-01R-1858-07,11327,5636,691,54195,3783,3701,307,101,32471,128,12178,100,181,134,13178,14917,56960,23526,175,9678,100,1062,19614,4566,2628,1386,489,4020,2408,11139,783,155,1870,7168,1583,5977,783,1205,1711,2777,9081,3025,5844,27519,340,5497,243,1921,14,1561,2525,6920,645,2705,2661,524,228,20302,1512,620,1283,1001,1261,240,1418,973,266,802,1555,14621,2468,789433,11131,76,1639,146,2738,3208,5035,6873,21905,3623,413,647,6406,183,2310,796,7466,134,25,4298,94221,56254,233,4013,261,546,3884,6377,230,440,13,44,550,28219,197,343,1556,2796,0
TCGA-91-6849-11A-01R-1949-07,13686,5400,1015,32676,4190,4739,252,66,11651,192,9684,127,118,170,13072,15977,51631,26896,310,18749,54,905,16825,4626,2313,1322,556,4038,2031,8275,548,169,2388,9487,1635,3991,389,1210,2088,4153,5806,2500,7975,18369,268,8813,166,2037,14,1567,2957,5931,598,1879,2969,881,209,20500,1146,1164,1740,1146,1999,144,2431,1462,253,2125,1465,23114,2266,595087,16937,233,2096,222,1819,2761,2538,6994,16958,2389,480,550,11688,112,1697,1056,11839,98,68,5880,84972,53345,85,4082,208,537,10421,7986,132,405,29,46,568,37007,145,723,2836,1884,0
TCGA-91-6847-11A-01R-1949-07,10928,4614,506,50867,4808,3493,156,102,21677,132,11979,262,172,157,8665,17361,60796,38998,242,4261,109,1137,26620,5639,3308,1320,608,1703,2331,11897,686,119,3263,7299,1244,4657,975,1300,1738,4310,3217,2590,3082,26144,206,3021,286,2187,14,1310,4081,7071,1056,917,1868,629,113,19405,1104,1387,2743,1584,222,216,871,1326,197,543,1832,3440,3825,1180087,7425,86,999,172,1565,2127,4141,2101,21570,3515,442,805,11434,113,2833,570,9790,149,93,4895,152047,70686,182,4306,330,593,6632,4541,78,388,30,44,652,16065,189,329,895,1044,0
TCGA-55-6975-11A-01R-1949-07,6361,4611,551,26135,2399,1236,150,32,36617,133,5066,34,89,124,4440,12204,42641,10794,240,475,96,563,9655,2439,1467,699,903,1870,1769,8980,738,104,1204,6309,849,3254,497,1819,1226,1718,10376,1868,3486,20834,323,2440,59,2049,7,936,1170,4290,84,1749,1633,568,124,10935,1002,496,499,1043,148,78,596,1596,114,1098,1041,3816,2923,629491,7800,37,679,152,1101,1332,1719,3258,24876,1085,59,226,9554,191,1650,545,13000,244,28,1393,40051,31567,39,2055,132,393,3458,1280,99,333,17,81,288,14309,48,179,673,1420,0
TCGA-55-6969-11A-01R-1949-07,6645,4421,392,23150,2282,2796,153,85,19918,200,2060,189,102,62,4162,8848,31593,11419,147,1245,74,355,10217,2818,1699,840,359,2079,1745,9396,305,158,1508,4644,904,2555,311,567,1615,3264,2476,1607,2886,17168,94,3225,98,1108,7,968,597,3779,203,1277,2185,190,11,10129,1115,306,507,2126,86,97,1178,620,220,791,1908,3786,2889,747507,5440,67,716,66,607,1585,3538,2585,23182,1343,108,162,5547,249,3167,560,7971,234,17,2826,38057,34534,53,1692,125,313,2728,918,129,284,7,72,262,18283,120,316,1718,583,0
TCGA-50-5936-11A-01R-1628-07,12797,7725,1083,29281,4315,4020,379,115,34020,248,13913,578,154,240,12640,14675,48757,27767,221,13210,146,1086,17305,3820,2258,1116,1897,4184,2061,13798,808,151,3396,16362,1558,3932,792,2751,1149,3105,4932,4035,5501,25638,366,9400,239,2693,15,1865,1980,7489,596,1880,4029,1376,194,23412,1102,1062,1626,869,238,210,2266,2997,188,2051,3526,9351,4151,890958,16957,205,1681,257,1976,1964,3332,5018,21778,4396,251,954,17838,197,3752,995,15325,193,40,5334,69802,40621,101,2984,269,525,9597,4631,23,426,16,76,540,29333,151,509,2862,698,0
