Loading required package: S4Vectors
Loading required package: stats4
Loading required package: BiocGenerics
Loading required package: generics

Attaching package: ‘generics’

The following objects are masked from ‘package:base’:

    as.difftime, as.factor, as.ordered, intersect, is.element, setdiff,
    setequal, union


Attaching package: ‘BiocGenerics’

The following objects are masked from ‘package:stats’:

    IQR, mad, sd, var, xtabs

The following objects are masked from ‘package:base’:

    anyDuplicated, aperm, append, as.data.frame, basename, cbind,
    colnames, dirname, do.call, duplicated, eval, evalq, Filter, Find,
    get, grep, grepl, is.unsorted, lapply, Map, mapply, match, mget,
    order, paste, pmax, pmax.int, pmin, pmin.int, Position, rank,
    rbind, Reduce, rownames, sapply, saveRDS, table, tapply, unique,
    unsplit, which.max, which.min


Attaching package: ‘S4Vectors’

The following object is masked from ‘package:utils’:

    findMatches

The following objects are masked from ‘package:base’:

    expand.grid, I, unname

Loading required package: IRanges
Loading required package: GenomicRanges
Loading required package: Seqinfo
Loading required package: SummarizedExperiment
Loading required package: MatrixGenerics
Loading required package: matrixStats

Attaching package: ‘MatrixGenerics’

The following objects are masked from ‘package:matrixStats’:

    colAlls, colAnyNAs, colAnys, colAvgsPerRowSet, colCollapse,
    colCounts, colCummaxs, colCummins, colCumprods, colCumsums,
    colDiffs, colIQRDiffs, colIQRs, colLogSumExps, colMadDiffs,
    colMads, colMaxs, colMeans2, colMedians, colMins, colOrderStats,
    colProds, colQuantiles, colRanges, colRanks, colSdDiffs, colSds,
    colSums2, colTabulates, colVarDiffs, colVars, colWeightedMads,
    colWeightedMeans, colWeightedMedians, colWeightedSds,
    colWeightedVars, rowAlls, rowAnyNAs, rowAnys, rowAvgsPerColSet,
    rowCollapse, rowCounts, rowCummaxs, rowCummins, rowCumprods,
    rowCumsums, rowDiffs, rowIQRDiffs, rowIQRs, rowLogSumExps,
    rowMadDiffs, rowMads, rowMaxs, rowMeans2, rowMedians, rowMins,
    rowOrderStats, rowProds, rowQuantiles, rowRanges, rowRanks,
    rowSdDiffs, rowSds, rowSums2, rowTabulates, rowVarDiffs, rowVars,
    rowWeightedMads, rowWeightedMeans, rowWeightedMedians,
    rowWeightedSds, rowWeightedVars

Loading required package: Biobase
Welcome to Bioconductor

    Vignettes contain introductory material; view with
    'browseVignettes()'. To cite Bioconductor, see
    'citation("Biobase")', and for packages 'citation("pkgname")'.


Attaching package: ‘Biobase’

The following object is masked from ‘package:MatrixGenerics’:

    rowMedians

The following objects are masked from ‘package:matrixStats’:

    anyMissing, rowMedians


Attaching package: ‘dplyr’

The following object is masked from ‘package:Biobase’:

    combine

The following object is masked from ‘package:matrixStats’:

    count

The following objects are masked from ‘package:GenomicRanges’:

    intersect, setdiff, union

The following object is masked from ‘package:Seqinfo’:

    intersect

The following objects are masked from ‘package:IRanges’:

    collapse, desc, intersect, setdiff, slice, union

The following objects are masked from ‘package:S4Vectors’:

    first, intersect, rename, setdiff, setequal, union

The following objects are masked from ‘package:BiocGenerics’:

    combine, intersect, setdiff, setequal, union

The following object is masked from ‘package:generics’:

    explain

The following objects are masked from ‘package:stats’:

    filter, lag

The following objects are masked from ‘package:base’:

    intersect, setdiff, setequal, union


Attaching package: ‘purrr’

The following object is masked from ‘package:GenomicRanges’:

    reduce

The following object is masked from ‘package:IRanges’:

    reduce

[1] "/Users/nishantthalwal/Documents/Data ALL/TCGA_LUAD/data/counts/NORMAL/Normal_LUAD_Counts.tsv"
[1] "/Users/nishantthalwal/Documents/Data ALL/TCGA_LUAD/data/counts/TUMOR/Tumor_LUAD_Counts.tsv"
estimating size factors
estimating size factors
estimating size factors
estimating size factors
estimating dispersions
estimating dispersions
estimating dispersions
estimating dispersions
gene-wise dispersion estimates
gene-wise dispersion estimates
gene-wise dispersion estimates
gene-wise dispersion estimates
mean-dispersion relationship
mean-dispersion relationship
mean-dispersion relationship
mean-dispersion relationship
final dispersion estimates
final dispersion estimates
final dispersion estimates
final dispersion estimates
fitting model and testing
fitting model and testing
fitting model and testing
fitting model and testing
-- replacing outliers and refitting for 19284 genes
-- DESeq argument 'minReplicatesForReplace' = 7 
-- original counts are preserved in counts(dds)
estimating dispersions
-- replacing outliers and refitting for 25730 genes
-- DESeq argument 'minReplicatesForReplace' = 7 
-- original counts are preserved in counts(dds)
estimating dispersions
-- replacing outliers and refitting for 24540 genes
-- DESeq argument 'minReplicatesForReplace' = 7 
-- original counts are preserved in counts(dds)
estimating dispersions
-- replacing outliers and refitting for 27135 genes
-- DESeq argument 'minReplicatesForReplace' = 7 
-- original counts are preserved in counts(dds)
estimating dispersions
fitting model and testing
fitting model and testing
fitting model and testing
fitting model and testing
estimating size factors
estimating dispersions
gene-wise dispersion estimates
estimating size factors
estimating size factors
estimating dispersions
gene-wise dispersion estimates
estimating dispersions
gene-wise dispersion estimates
estimating size factors
estimating dispersions
gene-wise dispersion estimates
mean-dispersion relationship
final dispersion estimates
mean-dispersion relationship
final dispersion estimates
mean-dispersion relationship
final dispersion estimates
mean-dispersion relationship
final dispersion estimates
fitting model and testing
fitting model and testing
fitting model and testing
fitting model and testing
-- replacing outliers and refitting for 25041 genes
-- DESeq argument 'minReplicatesForReplace' = 7 
-- original counts are preserved in counts(dds)
estimating dispersions
-- replacing outliers and refitting for 20999 genes
-- DESeq argument 'minReplicatesForReplace' = 7 
-- original counts are preserved in counts(dds)
estimating dispersions
-- replacing outliers and refitting for 20829 genes
-- DESeq argument 'minReplicatesForReplace' = 7 
-- original counts are preserved in counts(dds)
estimating dispersions
-- replacing outliers and refitting for 23127 genes
-- DESeq argument 'minReplicatesForReplace' = 7 
-- original counts are preserved in counts(dds)
estimating dispersions
fitting model and testing
fitting model and testing
fitting model and testing
fitting model and testing
estimating size factors
estimating dispersions
gene-wise dispersion estimates
estimating size factors
estimating size factors
estimating dispersions
gene-wise dispersion estimates
estimating dispersions
gene-wise dispersion estimates
estimating size factors
estimating dispersions
gene-wise dispersion estimates
mean-dispersion relationship
final dispersion estimates
mean-dispersion relationship
final dispersion estimates
mean-dispersion relationship
final dispersion estimates
mean-dispersion relationship
final dispersion estimates
fitting model and testing
fitting model and testing
fitting model and testing
fitting model and testing
-- replacing outliers and refitting for 23900 genes
-- DESeq argument 'minReplicatesForReplace' = 7 
-- original counts are preserved in counts(dds)
estimating dispersions
-- replacing outliers and refitting for 26383 genes
-- DESeq argument 'minReplicatesForReplace' = 7 
-- original counts are preserved in counts(dds)
estimating dispersions
-- replacing outliers and refitting for 23727 genes
-- DESeq argument 'minReplicatesForReplace' = 7 
-- original counts are preserved in counts(dds)
estimating dispersions
-- replacing outliers and refitting for 23733 genes
-- DESeq argument 'minReplicatesForReplace' = 7 
-- original counts are preserved in counts(dds)
estimating dispersions
fitting model and testing
fitting model and testing
fitting model and testing
fitting model and testing
estimating size factors
estimating dispersions
gene-wise dispersion estimates
estimating size factors
estimating dispersions
gene-wise dispersion estimates
estimating size factors
estimating dispersions
gene-wise dispersion estimates
estimating size factors
estimating dispersions
gene-wise dispersion estimates
mean-dispersion relationship
final dispersion estimates
mean-dispersion relationship
final dispersion estimates
mean-dispersion relationship
final dispersion estimates
mean-dispersion relationship
final dispersion estimates
fitting model and testing
fitting model and testing
fitting model and testing
fitting model and testing
-- replacing outliers and refitting for 29150 genes
-- DESeq argument 'minReplicatesForReplace' = 7 
-- original counts are preserved in counts(dds)
estimating dispersions
-- replacing outliers and refitting for 19388 genes
-- DESeq argument 'minReplicatesForReplace' = 7 
-- original counts are preserved in counts(dds)
estimating dispersions
-- replacing outliers and refitting for 23156 genes
-- DESeq argument 'minReplicatesForReplace' = 7 
-- original counts are preserved in counts(dds)
estimating dispersions
-- replacing outliers and refitting for 23438 genes
-- DESeq argument 'minReplicatesForReplace' = 7 
-- original counts are preserved in counts(dds)
estimating dispersions
fitting model and testing
fitting model and testing
fitting model and testing
fitting model and testing
estimating size factors
estimating dispersions
gene-wise dispersion estimates
estimating size factors
estimating dispersions
gene-wise dispersion estimates
estimating size factors
estimating size factors
estimating dispersions
gene-wise dispersion estimates
estimating dispersions
gene-wise dispersion estimates
mean-dispersion relationship
final dispersion estimates
mean-dispersion relationship
final dispersion estimates
mean-dispersion relationship
mean-dispersion relationship
final dispersion estimates
final dispersion estimates
fitting model and testing
fitting model and testing
fitting model and testing
fitting model and testing
-- replacing outliers and refitting for 25871 genes
-- DESeq argument 'minReplicatesForReplace' = 7 
-- original counts are preserved in counts(dds)
estimating dispersions
-- replacing outliers and refitting for 20681 genes
-- DESeq argument 'minReplicatesForReplace' = 7 
-- original counts are preserved in counts(dds)
estimating dispersions
-- replacing outliers and refitting for 23108 genes
-- DESeq argument 'minReplicatesForReplace' = 7 
-- original counts are preserved in counts(dds)
estimating dispersions
-- replacing outliers and refitting for 21723 genes
-- DESeq argument 'minReplicatesForReplace' = 7 
-- original counts are preserved in counts(dds)
estimating dispersions
fitting model and testing
fitting model and testing
fitting model and testing
fitting model and testing
estimating size factors
estimating dispersions
gene-wise dispersion estimates
estimating size factors
estimating dispersions
gene-wise dispersion estimates
estimating size factors
estimating dispersions
gene-wise dispersion estimates
estimating size factors
estimating dispersions
gene-wise dispersion estimates
mean-dispersion relationship
mean-dispersion relationship
final dispersion estimates
final dispersion estimates
mean-dispersion relationship
final dispersion estimates
mean-dispersion relationship
final dispersion estimates
fitting model and testing
fitting model and testing
fitting model and testing
fitting model and testing
-- replacing outliers and refitting for 30470 genes
-- DESeq argument 'minReplicatesForReplace' = 7 
-- original counts are preserved in counts(dds)
estimating dispersions
-- replacing outliers and refitting for 26053 genes
-- DESeq argument 'minReplicatesForReplace' = 7 
-- original counts are preserved in counts(dds)
estimating dispersions
-- replacing outliers and refitting for 26509 genes
-- DESeq argument 'minReplicatesForReplace' = 7 
-- original counts are preserved in counts(dds)
estimating dispersions
-- replacing outliers and refitting for 34477 genes
-- DESeq argument 'minReplicatesForReplace' = 7 
-- original counts are preserved in counts(dds)
estimating dispersions
fitting model and testing
fitting model and testing
fitting model and testing
estimating size factors
estimating dispersions
gene-wise dispersion estimates
fitting model and testing
estimating size factors
estimating size factors
estimating dispersions
gene-wise dispersion estimates
estimating dispersions
gene-wise dispersion estimates
estimating size factors
estimating dispersions
gene-wise dispersion estimates
mean-dispersion relationship
final dispersion estimates
mean-dispersion relationship
mean-dispersion relationship
final dispersion estimates
final dispersion estimates
mean-dispersion relationship
final dispersion estimates
fitting model and testing
fitting model and testing
fitting model and testing
fitting model and testing
-- replacing outliers and refitting for 26070 genes
-- DESeq argument 'minReplicatesForReplace' = 7 
-- original counts are preserved in counts(dds)
estimating dispersions
-- replacing outliers and refitting for 25288 genes
-- DESeq argument 'minReplicatesForReplace' = 7 
-- original counts are preserved in counts(dds)
estimating dispersions
-- replacing outliers and refitting for 24090 genes
-- DESeq argument 'minReplicatesForReplace' = 7 
-- original counts are preserved in counts(dds)
estimating dispersions
-- replacing outliers and refitting for 17975 genes
-- DESeq argument 'minReplicatesForReplace' = 7 
-- original counts are preserved in counts(dds)
estimating dispersions
fitting model and testing
fitting model and testing
fitting model and testing
fitting model and testing
estimating size factors
estimating dispersions
gene-wise dispersion estimates
estimating size factors
estimating dispersions
gene-wise dispersion estimates
estimating size factors
estimating dispersions
gene-wise dispersion estimates
estimating size factors
estimating dispersions
gene-wise dispersion estimates
mean-dispersion relationship
final dispersion estimates
mean-dispersion relationship
final dispersion estimates
mean-dispersion relationship
final dispersion estimates
mean-dispersion relationship
final dispersion estimates
fitting model and testing
fitting model and testing
fitting model and testing
fitting model and testing
-- replacing outliers and refitting for 24407 genes
-- DESeq argument 'minReplicatesForReplace' = 7 
-- original counts are preserved in counts(dds)
estimating dispersions
-- replacing outliers and refitting for 26956 genes
-- DESeq argument 'minReplicatesForReplace' = 7 
-- original counts are preserved in counts(dds)
estimating dispersions
-- replacing outliers and refitting for 28849 genes
-- DESeq argument 'minReplicatesForReplace' = 7 
-- original counts are preserved in counts(dds)
estimating dispersions
-- replacing outliers and refitting for 25964 genes
-- DESeq argument 'minReplicatesForReplace' = 7 
-- original counts are preserved in counts(dds)
estimating dispersions
fitting model and testing
fitting model and testing
fitting model and testing
fitting model and testing
estimating size factors
estimating dispersions
gene-wise dispersion estimates
estimating size factors
estimating dispersions
gene-wise dispersion estimates
estimating size factors
estimating size factors
estimating dispersions
gene-wise dispersion estimates
estimating dispersions
gene-wise dispersion estimates
mean-dispersion relationship
final dispersion estimates
mean-dispersion relationship
final dispersion estimates
mean-dispersion relationship
mean-dispersion relationship
final dispersion estimates
final dispersion estimates
fitting model and testing
fitting model and testing
fitting model and testing
fitting model and testing
-- replacing outliers and refitting for 29901 genes
-- DESeq argument 'minReplicatesForReplace' = 7 
-- original counts are preserved in counts(dds)
estimating dispersions
-- replacing outliers and refitting for 27976 genes
-- DESeq argument 'minReplicatesForReplace' = 7 
-- original counts are preserved in counts(dds)
estimating dispersions
-- replacing outliers and refitting for 22830 genes
-- DESeq argument 'minReplicatesForReplace' = 7 
-- original counts are preserved in counts(dds)
estimating dispersions
-- replacing outliers and refitting for 22841 genes
-- DESeq argument 'minReplicatesForReplace' = 7 
-- original counts are preserved in counts(dds)
estimating dispersions
fitting model and testing
fitting model and testing
fitting model and testing
fitting model and testing
estimating size factors
estimating dispersions
gene-wise dispersion estimates
estimating size factors
estimating size factors
estimating dispersions
gene-wise dispersion estimates
estimating dispersions
gene-wise dispersion estimates
estimating size factors
estimating dispersions
gene-wise dispersion estimates
mean-dispersion relationship
final dispersion estimates
mean-dispersion relationship
mean-dispersion relationship
final dispersion estimates
final dispersion estimates
mean-dispersion relationship
final dispersion estimates
fitting model and testing
fitting model and testing
fitting model and testing
fitting model and testing
-- replacing outliers and refitting for 24816 genes
-- DESeq argument 'minReplicatesForReplace' = 7 
-- original counts are preserved in counts(dds)
estimating dispersions
-- replacing outliers and refitting for 23098 genes
-- DESeq argument 'minReplicatesForReplace' = 7 
-- original counts are preserved in counts(dds)
estimating dispersions
-- replacing outliers and refitting for 27704 genes
-- DESeq argument 'minReplicatesForReplace' = 7 
-- original counts are preserved in counts(dds)
estimating dispersions
-- replacing outliers and refitting for 22462 genes
-- DESeq argument 'minReplicatesForReplace' = 7 
-- original counts are preserved in counts(dds)
estimating dispersions
fitting model and testing
fitting model and testing
fitting model and testing
fitting model and testing
estimating size factors
estimating size factors
estimating dispersions
gene-wise dispersion estimates
estimating dispersions
gene-wise dispersion estimates
estimating size factors
estimating dispersions
gene-wise dispersion estimates
estimating size factors
estimating dispersions
gene-wise dispersion estimates
mean-dispersion relationship
mean-dispersion relationship
final dispersion estimates
final dispersion estimates
mean-dispersion relationship
final dispersion estimates
mean-dispersion relationship
final dispersion estimates
fitting model and testing
fitting model and testing
fitting model and testing
fitting model and testing
-- replacing outliers and refitting for 27377 genes
-- DESeq argument 'minReplicatesForReplace' = 7 
-- original counts are preserved in counts(dds)
estimating dispersions
-- replacing outliers and refitting for 26479 genes
-- DESeq argument 'minReplicatesForReplace' = 7 
-- original counts are preserved in counts(dds)
estimating dispersions
-- replacing outliers and refitting for 24828 genes
-- DESeq argument 'minReplicatesForReplace' = 7 
-- original counts are preserved in counts(dds)
estimating dispersions
-- replacing outliers and refitting for 28011 genes
-- DESeq argument 'minReplicatesForReplace' = 7 
-- original counts are preserved in counts(dds)
estimating dispersions
fitting model and testing
fitting model and testing
fitting model and testing
fitting model and testing
estimating size factors
estimating dispersions
gene-wise dispersion estimates
estimating size factors
estimating size factors
estimating dispersions
estimating dispersions
gene-wise dispersion estimates
gene-wise dispersion estimates
estimating size factors
estimating dispersions
gene-wise dispersion estimates
mean-dispersion relationship
mean-dispersion relationship
final dispersion estimates
final dispersion estimates
mean-dispersion relationship
final dispersion estimates
mean-dispersion relationship
final dispersion estimates
fitting model and testing
fitting model and testing
fitting model and testing
fitting model and testing
-- replacing outliers and refitting for 18942 genes
-- DESeq argument 'minReplicatesForReplace' = 7 
-- original counts are preserved in counts(dds)
estimating dispersions
-- replacing outliers and refitting for 30465 genes
-- DESeq argument 'minReplicatesForReplace' = 7 
-- original counts are preserved in counts(dds)
-- replacing outliers and refitting for 25067 genes
-- DESeq argument 'minReplicatesForReplace' = 7 
-- original counts are preserved in counts(dds)
estimating dispersions
estimating dispersions
-- replacing outliers and refitting for 29012 genes
-- DESeq argument 'minReplicatesForReplace' = 7 
-- original counts are preserved in counts(dds)
estimating dispersions
fitting model and testing
fitting model and testing
estimating size factors
estimating dispersions
gene-wise dispersion estimates
fitting model and testing
fitting model and testing
estimating size factors
estimating dispersions
gene-wise dispersion estimates
estimating size factors
estimating dispersions
gene-wise dispersion estimates
estimating size factors
estimating dispersions
gene-wise dispersion estimates
mean-dispersion relationship
final dispersion estimates
mean-dispersion relationship
final dispersion estimates
mean-dispersion relationship
final dispersion estimates
mean-dispersion relationship
final dispersion estimates
fitting model and testing
fitting model and testing
fitting model and testing
-- replacing outliers and refitting for 24380 genes
-- DESeq argument 'minReplicatesForReplace' = 7 
-- original counts are preserved in counts(dds)
estimating dispersions
fitting model and testing
-- replacing outliers and refitting for 22858 genes
-- DESeq argument 'minReplicatesForReplace' = 7 
-- original counts are preserved in counts(dds)
estimating dispersions
-- replacing outliers and refitting for 23042 genes
-- DESeq argument 'minReplicatesForReplace' = 7 
-- original counts are preserved in counts(dds)
estimating dispersions
-- replacing outliers and refitting for 24931 genes
-- DESeq argument 'minReplicatesForReplace' = 7 
-- original counts are preserved in counts(dds)
estimating dispersions
fitting model and testing
fitting model and testing
estimating size factors
estimating dispersions
gene-wise dispersion estimates
fitting model and testing
estimating size factors
estimating dispersions
gene-wise dispersion estimates
fitting model and testing
estimating size factors
estimating dispersions
gene-wise dispersion estimates
estimating size factors
estimating dispersions
gene-wise dispersion estimates
mean-dispersion relationship
final dispersion estimates
mean-dispersion relationship
final dispersion estimates
mean-dispersion relationship
final dispersion estimates
mean-dispersion relationship
final dispersion estimates
fitting model and testing
fitting model and testing
fitting model and testing
-- replacing outliers and refitting for 23903 genes
-- DESeq argument 'minReplicatesForReplace' = 7 
-- original counts are preserved in counts(dds)
estimating dispersions
fitting model and testing
-- replacing outliers and refitting for 27950 genes
-- DESeq argument 'minReplicatesForReplace' = 7 
-- original counts are preserved in counts(dds)
estimating dispersions
-- replacing outliers and refitting for 23736 genes
-- DESeq argument 'minReplicatesForReplace' = 7 
-- original counts are preserved in counts(dds)
estimating dispersions
fitting model and testing
-- replacing outliers and refitting for 18590 genes
-- DESeq argument 'minReplicatesForReplace' = 7 
-- original counts are preserved in counts(dds)
estimating dispersions
fitting model and testing
estimating size factors
estimating dispersions
gene-wise dispersion estimates
fitting model and testing
fitting model and testing
estimating size factors
estimating dispersions
gene-wise dispersion estimates
estimating size factors
estimating dispersions
gene-wise dispersion estimates
estimating size factors
estimating dispersions
gene-wise dispersion estimates
mean-dispersion relationship
final dispersion estimates
mean-dispersion relationship
final dispersion estimates
mean-dispersion relationship
final dispersion estimates
mean-dispersion relationship
final dispersion estimates
fitting model and testing
fitting model and testing
fitting model and testing
fitting model and testing
-- replacing outliers and refitting for 24643 genes
-- DESeq argument 'minReplicatesForReplace' = 7 
-- original counts are preserved in counts(dds)
estimating dispersions
-- replacing outliers and refitting for 22144 genes
-- DESeq argument 'minReplicatesForReplace' = 7 
-- original counts are preserved in counts(dds)
estimating dispersions
-- replacing outliers and refitting for 22817 genes
-- DESeq argument 'minReplicatesForReplace' = 7 
-- original counts are preserved in counts(dds)
estimating dispersions
-- replacing outliers and refitting for 22321 genes
-- DESeq argument 'minReplicatesForReplace' = 7 
-- original counts are preserved in counts(dds)
estimating dispersions
fitting model and testing
fitting model and testing
estimating size factors
estimating dispersions
fitting model and testing
gene-wise dispersion estimates
fitting model and testing
estimating size factors
estimating dispersions
gene-wise dispersion estimates
estimating size factors
estimating size factors
estimating dispersions
gene-wise dispersion estimates
estimating dispersions
gene-wise dispersion estimates
mean-dispersion relationship
final dispersion estimates
mean-dispersion relationship
final dispersion estimates
mean-dispersion relationship
mean-dispersion relationship
final dispersion estimates
final dispersion estimates
fitting model and testing
fitting model and testing
fitting model and testing
fitting model and testing
-- replacing outliers and refitting for 26698 genes
-- DESeq argument 'minReplicatesForReplace' = 7 
-- original counts are preserved in counts(dds)
estimating dispersions
-- replacing outliers and refitting for 23294 genes
-- DESeq argument 'minReplicatesForReplace' = 7 
-- original counts are preserved in counts(dds)
estimating dispersions
-- replacing outliers and refitting for 25754 genes
-- DESeq argument 'minReplicatesForReplace' = 7 
-- original counts are preserved in counts(dds)
estimating dispersions
-- replacing outliers and refitting for 26072 genes
-- DESeq argument 'minReplicatesForReplace' = 7 
-- original counts are preserved in counts(dds)
estimating dispersions
fitting model and testing
fitting model and testing
fitting model and testing
fitting model and testing
estimating size factors
estimating dispersions
gene-wise dispersion estimates
estimating size factors
estimating dispersions
gene-wise dispersion estimates
estimating size factors
estimating dispersions
gene-wise dispersion estimates
estimating size factors
estimating dispersions
gene-wise dispersion estimates
mean-dispersion relationship
final dispersion estimates
mean-dispersion relationship
final dispersion estimates
mean-dispersion relationship
mean-dispersion relationship
final dispersion estimates
final dispersion estimates
fitting model and testing
fitting model and testing
fitting model and testing
fitting model and testing
-- replacing outliers and refitting for 22897 genes
-- DESeq argument 'minReplicatesForReplace' = 7 
-- original counts are preserved in counts(dds)
estimating dispersions
-- replacing outliers and refitting for 27600 genes
-- DESeq argument 'minReplicatesForReplace' = 7 
-- original counts are preserved in counts(dds)
estimating dispersions
-- replacing outliers and refitting for 24808 genes
-- DESeq argument 'minReplicatesForReplace' = 7 
-- original counts are preserved in counts(dds)
estimating dispersions
-- replacing outliers and refitting for 25196 genes
-- DESeq argument 'minReplicatesForReplace' = 7 
-- original counts are preserved in counts(dds)
estimating dispersions
fitting model and testing
fitting model and testing
estimating size factors
fitting model and testing
estimating dispersions
gene-wise dispersion estimates
fitting model and testing
estimating size factors
estimating dispersions
gene-wise dispersion estimates
estimating size factors
estimating dispersions
gene-wise dispersion estimates
estimating size factors
estimating dispersions
gene-wise dispersion estimates
mean-dispersion relationship
final dispersion estimates
mean-dispersion relationship
final dispersion estimates
mean-dispersion relationship
final dispersion estimates
mean-dispersion relationship
final dispersion estimates
fitting model and testing
fitting model and testing
fitting model and testing
fitting model and testing
-- replacing outliers and refitting for 24901 genes
-- DESeq argument 'minReplicatesForReplace' = 7 
-- original counts are preserved in counts(dds)
estimating dispersions
-- replacing outliers and refitting for 30527 genes
-- DESeq argument 'minReplicatesForReplace' = 7 
-- original counts are preserved in counts(dds)
estimating dispersions
-- replacing outliers and refitting for 29283 genes
-- DESeq argument 'minReplicatesForReplace' = 7 
-- original counts are preserved in counts(dds)
estimating dispersions
-- replacing outliers and refitting for 27823 genes
-- DESeq argument 'minReplicatesForReplace' = 7 
-- original counts are preserved in counts(dds)
estimating dispersions
fitting model and testing
estimating size factors
estimating dispersions
gene-wise dispersion estimates
fitting model and testing
fitting model and testing
fitting model and testing
estimating size factors
estimating size factors
estimating size factors
estimating dispersions
gene-wise dispersion estimates
estimating dispersions
gene-wise dispersion estimates
estimating dispersions
gene-wise dispersion estimates
mean-dispersion relationship
final dispersion estimates
mean-dispersion relationship
mean-dispersion relationship
mean-dispersion relationship
final dispersion estimates
final dispersion estimates
final dispersion estimates
fitting model and testing
fitting model and testing
fitting model and testing
fitting model and testing
-- replacing outliers and refitting for 31511 genes
-- DESeq argument 'minReplicatesForReplace' = 7 
-- original counts are preserved in counts(dds)
estimating dispersions
-- replacing outliers and refitting for 17759 genes
-- DESeq argument 'minReplicatesForReplace' = 7 
-- original counts are preserved in counts(dds)
-- replacing outliers and refitting for 25356 genes
-- DESeq argument 'minReplicatesForReplace' = 7 
-- original counts are preserved in counts(dds)
estimating dispersions
estimating dispersions
-- replacing outliers and refitting for 24535 genes
-- DESeq argument 'minReplicatesForReplace' = 7 
-- original counts are preserved in counts(dds)
estimating dispersions
fitting model and testing
fitting model and testing
fitting model and testing
fitting model and testing
estimating size factors
estimating dispersions
gene-wise dispersion estimates
estimating size factors
estimating dispersions
gene-wise dispersion estimates
estimating size factors
estimating dispersions
gene-wise dispersion estimates
estimating size factors
estimating dispersions
gene-wise dispersion estimates
mean-dispersion relationship
final dispersion estimates
mean-dispersion relationship
final dispersion estimates
mean-dispersion relationship
final dispersion estimates
mean-dispersion relationship
final dispersion estimates
fitting model and testing
fitting model and testing
fitting model and testing
fitting model and testing
-- replacing outliers and refitting for 24433 genes
-- DESeq argument 'minReplicatesForReplace' = 7 
-- original counts are preserved in counts(dds)
estimating dispersions
-- replacing outliers and refitting for 27656 genes
-- DESeq argument 'minReplicatesForReplace' = 7 
-- original counts are preserved in counts(dds)
estimating dispersions
-- replacing outliers and refitting for 30633 genes
-- DESeq argument 'minReplicatesForReplace' = 7 
-- original counts are preserved in counts(dds)
estimating dispersions
-- replacing outliers and refitting for 26030 genes
-- DESeq argument 'minReplicatesForReplace' = 7 
-- original counts are preserved in counts(dds)
estimating dispersions
fitting model and testing
fitting model and testing
estimating size factors
fitting model and testing
estimating dispersions
gene-wise dispersion estimates
fitting model and testing
estimating size factors
estimating dispersions
gene-wise dispersion estimates
estimating size factors
estimating dispersions
gene-wise dispersion estimates
estimating size factors
estimating dispersions
gene-wise dispersion estimates
mean-dispersion relationship
final dispersion estimates
mean-dispersion relationship
final dispersion estimates
mean-dispersion relationship
final dispersion estimates
mean-dispersion relationship
final dispersion estimates
fitting model and testing
fitting model and testing
fitting model and testing
-- replacing outliers and refitting for 23405 genes
-- DESeq argument 'minReplicatesForReplace' = 7 
-- original counts are preserved in counts(dds)
estimating dispersions
fitting model and testing
-- replacing outliers and refitting for 23901 genes
-- DESeq argument 'minReplicatesForReplace' = 7 
-- original counts are preserved in counts(dds)
estimating dispersions
-- replacing outliers and refitting for 23427 genes
-- DESeq argument 'minReplicatesForReplace' = 7 
-- original counts are preserved in counts(dds)
estimating dispersions
-- replacing outliers and refitting for 26098 genes
-- DESeq argument 'minReplicatesForReplace' = 7 
-- original counts are preserved in counts(dds)
estimating dispersions
fitting model and testing
fitting model and testing
estimating size factors
estimating dispersions
gene-wise dispersion estimates
fitting model and testing
estimating size factors
estimating dispersions
gene-wise dispersion estimates
fitting model and testing
estimating size factors
estimating dispersions
gene-wise dispersion estimates
estimating size factors
estimating dispersions
gene-wise dispersion estimates
mean-dispersion relationship
final dispersion estimates
mean-dispersion relationship
final dispersion estimates
mean-dispersion relationship
final dispersion estimates
mean-dispersion relationship
final dispersion estimates
fitting model and testing
fitting model and testing
fitting model and testing
-- replacing outliers and refitting for 26564 genes
-- DESeq argument 'minReplicatesForReplace' = 7 
-- original counts are preserved in counts(dds)
estimating dispersions
fitting model and testing
-- replacing outliers and refitting for 23798 genes
-- DESeq argument 'minReplicatesForReplace' = 7 
-- original counts are preserved in counts(dds)
estimating dispersions
-- replacing outliers and refitting for 26121 genes
-- DESeq argument 'minReplicatesForReplace' = 7 
-- original counts are preserved in counts(dds)
estimating dispersions
-- replacing outliers and refitting for 26793 genes
-- DESeq argument 'minReplicatesForReplace' = 7 
-- original counts are preserved in counts(dds)
estimating dispersions
fitting model and testing
fitting model and testing
estimating size factors
estimating dispersions
fitting model and testing
gene-wise dispersion estimates
estimating size factors
estimating dispersions
gene-wise dispersion estimates
fitting model and testing
estimating size factors
estimating dispersions
gene-wise dispersion estimates
mean-dispersion relationship
estimating size factors
final dispersion estimates
estimating dispersions
gene-wise dispersion estimates
mean-dispersion relationship
final dispersion estimates
mean-dispersion relationship
final dispersion estimates
mean-dispersion relationship
final dispersion estimates
fitting model and testing
fitting model and testing
fitting model and testing
-- replacing outliers and refitting for 24457 genes
-- DESeq argument 'minReplicatesForReplace' = 7 
-- original counts are preserved in counts(dds)
estimating dispersions
-- replacing outliers and refitting for 23115 genes
-- DESeq argument 'minReplicatesForReplace' = 7 
-- original counts are preserved in counts(dds)
estimating dispersions
fitting model and testing
-- replacing outliers and refitting for 23519 genes
-- DESeq argument 'minReplicatesForReplace' = 7 
-- original counts are preserved in counts(dds)
estimating dispersions
-- replacing outliers and refitting for 25892 genes
-- DESeq argument 'minReplicatesForReplace' = 7 
-- original counts are preserved in counts(dds)
estimating dispersions
fitting model and testing
fitting model and testing
fitting model and testing
estimating size factors
estimating size factors
estimating dispersions
gene-wise dispersion estimates
estimating dispersions
gene-wise dispersion estimates
fitting model and testing
estimating size factors
estimating dispersions
gene-wise dispersion estimates
estimating size factors
estimating dispersions
gene-wise dispersion estimates
mean-dispersion relationship
mean-dispersion relationship
final dispersion estimates
final dispersion estimates
mean-dispersion relationship
final dispersion estimates
mean-dispersion relationship
final dispersion estimates
fitting model and testing
fitting model and testing
fitting model and testing
-- replacing outliers and refitting for 20692 genes
-- DESeq argument 'minReplicatesForReplace' = 7 
-- original counts are preserved in counts(dds)
estimating dispersions
-- replacing outliers and refitting for 23017 genes
-- DESeq argument 'minReplicatesForReplace' = 7 
-- original counts are preserved in counts(dds)
estimating dispersions
fitting model and testing
-- replacing outliers and refitting for 24215 genes
-- DESeq argument 'minReplicatesForReplace' = 7 
-- original counts are preserved in counts(dds)
estimating dispersions
fitting model and testing
fitting model and testing
-- replacing outliers and refitting for 22912 genes
-- DESeq argument 'minReplicatesForReplace' = 7 
-- original counts are preserved in counts(dds)
estimating dispersions
estimating size factors
estimating dispersions
gene-wise dispersion estimates
estimating size factors
estimating dispersions
gene-wise dispersion estimates
fitting model and testing
fitting model and testing
estimating size factors
estimating dispersions
gene-wise dispersion estimates
mean-dispersion relationship
final dispersion estimates
estimating size factors
estimating dispersions
gene-wise dispersion estimates
mean-dispersion relationship
final dispersion estimates
mean-dispersion relationship
final dispersion estimates
fitting model and testing
mean-dispersion relationship
final dispersion estimates
fitting model and testing
-- replacing outliers and refitting for 23910 genes
-- DESeq argument 'minReplicatesForReplace' = 7 
-- original counts are preserved in counts(dds)
fitting model and testing
estimating dispersions
-- replacing outliers and refitting for 28947 genes
-- DESeq argument 'minReplicatesForReplace' = 7 
-- original counts are preserved in counts(dds)
estimating dispersions
fitting model and testing
-- replacing outliers and refitting for 26604 genes
-- DESeq argument 'minReplicatesForReplace' = 7 
-- original counts are preserved in counts(dds)
estimating dispersions
fitting model and testing
-- replacing outliers and refitting for 26916 genes
-- DESeq argument 'minReplicatesForReplace' = 7 
-- original counts are preserved in counts(dds)
estimating dispersions
fitting model and testing
estimating size factors
estimating dispersions
gene-wise dispersion estimates
fitting model and testing
estimating size factors
estimating dispersions
gene-wise dispersion estimates
fitting model and testing
estimating size factors
estimating dispersions
gene-wise dispersion estimates
mean-dispersion relationship
final dispersion estimates
estimating size factors
estimating dispersions
gene-wise dispersion estimates
mean-dispersion relationship
final dispersion estimates
mean-dispersion relationship
final dispersion estimates
fitting model and testing
mean-dispersion relationship
final dispersion estimates
fitting model and testing
-- replacing outliers and refitting for 20414 genes
-- DESeq argument 'minReplicatesForReplace' = 7 
-- original counts are preserved in counts(dds)
estimating dispersions
fitting model and testing
-- replacing outliers and refitting for 26129 genes
-- DESeq argument 'minReplicatesForReplace' = 7 
-- original counts are preserved in counts(dds)
estimating dispersions
fitting model and testing
fitting model and testing
-- replacing outliers and refitting for 26312 genes
-- DESeq argument 'minReplicatesForReplace' = 7 
-- original counts are preserved in counts(dds)
estimating dispersions
-- replacing outliers and refitting for 23380 genes
-- DESeq argument 'minReplicatesForReplace' = 7 
-- original counts are preserved in counts(dds)
estimating dispersions
estimating size factors
estimating dispersions
gene-wise dispersion estimates
fitting model and testing
fitting model and testing
estimating size factors
estimating dispersions
gene-wise dispersion estimates
fitting model and testing
mean-dispersion relationship
final dispersion estimates
estimating size factors
estimating dispersions
gene-wise dispersion estimates
estimating size factors
estimating dispersions
gene-wise dispersion estimates
mean-dispersion relationship
final dispersion estimates
fitting model and testing
mean-dispersion relationship
final dispersion estimates
mean-dispersion relationship
final dispersion estimates
-- replacing outliers and refitting for 26409 genes
-- DESeq argument 'minReplicatesForReplace' = 7 
-- original counts are preserved in counts(dds)
fitting model and testing
estimating dispersions
fitting model and testing
fitting model and testing
-- replacing outliers and refitting for 25648 genes
-- DESeq argument 'minReplicatesForReplace' = 7 
-- original counts are preserved in counts(dds)
estimating dispersions
fitting model and testing
-- replacing outliers and refitting for 24940 genes
-- DESeq argument 'minReplicatesForReplace' = 7 
-- original counts are preserved in counts(dds)
estimating dispersions
-- replacing outliers and refitting for 26784 genes
-- DESeq argument 'minReplicatesForReplace' = 7 
-- original counts are preserved in counts(dds)
estimating dispersions
estimating size factors
estimating dispersions
gene-wise dispersion estimates
fitting model and testing
fitting model and testing
estimating size factors
estimating dispersions
gene-wise dispersion estimates
fitting model and testing
mean-dispersion relationship
final dispersion estimates
estimating size factors
estimating dispersions
gene-wise dispersion estimates
estimating size factors
estimating dispersions
gene-wise dispersion estimates
mean-dispersion relationship
final dispersion estimates
fitting model and testing
mean-dispersion relationship
final dispersion estimates
mean-dispersion relationship
final dispersion estimates
-- replacing outliers and refitting for 18631 genes
-- DESeq argument 'minReplicatesForReplace' = 7 
-- original counts are preserved in counts(dds)
estimating dispersions
fitting model and testing
fitting model and testing
fitting model and testing
fitting model and testing
-- replacing outliers and refitting for 25857 genes
-- DESeq argument 'minReplicatesForReplace' = 7 
-- original counts are preserved in counts(dds)
estimating dispersions
estimating size factors
estimating dispersions
gene-wise dispersion estimates
-- replacing outliers and refitting for 25211 genes
-- DESeq argument 'minReplicatesForReplace' = 7 
-- original counts are preserved in counts(dds)
estimating dispersions
-- replacing outliers and refitting for 21414 genes
-- DESeq argument 'minReplicatesForReplace' = 7 
-- original counts are preserved in counts(dds)
estimating dispersions
fitting model and testing
mean-dispersion relationship
final dispersion estimates
fitting model and testing
fitting model and testing
estimating size factors
estimating dispersions
gene-wise dispersion estimates
estimating size factors
estimating dispersions
gene-wise dispersion estimates
estimating size factors
estimating dispersions
gene-wise dispersion estimates
fitting model and testing
mean-dispersion relationship
final dispersion estimates
mean-dispersion relationship
mean-dispersion relationship
final dispersion estimates
final dispersion estimates
-- replacing outliers and refitting for 22296 genes
-- DESeq argument 'minReplicatesForReplace' = 7 
-- original counts are preserved in counts(dds)
estimating dispersions
fitting model and testing
fitting model and testing
fitting model and testing
fitting model and testing
-- replacing outliers and refitting for 25323 genes
-- DESeq argument 'minReplicatesForReplace' = 7 
-- original counts are preserved in counts(dds)
estimating dispersions
estimating size factors
estimating dispersions
gene-wise dispersion estimates
-- replacing outliers and refitting for 21285 genes
-- DESeq argument 'minReplicatesForReplace' = 7 
-- original counts are preserved in counts(dds)
estimating dispersions
-- replacing outliers and refitting for 24161 genes
-- DESeq argument 'minReplicatesForReplace' = 7 
-- original counts are preserved in counts(dds)
estimating dispersions
fitting model and testing
mean-dispersion relationship
fitting model and testing
final dispersion estimates
fitting model and testing
estimating size factors
estimating dispersions
gene-wise dispersion estimates
estimating size factors
estimating dispersions
gene-wise dispersion estimates
estimating size factors
estimating dispersions
gene-wise dispersion estimates
fitting model and testing
mean-dispersion relationship
final dispersion estimates
mean-dispersion relationship
final dispersion estimates
mean-dispersion relationship
final dispersion estimates
-- replacing outliers and refitting for 22316 genes
-- DESeq argument 'minReplicatesForReplace' = 7 
-- original counts are preserved in counts(dds)
estimating dispersions
fitting model and testing
fitting model and testing
fitting model and testing
fitting model and testing
-- replacing outliers and refitting for 28210 genes
-- DESeq argument 'minReplicatesForReplace' = 7 
-- original counts are preserved in counts(dds)
estimating dispersions
estimating size factors
estimating dispersions
gene-wise dispersion estimates
-- replacing outliers and refitting for 30542 genes
-- DESeq argument 'minReplicatesForReplace' = 7 
-- original counts are preserved in counts(dds)
estimating dispersions
-- replacing outliers and refitting for 23234 genes
-- DESeq argument 'minReplicatesForReplace' = 7 
-- original counts are preserved in counts(dds)
estimating dispersions
mean-dispersion relationship
final dispersion estimates
fitting model and testing
fitting model and testing
fitting model and testing
estimating size factors
estimating dispersions
gene-wise dispersion estimates
estimating size factors
estimating dispersions
gene-wise dispersion estimates
fitting model and testing
estimating size factors
estimating dispersions
gene-wise dispersion estimates
mean-dispersion relationship
final dispersion estimates
-- replacing outliers and refitting for 24605 genes
-- DESeq argument 'minReplicatesForReplace' = 7 
-- original counts are preserved in counts(dds)
estimating dispersions
mean-dispersion relationship
final dispersion estimates
mean-dispersion relationship
final dispersion estimates
fitting model and testing
fitting model and testing
fitting model and testing
fitting model and testing
estimating size factors
estimating dispersions
gene-wise dispersion estimates
-- replacing outliers and refitting for 30136 genes
-- DESeq argument 'minReplicatesForReplace' = 7 
-- original counts are preserved in counts(dds)
estimating dispersions
-- replacing outliers and refitting for 35221 genes
-- DESeq argument 'minReplicatesForReplace' = 7 
-- original counts are preserved in counts(dds)
estimating dispersions
-- replacing outliers and refitting for 25966 genes
-- DESeq argument 'minReplicatesForReplace' = 7 
-- original counts are preserved in counts(dds)
estimating dispersions
mean-dispersion relationship
final dispersion estimates
fitting model and testing
fitting model and testing
fitting model and testing
estimating size factors
estimating dispersions
gene-wise dispersion estimates
fitting model and testing
estimating size factors
estimating dispersions
gene-wise dispersion estimates
estimating size factors
estimating dispersions
gene-wise dispersion estimates
-- replacing outliers and refitting for 24084 genes
-- DESeq argument 'minReplicatesForReplace' = 7 
-- original counts are preserved in counts(dds)
estimating dispersions
mean-dispersion relationship
final dispersion estimates
mean-dispersion relationship
final dispersion estimates
mean-dispersion relationship
final dispersion estimates
fitting model and testing
fitting model and testing
estimating size factors
estimating dispersions
gene-wise dispersion estimates
fitting model and testing
fitting model and testing
-- replacing outliers and refitting for 26532 genes
-- DESeq argument 'minReplicatesForReplace' = 7 
-- original counts are preserved in counts(dds)
estimating dispersions
-- replacing outliers and refitting for 25945 genes
-- DESeq argument 'minReplicatesForReplace' = 7 
-- original counts are preserved in counts(dds)
estimating dispersions
mean-dispersion relationship
final dispersion estimates
-- replacing outliers and refitting for 29561 genes
-- DESeq argument 'minReplicatesForReplace' = 7 
-- original counts are preserved in counts(dds)
estimating dispersions
fitting model and testing
fitting model and testing
fitting model and testing
estimating size factors
estimating dispersions
gene-wise dispersion estimates
estimating size factors
fitting model and testing
estimating dispersions
gene-wise dispersion estimates
-- replacing outliers and refitting for 23250 genes
-- DESeq argument 'minReplicatesForReplace' = 7 
-- original counts are preserved in counts(dds)
estimating dispersions
estimating size factors
estimating dispersions
gene-wise dispersion estimates
mean-dispersion relationship
final dispersion estimates
mean-dispersion relationship
final dispersion estimates
fitting model and testing
mean-dispersion relationship
final dispersion estimates
estimating size factors
estimating dispersions
gene-wise dispersion estimates
fitting model and testing
fitting model and testing
fitting model and testing
-- replacing outliers and refitting for 26067 genes
-- DESeq argument 'minReplicatesForReplace' = 7 
-- original counts are preserved in counts(dds)
estimating dispersions
mean-dispersion relationship
final dispersion estimates
-- replacing outliers and refitting for 19550 genes
-- DESeq argument 'minReplicatesForReplace' = 7 
-- original counts are preserved in counts(dds)
estimating dispersions
-- replacing outliers and refitting for 24323 genes
-- DESeq argument 'minReplicatesForReplace' = 7 
-- original counts are preserved in counts(dds)
estimating dispersions
fitting model and testing
fitting model and testing
fitting model and testing
estimating size factors
estimating dispersions
gene-wise dispersion estimates
estimating size factors
estimating dispersions
gene-wise dispersion estimates
fitting model and testing
-- replacing outliers and refitting for 19052 genes
-- DESeq argument 'minReplicatesForReplace' = 7 
-- original counts are preserved in counts(dds)
estimating dispersions
estimating size factors
estimating dispersions
gene-wise dispersion estimates
mean-dispersion relationship
final dispersion estimates
mean-dispersion relationship
final dispersion estimates
fitting model and testing
estimating size factors
estimating dispersions
gene-wise dispersion estimates
mean-dispersion relationship
final dispersion estimates
fitting model and testing
fitting model and testing
mean-dispersion relationship
final dispersion estimates
fitting model and testing
-- replacing outliers and refitting for 28720 genes
-- DESeq argument 'minReplicatesForReplace' = 7 
-- original counts are preserved in counts(dds)
estimating dispersions
-- replacing outliers and refitting for 22548 genes
-- DESeq argument 'minReplicatesForReplace' = 7 
-- original counts are preserved in counts(dds)
estimating dispersions
-- replacing outliers and refitting for 22470 genes
-- DESeq argument 'minReplicatesForReplace' = 7 
-- original counts are preserved in counts(dds)
estimating dispersions
fitting model and testing
fitting model and testing
fitting model and testing
fitting model and testing
estimating size factors
estimating dispersions
gene-wise dispersion estimates
-- replacing outliers and refitting for 26053 genes
-- DESeq argument 'minReplicatesForReplace' = 7 
-- original counts are preserved in counts(dds)
estimating dispersions
estimating size factors
estimating dispersions
gene-wise dispersion estimates
estimating size factors
estimating dispersions
gene-wise dispersion estimates
mean-dispersion relationship
final dispersion estimates
fitting model and testing
mean-dispersion relationship
final dispersion estimates
mean-dispersion relationship
final dispersion estimates
estimating size factors
estimating dispersions
gene-wise dispersion estimates
fitting model and testing
fitting model and testing
fitting model and testing
mean-dispersion relationship
final dispersion estimates
-- replacing outliers and refitting for 32657 genes
-- DESeq argument 'minReplicatesForReplace' = 7 
-- original counts are preserved in counts(dds)
estimating dispersions
-- replacing outliers and refitting for 26136 genes
-- DESeq argument 'minReplicatesForReplace' = 7 
-- original counts are preserved in counts(dds)
estimating dispersions
-- replacing outliers and refitting for 24246 genes
-- DESeq argument 'minReplicatesForReplace' = 7 
-- original counts are preserved in counts(dds)
estimating dispersions
fitting model and testing
fitting model and testing
fitting model and testing
fitting model and testing
-- replacing outliers and refitting for 22684 genes
-- DESeq argument 'minReplicatesForReplace' = 7 
-- original counts are preserved in counts(dds)
estimating dispersions
estimating size factors
estimating dispersions
gene-wise dispersion estimates
estimating size factors
estimating size factors
estimating dispersions
gene-wise dispersion estimates
estimating dispersions
gene-wise dispersion estimates
fitting model and testing
mean-dispersion relationship
final dispersion estimates
estimating size factors
estimating dispersions
gene-wise dispersion estimates
mean-dispersion relationship
mean-dispersion relationship
final dispersion estimates
final dispersion estimates
fitting model and testing
mean-dispersion relationship
final dispersion estimates
fitting model and testing
fitting model and testing
-- replacing outliers and refitting for 25163 genes
-- DESeq argument 'minReplicatesForReplace' = 7 
-- original counts are preserved in counts(dds)
estimating dispersions
-- replacing outliers and refitting for 27935 genes
-- DESeq argument 'minReplicatesForReplace' = 7 
-- original counts are preserved in counts(dds)
estimating dispersions
-- replacing outliers and refitting for 24104 genes
-- DESeq argument 'minReplicatesForReplace' = 7 
-- original counts are preserved in counts(dds)
estimating dispersions
fitting model and testing
fitting model and testing
-- replacing outliers and refitting for 22290 genes
-- DESeq argument 'minReplicatesForReplace' = 7 
-- original counts are preserved in counts(dds)
estimating dispersions
fitting model and testing
fitting model and testing
estimating size factors
estimating dispersions
gene-wise dispersion estimates
estimating size factors
estimating dispersions
gene-wise dispersion estimates
estimating size factors
estimating dispersions
gene-wise dispersion estimates
fitting model and testing
estimating size factors
estimating dispersions
gene-wise dispersion estimates
mean-dispersion relationship
final dispersion estimates
mean-dispersion relationship
final dispersion estimates
mean-dispersion relationship
final dispersion estimates
mean-dispersion relationship
final dispersion estimates
fitting model and testing
fitting model and testing
fitting model and testing
-- replacing outliers and refitting for 22978 genes
-- DESeq argument 'minReplicatesForReplace' = 7 
-- original counts are preserved in counts(dds)
estimating dispersions
-- replacing outliers and refitting for 26277 genes
-- DESeq argument 'minReplicatesForReplace' = 7 
-- original counts are preserved in counts(dds)
estimating dispersions
fitting model and testing
-- replacing outliers and refitting for 23845 genes
-- DESeq argument 'minReplicatesForReplace' = 7 
-- original counts are preserved in counts(dds)
estimating dispersions
-- replacing outliers and refitting for 27925 genes
-- DESeq argument 'minReplicatesForReplace' = 7 
-- original counts are preserved in counts(dds)
estimating dispersions
fitting model and testing
fitting model and testing
fitting model and testing
estimating size factors
estimating dispersions
gene-wise dispersion estimates
estimating size factors
estimating dispersions
gene-wise dispersion estimates
estimating size factors
estimating dispersions
gene-wise dispersion estimates
fitting model and testing
mean-dispersion relationship
final dispersion estimates
estimating size factors
estimating dispersions
gene-wise dispersion estimates
mean-dispersion relationship
final dispersion estimates
mean-dispersion relationship
final dispersion estimates
fitting model and testing
mean-dispersion relationship
final dispersion estimates
fitting model and testing
fitting model and testing
-- replacing outliers and refitting for 25793 genes
-- DESeq argument 'minReplicatesForReplace' = 7 
-- original counts are preserved in counts(dds)
estimating dispersions
-- replacing outliers and refitting for 25535 genes
-- DESeq argument 'minReplicatesForReplace' = 7 
-- original counts are preserved in counts(dds)
estimating dispersions
fitting model and testing
-- replacing outliers and refitting for 23506 genes
-- DESeq argument 'minReplicatesForReplace' = 7 
-- original counts are preserved in counts(dds)
estimating dispersions
fitting model and testing
-- replacing outliers and refitting for 22170 genes
-- DESeq argument 'minReplicatesForReplace' = 7 
-- original counts are preserved in counts(dds)
estimating dispersions
fitting model and testing
fitting model and testing
estimating size factors
estimating dispersions
gene-wise dispersion estimates
estimating size factors
estimating dispersions
gene-wise dispersion estimates
estimating size factors
estimating dispersions
gene-wise dispersion estimates
fitting model and testing
estimating size factors
estimating dispersions
gene-wise dispersion estimates
mean-dispersion relationship
final dispersion estimates
mean-dispersion relationship
mean-dispersion relationship
final dispersion estimates
final dispersion estimates
mean-dispersion relationship
final dispersion estimates
fitting model and testing
fitting model and testing
fitting model and testing
-- replacing outliers and refitting for 29835 genes
-- DESeq argument 'minReplicatesForReplace' = 7 
-- original counts are preserved in counts(dds)
estimating dispersions
fitting model and testing
-- replacing outliers and refitting for 28968 genes
-- DESeq argument 'minReplicatesForReplace' = 7 
-- original counts are preserved in counts(dds)
estimating dispersions
-- replacing outliers and refitting for 25071 genes
-- DESeq argument 'minReplicatesForReplace' = 7 
-- original counts are preserved in counts(dds)
estimating dispersions
-- replacing outliers and refitting for 27478 genes
-- DESeq argument 'minReplicatesForReplace' = 7 
-- original counts are preserved in counts(dds)
estimating dispersions
fitting model and testing
fitting model and testing
fitting model and testing
estimating size factors
estimating dispersions
gene-wise dispersion estimates
estimating size factors
fitting model and testing
estimating dispersions
gene-wise dispersion estimates
estimating size factors
estimating dispersions
gene-wise dispersion estimates
estimating size factors
estimating dispersions
gene-wise dispersion estimates
mean-dispersion relationship
final dispersion estimates
mean-dispersion relationship
final dispersion estimates
mean-dispersion relationship
final dispersion estimates
mean-dispersion relationship
final dispersion estimates
fitting model and testing
fitting model and testing
fitting model and testing
fitting model and testing
-- replacing outliers and refitting for 20827 genes
-- DESeq argument 'minReplicatesForReplace' = 7 
-- original counts are preserved in counts(dds)
estimating dispersions
-- replacing outliers and refitting for 26993 genes
-- DESeq argument 'minReplicatesForReplace' = 7 
-- original counts are preserved in counts(dds)
estimating dispersions
-- replacing outliers and refitting for 28419 genes
-- DESeq argument 'minReplicatesForReplace' = 7 
-- original counts are preserved in counts(dds)
estimating dispersions
-- replacing outliers and refitting for 27395 genes
-- DESeq argument 'minReplicatesForReplace' = 7 
-- original counts are preserved in counts(dds)
estimating dispersions
fitting model and testing
estimating size factors
fitting model and testing
estimating dispersions
gene-wise dispersion estimates
fitting model and testing
fitting model and testing
estimating size factors
estimating dispersions
gene-wise dispersion estimates
estimating size factors
estimating dispersions
gene-wise dispersion estimates
mean-dispersion relationship
final dispersion estimates
estimating size factors
estimating dispersions
gene-wise dispersion estimates
mean-dispersion relationship
final dispersion estimates
mean-dispersion relationship
final dispersion estimates
fitting model and testing
mean-dispersion relationship
final dispersion estimates
fitting model and testing
-- replacing outliers and refitting for 30337 genes
-- DESeq argument 'minReplicatesForReplace' = 7 
-- original counts are preserved in counts(dds)
estimating dispersions
fitting model and testing
fitting model and testing
-- replacing outliers and refitting for 21011 genes
-- DESeq argument 'minReplicatesForReplace' = 7 
-- original counts are preserved in counts(dds)
estimating dispersions
-- replacing outliers and refitting for 24215 genes
-- DESeq argument 'minReplicatesForReplace' = 7 
-- original counts are preserved in counts(dds)
estimating dispersions
fitting model and testing
-- replacing outliers and refitting for 27920 genes
-- DESeq argument 'minReplicatesForReplace' = 7 
-- original counts are preserved in counts(dds)
estimating dispersions
fitting model and testing
estimating size factors
estimating dispersions
gene-wise dispersion estimates
fitting model and testing
estimating size factors
estimating dispersions
gene-wise dispersion estimates
fitting model and testing
estimating size factors
estimating dispersions
gene-wise dispersion estimates
mean-dispersion relationship
final dispersion estimates
estimating size factors
estimating dispersions
gene-wise dispersion estimates
mean-dispersion relationship
final dispersion estimates
mean-dispersion relationship
final dispersion estimates
mean-dispersion relationship
final dispersion estimates
fitting model and testing
fitting model and testing
fitting model and testing
-- replacing outliers and refitting for 20029 genes
-- DESeq argument 'minReplicatesForReplace' = 7 
-- original counts are preserved in counts(dds)
estimating dispersions
-- replacing outliers and refitting for 21493 genes
-- DESeq argument 'minReplicatesForReplace' = 7 
-- original counts are preserved in counts(dds)
estimating dispersions
fitting model and testing
-- replacing outliers and refitting for 25653 genes
-- DESeq argument 'minReplicatesForReplace' = 7 
-- original counts are preserved in counts(dds)
estimating dispersions
fitting model and testing
fitting model and testing
-- replacing outliers and refitting for 21858 genes
-- DESeq argument 'minReplicatesForReplace' = 7 
-- original counts are preserved in counts(dds)
estimating dispersions
estimating size factors
estimating dispersions
gene-wise dispersion estimates
estimating size factors
estimating dispersions
gene-wise dispersion estimates
fitting model and testing
fitting model and testing
estimating size factors
estimating dispersions
gene-wise dispersion estimates
mean-dispersion relationship
final dispersion estimates
estimating size factors
estimating dispersions
gene-wise dispersion estimates
mean-dispersion relationship
final dispersion estimates
mean-dispersion relationship
final dispersion estimates
fitting model and testing
mean-dispersion relationship
final dispersion estimates
fitting model and testing
-- replacing outliers and refitting for 24801 genes
-- DESeq argument 'minReplicatesForReplace' = 7 
-- original counts are preserved in counts(dds)
estimating dispersions
fitting model and testing
-- replacing outliers and refitting for 23630 genes
-- DESeq argument 'minReplicatesForReplace' = 7 
-- original counts are preserved in counts(dds)
estimating dispersions
fitting model and testing
-- replacing outliers and refitting for 26238 genes
-- DESeq argument 'minReplicatesForReplace' = 7 
-- original counts are preserved in counts(dds)
estimating dispersions
fitting model and testing
fitting model and testing
-- replacing outliers and refitting for 25481 genes
-- DESeq argument 'minReplicatesForReplace' = 7 
-- original counts are preserved in counts(dds)
estimating dispersions
estimating size factors
estimating dispersions
gene-wise dispersion estimates
estimating size factors
estimating dispersions
gene-wise dispersion estimates
fitting model and testing
fitting model and testing
estimating size factors
estimating dispersions
gene-wise dispersion estimates
mean-dispersion relationship
final dispersion estimates
mean-dispersion relationship
final dispersion estimates
estimating size factors
estimating dispersions
gene-wise dispersion estimates
mean-dispersion relationship
final dispersion estimates
fitting model and testing
fitting model and testing
mean-dispersion relationship
final dispersion estimates
-- replacing outliers and refitting for 24882 genes
-- DESeq argument 'minReplicatesForReplace' = 7 
-- original counts are preserved in counts(dds)
estimating dispersions
fitting model and testing
-- replacing outliers and refitting for 18602 genes
-- DESeq argument 'minReplicatesForReplace' = 7 
-- original counts are preserved in counts(dds)
estimating dispersions
fitting model and testing
-- replacing outliers and refitting for 22609 genes
-- DESeq argument 'minReplicatesForReplace' = 7 
-- original counts are preserved in counts(dds)
estimating dispersions
fitting model and testing
fitting model and testing
estimating size factors
estimating dispersions
-- replacing outliers and refitting for 22045 genes
-- DESeq argument 'minReplicatesForReplace' = 7 
-- original counts are preserved in counts(dds)
gene-wise dispersion estimates
estimating dispersions
estimating size factors
estimating dispersions
gene-wise dispersion estimates
fitting model and testing
estimating size factors
estimating dispersions
gene-wise dispersion estimates
fitting model and testing
mean-dispersion relationship
final dispersion estimates
mean-dispersion relationship
final dispersion estimates
estimating size factors
estimating dispersions
gene-wise dispersion estimates
mean-dispersion relationship
final dispersion estimates
fitting model and testing
fitting model and testing
mean-dispersion relationship
final dispersion estimates
-- replacing outliers and refitting for 26149 genes
-- DESeq argument 'minReplicatesForReplace' = 7 
-- original counts are preserved in counts(dds)
estimating dispersions
fitting model and testing
-- replacing outliers and refitting for 26414 genes
-- DESeq argument 'minReplicatesForReplace' = 7 
-- original counts are preserved in counts(dds)
estimating dispersions
fitting model and testing
-- replacing outliers and refitting for 21407 genes
-- DESeq argument 'minReplicatesForReplace' = 7 
-- original counts are preserved in counts(dds)
estimating dispersions
fitting model and testing
fitting model and testing
-- replacing outliers and refitting for 25890 genes
-- DESeq argument 'minReplicatesForReplace' = 7 
-- original counts are preserved in counts(dds)
estimating dispersions
estimating size factors
estimating dispersions
gene-wise dispersion estimates
fitting model and testing
estimating size factors
estimating dispersions
gene-wise dispersion estimates
estimating size factors
estimating dispersions
gene-wise dispersion estimates
fitting model and testing
mean-dispersion relationship
final dispersion estimates
mean-dispersion relationship
final dispersion estimates
estimating size factors
estimating dispersions
gene-wise dispersion estimates
mean-dispersion relationship
final dispersion estimates
fitting model and testing
fitting model and testing
mean-dispersion relationship
final dispersion estimates
fitting model and testing
-- replacing outliers and refitting for 26084 genes
-- DESeq argument 'minReplicatesForReplace' = 7 
-- original counts are preserved in counts(dds)
estimating dispersions
-- replacing outliers and refitting for 19913 genes
-- DESeq argument 'minReplicatesForReplace' = 7 
-- original counts are preserved in counts(dds)
estimating dispersions
-- replacing outliers and refitting for 28567 genes
-- DESeq argument 'minReplicatesForReplace' = 7 
-- original counts are preserved in counts(dds)
estimating dispersions
fitting model and testing
fitting model and testing
fitting model and testing
-- replacing outliers and refitting for 21349 genes
-- DESeq argument 'minReplicatesForReplace' = 7 
-- original counts are preserved in counts(dds)
estimating dispersions
estimating size factors
estimating size factors
estimating dispersions
gene-wise dispersion estimates
estimating dispersions
gene-wise dispersion estimates
fitting model and testing
estimating size factors
fitting model and testing
estimating dispersions
gene-wise dispersion estimates
mean-dispersion relationship
mean-dispersion relationship
final dispersion estimates
estimating size factors
final dispersion estimates
estimating dispersions
gene-wise dispersion estimates
mean-dispersion relationship
final dispersion estimates
mean-dispersion relationship
fitting model and testing
final dispersion estimates
fitting model and testing
fitting model and testing
-- replacing outliers and refitting for 21171 genes
-- DESeq argument 'minReplicatesForReplace' = 7 
-- original counts are preserved in counts(dds)
estimating dispersions
-- replacing outliers and refitting for 22828 genes
-- DESeq argument 'minReplicatesForReplace' = 7 
-- original counts are preserved in counts(dds)
estimating dispersions
fitting model and testing
-- replacing outliers and refitting for 32706 genes
-- DESeq argument 'minReplicatesForReplace' = 7 
-- original counts are preserved in counts(dds)
estimating dispersions
fitting model and testing
fitting model and testing
-- replacing outliers and refitting for 28943 genes
-- DESeq argument 'minReplicatesForReplace' = 7 
-- original counts are preserved in counts(dds)
estimating dispersions
estimating size factors
estimating dispersions
gene-wise dispersion estimates
estimating size factors
estimating dispersions
gene-wise dispersion estimates
fitting model and testing
fitting model and testing
mean-dispersion relationship
final dispersion estimates
mean-dispersion relationship
final dispersion estimates
estimating size factors
estimating dispersions
gene-wise dispersion estimates
estimating size factors
estimating dispersions
gene-wise dispersion estimates
fitting model and testing
fitting model and testing
mean-dispersion relationship
final dispersion estimates
mean-dispersion relationship
final dispersion estimates
-- replacing outliers and refitting for 23250 genes
-- DESeq argument 'minReplicatesForReplace' = 7 
-- original counts are preserved in counts(dds)
estimating dispersions
-- replacing outliers and refitting for 32314 genes
-- DESeq argument 'minReplicatesForReplace' = 7 
-- original counts are preserved in counts(dds)
estimating dispersions
fitting model and testing
fitting model and testing
fitting model and testing
-- replacing outliers and refitting for 21916 genes
-- DESeq argument 'minReplicatesForReplace' = 7 
-- original counts are preserved in counts(dds)
estimating dispersions
estimating size factors
estimating dispersions
gene-wise dispersion estimates
fitting model and testing
-- replacing outliers and refitting for 29948 genes
-- DESeq argument 'minReplicatesForReplace' = 7 
-- original counts are preserved in counts(dds)
estimating dispersions
estimating size factors
estimating dispersions
gene-wise dispersion estimates
fitting model and testing
mean-dispersion relationship
final dispersion estimates
estimating size factors
estimating dispersions
gene-wise dispersion estimates
fitting model and testing
mean-dispersion relationship
final dispersion estimates
estimating size factors
estimating dispersions
gene-wise dispersion estimates
fitting model and testing
mean-dispersion relationship
final dispersion estimates
fitting model and testing
-- replacing outliers and refitting for 29584 genes
-- DESeq argument 'minReplicatesForReplace' = 7 
-- original counts are preserved in counts(dds)
estimating dispersions
mean-dispersion relationship
final dispersion estimates
fitting model and testing
-- replacing outliers and refitting for 23759 genes
-- DESeq argument 'minReplicatesForReplace' = 7 
-- original counts are preserved in counts(dds)
estimating dispersions
fitting model and testing
fitting model and testing
-- replacing outliers and refitting for 19633 genes
-- DESeq argument 'minReplicatesForReplace' = 7 
-- original counts are preserved in counts(dds)
estimating dispersions
fitting model and testing
estimating size factors
estimating dispersions
gene-wise dispersion estimates
-- replacing outliers and refitting for 21580 genes
-- DESeq argument 'minReplicatesForReplace' = 7 
-- original counts are preserved in counts(dds)
estimating dispersions
fitting model and testing
estimating size factors
estimating dispersions
gene-wise dispersion estimates
estimating size factors
estimating dispersions
gene-wise dispersion estimates
mean-dispersion relationship
fitting model and testing
final dispersion estimates
mean-dispersion relationship
final dispersion estimates
estimating size factors
estimating dispersions
gene-wise dispersion estimates
mean-dispersion relationship
final dispersion estimates
fitting model and testing
mean-dispersion relationship
fitting model and testing
final dispersion estimates
fitting model and testing
-- replacing outliers and refitting for 22112 genes
-- DESeq argument 'minReplicatesForReplace' = 7 
-- original counts are preserved in counts(dds)
estimating dispersions
-- replacing outliers and refitting for 26966 genes
-- DESeq argument 'minReplicatesForReplace' = 7 
-- original counts are preserved in counts(dds)
estimating dispersions
-- replacing outliers and refitting for 21961 genes
-- DESeq argument 'minReplicatesForReplace' = 7 
-- original counts are preserved in counts(dds)
estimating dispersions
fitting model and testing
fitting model and testing
estimating size factors
estimating dispersions
gene-wise dispersion estimates
fitting model and testing
fitting model and testing
-- replacing outliers and refitting for 26270 genes
-- DESeq argument 'minReplicatesForReplace' = 7 
-- original counts are preserved in counts(dds)
estimating dispersions
estimating size factors
estimating size factors
estimating dispersions
gene-wise dispersion estimates
estimating dispersions
gene-wise dispersion estimates
mean-dispersion relationship
final dispersion estimates
fitting model and testing
mean-dispersion relationship
mean-dispersion relationship
final dispersion estimates
final dispersion estimates
estimating size factors
estimating dispersions
gene-wise dispersion estimates
fitting model and testing
fitting model and testing
-- replacing outliers and refitting for 24333 genes
-- DESeq argument 'minReplicatesForReplace' = 7 
-- original counts are preserved in counts(dds)
estimating dispersions
fitting model and testing
mean-dispersion relationship
final dispersion estimates
-- replacing outliers and refitting for 20553 genes
-- DESeq argument 'minReplicatesForReplace' = 7 
-- original counts are preserved in counts(dds)
estimating dispersions
-- replacing outliers and refitting for 25884 genes
-- DESeq argument 'minReplicatesForReplace' = 7 
-- original counts are preserved in counts(dds)
estimating dispersions
fitting model and testing
fitting model and testing
estimating size factors
estimating dispersions
gene-wise dispersion estimates
fitting model and testing
fitting model and testing
-- replacing outliers and refitting for 21963 genes
-- DESeq argument 'minReplicatesForReplace' = 7 
-- original counts are preserved in counts(dds)
estimating dispersions
estimating size factors
estimating dispersions
gene-wise dispersion estimates
estimating size factors
estimating dispersions
gene-wise dispersion estimates
mean-dispersion relationship
final dispersion estimates
fitting model and testing
mean-dispersion relationship
final dispersion estimates
estimating size factors
estimating dispersions
gene-wise dispersion estimates
mean-dispersion relationship
final dispersion estimates
fitting model and testing
fitting model and testing
mean-dispersion relationship
final dispersion estimates
-- replacing outliers and refitting for 27652 genes
-- DESeq argument 'minReplicatesForReplace' = 7 
-- original counts are preserved in counts(dds)
estimating dispersions
fitting model and testing
-- replacing outliers and refitting for 19393 genes
-- DESeq argument 'minReplicatesForReplace' = 7 
-- original counts are preserved in counts(dds)
estimating dispersions
-- replacing outliers and refitting for 32393 genes
-- DESeq argument 'minReplicatesForReplace' = 7 
-- original counts are preserved in counts(dds)
estimating dispersions
fitting model and testing
fitting model and testing
fitting model and testing
estimating size factors
estimating dispersions
gene-wise dispersion estimates
-- replacing outliers and refitting for 21940 genes
-- DESeq argument 'minReplicatesForReplace' = 7 
-- original counts are preserved in counts(dds)
estimating dispersions
estimating size factors
estimating dispersions
gene-wise dispersion estimates
fitting model and testing
fitting model and testing
mean-dispersion relationship
estimating size factors
final dispersion estimates
estimating dispersions
gene-wise dispersion estimates
mean-dispersion relationship
final dispersion estimates
estimating size factors
estimating dispersions
gene-wise dispersion estimates
fitting model and testing
mean-dispersion relationship
final dispersion estimates
fitting model and testing
mean-dispersion relationship
final dispersion estimates
-- replacing outliers and refitting for 23336 genes
-- DESeq argument 'minReplicatesForReplace' = 7 
-- original counts are preserved in counts(dds)
estimating dispersions
-- replacing outliers and refitting for 27485 genes
-- DESeq argument 'minReplicatesForReplace' = 7 
-- original counts are preserved in counts(dds)
estimating dispersions
fitting model and testing
fitting model and testing
fitting model and testing
-- replacing outliers and refitting for 22838 genes
-- DESeq argument 'minReplicatesForReplace' = 7 
-- original counts are preserved in counts(dds)
estimating dispersions
fitting model and testing
-- replacing outliers and refitting for 24047 genes
-- DESeq argument 'minReplicatesForReplace' = 7 
-- original counts are preserved in counts(dds)
estimating dispersions
estimating size factors
estimating dispersions
gene-wise dispersion estimates
estimating size factors
estimating dispersions
gene-wise dispersion estimates
fitting model and testing
fitting model and testing
estimating size factors
mean-dispersion relationship
estimating dispersions
gene-wise dispersion estimates
final dispersion estimates
mean-dispersion relationship
final dispersion estimates
estimating size factors
estimating dispersions
gene-wise dispersion estimates
mean-dispersion relationship
final dispersion estimates
fitting model and testing
fitting model and testing
mean-dispersion relationship
final dispersion estimates
-- replacing outliers and refitting for 24980 genes
-- DESeq argument 'minReplicatesForReplace' = 7 
-- original counts are preserved in counts(dds)
estimating dispersions
fitting model and testing
-- replacing outliers and refitting for 24809 genes
-- DESeq argument 'minReplicatesForReplace' = 7 
-- original counts are preserved in counts(dds)
estimating dispersions
fitting model and testing
fitting model and testing
-- replacing outliers and refitting for 24251 genes
-- DESeq argument 'minReplicatesForReplace' = 7 
-- original counts are preserved in counts(dds)
estimating dispersions
fitting model and testing
-- replacing outliers and refitting for 32685 genes
-- DESeq argument 'minReplicatesForReplace' = 7 
-- original counts are preserved in counts(dds)
estimating dispersions
estimating size factors
estimating dispersions
gene-wise dispersion estimates
estimating size factors
fitting model and testing
estimating dispersions
gene-wise dispersion estimates
estimating size factors
estimating dispersions
gene-wise dispersion estimates
mean-dispersion relationship
final dispersion estimates
fitting model and testing
mean-dispersion relationship
final dispersion estimates
mean-dispersion relationship
final dispersion estimates
estimating size factors
estimating dispersions
gene-wise dispersion estimates
fitting model and testing
fitting model and testing
-- replacing outliers and refitting for 28872 genes
-- DESeq argument 'minReplicatesForReplace' = 7 
-- original counts are preserved in counts(dds)
estimating dispersions
fitting model and testing
mean-dispersion relationship
final dispersion estimates
-- replacing outliers and refitting for 23526 genes
-- DESeq argument 'minReplicatesForReplace' = 7 
-- original counts are preserved in counts(dds)
estimating dispersions
-- replacing outliers and refitting for 28722 genes
-- DESeq argument 'minReplicatesForReplace' = 7 
-- original counts are preserved in counts(dds)
estimating dispersions
fitting model and testing
fitting model and testing
fitting model and testing
estimating size factors
estimating dispersions
gene-wise dispersion estimates
estimating size factors
estimating dispersions
gene-wise dispersion estimates
fitting model and testing
-- replacing outliers and refitting for 21688 genes
-- DESeq argument 'minReplicatesForReplace' = 7 
-- original counts are preserved in counts(dds)
estimating dispersions
estimating size factors
estimating dispersions
gene-wise dispersion estimates
mean-dispersion relationship
final dispersion estimates
fitting model and testing
mean-dispersion relationship
final dispersion estimates
estimating size factors
estimating dispersions
gene-wise dispersion estimates
mean-dispersion relationship
final dispersion estimates
fitting model and testing
fitting model and testing
mean-dispersion relationship
final dispersion estimates
fitting model and testing
-- replacing outliers and refitting for 23252 genes
-- DESeq argument 'minReplicatesForReplace' = 7 
-- original counts are preserved in counts(dds)
estimating dispersions
-- replacing outliers and refitting for 29683 genes
-- DESeq argument 'minReplicatesForReplace' = 7 
-- original counts are preserved in counts(dds)
estimating dispersions
fitting model and testing
-- replacing outliers and refitting for 24922 genes
-- DESeq argument 'minReplicatesForReplace' = 7 
-- original counts are preserved in counts(dds)
estimating dispersions
fitting model and testing
fitting model and testing
estimating size factors
estimating dispersions
gene-wise dispersion estimates
-- replacing outliers and refitting for 21845 genes
-- DESeq argument 'minReplicatesForReplace' = 7 
-- original counts are preserved in counts(dds)
estimating dispersions
fitting model and testing
estimating size factors
estimating dispersions
gene-wise dispersion estimates
estimating size factors
estimating dispersions
gene-wise dispersion estimates
mean-dispersion relationship
fitting model and testing
final dispersion estimates
mean-dispersion relationship
final dispersion estimates
estimating size factors
estimating dispersions
gene-wise dispersion estimates
mean-dispersion relationship
final dispersion estimates
fitting model and testing
fitting model and testing
mean-dispersion relationship
final dispersion estimates
-- replacing outliers and refitting for 24690 genes
-- DESeq argument 'minReplicatesForReplace' = 7 
-- original counts are preserved in counts(dds)
estimating dispersions
fitting model and testing
-- replacing outliers and refitting for 23639 genes
-- DESeq argument 'minReplicatesForReplace' = 7 
-- original counts are preserved in counts(dds)
estimating dispersions
fitting model and testing
-- replacing outliers and refitting for 26498 genes
-- DESeq argument 'minReplicatesForReplace' = 7 
-- original counts are preserved in counts(dds)
estimating dispersions
fitting model and testing
fitting model and testing
-- replacing outliers and refitting for 21626 genes
-- DESeq argument 'minReplicatesForReplace' = 7 
-- original counts are preserved in counts(dds)
estimating dispersions
estimating size factors
estimating dispersions
gene-wise dispersion estimates
estimating size factors
estimating dispersions
gene-wise dispersion estimates
fitting model and testing
fitting model and testing
estimating size factors
estimating dispersions
gene-wise dispersion estimates
mean-dispersion relationship
final dispersion estimates
mean-dispersion relationship
estimating size factors
final dispersion estimates
estimating dispersions
gene-wise dispersion estimates
mean-dispersion relationship
final dispersion estimates
fitting model and testing
mean-dispersion relationship
final dispersion estimates
fitting model and testing
-- replacing outliers and refitting for 22317 genes
-- DESeq argument 'minReplicatesForReplace' = 7 
-- original counts are preserved in counts(dds)
estimating dispersions
fitting model and testing
-- replacing outliers and refitting for 23855 genes
-- DESeq argument 'minReplicatesForReplace' = 7 
-- original counts are preserved in counts(dds)
estimating dispersions
fitting model and testing
-- replacing outliers and refitting for 26588 genes
-- DESeq argument 'minReplicatesForReplace' = 7 
-- original counts are preserved in counts(dds)
fitting model and testing
estimating dispersions
fitting model and testing
-- replacing outliers and refitting for 30194 genes
-- DESeq argument 'minReplicatesForReplace' = 7 
-- original counts are preserved in counts(dds)
estimating dispersions
estimating size factors
estimating dispersions
gene-wise dispersion estimates
estimating size factors
estimating dispersions
gene-wise dispersion estimates
fitting model and testing
mean-dispersion relationship
estimating size factors
final dispersion estimates
estimating dispersions
gene-wise dispersion estimates
fitting model and testing
mean-dispersion relationship
final dispersion estimates
estimating size factors
estimating dispersions
gene-wise dispersion estimates
mean-dispersion relationship
fitting model and testing
final dispersion estimates
fitting model and testing
mean-dispersion relationship
final dispersion estimates
-- replacing outliers and refitting for 19326 genes
-- DESeq argument 'minReplicatesForReplace' = 7 
-- original counts are preserved in counts(dds)
estimating dispersions
fitting model and testing
-- replacing outliers and refitting for 18315 genes
-- DESeq argument 'minReplicatesForReplace' = 7 
-- original counts are preserved in counts(dds)
estimating dispersions
fitting model and testing
fitting model and testing
-- replacing outliers and refitting for 23058 genes
-- DESeq argument 'minReplicatesForReplace' = 7 
-- original counts are preserved in counts(dds)
estimating dispersions
fitting model and testing
estimating size factors
estimating dispersions
gene-wise dispersion estimates
estimating size factors
estimating dispersions
gene-wise dispersion estimates
-- replacing outliers and refitting for 20864 genes
-- DESeq argument 'minReplicatesForReplace' = 7 
-- original counts are preserved in counts(dds)
estimating dispersions
fitting model and testing
mean-dispersion relationship
final dispersion estimates
estimating size factors
estimating dispersions
gene-wise dispersion estimates
mean-dispersion relationship
final dispersion estimates
fitting model and testing
estimating size factors
estimating dispersions
gene-wise dispersion estimates
fitting model and testing
mean-dispersion relationship
final dispersion estimates
fitting model and testing
mean-dispersion relationship
final dispersion estimates
-- replacing outliers and refitting for 25594 genes
-- DESeq argument 'minReplicatesForReplace' = 7 
-- original counts are preserved in counts(dds)
estimating dispersions
-- replacing outliers and refitting for 23742 genes
-- DESeq argument 'minReplicatesForReplace' = 7 
-- original counts are preserved in counts(dds)
estimating dispersions
fitting model and testing
fitting model and testing
fitting model and testing
fitting model and testing
-- replacing outliers and refitting for 26578 genes
-- DESeq argument 'minReplicatesForReplace' = 7 
-- original counts are preserved in counts(dds)
estimating dispersions
estimating size factors
estimating dispersions
gene-wise dispersion estimates
estimating size factors
estimating dispersions
gene-wise dispersion estimates
-- replacing outliers and refitting for 26909 genes
-- DESeq argument 'minReplicatesForReplace' = 7 
-- original counts are preserved in counts(dds)
estimating dispersions
fitting model and testing
mean-dispersion relationship
final dispersion estimates
mean-dispersion relationship
final dispersion estimates
estimating size factors
estimating dispersions
gene-wise dispersion estimates
fitting model and testing
estimating size factors
estimating dispersions
gene-wise dispersion estimates
fitting model and testing
fitting model and testing
mean-dispersion relationship
final dispersion estimates
-- replacing outliers and refitting for 20761 genes
-- DESeq argument 'minReplicatesForReplace' = 7 
-- original counts are preserved in counts(dds)
estimating dispersions
mean-dispersion relationship
final dispersion estimates
-- replacing outliers and refitting for 25713 genes
-- DESeq argument 'minReplicatesForReplace' = 7 
-- original counts are preserved in counts(dds)
estimating dispersions
fitting model and testing
fitting model and testing
fitting model and testing
fitting model and testing
estimating size factors
-- replacing outliers and refitting for 25261 genes
-- DESeq argument 'minReplicatesForReplace' = 7 
-- original counts are preserved in counts(dds)
estimating dispersions
estimating dispersions
gene-wise dispersion estimates
estimating size factors
estimating dispersions
gene-wise dispersion estimates
-- replacing outliers and refitting for 25285 genes
-- DESeq argument 'minReplicatesForReplace' = 7 
-- original counts are preserved in counts(dds)
estimating dispersions
mean-dispersion relationship
fitting model and testing
final dispersion estimates
mean-dispersion relationship
final dispersion estimates
estimating size factors
estimating dispersions
gene-wise dispersion estimates
fitting model and testing
fitting model and testing
estimating size factors
estimating dispersions
gene-wise dispersion estimates
fitting model and testing
mean-dispersion relationship
final dispersion estimates
-- replacing outliers and refitting for 23619 genes
-- DESeq argument 'minReplicatesForReplace' = 7 
-- original counts are preserved in counts(dds)
estimating dispersions
mean-dispersion relationship
final dispersion estimates
-- replacing outliers and refitting for 22027 genes
-- DESeq argument 'minReplicatesForReplace' = 7 
-- original counts are preserved in counts(dds)
estimating dispersions
fitting model and testing
fitting model and testing
fitting model and testing
estimating size factors
fitting model and testing
estimating dispersions
gene-wise dispersion estimates
-- replacing outliers and refitting for 27682 genes
-- DESeq argument 'minReplicatesForReplace' = 7 
-- original counts are preserved in counts(dds)
estimating dispersions
estimating size factors
estimating dispersions
gene-wise dispersion estimates
-- replacing outliers and refitting for 22101 genes
-- DESeq argument 'minReplicatesForReplace' = 7 
-- original counts are preserved in counts(dds)
estimating dispersions
mean-dispersion relationship
final dispersion estimates
fitting model and testing
mean-dispersion relationship
final dispersion estimates
fitting model and testing
estimating size factors
estimating dispersions
gene-wise dispersion estimates
estimating size factors
fitting model and testing
estimating dispersions
gene-wise dispersion estimates
fitting model and testing
-- replacing outliers and refitting for 25766 genes
-- DESeq argument 'minReplicatesForReplace' = 7 
-- original counts are preserved in counts(dds)
estimating dispersions
mean-dispersion relationship
final dispersion estimates
mean-dispersion relationship
final dispersion estimates
-- replacing outliers and refitting for 20623 genes
-- DESeq argument 'minReplicatesForReplace' = 7 
-- original counts are preserved in counts(dds)
estimating dispersions
fitting model and testing
fitting model and testing
fitting model and testing
fitting model and testing
estimating size factors
estimating dispersions
gene-wise dispersion estimates
estimating size factors
estimating dispersions
gene-wise dispersion estimates
-- replacing outliers and refitting for 26658 genes
-- DESeq argument 'minReplicatesForReplace' = 7 
-- original counts are preserved in counts(dds)
estimating dispersions
-- replacing outliers and refitting for 23444 genes
-- DESeq argument 'minReplicatesForReplace' = 7 
-- original counts are preserved in counts(dds)
estimating dispersions
mean-dispersion relationship
final dispersion estimates
mean-dispersion relationship
final dispersion estimates
fitting model and testing
fitting model and testing
estimating size factors
estimating dispersions
gene-wise dispersion estimates
estimating size factors
estimating dispersions
gene-wise dispersion estimates
fitting model and testing
fitting model and testing
-- replacing outliers and refitting for 26820 genes
-- DESeq argument 'minReplicatesForReplace' = 7 
-- original counts are preserved in counts(dds)
estimating dispersions
mean-dispersion relationship
final dispersion estimates
mean-dispersion relationship
-- replacing outliers and refitting for 19156 genes
-- DESeq argument 'minReplicatesForReplace' = 7 
-- original counts are preserved in counts(dds)
estimating dispersions
final dispersion estimates
fitting model and testing
fitting model and testing
fitting model and testing
fitting model and testing
estimating size factors
estimating dispersions
gene-wise dispersion estimates
estimating size factors
estimating dispersions
gene-wise dispersion estimates
-- replacing outliers and refitting for 26775 genes
-- DESeq argument 'minReplicatesForReplace' = 7 
-- original counts are preserved in counts(dds)
estimating dispersions
-- replacing outliers and refitting for 31429 genes
-- DESeq argument 'minReplicatesForReplace' = 7 
-- original counts are preserved in counts(dds)
estimating dispersions
mean-dispersion relationship
final dispersion estimates
mean-dispersion relationship
final dispersion estimates
fitting model and testing
fitting model and testing
fitting model and testing
estimating size factors
estimating dispersions
gene-wise dispersion estimates
fitting model and testing
estimating size factors
estimating dispersions
gene-wise dispersion estimates
-- replacing outliers and refitting for 22405 genes
-- DESeq argument 'minReplicatesForReplace' = 7 
-- original counts are preserved in counts(dds)
estimating dispersions
-- replacing outliers and refitting for 21389 genes
-- DESeq argument 'minReplicatesForReplace' = 7 
-- original counts are preserved in counts(dds)
estimating dispersions
mean-dispersion relationship
final dispersion estimates
mean-dispersion relationship
final dispersion estimates
fitting model and testing
fitting model and testing
estimating size factors
estimating dispersions
gene-wise dispersion estimates
fitting model and testing
estimating size factors
estimating dispersions
gene-wise dispersion estimates
fitting model and testing
-- replacing outliers and refitting for 27782 genes
-- DESeq argument 'minReplicatesForReplace' = 7 
-- original counts are preserved in counts(dds)
estimating dispersions
mean-dispersion relationship
final dispersion estimates
-- replacing outliers and refitting for 20995 genes
-- DESeq argument 'minReplicatesForReplace' = 7 
-- original counts are preserved in counts(dds)
estimating dispersions
mean-dispersion relationship
final dispersion estimates
fitting model and testing
fitting model and testing
fitting model and testing
fitting model and testing
estimating size factors
estimating size factors
estimating dispersions
gene-wise dispersion estimates
estimating dispersions
gene-wise dispersion estimates
-- replacing outliers and refitting for 24874 genes
-- DESeq argument 'minReplicatesForReplace' = 7 
-- original counts are preserved in counts(dds)
estimating dispersions
-- replacing outliers and refitting for 24567 genes
-- DESeq argument 'minReplicatesForReplace' = 7 
-- original counts are preserved in counts(dds)
estimating dispersions
mean-dispersion relationship
mean-dispersion relationship
final dispersion estimates
final dispersion estimates
fitting model and testing
fitting model and testing
estimating size factors
estimating dispersions
gene-wise dispersion estimates
estimating size factors
fitting model and testing
estimating dispersions
gene-wise dispersion estimates
fitting model and testing
-- replacing outliers and refitting for 23631 genes
-- DESeq argument 'minReplicatesForReplace' = 7 
-- original counts are preserved in counts(dds)
mean-dispersion relationship
estimating dispersions
final dispersion estimates
-- replacing outliers and refitting for 23162 genes
-- DESeq argument 'minReplicatesForReplace' = 7 
-- original counts are preserved in counts(dds)
estimating dispersions
mean-dispersion relationship
final dispersion estimates
fitting model and testing
fitting model and testing
fitting model and testing
fitting model and testing
estimating size factors
estimating dispersions
gene-wise dispersion estimates
estimating size factors
estimating dispersions
gene-wise dispersion estimates
-- replacing outliers and refitting for 19887 genes
-- DESeq argument 'minReplicatesForReplace' = 7 
-- original counts are preserved in counts(dds)
estimating dispersions
-- replacing outliers and refitting for 24814 genes
-- DESeq argument 'minReplicatesForReplace' = 7 
-- original counts are preserved in counts(dds)
estimating dispersions
mean-dispersion relationship
mean-dispersion relationship
final dispersion estimates
final dispersion estimates
fitting model and testing
estimating size factors
fitting model and testing
estimating dispersions
gene-wise dispersion estimates
estimating size factors
estimating dispersions
gene-wise dispersion estimates
fitting model and testing
fitting model and testing
mean-dispersion relationship
final dispersion estimates
-- replacing outliers and refitting for 22769 genes
-- DESeq argument 'minReplicatesForReplace' = 7 
-- original counts are preserved in counts(dds)
estimating dispersions
-- replacing outliers and refitting for 25823 genes
-- DESeq argument 'minReplicatesForReplace' = 7 
-- original counts are preserved in counts(dds)
estimating dispersions
mean-dispersion relationship
final dispersion estimates
fitting model and testing
fitting model and testing
fitting model and testing
fitting model and testing
estimating size factors
estimating dispersions
gene-wise dispersion estimates
-- replacing outliers and refitting for 23713 genes
-- DESeq argument 'minReplicatesForReplace' = 7 
-- original counts are preserved in counts(dds)
estimating dispersions
estimating size factors
estimating dispersions
gene-wise dispersion estimates
-- replacing outliers and refitting for 21667 genes
-- DESeq argument 'minReplicatesForReplace' = 7 
-- original counts are preserved in counts(dds)
estimating dispersions
fitting model and testing
mean-dispersion relationship
final dispersion estimates
mean-dispersion relationship
final dispersion estimates
fitting model and testing
estimating size factors
estimating dispersions
gene-wise dispersion estimates
estimating size factors
estimating dispersions
gene-wise dispersion estimates
fitting model and testing
fitting model and testing
mean-dispersion relationship
final dispersion estimates
-- replacing outliers and refitting for 20671 genes
-- DESeq argument 'minReplicatesForReplace' = 7 
-- original counts are preserved in counts(dds)
estimating dispersions
mean-dispersion relationship
final dispersion estimates
-- replacing outliers and refitting for 24070 genes
-- DESeq argument 'minReplicatesForReplace' = 7 
-- original counts are preserved in counts(dds)
estimating dispersions
fitting model and testing
fitting model and testing
fitting model and testing
fitting model and testing
estimating size factors
estimating dispersions
gene-wise dispersion estimates
-- replacing outliers and refitting for 26094 genes
-- DESeq argument 'minReplicatesForReplace' = 7 
-- original counts are preserved in counts(dds)
estimating dispersions
estimating size factors
estimating dispersions
gene-wise dispersion estimates
-- replacing outliers and refitting for 24154 genes
-- DESeq argument 'minReplicatesForReplace' = 7 
-- original counts are preserved in counts(dds)
estimating dispersions
mean-dispersion relationship
final dispersion estimates
fitting model and testing
mean-dispersion relationship
final dispersion estimates
fitting model and testing
estimating size factors
estimating dispersions
gene-wise dispersion estimates
fitting model and testing
estimating size factors
estimating dispersions
gene-wise dispersion estimates
fitting model and testing
mean-dispersion relationship
-- replacing outliers and refitting for 21532 genes
-- DESeq argument 'minReplicatesForReplace' = 7 
-- original counts are preserved in counts(dds)
estimating dispersions
final dispersion estimates
mean-dispersion relationship
final dispersion estimates
-- replacing outliers and refitting for 28500 genes
-- DESeq argument 'minReplicatesForReplace' = 7 
-- original counts are preserved in counts(dds)
estimating dispersions
fitting model and testing
fitting model and testing
estimating size factors
estimating dispersions
gene-wise dispersion estimates
fitting model and testing
fitting model and testing
-- replacing outliers and refitting for 22283 genes
-- DESeq argument 'minReplicatesForReplace' = 7 
-- original counts are preserved in counts(dds)
estimating dispersions
-- replacing outliers and refitting for 24170 genes
-- DESeq argument 'minReplicatesForReplace' = 7 
-- original counts are preserved in counts(dds)
estimating dispersions
estimating size factors
estimating dispersions
gene-wise dispersion estimates
mean-dispersion relationship
final dispersion estimates
fitting model and testing
fitting model and testing
estimating size factors
mean-dispersion relationship
estimating dispersions
gene-wise dispersion estimates
final dispersion estimates
fitting model and testing
estimating size factors
estimating dispersions
gene-wise dispersion estimates
-- replacing outliers and refitting for 29088 genes
-- DESeq argument 'minReplicatesForReplace' = 7 
-- original counts are preserved in counts(dds)
estimating dispersions
mean-dispersion relationship
final dispersion estimates
fitting model and testing
mean-dispersion relationship
final dispersion estimates
-- replacing outliers and refitting for 25707 genes
-- DESeq argument 'minReplicatesForReplace' = 7 
-- original counts are preserved in counts(dds)
estimating dispersions
fitting model and testing
fitting model and testing
fitting model and testing
estimating size factors
estimating dispersions
gene-wise dispersion estimates
fitting model and testing
-- replacing outliers and refitting for 21951 genes
-- DESeq argument 'minReplicatesForReplace' = 7 
-- original counts are preserved in counts(dds)
estimating dispersions
-- replacing outliers and refitting for 26995 genes
-- DESeq argument 'minReplicatesForReplace' = 7 
-- original counts are preserved in counts(dds)
estimating dispersions
estimating size factors
estimating dispersions
gene-wise dispersion estimates
mean-dispersion relationship
final dispersion estimates
fitting model and testing
estimating size factors
estimating dispersions
gene-wise dispersion estimates
fitting model and testing
mean-dispersion relationship
final dispersion estimates
fitting model and testing
estimating size factors
estimating dispersions
gene-wise dispersion estimates
mean-dispersion relationship
final dispersion estimates
fitting model and testing
-- replacing outliers and refitting for 28212 genes
-- DESeq argument 'minReplicatesForReplace' = 7 
-- original counts are preserved in counts(dds)
estimating dispersions
mean-dispersion relationship
final dispersion estimates
-- replacing outliers and refitting for 24922 genes
-- DESeq argument 'minReplicatesForReplace' = 7 
-- original counts are preserved in counts(dds)
estimating dispersions
fitting model and testing
fitting model and testing
fitting model and testing
-- replacing outliers and refitting for 22811 genes
-- DESeq argument 'minReplicatesForReplace' = 7 
-- original counts are preserved in counts(dds)
estimating dispersions
estimating size factors
estimating dispersions
gene-wise dispersion estimates
fitting model and testing
estimating size factors
-- replacing outliers and refitting for 26484 genes
-- DESeq argument 'minReplicatesForReplace' = 7 
-- original counts are preserved in counts(dds)
estimating dispersions
estimating dispersions
gene-wise dispersion estimates
fitting model and testing
mean-dispersion relationship
final dispersion estimates
estimating size factors
estimating dispersions
gene-wise dispersion estimates
mean-dispersion relationship
fitting model and testing
final dispersion estimates
fitting model and testing
estimating size factors
estimating dispersions
gene-wise dispersion estimates
mean-dispersion relationship
final dispersion estimates
fitting model and testing
-- replacing outliers and refitting for 24345 genes
-- DESeq argument 'minReplicatesForReplace' = 7 
-- original counts are preserved in counts(dds)
estimating dispersions
mean-dispersion relationship
final dispersion estimates
fitting model and testing
-- replacing outliers and refitting for 24918 genes
-- DESeq argument 'minReplicatesForReplace' = 7 
-- original counts are preserved in counts(dds)
estimating dispersions
fitting model and testing
-- replacing outliers and refitting for 25150 genes
-- DESeq argument 'minReplicatesForReplace' = 7 
-- original counts are preserved in counts(dds)
estimating dispersions
fitting model and testing
estimating size factors
estimating dispersions
fitting model and testing
gene-wise dispersion estimates
estimating size factors
estimating dispersions
gene-wise dispersion estimates
-- replacing outliers and refitting for 26119 genes
-- DESeq argument 'minReplicatesForReplace' = 7 
-- original counts are preserved in counts(dds)
fitting model and testing
estimating dispersions
mean-dispersion relationship
final dispersion estimates
estimating size factors
estimating dispersions
gene-wise dispersion estimates
mean-dispersion relationship
final dispersion estimates
fitting model and testing
fitting model and testing
mean-dispersion relationship
estimating size factors
estimating dispersions
gene-wise dispersion estimates
final dispersion estimates
fitting model and testing
-- replacing outliers and refitting for 21368 genes
-- DESeq argument 'minReplicatesForReplace' = 7 
-- original counts are preserved in counts(dds)
estimating dispersions
mean-dispersion relationship
final dispersion estimates
fitting model and testing
-- replacing outliers and refitting for 21392 genes
-- DESeq argument 'minReplicatesForReplace' = 7 
-- original counts are preserved in counts(dds)
estimating dispersions
fitting model and testing
-- replacing outliers and refitting for 24188 genes
-- DESeq argument 'minReplicatesForReplace' = 7 
-- original counts are preserved in counts(dds)
estimating dispersions
estimating size factors
fitting model and testing
estimating dispersions
gene-wise dispersion estimates
fitting model and testing
estimating size factors
estimating dispersions
gene-wise dispersion estimates
fitting model and testing
-- replacing outliers and refitting for 27676 genes
-- DESeq argument 'minReplicatesForReplace' = 7 
-- original counts are preserved in counts(dds)
estimating dispersions
mean-dispersion relationship
final dispersion estimates
estimating size factors
estimating dispersions
gene-wise dispersion estimates
mean-dispersion relationship
final dispersion estimates
fitting model and testing
fitting model and testing
mean-dispersion relationship
final dispersion estimates
estimating size factors
estimating dispersions
gene-wise dispersion estimates
fitting model and testing
-- replacing outliers and refitting for 21020 genes
-- DESeq argument 'minReplicatesForReplace' = 7 
-- original counts are preserved in counts(dds)
estimating dispersions
-- replacing outliers and refitting for 19831 genes
-- DESeq argument 'minReplicatesForReplace' = 7 
-- original counts are preserved in counts(dds)
estimating dispersions
fitting model and testing
mean-dispersion relationship
final dispersion estimates
fitting model and testing
estimating size factors
estimating dispersions
gene-wise dispersion estimates
fitting model and testing
-- replacing outliers and refitting for 25460 genes
-- DESeq argument 'minReplicatesForReplace' = 7 
-- original counts are preserved in counts(dds)
estimating dispersions
estimating size factors
estimating dispersions
gene-wise dispersion estimates
fitting model and testing
mean-dispersion relationship
final dispersion estimates
fitting model and testing
-- replacing outliers and refitting for 22637 genes
-- DESeq argument 'minReplicatesForReplace' = 7 
-- original counts are preserved in counts(dds)
estimating dispersions
mean-dispersion relationship
final dispersion estimates
estimating size factors
estimating dispersions
gene-wise dispersion estimates
fitting model and testing
fitting model and testing
mean-dispersion relationship
fitting model and testing
final dispersion estimates
estimating size factors
estimating dispersions
gene-wise dispersion estimates
-- replacing outliers and refitting for 24946 genes
-- DESeq argument 'minReplicatesForReplace' = 7 
-- original counts are preserved in counts(dds)
estimating dispersions
-- replacing outliers and refitting for 20162 genes
-- DESeq argument 'minReplicatesForReplace' = 7 
-- original counts are preserved in counts(dds)
estimating dispersions
mean-dispersion relationship
fitting model and testing
final dispersion estimates
fitting model and testing
fitting model and testing
estimating size factors
estimating dispersions
gene-wise dispersion estimates
-- replacing outliers and refitting for 24043 genes
-- DESeq argument 'minReplicatesForReplace' = 7 
-- original counts are preserved in counts(dds)
estimating dispersions
estimating size factors
estimating dispersions
gene-wise dispersion estimates
fitting model and testing
mean-dispersion relationship
final dispersion estimates
fitting model and testing
-- replacing outliers and refitting for 27438 genes
-- DESeq argument 'minReplicatesForReplace' = 7 
-- original counts are preserved in counts(dds)
estimating dispersions
mean-dispersion relationship
final dispersion estimates
estimating size factors
estimating dispersions
gene-wise dispersion estimates
fitting model and testing
fitting model and testing
fitting model and testing
mean-dispersion relationship
final dispersion estimates
estimating size factors
estimating dispersions
gene-wise dispersion estimates
-- replacing outliers and refitting for 28218 genes
-- DESeq argument 'minReplicatesForReplace' = 7 
-- original counts are preserved in counts(dds)
estimating dispersions
-- replacing outliers and refitting for 24572 genes
-- DESeq argument 'minReplicatesForReplace' = 7 
-- original counts are preserved in counts(dds)
estimating dispersions
fitting model and testing
mean-dispersion relationship
final dispersion estimates
fitting model and testing
fitting model and testing
-- replacing outliers and refitting for 27307 genes
-- DESeq argument 'minReplicatesForReplace' = 7 
-- original counts are preserved in counts(dds)
estimating dispersions
estimating size factors
estimating dispersions
gene-wise dispersion estimates
estimating size factors
estimating dispersions
gene-wise dispersion estimates
fitting model and testing
fitting model and testing
mean-dispersion relationship
final dispersion estimates
mean-dispersion relationship
final dispersion estimates
-- replacing outliers and refitting for 27393 genes
-- DESeq argument 'minReplicatesForReplace' = 7 
-- original counts are preserved in counts(dds)
estimating dispersions
estimating size factors
estimating dispersions
gene-wise dispersion estimates
fitting model and testing
fitting model and testing
fitting model and testing
mean-dispersion relationship
final dispersion estimates
estimating size factors
estimating dispersions
gene-wise dispersion estimates
-- replacing outliers and refitting for 18770 genes
-- DESeq argument 'minReplicatesForReplace' = 7 
-- original counts are preserved in counts(dds)
estimating dispersions
-- replacing outliers and refitting for 27669 genes
-- DESeq argument 'minReplicatesForReplace' = 7 
-- original counts are preserved in counts(dds)
estimating dispersions
fitting model and testing
fitting model and testing
mean-dispersion relationship
final dispersion estimates
fitting model and testing
estimating size factors
estimating dispersions
gene-wise dispersion estimates
-- replacing outliers and refitting for 19070 genes
-- DESeq argument 'minReplicatesForReplace' = 7 
-- original counts are preserved in counts(dds)
estimating dispersions
estimating size factors
estimating dispersions
gene-wise dispersion estimates
fitting model and testing
mean-dispersion relationship
final dispersion estimates
fitting model and testing
mean-dispersion relationship
final dispersion estimates
estimating size factors
estimating dispersions
gene-wise dispersion estimates
-- replacing outliers and refitting for 31412 genes
-- DESeq argument 'minReplicatesForReplace' = 7 
-- original counts are preserved in counts(dds)
estimating dispersions
fitting model and testing
fitting model and testing
mean-dispersion relationship
final dispersion estimates
-- replacing outliers and refitting for 27049 genes
-- DESeq argument 'minReplicatesForReplace' = 7 
-- original counts are preserved in counts(dds)
estimating dispersions
fitting model and testing
-- replacing outliers and refitting for 21120 genes
-- DESeq argument 'minReplicatesForReplace' = 7 
-- original counts are preserved in counts(dds)
estimating dispersions
estimating size factors
estimating dispersions
gene-wise dispersion estimates
fitting model and testing
fitting model and testing
fitting model and testing
estimating size factors
-- replacing outliers and refitting for 23063 genes
-- DESeq argument 'minReplicatesForReplace' = 7 
-- original counts are preserved in counts(dds)
estimating dispersions
gene-wise dispersion estimates
estimating dispersions
mean-dispersion relationship
final dispersion estimates
estimating size factors
estimating dispersions
gene-wise dispersion estimates
fitting model and testing
mean-dispersion relationship
final dispersion estimates
fitting model and testing
mean-dispersion relationship
final dispersion estimates
estimating size factors
estimating dispersions
gene-wise dispersion estimates
-- replacing outliers and refitting for 24746 genes
-- DESeq argument 'minReplicatesForReplace' = 7 
-- original counts are preserved in counts(dds)
estimating dispersions
fitting model and testing
fitting model and testing
mean-dispersion relationship
final dispersion estimates
-- replacing outliers and refitting for 27294 genes
-- DESeq argument 'minReplicatesForReplace' = 7 
-- original counts are preserved in counts(dds)
estimating dispersions
fitting model and testing
-- replacing outliers and refitting for 27462 genes
-- DESeq argument 'minReplicatesForReplace' = 7 
-- original counts are preserved in counts(dds)
estimating dispersions
estimating size factors
estimating dispersions
gene-wise dispersion estimates
fitting model and testing
fitting model and testing
fitting model and testing
-- replacing outliers and refitting for 21797 genes
-- DESeq argument 'minReplicatesForReplace' = 7 
-- original counts are preserved in counts(dds)
estimating dispersions
mean-dispersion relationship
final dispersion estimates
estimating size factors
estimating dispersions
gene-wise dispersion estimates
estimating size factors
estimating dispersions
gene-wise dispersion estimates
fitting model and testing
mean-dispersion relationship
fitting model and testing
final dispersion estimates
estimating size factors
estimating dispersions
gene-wise dispersion estimates
mean-dispersion relationship
final dispersion estimates
-- replacing outliers and refitting for 23793 genes
-- DESeq argument 'minReplicatesForReplace' = 7 
-- original counts are preserved in counts(dds)
estimating dispersions
fitting model and testing
mean-dispersion relationship
final dispersion estimates
fitting model and testing
fitting model and testing
-- replacing outliers and refitting for 27933 genes
-- DESeq argument 'minReplicatesForReplace' = 7 
-- original counts are preserved in counts(dds)
estimating dispersions
-- replacing outliers and refitting for 25815 genes
-- DESeq argument 'minReplicatesForReplace' = 7 
-- original counts are preserved in counts(dds)
estimating dispersions
fitting model and testing
estimating size factors
estimating dispersions
gene-wise dispersion estimates
-- replacing outliers and refitting for 29278 genes
-- DESeq argument 'minReplicatesForReplace' = 7 
-- original counts are preserved in counts(dds)
fitting model and testing
estimating dispersions
fitting model and testing
mean-dispersion relationship
final dispersion estimates
estimating size factors
estimating dispersions
gene-wise dispersion estimates
estimating size factors
estimating dispersions
gene-wise dispersion estimates
fitting model and testing
fitting model and testing
mean-dispersion relationship
final dispersion estimates
estimating size factors
estimating dispersions
gene-wise dispersion estimates
mean-dispersion relationship
final dispersion estimates
-- replacing outliers and refitting for 25118 genes
-- DESeq argument 'minReplicatesForReplace' = 7 
-- original counts are preserved in counts(dds)
estimating dispersions
fitting model and testing
mean-dispersion relationship
final dispersion estimates
fitting model and testing
fitting model and testing
-- replacing outliers and refitting for 22380 genes
-- DESeq argument 'minReplicatesForReplace' = 7 
-- original counts are preserved in counts(dds)
estimating dispersions
-- replacing outliers and refitting for 26765 genes
-- DESeq argument 'minReplicatesForReplace' = 7 
-- original counts are preserved in counts(dds)
estimating dispersions
estimating size factors
estimating dispersions
gene-wise dispersion estimates
fitting model and testing
fitting model and testing
-- replacing outliers and refitting for 27201 genes
-- DESeq argument 'minReplicatesForReplace' = 7 
-- original counts are preserved in counts(dds)
estimating dispersions
fitting model and testing
mean-dispersion relationship
final dispersion estimates
estimating size factors
estimating dispersions
gene-wise dispersion estimates
estimating size factors
estimating dispersions
gene-wise dispersion estimates
fitting model and testing
fitting model and testing
mean-dispersion relationship
final dispersion estimates
estimating size factors
estimating dispersions
gene-wise dispersion estimates
mean-dispersion relationship
final dispersion estimates
-- replacing outliers and refitting for 30719 genes
-- DESeq argument 'minReplicatesForReplace' = 7 
-- original counts are preserved in counts(dds)
estimating dispersions
fitting model and testing
mean-dispersion relationship
final dispersion estimates
fitting model and testing
-- replacing outliers and refitting for 21849 genes
-- DESeq argument 'minReplicatesForReplace' = 7 
-- original counts are preserved in counts(dds)
estimating dispersions
fitting model and testing
-- replacing outliers and refitting for 27304 genes
-- DESeq argument 'minReplicatesForReplace' = 7 
-- original counts are preserved in counts(dds)
estimating dispersions
fitting model and testing
estimating size factors
estimating dispersions
gene-wise dispersion estimates
fitting model and testing
estimating size factors
-- replacing outliers and refitting for 25699 genes
-- DESeq argument 'minReplicatesForReplace' = 7 
-- original counts are preserved in counts(dds)
estimating dispersions
estimating dispersions
gene-wise dispersion estimates
fitting model and testing
mean-dispersion relationship
final dispersion estimates
estimating size factors
estimating dispersions
gene-wise dispersion estimates
mean-dispersion relationship
final dispersion estimates
fitting model and testing
estimating size factors
estimating dispersions
fitting model and testing
gene-wise dispersion estimates
mean-dispersion relationship
final dispersion estimates
fitting model and testing
-- replacing outliers and refitting for 25762 genes
-- DESeq argument 'minReplicatesForReplace' = 7 
-- original counts are preserved in counts(dds)
estimating dispersions
mean-dispersion relationship
final dispersion estimates
fitting model and testing
-- replacing outliers and refitting for 20742 genes
-- DESeq argument 'minReplicatesForReplace' = 7 
-- original counts are preserved in counts(dds)
estimating dispersions
fitting model and testing
-- replacing outliers and refitting for 30197 genes
-- DESeq argument 'minReplicatesForReplace' = 7 
-- original counts are preserved in counts(dds)
estimating dispersions
fitting model and testing
fitting model and testing
estimating size factors
estimating dispersions
gene-wise dispersion estimates
estimating size factors
estimating dispersions
gene-wise dispersion estimates
-- replacing outliers and refitting for 26711 genes
-- DESeq argument 'minReplicatesForReplace' = 7 
-- original counts are preserved in counts(dds)
estimating dispersions
fitting model and testing
mean-dispersion relationship
final dispersion estimates
mean-dispersion relationship
final dispersion estimates
estimating size factors
estimating dispersions
gene-wise dispersion estimates
fitting model and testing
fitting model and testing
estimating size factors
estimating dispersions
gene-wise dispersion estimates
fitting model and testing
mean-dispersion relationship
final dispersion estimates
-- replacing outliers and refitting for 25729 genes
-- DESeq argument 'minReplicatesForReplace' = 7 
-- original counts are preserved in counts(dds)
estimating dispersions
mean-dispersion relationship
-- replacing outliers and refitting for 22147 genes
-- DESeq argument 'minReplicatesForReplace' = 7 
-- original counts are preserved in counts(dds)
estimating dispersions
final dispersion estimates
fitting model and testing
fitting model and testing
fitting model and testing
fitting model and testing
-- replacing outliers and refitting for 21744 genes
-- DESeq argument 'minReplicatesForReplace' = 7 
-- original counts are preserved in counts(dds)
estimating dispersions
estimating size factors
estimating dispersions
gene-wise dispersion estimates
estimating size factors
estimating dispersions
gene-wise dispersion estimates
-- replacing outliers and refitting for 24992 genes
-- DESeq argument 'minReplicatesForReplace' = 7 
-- original counts are preserved in counts(dds)
estimating dispersions
fitting model and testing
mean-dispersion relationship
final dispersion estimates
mean-dispersion relationship
final dispersion estimates
estimating size factors
estimating dispersions
gene-wise dispersion estimates
fitting model and testing
estimating size factors
estimating dispersions
gene-wise dispersion estimates
fitting model and testing
mean-dispersion relationship
fitting model and testing
final dispersion estimates
-- replacing outliers and refitting for 25574 genes
-- DESeq argument 'minReplicatesForReplace' = 7 
-- original counts are preserved in counts(dds)
estimating dispersions
-- replacing outliers and refitting for 26251 genes
-- DESeq argument 'minReplicatesForReplace' = 7 
-- original counts are preserved in counts(dds)
estimating dispersions
mean-dispersion relationship
final dispersion estimates
fitting model and testing
fitting model and testing
-- replacing outliers and refitting for 18271 genes
-- DESeq argument 'minReplicatesForReplace' = 7 
-- original counts are preserved in counts(dds)
estimating dispersions
fitting model and testing
fitting model and testing
estimating size factors
estimating dispersions
gene-wise dispersion estimates
estimating size factors
estimating dispersions
gene-wise dispersion estimates
fitting model and testing
-- replacing outliers and refitting for 22559 genes
-- DESeq argument 'minReplicatesForReplace' = 7 
-- original counts are preserved in counts(dds)
estimating dispersions
estimating size factors
estimating dispersions
gene-wise dispersion estimates
mean-dispersion relationship
final dispersion estimates
mean-dispersion relationship
final dispersion estimates
fitting model and testing
mean-dispersion relationship
final dispersion estimates
estimating size factors
estimating dispersions
gene-wise dispersion estimates
fitting model and testing
fitting model and testing
fitting model and testing
-- replacing outliers and refitting for 26981 genes
-- DESeq argument 'minReplicatesForReplace' = 7 
-- original counts are preserved in counts(dds)
estimating dispersions
mean-dispersion relationship
final dispersion estimates
-- replacing outliers and refitting for 27220 genes
-- DESeq argument 'minReplicatesForReplace' = 7 
-- original counts are preserved in counts(dds)
estimating dispersions
-- replacing outliers and refitting for 25431 genes
-- DESeq argument 'minReplicatesForReplace' = 7 
-- original counts are preserved in counts(dds)
estimating dispersions
fitting model and testing
fitting model and testing
fitting model and testing
estimating size factors
estimating dispersions
gene-wise dispersion estimates
fitting model and testing
estimating size factors
estimating dispersions
gene-wise dispersion estimates
-- replacing outliers and refitting for 20513 genes
-- DESeq argument 'minReplicatesForReplace' = 7 
-- original counts are preserved in counts(dds)
estimating dispersions
estimating size factors
estimating dispersions
gene-wise dispersion estimates
mean-dispersion relationship
final dispersion estimates
fitting model and testing
mean-dispersion relationship
final dispersion estimates
estimating size factors
estimating dispersions
gene-wise dispersion estimates
mean-dispersion relationship
final dispersion estimates
fitting model and testing
fitting model and testing
mean-dispersion relationship
final dispersion estimates
fitting model and testing
-- replacing outliers and refitting for 24140 genes
-- DESeq argument 'minReplicatesForReplace' = 7 
-- original counts are preserved in counts(dds)
estimating dispersions
-- replacing outliers and refitting for 31940 genes
-- DESeq argument 'minReplicatesForReplace' = 7 
-- original counts are preserved in counts(dds)
estimating dispersions
-- replacing outliers and refitting for 21870 genes
-- DESeq argument 'minReplicatesForReplace' = 7 
-- original counts are preserved in counts(dds)
estimating dispersions
fitting model and testing
fitting model and testing
estimating size factors
fitting model and testing
estimating dispersions
gene-wise dispersion estimates
-- replacing outliers and refitting for 28165 genes
-- DESeq argument 'minReplicatesForReplace' = 7 
-- original counts are preserved in counts(dds)
estimating dispersions
fitting model and testing
estimating size factors
estimating dispersions
gene-wise dispersion estimates
estimating size factors
estimating dispersions
gene-wise dispersion estimates
mean-dispersion relationship
final dispersion estimates
fitting model and testing
mean-dispersion relationship
final dispersion estimates
mean-dispersion relationship
final dispersion estimates
estimating size factors
estimating dispersions
gene-wise dispersion estimates
fitting model and testing
fitting model and testing
fitting model and testing
mean-dispersion relationship
final dispersion estimates
-- replacing outliers and refitting for 30238 genes
-- DESeq argument 'minReplicatesForReplace' = 7 
-- original counts are preserved in counts(dds)
estimating dispersions
-- replacing outliers and refitting for 23684 genes
-- DESeq argument 'minReplicatesForReplace' = 7 
-- original counts are preserved in counts(dds)
estimating dispersions
-- replacing outliers and refitting for 21033 genes
-- DESeq argument 'minReplicatesForReplace' = 7 
-- original counts are preserved in counts(dds)
estimating dispersions
fitting model and testing
fitting model and testing
fitting model and testing
fitting model and testing
-- replacing outliers and refitting for 22473 genes
-- DESeq argument 'minReplicatesForReplace' = 7 
-- original counts are preserved in counts(dds)
estimating dispersions
estimating size factors
estimating dispersions
gene-wise dispersion estimates
estimating size factors
estimating dispersions
gene-wise dispersion estimates
estimating size factors
estimating dispersions
gene-wise dispersion estimates
fitting model and testing
mean-dispersion relationship
final dispersion estimates
mean-dispersion relationship
final dispersion estimates
mean-dispersion relationship
estimating size factors
final dispersion estimates
estimating dispersions
gene-wise dispersion estimates
fitting model and testing
fitting model and testing
mean-dispersion relationship
final dispersion estimates
fitting model and testing
-- replacing outliers and refitting for 27676 genes
-- DESeq argument 'minReplicatesForReplace' = 7 
-- original counts are preserved in counts(dds)
estimating dispersions
-- replacing outliers and refitting for 23744 genes
-- DESeq argument 'minReplicatesForReplace' = 7 
-- original counts are preserved in counts(dds)
estimating dispersions
-- replacing outliers and refitting for 27611 genes
-- DESeq argument 'minReplicatesForReplace' = 7 
-- original counts are preserved in counts(dds)
estimating dispersions
fitting model and testing
fitting model and testing
fitting model and testing
-- replacing outliers and refitting for 26119 genes
-- DESeq argument 'minReplicatesForReplace' = 7 
-- original counts are preserved in counts(dds)
estimating dispersions
fitting model and testing
estimating size factors
estimating dispersions
gene-wise dispersion estimates
estimating size factors
estimating dispersions
gene-wise dispersion estimates
estimating size factors
estimating dispersions
gene-wise dispersion estimates
fitting model and testing
mean-dispersion relationship
final dispersion estimates
mean-dispersion relationship
estimating size factors
final dispersion estimates
estimating dispersions
gene-wise dispersion estimates
mean-dispersion relationship
final dispersion estimates
fitting model and testing
mean-dispersion relationship
final dispersion estimates
fitting model and testing
fitting model and testing
-- replacing outliers and refitting for 24535 genes
-- DESeq argument 'minReplicatesForReplace' = 7 
-- original counts are preserved in counts(dds)
estimating dispersions
-- replacing outliers and refitting for 23268 genes
-- DESeq argument 'minReplicatesForReplace' = 7 
-- original counts are preserved in counts(dds)
estimating dispersions
fitting model and testing
-- replacing outliers and refitting for 23849 genes
-- DESeq argument 'minReplicatesForReplace' = 7 
-- original counts are preserved in counts(dds)
estimating dispersions
fitting model and testing
fitting model and testing
-- replacing outliers and refitting for 28147 genes
-- DESeq argument 'minReplicatesForReplace' = 7 
-- original counts are preserved in counts(dds)
estimating dispersions
fitting model and testing
estimating size factors
estimating dispersions
gene-wise dispersion estimates
estimating size factors
estimating dispersions
gene-wise dispersion estimates
estimating size factors
estimating dispersions
gene-wise dispersion estimates
fitting model and testing
mean-dispersion relationship
final dispersion estimates
mean-dispersion relationship
final dispersion estimates
estimating size factors
estimating dispersions
gene-wise dispersion estimates
mean-dispersion relationship
final dispersion estimates
fitting model and testing
fitting model and testing
mean-dispersion relationship
final dispersion estimates
fitting model and testing
-- replacing outliers and refitting for 21711 genes
-- DESeq argument 'minReplicatesForReplace' = 7 
-- original counts are preserved in counts(dds)
estimating dispersions
-- replacing outliers and refitting for 22868 genes
-- DESeq argument 'minReplicatesForReplace' = 7 
-- original counts are preserved in counts(dds)
estimating dispersions
-- replacing outliers and refitting for 21378 genes
-- DESeq argument 'minReplicatesForReplace' = 7 
-- original counts are preserved in counts(dds)
estimating dispersions
fitting model and testing
fitting model and testing
fitting model and testing
fitting model and testing
-- replacing outliers and refitting for 27407 genes
-- DESeq argument 'minReplicatesForReplace' = 7 
-- original counts are preserved in counts(dds)
estimating dispersions
estimating size factors
estimating dispersions
gene-wise dispersion estimates
estimating size factors
estimating dispersions
gene-wise dispersion estimates
estimating size factors
estimating dispersions
gene-wise dispersion estimates
mean-dispersion relationship
final dispersion estimates
fitting model and testing
mean-dispersion relationship
final dispersion estimates
mean-dispersion relationship
final dispersion estimates
estimating size factors
estimating dispersions
gene-wise dispersion estimates
fitting model and testing
fitting model and testing
fitting model and testing
mean-dispersion relationship
final dispersion estimates
-- replacing outliers and refitting for 29672 genes
-- DESeq argument 'minReplicatesForReplace' = 7 
-- original counts are preserved in counts(dds)
estimating dispersions
-- replacing outliers and refitting for 28870 genes
-- DESeq argument 'minReplicatesForReplace' = 7 
-- original counts are preserved in counts(dds)
estimating dispersions
-- replacing outliers and refitting for 22741 genes
-- DESeq argument 'minReplicatesForReplace' = 7 
-- original counts are preserved in counts(dds)
estimating dispersions
fitting model and testing
fitting model and testing
fitting model and testing
fitting model and testing
-- replacing outliers and refitting for 26004 genes
-- DESeq argument 'minReplicatesForReplace' = 7 
-- original counts are preserved in counts(dds)
estimating dispersions
estimating size factors
estimating size factors
estimating dispersions
gene-wise dispersion estimates
estimating dispersions
gene-wise dispersion estimates
estimating size factors
estimating dispersions
gene-wise dispersion estimates
fitting model and testing
mean-dispersion relationship
mean-dispersion relationship
final dispersion estimates
final dispersion estimates
mean-dispersion relationship
final dispersion estimates
estimating size factors
estimating dispersions
gene-wise dispersion estimates
fitting model and testing
fitting model and testing
fitting model and testing
mean-dispersion relationship
final dispersion estimates
-- replacing outliers and refitting for 22861 genes
-- DESeq argument 'minReplicatesForReplace' = 7 
-- original counts are preserved in counts(dds)
estimating dispersions
-- replacing outliers and refitting for 26783 genes
-- DESeq argument 'minReplicatesForReplace' = 7 
-- original counts are preserved in counts(dds)
estimating dispersions
-- replacing outliers and refitting for 27269 genes
-- DESeq argument 'minReplicatesForReplace' = 7 
-- original counts are preserved in counts(dds)
estimating dispersions
fitting model and testing
fitting model and testing
fitting model and testing
fitting model and testing
-- replacing outliers and refitting for 30493 genes
-- DESeq argument 'minReplicatesForReplace' = 7 
-- original counts are preserved in counts(dds)
estimating dispersions
estimating size factors
estimating dispersions
gene-wise dispersion estimates
estimating size factors
estimating dispersions
gene-wise dispersion estimates
estimating size factors
estimating dispersions
gene-wise dispersion estimates
mean-dispersion relationship
fitting model and testing
final dispersion estimates
mean-dispersion relationship
final dispersion estimates
mean-dispersion relationship
final dispersion estimates
estimating size factors
estimating dispersions
gene-wise dispersion estimates
fitting model and testing
fitting model and testing
fitting model and testing
mean-dispersion relationship
final dispersion estimates
-- replacing outliers and refitting for 28594 genes
-- DESeq argument 'minReplicatesForReplace' = 7 
-- original counts are preserved in counts(dds)
estimating dispersions
-- replacing outliers and refitting for 29162 genes
-- DESeq argument 'minReplicatesForReplace' = 7 
-- original counts are preserved in counts(dds)
estimating dispersions
-- replacing outliers and refitting for 26105 genes
-- DESeq argument 'minReplicatesForReplace' = 7 
-- original counts are preserved in counts(dds)
estimating dispersions
fitting model and testing
fitting model and testing
fitting model and testing
fitting model and testing
estimating size factors
-- replacing outliers and refitting for 23185 genes
-- DESeq argument 'minReplicatesForReplace' = 7 
-- original counts are preserved in counts(dds)
estimating dispersions
estimating dispersions
gene-wise dispersion estimates
estimating size factors
estimating dispersions
gene-wise dispersion estimates
estimating size factors
estimating dispersions
gene-wise dispersion estimates
fitting model and testing
mean-dispersion relationship
final dispersion estimates
mean-dispersion relationship
mean-dispersion relationship
final dispersion estimates
final dispersion estimates
estimating size factors
estimating dispersions
gene-wise dispersion estimates
fitting model and testing
fitting model and testing
fitting model and testing
mean-dispersion relationship
final dispersion estimates
-- replacing outliers and refitting for 23097 genes
-- DESeq argument 'minReplicatesForReplace' = 7 
-- original counts are preserved in counts(dds)
estimating dispersions
-- replacing outliers and refitting for 20326 genes
-- DESeq argument 'minReplicatesForReplace' = 7 
-- original counts are preserved in counts(dds)
estimating dispersions
-- replacing outliers and refitting for 26618 genes
-- DESeq argument 'minReplicatesForReplace' = 7 
-- original counts are preserved in counts(dds)
estimating dispersions
fitting model and testing
fitting model and testing
fitting model and testing
-- replacing outliers and refitting for 22149 genes
-- DESeq argument 'minReplicatesForReplace' = 7 
-- original counts are preserved in counts(dds)
estimating dispersions
fitting model and testing
estimating size factors
estimating dispersions
estimating size factors
gene-wise dispersion estimates
estimating dispersions
gene-wise dispersion estimates
estimating size factors
estimating dispersions
gene-wise dispersion estimates
fitting model and testing
mean-dispersion relationship
final dispersion estimates
mean-dispersion relationship
final dispersion estimates
estimating size factors
estimating dispersions
gene-wise dispersion estimates
mean-dispersion relationship
final dispersion estimates
fitting model and testing
fitting model and testing
mean-dispersion relationship
final dispersion estimates
fitting model and testing
-- replacing outliers and refitting for 27903 genes
-- DESeq argument 'minReplicatesForReplace' = 7 
-- original counts are preserved in counts(dds)
estimating dispersions
-- replacing outliers and refitting for 25022 genes
-- DESeq argument 'minReplicatesForReplace' = 7 
-- original counts are preserved in counts(dds)
estimating dispersions
-- replacing outliers and refitting for 24872 genes
-- DESeq argument 'minReplicatesForReplace' = 7 
-- original counts are preserved in counts(dds)
estimating dispersions
fitting model and testing
fitting model and testing
fitting model and testing
-- replacing outliers and refitting for 22151 genes
-- DESeq argument 'minReplicatesForReplace' = 7 
-- original counts are preserved in counts(dds)
estimating dispersions
fitting model and testing
estimating size factors
estimating dispersions
gene-wise dispersion estimates
estimating size factors
estimating dispersions
gene-wise dispersion estimates
estimating size factors
estimating dispersions
gene-wise dispersion estimates
fitting model and testing
estimating size factors
estimating dispersions
gene-wise dispersion estimates
mean-dispersion relationship
final dispersion estimates
mean-dispersion relationship
final dispersion estimates
mean-dispersion relationship
final dispersion estimates
mean-dispersion relationship
final dispersion estimates
fitting model and testing
fitting model and testing
fitting model and testing
-- replacing outliers and refitting for 29453 genes
-- DESeq argument 'minReplicatesForReplace' = 7 
-- original counts are preserved in counts(dds)
estimating dispersions
fitting model and testing
-- replacing outliers and refitting for 24918 genes
-- DESeq argument 'minReplicatesForReplace' = 7 
-- original counts are preserved in counts(dds)
estimating dispersions
-- replacing outliers and refitting for 21942 genes
-- DESeq argument 'minReplicatesForReplace' = 7 
-- original counts are preserved in counts(dds)
estimating dispersions
-- replacing outliers and refitting for 19763 genes
-- DESeq argument 'minReplicatesForReplace' = 7 
-- original counts are preserved in counts(dds)
estimating dispersions
fitting model and testing
fitting model and testing
fitting model and testing
estimating size factors
fitting model and testing
estimating dispersions
gene-wise dispersion estimates
estimating size factors
estimating size factors
estimating dispersions
gene-wise dispersion estimates
estimating dispersions
gene-wise dispersion estimates
estimating size factors
estimating dispersions
gene-wise dispersion estimates
mean-dispersion relationship
final dispersion estimates
mean-dispersion relationship
mean-dispersion relationship
final dispersion estimates
final dispersion estimates
mean-dispersion relationship
final dispersion estimates
fitting model and testing
fitting model and testing
fitting model and testing
fitting model and testing
-- replacing outliers and refitting for 28131 genes
-- DESeq argument 'minReplicatesForReplace' = 7 
-- original counts are preserved in counts(dds)
estimating dispersions
-- replacing outliers and refitting for 23117 genes
-- DESeq argument 'minReplicatesForReplace' = 7 
-- original counts are preserved in counts(dds)
estimating dispersions
-- replacing outliers and refitting for 28201 genes
-- DESeq argument 'minReplicatesForReplace' = 7 
-- original counts are preserved in counts(dds)
estimating dispersions
-- replacing outliers and refitting for 29479 genes
-- DESeq argument 'minReplicatesForReplace' = 7 
-- original counts are preserved in counts(dds)
estimating dispersions
fitting model and testing
fitting model and testing
fitting model and testing
estimating size factors
estimating dispersions
gene-wise dispersion estimates
fitting model and testing
estimating size factors
estimating dispersions
gene-wise dispersion estimates
estimating size factors
estimating dispersions
gene-wise dispersion estimates
estimating size factors
estimating dispersions
gene-wise dispersion estimates
mean-dispersion relationship
final dispersion estimates
mean-dispersion relationship
final dispersion estimates
mean-dispersion relationship
final dispersion estimates
mean-dispersion relationship
final dispersion estimates
fitting model and testing
fitting model and testing
fitting model and testing
fitting model and testing
-- replacing outliers and refitting for 26867 genes
-- DESeq argument 'minReplicatesForReplace' = 7 
-- original counts are preserved in counts(dds)
estimating dispersions
-- replacing outliers and refitting for 23970 genes
-- DESeq argument 'minReplicatesForReplace' = 7 
-- original counts are preserved in counts(dds)
estimating dispersions
-- replacing outliers and refitting for 30826 genes
-- DESeq argument 'minReplicatesForReplace' = 7 
-- original counts are preserved in counts(dds)
estimating dispersions
-- replacing outliers and refitting for 26121 genes
-- DESeq argument 'minReplicatesForReplace' = 7 
-- original counts are preserved in counts(dds)
estimating dispersions
fitting model and testing
fitting model and testing
estimating size factors
fitting model and testing
estimating size factors
estimating dispersions
gene-wise dispersion estimates
estimating dispersions
gene-wise dispersion estimates
fitting model and testing
estimating size factors
estimating size factors
estimating dispersions
gene-wise dispersion estimates
estimating dispersions
gene-wise dispersion estimates
mean-dispersion relationship
mean-dispersion relationship
final dispersion estimates
final dispersion estimates
mean-dispersion relationship
mean-dispersion relationship
final dispersion estimates
final dispersion estimates
fitting model and testing
fitting model and testing
fitting model and testing
fitting model and testing
-- replacing outliers and refitting for 21034 genes
-- DESeq argument 'minReplicatesForReplace' = 7 
-- original counts are preserved in counts(dds)
estimating dispersions
-- replacing outliers and refitting for 21643 genes
-- DESeq argument 'minReplicatesForReplace' = 7 
-- original counts are preserved in counts(dds)
estimating dispersions
-- replacing outliers and refitting for 21759 genes
-- DESeq argument 'minReplicatesForReplace' = 7 
-- original counts are preserved in counts(dds)
estimating dispersions
-- replacing outliers and refitting for 30162 genes
-- DESeq argument 'minReplicatesForReplace' = 7 
-- original counts are preserved in counts(dds)
estimating dispersions
fitting model and testing
fitting model and testing
estimating size factors
estimating dispersions
gene-wise dispersion estimates
estimating size factors
estimating dispersions
fitting model and testing
gene-wise dispersion estimates
fitting model and testing
estimating size factors
estimating dispersions
gene-wise dispersion estimates
mean-dispersion relationship
final dispersion estimates
mean-dispersion relationship
final dispersion estimates
estimating size factors
estimating dispersions
gene-wise dispersion estimates
mean-dispersion relationship
final dispersion estimates
fitting model and testing
fitting model and testing
mean-dispersion relationship
final dispersion estimates
fitting model and testing
-- replacing outliers and refitting for 23648 genes
-- DESeq argument 'minReplicatesForReplace' = 7 
-- original counts are preserved in counts(dds)
estimating dispersions
-- replacing outliers and refitting for 26816 genes
-- DESeq argument 'minReplicatesForReplace' = 7 
-- original counts are preserved in counts(dds)
estimating dispersions
fitting model and testing
-- replacing outliers and refitting for 24600 genes
-- DESeq argument 'minReplicatesForReplace' = 7 
-- original counts are preserved in counts(dds)
estimating dispersions
fitting model and testing
-- replacing outliers and refitting for 28808 genes
-- DESeq argument 'minReplicatesForReplace' = 7 
-- original counts are preserved in counts(dds)
estimating dispersions
fitting model and testing
estimating size factors
estimating dispersions
gene-wise dispersion estimates
fitting model and testing
estimating size factors
estimating dispersions
gene-wise dispersion estimates
estimating size factors
estimating dispersions
gene-wise dispersion estimates
fitting model and testing
mean-dispersion relationship
final dispersion estimates
mean-dispersion relationship
final dispersion estimates
estimating size factors
estimating dispersions
gene-wise dispersion estimates
mean-dispersion relationship
final dispersion estimates
fitting model and testing
fitting model and testing
mean-dispersion relationship
final dispersion estimates
fitting model and testing
-- replacing outliers and refitting for 23503 genes
-- DESeq argument 'minReplicatesForReplace' = 7 
-- original counts are preserved in counts(dds)
estimating dispersions
-- replacing outliers and refitting for 30053 genes
-- DESeq argument 'minReplicatesForReplace' = 7 
-- original counts are preserved in counts(dds)
estimating dispersions
fitting model and testing
-- replacing outliers and refitting for 25466 genes
-- DESeq argument 'minReplicatesForReplace' = 7 
-- original counts are preserved in counts(dds)
estimating dispersions
fitting model and testing
estimating size factors
estimating dispersions
gene-wise dispersion estimates
-- replacing outliers and refitting for 21263 genes
-- DESeq argument 'minReplicatesForReplace' = 7 
-- original counts are preserved in counts(dds)
estimating dispersions
fitting model and testing
fitting model and testing
estimating size factors
estimating dispersions
gene-wise dispersion estimates
estimating size factors
estimating dispersions
gene-wise dispersion estimates
fitting model and testing
mean-dispersion relationship
final dispersion estimates
estimating size factors
estimating dispersions
gene-wise dispersion estimates
mean-dispersion relationship
mean-dispersion relationship
final dispersion estimates
final dispersion estimates
fitting model and testing
mean-dispersion relationship
final dispersion estimates
-- replacing outliers and refitting for 26484 genes
-- DESeq argument 'minReplicatesForReplace' = 7 
-- original counts are preserved in counts(dds)
estimating dispersions
fitting model and testing
fitting model and testing
fitting model and testing
-- replacing outliers and refitting for 31891 genes
-- DESeq argument 'minReplicatesForReplace' = 7 
-- original counts are preserved in counts(dds)
estimating dispersions
-- replacing outliers and refitting for 32213 genes
-- DESeq argument 'minReplicatesForReplace' = 7 
-- original counts are preserved in counts(dds)
estimating dispersions
fitting model and testing
-- replacing outliers and refitting for 24393 genes
-- DESeq argument 'minReplicatesForReplace' = 7 
-- original counts are preserved in counts(dds)
estimating dispersions
estimating size factors
estimating dispersions
gene-wise dispersion estimates
fitting model and testing
fitting model and testing
fitting model and testing
mean-dispersion relationship
final dispersion estimates
estimating size factors
estimating dispersions
gene-wise dispersion estimates
estimating size factors
estimating size factors
estimating dispersions
gene-wise dispersion estimates
estimating dispersions
gene-wise dispersion estimates
mean-dispersion relationship
fitting model and testing
final dispersion estimates
mean-dispersion relationship
mean-dispersion relationship
final dispersion estimates
final dispersion estimates
-- replacing outliers and refitting for 22167 genes
-- DESeq argument 'minReplicatesForReplace' = 7 
-- original counts are preserved in counts(dds)
estimating dispersions
fitting model and testing
fitting model and testing
fitting model and testing
fitting model and testing
-- replacing outliers and refitting for 27252 genes
-- DESeq argument 'minReplicatesForReplace' = 7 
-- original counts are preserved in counts(dds)
estimating dispersions
-- replacing outliers and refitting for 26079 genes
-- DESeq argument 'minReplicatesForReplace' = 7 
-- original counts are preserved in counts(dds)
estimating dispersions
-- replacing outliers and refitting for 19513 genes
-- DESeq argument 'minReplicatesForReplace' = 7 
-- original counts are preserved in counts(dds)
estimating dispersions
estimating size factors
estimating dispersions
gene-wise dispersion estimates
fitting model and testing
fitting model and testing
fitting model and testing
mean-dispersion relationship
final dispersion estimates
estimating size factors
estimating dispersions
gene-wise dispersion estimates
estimating size factors
estimating dispersions
gene-wise dispersion estimates
estimating size factors
estimating dispersions
gene-wise dispersion estimates
fitting model and testing
mean-dispersion relationship
final dispersion estimates
mean-dispersion relationship
final dispersion estimates
mean-dispersion relationship
final dispersion estimates
-- replacing outliers and refitting for 30253 genes
-- DESeq argument 'minReplicatesForReplace' = 7 
-- original counts are preserved in counts(dds)
estimating dispersions
fitting model and testing
fitting model and testing
fitting model and testing
-- replacing outliers and refitting for 26007 genes
-- DESeq argument 'minReplicatesForReplace' = 7 
-- original counts are preserved in counts(dds)
estimating dispersions
fitting model and testing
-- replacing outliers and refitting for 23648 genes
-- DESeq argument 'minReplicatesForReplace' = 7 
-- original counts are preserved in counts(dds)
estimating dispersions
-- replacing outliers and refitting for 23356 genes
-- DESeq argument 'minReplicatesForReplace' = 7 
-- original counts are preserved in counts(dds)
estimating dispersions
estimating size factors
estimating dispersions
gene-wise dispersion estimates
fitting model and testing
fitting model and testing
fitting model and testing
estimating size factors
estimating dispersions
gene-wise dispersion estimates
mean-dispersion relationship
final dispersion estimates
estimating size factors
estimating size factors
estimating dispersions
gene-wise dispersion estimates
estimating dispersions
gene-wise dispersion estimates
mean-dispersion relationship
final dispersion estimates
fitting model and testing
mean-dispersion relationship
final dispersion estimates
mean-dispersion relationship
final dispersion estimates
-- replacing outliers and refitting for 20606 genes
-- DESeq argument 'minReplicatesForReplace' = 7 
-- original counts are preserved in counts(dds)
estimating dispersions
fitting model and testing
fitting model and testing
fitting model and testing
fitting model and testing
-- replacing outliers and refitting for 24566 genes
-- DESeq argument 'minReplicatesForReplace' = 7 
-- original counts are preserved in counts(dds)
estimating dispersions
-- replacing outliers and refitting for 22341 genes
-- DESeq argument 'minReplicatesForReplace' = 7 
-- original counts are preserved in counts(dds)
estimating dispersions
-- replacing outliers and refitting for 25534 genes
-- DESeq argument 'minReplicatesForReplace' = 7 
-- original counts are preserved in counts(dds)
estimating dispersions
estimating size factors
estimating dispersions
gene-wise dispersion estimates
fitting model and testing
fitting model and testing
fitting model and testing
mean-dispersion relationship
final dispersion estimates
estimating size factors
estimating dispersions
gene-wise dispersion estimates
estimating size factors
estimating dispersions
gene-wise dispersion estimates
estimating size factors
estimating dispersions
gene-wise dispersion estimates
mean-dispersion relationship
fitting model and testing
final dispersion estimates
mean-dispersion relationship
final dispersion estimates
mean-dispersion relationship
final dispersion estimates
-- replacing outliers and refitting for 28144 genes
-- DESeq argument 'minReplicatesForReplace' = 7 
-- original counts are preserved in counts(dds)
estimating dispersions
fitting model and testing
fitting model and testing
fitting model and testing
fitting model and testing
-- replacing outliers and refitting for 20602 genes
-- DESeq argument 'minReplicatesForReplace' = 7 
-- original counts are preserved in counts(dds)
-- replacing outliers and refitting for 30880 genes
-- DESeq argument 'minReplicatesForReplace' = 7 
-- original counts are preserved in counts(dds)
estimating dispersions
estimating dispersions
-- replacing outliers and refitting for 20502 genes
-- DESeq argument 'minReplicatesForReplace' = 7 
-- original counts are preserved in counts(dds)
estimating dispersions
estimating size factors
estimating dispersions
gene-wise dispersion estimates
fitting model and testing
fitting model and testing
fitting model and testing
estimating size factors
estimating dispersions
gene-wise dispersion estimates
mean-dispersion relationship
final dispersion estimates
estimating size factors
estimating dispersions
gene-wise dispersion estimates
estimating size factors
estimating dispersions
gene-wise dispersion estimates
mean-dispersion relationship
final dispersion estimates
mean-dispersion relationship
fitting model and testing
final dispersion estimates
mean-dispersion relationship
final dispersion estimates
fitting model and testing
-- replacing outliers and refitting for 25324 genes
-- DESeq argument 'minReplicatesForReplace' = 7 
-- original counts are preserved in counts(dds)
estimating dispersions
fitting model and testing
fitting model and testing
-- replacing outliers and refitting for 27061 genes
-- DESeq argument 'minReplicatesForReplace' = 7 
-- original counts are preserved in counts(dds)
estimating dispersions
fitting model and testing
-- replacing outliers and refitting for 31598 genes
-- DESeq argument 'minReplicatesForReplace' = 7 
-- original counts are preserved in counts(dds)
estimating dispersions
-- replacing outliers and refitting for 21331 genes
-- DESeq argument 'minReplicatesForReplace' = 7 
-- original counts are preserved in counts(dds)
estimating dispersions
estimating size factors
estimating dispersions
gene-wise dispersion estimates
fitting model and testing
fitting model and testing
estimating size factors
estimating dispersions
gene-wise dispersion estimates
fitting model and testing
mean-dispersion relationship
final dispersion estimates
estimating size factors
estimating dispersions
gene-wise dispersion estimates
estimating size factors
estimating dispersions
gene-wise dispersion estimates
mean-dispersion relationship
final dispersion estimates
fitting model and testing
mean-dispersion relationship
final dispersion estimates
mean-dispersion relationship
final dispersion estimates
-- replacing outliers and refitting for 25794 genes
-- DESeq argument 'minReplicatesForReplace' = 7 
-- original counts are preserved in counts(dds)
estimating dispersions
fitting model and testing
fitting model and testing
fitting model and testing
-- replacing outliers and refitting for 20172 genes
-- DESeq argument 'minReplicatesForReplace' = 7 
-- original counts are preserved in counts(dds)
estimating dispersions
fitting model and testing
-- replacing outliers and refitting for 24401 genes
-- DESeq argument 'minReplicatesForReplace' = 7 
-- original counts are preserved in counts(dds)
estimating dispersions
-- replacing outliers and refitting for 19912 genes
-- DESeq argument 'minReplicatesForReplace' = 7 
-- original counts are preserved in counts(dds)
estimating dispersions
estimating size factors
estimating dispersions
gene-wise dispersion estimates
fitting model and testing
estimating size factors
fitting model and testing
estimating dispersions
gene-wise dispersion estimates
fitting model and testing
mean-dispersion relationship
estimating size factors
final dispersion estimates
estimating dispersions
gene-wise dispersion estimates
estimating size factors
estimating dispersions
gene-wise dispersion estimates
mean-dispersion relationship
final dispersion estimates
mean-dispersion relationship
fitting model and testing
final dispersion estimates
mean-dispersion relationship
final dispersion estimates
fitting model and testing
-- replacing outliers and refitting for 22502 genes
-- DESeq argument 'minReplicatesForReplace' = 7 
-- original counts are preserved in counts(dds)
estimating dispersions
fitting model and testing
fitting model and testing
-- replacing outliers and refitting for 33723 genes
-- DESeq argument 'minReplicatesForReplace' = 7 
-- original counts are preserved in counts(dds)
estimating dispersions
fitting model and testing
-- replacing outliers and refitting for 24955 genes
-- DESeq argument 'minReplicatesForReplace' = 7 
-- original counts are preserved in counts(dds)
estimating dispersions
-- replacing outliers and refitting for 25469 genes
-- DESeq argument 'minReplicatesForReplace' = 7 
-- original counts are preserved in counts(dds)
estimating dispersions
estimating size factors
estimating dispersions
gene-wise dispersion estimates
fitting model and testing
fitting model and testing
fitting model and testing
mean-dispersion relationship
final dispersion estimates
estimating size factors
estimating size factors
estimating dispersions
gene-wise dispersion estimates
estimating dispersions
gene-wise dispersion estimates
estimating size factors
estimating dispersions
gene-wise dispersion estimates
fitting model and testing
mean-dispersion relationship
mean-dispersion relationship
final dispersion estimates
final dispersion estimates
mean-dispersion relationship
final dispersion estimates
-- replacing outliers and refitting for 21984 genes
-- DESeq argument 'minReplicatesForReplace' = 7 
-- original counts are preserved in counts(dds)
estimating dispersions
fitting model and testing
fitting model and testing
fitting model and testing
fitting model and testing
-- replacing outliers and refitting for 22286 genes
-- DESeq argument 'minReplicatesForReplace' = 7 
-- original counts are preserved in counts(dds)
estimating dispersions
-- replacing outliers and refitting for 31052 genes
-- DESeq argument 'minReplicatesForReplace' = 7 
-- original counts are preserved in counts(dds)
estimating dispersions
-- replacing outliers and refitting for 24819 genes
-- DESeq argument 'minReplicatesForReplace' = 7 
-- original counts are preserved in counts(dds)
estimating size factors
estimating dispersions
estimating dispersions
gene-wise dispersion estimates
fitting model and testing
fitting model and testing
mean-dispersion relationship
fitting model and testing
final dispersion estimates
estimating size factors
estimating dispersions
gene-wise dispersion estimates
estimating size factors
estimating dispersions
gene-wise dispersion estimates
estimating size factors
estimating dispersions
gene-wise dispersion estimates
fitting model and testing
mean-dispersion relationship
final dispersion estimates
mean-dispersion relationship
final dispersion estimates
mean-dispersion relationship
final dispersion estimates
-- replacing outliers and refitting for 19195 genes
-- DESeq argument 'minReplicatesForReplace' = 7 
-- original counts are preserved in counts(dds)
estimating dispersions
fitting model and testing
fitting model and testing
fitting model and testing
fitting model and testing
estimating size factors
estimating dispersions
gene-wise dispersion estimates
-- replacing outliers and refitting for 20236 genes
-- DESeq argument 'minReplicatesForReplace' = 7 
-- original counts are preserved in counts(dds)
estimating dispersions
-- replacing outliers and refitting for 25662 genes
-- DESeq argument 'minReplicatesForReplace' = 7 
-- original counts are preserved in counts(dds)
estimating dispersions
-- replacing outliers and refitting for 21048 genes
-- DESeq argument 'minReplicatesForReplace' = 7 
-- original counts are preserved in counts(dds)
estimating dispersions
fitting model and testing
mean-dispersion relationship
final dispersion estimates
estimating size factors
fitting model and testing
estimating dispersions
gene-wise dispersion estimates
fitting model and testing
estimating size factors
estimating dispersions
gene-wise dispersion estimates
estimating size factors
estimating dispersions
gene-wise dispersion estimates
fitting model and testing
mean-dispersion relationship
final dispersion estimates
-- replacing outliers and refitting for 20274 genes
-- DESeq argument 'minReplicatesForReplace' = 7 
-- original counts are preserved in counts(dds)
mean-dispersion relationship
estimating dispersions
final dispersion estimates
mean-dispersion relationship
final dispersion estimates
fitting model and testing
fitting model and testing
fitting model and testing
fitting model and testing
estimating size factors
estimating dispersions
gene-wise dispersion estimates
-- replacing outliers and refitting for 17181 genes
-- DESeq argument 'minReplicatesForReplace' = 7 
-- original counts are preserved in counts(dds)
estimating dispersions
-- replacing outliers and refitting for 21932 genes
-- DESeq argument 'minReplicatesForReplace' = 7 
-- original counts are preserved in counts(dds)
estimating dispersions
-- replacing outliers and refitting for 28394 genes
-- DESeq argument 'minReplicatesForReplace' = 7 
-- original counts are preserved in counts(dds)
estimating dispersions
fitting model and testing
mean-dispersion relationship
final dispersion estimates
estimating size factors
estimating dispersions
gene-wise dispersion estimates
fitting model and testing
fitting model and testing
estimating size factors
estimating dispersions
gene-wise dispersion estimates
fitting model and testing
mean-dispersion relationship
final dispersion estimates
estimating size factors
estimating dispersions
gene-wise dispersion estimates
-- replacing outliers and refitting for 29759 genes
-- DESeq argument 'minReplicatesForReplace' = 7 
-- original counts are preserved in counts(dds)
estimating dispersions
mean-dispersion relationship
final dispersion estimates
fitting model and testing
mean-dispersion relationship
final dispersion estimates
fitting model and testing
fitting model and testing
-- replacing outliers and refitting for 22056 genes
-- DESeq argument 'minReplicatesForReplace' = 7 
-- original counts are preserved in counts(dds)
estimating dispersions
fitting model and testing
estimating size factors
estimating dispersions
gene-wise dispersion estimates
-- replacing outliers and refitting for 19825 genes
-- DESeq argument 'minReplicatesForReplace' = 7 
-- original counts are preserved in counts(dds)
estimating dispersions
fitting model and testing
-- replacing outliers and refitting for 22610 genes
-- DESeq argument 'minReplicatesForReplace' = 7 
-- original counts are preserved in counts(dds)
estimating dispersions
estimating size factors
estimating dispersions
gene-wise dispersion estimates
fitting model and testing
mean-dispersion relationship
final dispersion estimates
estimating size factors
estimating dispersions
gene-wise dispersion estimates
fitting model and testing
mean-dispersion relationship
final dispersion estimates
estimating size factors
estimating dispersions
gene-wise dispersion estimates
fitting model and testing
mean-dispersion relationship
final dispersion estimates
-- replacing outliers and refitting for 19319 genes
-- DESeq argument 'minReplicatesForReplace' = 7 
-- original counts are preserved in counts(dds)
estimating dispersions
fitting model and testing
mean-dispersion relationship
final dispersion estimates
fitting model and testing
fitting model and testing
-- replacing outliers and refitting for 23768 genes
-- DESeq argument 'minReplicatesForReplace' = 7 
-- original counts are preserved in counts(dds)
estimating dispersions
estimating size factors
fitting model and testing
estimating dispersions
gene-wise dispersion estimates
-- replacing outliers and refitting for 23740 genes
-- DESeq argument 'minReplicatesForReplace' = 7 
-- original counts are preserved in counts(dds)
estimating dispersions
fitting model and testing
-- replacing outliers and refitting for 25701 genes
-- DESeq argument 'minReplicatesForReplace' = 7 
-- original counts are preserved in counts(dds)
estimating dispersions
estimating size factors
mean-dispersion relationship
estimating dispersions
gene-wise dispersion estimates
final dispersion estimates
fitting model and testing
estimating size factors
estimating dispersions
gene-wise dispersion estimates
fitting model and testing
mean-dispersion relationship
final dispersion estimates
fitting model and testing
estimating size factors
estimating dispersions
gene-wise dispersion estimates
mean-dispersion relationship
final dispersion estimates
-- replacing outliers and refitting for 26445 genes
-- DESeq argument 'minReplicatesForReplace' = 7 
-- original counts are preserved in counts(dds)
estimating dispersions
fitting model and testing
mean-dispersion relationship
final dispersion estimates
fitting model and testing
-- replacing outliers and refitting for 25392 genes
-- DESeq argument 'minReplicatesForReplace' = 7 
-- original counts are preserved in counts(dds)
estimating dispersions
fitting model and testing
fitting model and testing
estimating size factors
estimating dispersions
gene-wise dispersion estimates
-- replacing outliers and refitting for 26556 genes
-- DESeq argument 'minReplicatesForReplace' = 7 
-- original counts are preserved in counts(dds)
estimating dispersions
fitting model and testing
-- replacing outliers and refitting for 23995 genes
-- DESeq argument 'minReplicatesForReplace' = 7 
-- original counts are preserved in counts(dds)
estimating dispersions
estimating size factors
estimating dispersions
gene-wise dispersion estimates
mean-dispersion relationship
final dispersion estimates
fitting model and testing
estimating size factors
fitting model and testing
estimating dispersions
gene-wise dispersion estimates
mean-dispersion relationship
final dispersion estimates
fitting model and testing
estimating size factors
estimating dispersions
gene-wise dispersion estimates
mean-dispersion relationship
final dispersion estimates
-- replacing outliers and refitting for 26938 genes
-- DESeq argument 'minReplicatesForReplace' = 7 
-- original counts are preserved in counts(dds)
estimating dispersions
fitting model and testing
mean-dispersion relationship
final dispersion estimates
fitting model and testing
-- replacing outliers and refitting for 22767 genes
-- DESeq argument 'minReplicatesForReplace' = 7 
-- original counts are preserved in counts(dds)
estimating dispersions
fitting model and testing
fitting model and testing
estimating size factors
estimating dispersions
gene-wise dispersion estimates
-- replacing outliers and refitting for 27340 genes
-- DESeq argument 'minReplicatesForReplace' = 7 
-- original counts are preserved in counts(dds)
estimating dispersions
fitting model and testing
-- replacing outliers and refitting for 25331 genes
-- DESeq argument 'minReplicatesForReplace' = 7 
-- original counts are preserved in counts(dds)
estimating dispersions
estimating size factors
estimating dispersions
gene-wise dispersion estimates
mean-dispersion relationship
final dispersion estimates
fitting model and testing
fitting model and testing
estimating size factors
mean-dispersion relationship
estimating dispersions
gene-wise dispersion estimates
final dispersion estimates
fitting model and testing
estimating size factors
estimating dispersions
gene-wise dispersion estimates
mean-dispersion relationship
final dispersion estimates
-- replacing outliers and refitting for 19893 genes
-- DESeq argument 'minReplicatesForReplace' = 7 
-- original counts are preserved in counts(dds)
estimating dispersions
fitting model and testing
mean-dispersion relationship
final dispersion estimates
fitting model and testing
-- replacing outliers and refitting for 24470 genes
-- DESeq argument 'minReplicatesForReplace' = 7 
-- original counts are preserved in counts(dds)
estimating dispersions
fitting model and testing
estimating size factors
estimating dispersions
gene-wise dispersion estimates
fitting model and testing
fitting model and testing
-- replacing outliers and refitting for 23095 genes
-- DESeq argument 'minReplicatesForReplace' = 7 
-- original counts are preserved in counts(dds)
estimating dispersions
-- replacing outliers and refitting for 30514 genes
-- DESeq argument 'minReplicatesForReplace' = 7 
-- original counts are preserved in counts(dds)
estimating dispersions
mean-dispersion relationship
final dispersion estimates
estimating size factors
estimating dispersions
gene-wise dispersion estimates
fitting model and testing
estimating size factors
estimating dispersions
gene-wise dispersion estimates
mean-dispersion relationship
fitting model and testing
final dispersion estimates
fitting model and testing
estimating size factors
estimating dispersions
gene-wise dispersion estimates
-- replacing outliers and refitting for 23974 genes
-- DESeq argument 'minReplicatesForReplace' = 7 
-- original counts are preserved in counts(dds)
estimating dispersions
mean-dispersion relationship
final dispersion estimates
fitting model and testing
mean-dispersion relationship
fitting model and testing
final dispersion estimates
-- replacing outliers and refitting for 27437 genes
-- DESeq argument 'minReplicatesForReplace' = 7 
-- original counts are preserved in counts(dds)
estimating dispersions
fitting model and testing
estimating size factors
estimating dispersions
gene-wise dispersion estimates
-- replacing outliers and refitting for 19180 genes
-- DESeq argument 'minReplicatesForReplace' = 7 
-- original counts are preserved in counts(dds)
estimating dispersions
fitting model and testing
fitting model and testing
mean-dispersion relationship
final dispersion estimates
fitting model and testing
estimating size factors
estimating dispersions
gene-wise dispersion estimates
-- replacing outliers and refitting for 23554 genes
-- DESeq argument 'minReplicatesForReplace' = 7 
-- original counts are preserved in counts(dds)
estimating dispersions
estimating size factors
estimating dispersions
gene-wise dispersion estimates
fitting model and testing
fitting model and testing
mean-dispersion relationship
final dispersion estimates
mean-dispersion relationship
estimating size factors
final dispersion estimates
estimating dispersions
gene-wise dispersion estimates
-- replacing outliers and refitting for 23378 genes
-- DESeq argument 'minReplicatesForReplace' = 7 
-- original counts are preserved in counts(dds)
estimating dispersions
fitting model and testing
fitting model and testing
mean-dispersion relationship
fitting model and testing
final dispersion estimates
-- replacing outliers and refitting for 27657 genes
-- DESeq argument 'minReplicatesForReplace' = 7 
-- original counts are preserved in counts(dds)
estimating dispersions
estimating size factors
estimating dispersions
gene-wise dispersion estimates
-- replacing outliers and refitting for 28105 genes
-- DESeq argument 'minReplicatesForReplace' = 7 
-- original counts are preserved in counts(dds)
estimating dispersions
fitting model and testing
mean-dispersion relationship
fitting model and testing
final dispersion estimates
-- replacing outliers and refitting for 22348 genes
-- DESeq argument 'minReplicatesForReplace' = 7 
-- original counts are preserved in counts(dds)
estimating dispersions
fitting model and testing
estimating size factors
estimating dispersions
gene-wise dispersion estimates
estimating size factors
estimating dispersions
gene-wise dispersion estimates
fitting model and testing
fitting model and testing
mean-dispersion relationship
final dispersion estimates
estimating size factors
estimating dispersions
gene-wise dispersion estimates
-- replacing outliers and refitting for 24727 genes
-- DESeq argument 'minReplicatesForReplace' = 7 
-- original counts are preserved in counts(dds)
estimating dispersions
mean-dispersion relationship
final dispersion estimates
fitting model and testing
mean-dispersion relationship
final dispersion estimates
fitting model and testing
fitting model and testing
estimating size factors
estimating dispersions
gene-wise dispersion estimates
-- replacing outliers and refitting for 20968 genes
-- DESeq argument 'minReplicatesForReplace' = 7 
-- original counts are preserved in counts(dds)
estimating dispersions
fitting model and testing
-- replacing outliers and refitting for 23771 genes
-- DESeq argument 'minReplicatesForReplace' = 7 
-- original counts are preserved in counts(dds)
estimating dispersions
fitting model and testing
mean-dispersion relationship
final dispersion estimates
-- replacing outliers and refitting for 28410 genes
-- DESeq argument 'minReplicatesForReplace' = 7 
-- original counts are preserved in counts(dds)
estimating dispersions
estimating size factors
estimating dispersions
gene-wise dispersion estimates
fitting model and testing
estimating size factors
estimating dispersions
gene-wise dispersion estimates
fitting model and testing
fitting model and testing
mean-dispersion relationship
final dispersion estimates
-- replacing outliers and refitting for 24206 genes
-- DESeq argument 'minReplicatesForReplace' = 7 
-- original counts are preserved in counts(dds)
estimating dispersions
estimating size factors
estimating dispersions
gene-wise dispersion estimates
mean-dispersion relationship
final dispersion estimates
fitting model and testing
fitting model and testing
mean-dispersion relationship
final dispersion estimates
fitting model and testing
-- replacing outliers and refitting for 25293 genes
-- DESeq argument 'minReplicatesForReplace' = 7 
-- original counts are preserved in counts(dds)
estimating dispersions
estimating size factors
estimating dispersions
gene-wise dispersion estimates
-- replacing outliers and refitting for 24898 genes
-- DESeq argument 'minReplicatesForReplace' = 7 
-- original counts are preserved in counts(dds)
estimating dispersions
fitting model and testing
fitting model and testing
mean-dispersion relationship
final dispersion estimates
estimating size factors
estimating dispersions
-- replacing outliers and refitting for 22657 genes
-- DESeq argument 'minReplicatesForReplace' = 7 
-- original counts are preserved in counts(dds)
gene-wise dispersion estimates
estimating dispersions
fitting model and testing
estimating size factors
estimating dispersions
gene-wise dispersion estimates
fitting model and testing
fitting model and testing
mean-dispersion relationship
final dispersion estimates
-- replacing outliers and refitting for 22822 genes
-- DESeq argument 'minReplicatesForReplace' = 7 
-- original counts are preserved in counts(dds)
estimating dispersions
estimating size factors
estimating dispersions
gene-wise dispersion estimates
mean-dispersion relationship
final dispersion estimates
fitting model and testing
fitting model and testing
mean-dispersion relationship
final dispersion estimates
fitting model and testing
estimating size factors
estimating dispersions
gene-wise dispersion estimates
-- replacing outliers and refitting for 25714 genes
-- DESeq argument 'minReplicatesForReplace' = 7 
-- original counts are preserved in counts(dds)
estimating dispersions
-- replacing outliers and refitting for 27322 genes
-- DESeq argument 'minReplicatesForReplace' = 7 
-- original counts are preserved in counts(dds)
estimating dispersions
fitting model and testing
mean-dispersion relationship
final dispersion estimates
fitting model and testing
-- replacing outliers and refitting for 24225 genes
-- DESeq argument 'minReplicatesForReplace' = 7 
-- original counts are preserved in counts(dds)
estimating dispersions
estimating size factors
estimating dispersions
gene-wise dispersion estimates
fitting model and testing
fitting model and testing
estimating size factors
estimating dispersions
gene-wise dispersion estimates
fitting model and testing
mean-dispersion relationship
final dispersion estimates
-- replacing outliers and refitting for 24994 genes
-- DESeq argument 'minReplicatesForReplace' = 7 
-- original counts are preserved in counts(dds)
estimating dispersions
estimating size factors
estimating dispersions
gene-wise dispersion estimates
mean-dispersion relationship
final dispersion estimates
fitting model and testing
fitting model and testing
mean-dispersion relationship
final dispersion estimates
estimating size factors
estimating dispersions
gene-wise dispersion estimates
fitting model and testing
-- replacing outliers and refitting for 29341 genes
-- DESeq argument 'minReplicatesForReplace' = 7 
-- original counts are preserved in counts(dds)
estimating dispersions
fitting model and testing
-- replacing outliers and refitting for 22940 genes
-- DESeq argument 'minReplicatesForReplace' = 7 
-- original counts are preserved in counts(dds)
estimating dispersions
mean-dispersion relationship
final dispersion estimates
fitting model and testing
-- replacing outliers and refitting for 19448 genes
-- DESeq argument 'minReplicatesForReplace' = 7 
-- original counts are preserved in counts(dds)
estimating dispersions
fitting model and testing
estimating size factors
estimating dispersions
gene-wise dispersion estimates
fitting model and testing
estimating size factors
estimating dispersions
gene-wise dispersion estimates
fitting model and testing
estimating size factors
estimating dispersions
gene-wise dispersion estimates
-- replacing outliers and refitting for 26981 genes
-- DESeq argument 'minReplicatesForReplace' = 7 
-- original counts are preserved in counts(dds)
estimating dispersions
mean-dispersion relationship
final dispersion estimates
mean-dispersion relationship
final dispersion estimates
mean-dispersion relationship
final dispersion estimates
fitting model and testing
fitting model and testing
fitting model and testing
estimating size factors
estimating dispersions
gene-wise dispersion estimates
-- replacing outliers and refitting for 21980 genes
-- DESeq argument 'minReplicatesForReplace' = 7 
-- original counts are preserved in counts(dds)
estimating dispersions
fitting model and testing
-- replacing outliers and refitting for 21428 genes
-- DESeq argument 'minReplicatesForReplace' = 7 
-- original counts are preserved in counts(dds)
estimating dispersions
mean-dispersion relationship
final dispersion estimates
-- replacing outliers and refitting for 28045 genes
-- DESeq argument 'minReplicatesForReplace' = 7 
-- original counts are preserved in counts(dds)
estimating dispersions
fitting model and testing
fitting model and testing
estimating size factors
estimating dispersions
gene-wise dispersion estimates
estimating size factors
estimating dispersions
gene-wise dispersion estimates
fitting model and testing
fitting model and testing
mean-dispersion relationship
final dispersion estimates
estimating size factors
-- replacing outliers and refitting for 19989 genes
-- DESeq argument 'minReplicatesForReplace' = 7 
-- original counts are preserved in counts(dds)
estimating dispersions
estimating dispersions
gene-wise dispersion estimates
mean-dispersion relationship
final dispersion estimates
fitting model and testing
fitting model and testing
mean-dispersion relationship
final dispersion estimates
fitting model and testing
estimating size factors
estimating dispersions
gene-wise dispersion estimates
-- replacing outliers and refitting for 22968 genes
-- DESeq argument 'minReplicatesForReplace' = 7 
-- original counts are preserved in counts(dds)
estimating dispersions
-- replacing outliers and refitting for 29575 genes
-- DESeq argument 'minReplicatesForReplace' = 7 
-- original counts are preserved in counts(dds)
estimating dispersions
fitting model and testing
mean-dispersion relationship
final dispersion estimates
fitting model and testing
-- replacing outliers and refitting for 25454 genes
-- DESeq argument 'minReplicatesForReplace' = 7 
-- original counts are preserved in counts(dds)
estimating dispersions
fitting model and testing
estimating size factors
estimating dispersions
gene-wise dispersion estimates
fitting model and testing
estimating size factors
estimating dispersions
gene-wise dispersion estimates
fitting model and testing
-- replacing outliers and refitting for 27006 genes
-- DESeq argument 'minReplicatesForReplace' = 7 
-- original counts are preserved in counts(dds)
estimating dispersions
mean-dispersion relationship
final dispersion estimates
estimating size factors
estimating dispersions
gene-wise dispersion estimates
mean-dispersion relationship
final dispersion estimates
fitting model and testing
fitting model and testing
mean-dispersion relationship
final dispersion estimates
estimating size factors
estimating dispersions
gene-wise dispersion estimates
fitting model and testing
-- replacing outliers and refitting for 22702 genes
-- DESeq argument 'minReplicatesForReplace' = 7 
-- original counts are preserved in counts(dds)
estimating dispersions
fitting model and testing
-- replacing outliers and refitting for 25181 genes
-- DESeq argument 'minReplicatesForReplace' = 7 
-- original counts are preserved in counts(dds)
estimating dispersions
mean-dispersion relationship
final dispersion estimates
fitting model and testing
-- replacing outliers and refitting for 27455 genes
-- DESeq argument 'minReplicatesForReplace' = 7 
-- original counts are preserved in counts(dds)
estimating dispersions
estimating size factors
estimating dispersions
gene-wise dispersion estimates
fitting model and testing
fitting model and testing
estimating size factors
estimating dispersions
gene-wise dispersion estimates
fitting model and testing
mean-dispersion relationship
final dispersion estimates
-- replacing outliers and refitting for 26948 genes
-- DESeq argument 'minReplicatesForReplace' = 7 
-- original counts are preserved in counts(dds)
estimating dispersions
estimating size factors
estimating dispersions
gene-wise dispersion estimates
mean-dispersion relationship
final dispersion estimates
fitting model and testing
fitting model and testing
mean-dispersion relationship
final dispersion estimates
estimating size factors
fitting model and testing
estimating dispersions
gene-wise dispersion estimates
-- replacing outliers and refitting for 29004 genes
-- DESeq argument 'minReplicatesForReplace' = 7 
-- original counts are preserved in counts(dds)
estimating dispersions
-- replacing outliers and refitting for 23875 genes
-- DESeq argument 'minReplicatesForReplace' = 7 
-- original counts are preserved in counts(dds)
estimating dispersions
fitting model and testing
mean-dispersion relationship
final dispersion estimates
fitting model and testing
-- replacing outliers and refitting for 25977 genes
-- DESeq argument 'minReplicatesForReplace' = 7 
-- original counts are preserved in counts(dds)
estimating dispersions
fitting model and testing
estimating size factors
estimating dispersions
gene-wise dispersion estimates
fitting model and testing
estimating size factors
estimating dispersions
gene-wise dispersion estimates
fitting model and testing
mean-dispersion relationship
-- replacing outliers and refitting for 27236 genes
-- DESeq argument 'minReplicatesForReplace' = 7 
-- original counts are preserved in counts(dds)
estimating dispersions
final dispersion estimates
estimating size factors
estimating dispersions
gene-wise dispersion estimates
mean-dispersion relationship
final dispersion estimates
fitting model and testing
fitting model and testing
mean-dispersion relationship
final dispersion estimates
fitting model and testing
estimating size factors
estimating dispersions
gene-wise dispersion estimates
-- replacing outliers and refitting for 23053 genes
-- DESeq argument 'minReplicatesForReplace' = 7 
-- original counts are preserved in counts(dds)
estimating dispersions
-- replacing outliers and refitting for 23539 genes
-- DESeq argument 'minReplicatesForReplace' = 7 
-- original counts are preserved in counts(dds)
estimating dispersions
fitting model and testing
mean-dispersion relationship
fitting model and testing
final dispersion estimates
-- replacing outliers and refitting for 28935 genes
-- DESeq argument 'minReplicatesForReplace' = 7 
-- original counts are preserved in counts(dds)
estimating dispersions
fitting model and testing
estimating size factors
estimating dispersions
gene-wise dispersion estimates
estimating size factors
estimating dispersions
gene-wise dispersion estimates
fitting model and testing
fitting model and testing
mean-dispersion relationship
final dispersion estimates
-- replacing outliers and refitting for 22223 genes
-- DESeq argument 'minReplicatesForReplace' = 7 
-- original counts are preserved in counts(dds)
estimating dispersions
mean-dispersion relationship
final dispersion estimates
estimating size factors
estimating dispersions
gene-wise dispersion estimates
fitting model and testing
fitting model and testing
fitting model and testing
mean-dispersion relationship
estimating size factors
estimating dispersions
gene-wise dispersion estimates
final dispersion estimates
-- replacing outliers and refitting for 24310 genes
-- DESeq argument 'minReplicatesForReplace' = 7 
-- original counts are preserved in counts(dds)
estimating dispersions
-- replacing outliers and refitting for 25927 genes
-- DESeq argument 'minReplicatesForReplace' = 7 
-- original counts are preserved in counts(dds)
estimating dispersions
mean-dispersion relationship
fitting model and testing
final dispersion estimates
fitting model and testing
fitting model and testing
estimating size factors
estimating dispersions
gene-wise dispersion estimates
-- replacing outliers and refitting for 19130 genes
-- DESeq argument 'minReplicatesForReplace' = 7 
-- original counts are preserved in counts(dds)
estimating dispersions
fitting model and testing
estimating size factors
estimating dispersions
gene-wise dispersion estimates
fitting model and testing
mean-dispersion relationship
final dispersion estimates
-- replacing outliers and refitting for 25216 genes
-- DESeq argument 'minReplicatesForReplace' = 7 
-- original counts are preserved in counts(dds)
estimating dispersions
estimating size factors
estimating dispersions
gene-wise dispersion estimates
mean-dispersion relationship
final dispersion estimates
fitting model and testing
fitting model and testing
mean-dispersion relationship
final dispersion estimates
fitting model and testing
estimating size factors
estimating dispersions
gene-wise dispersion estimates
-- replacing outliers and refitting for 20302 genes
-- DESeq argument 'minReplicatesForReplace' = 7 
-- original counts are preserved in counts(dds)
estimating dispersions
-- replacing outliers and refitting for 21614 genes
-- DESeq argument 'minReplicatesForReplace' = 7 
-- original counts are preserved in counts(dds)
estimating dispersions
fitting model and testing
mean-dispersion relationship
final dispersion estimates
fitting model and testing
fitting model and testing
-- replacing outliers and refitting for 27775 genes
-- DESeq argument 'minReplicatesForReplace' = 7 
-- original counts are preserved in counts(dds)
estimating dispersions
estimating size factors
estimating dispersions
gene-wise dispersion estimates
estimating size factors
estimating dispersions
gene-wise dispersion estimates
fitting model and testing
mean-dispersion relationship
final dispersion estimates
fitting model and testing
-- replacing outliers and refitting for 24859 genes
-- DESeq argument 'minReplicatesForReplace' = 7 
-- original counts are preserved in counts(dds)
estimating dispersions
mean-dispersion relationship
final dispersion estimates
estimating size factors
estimating dispersions
gene-wise dispersion estimates
fitting model and testing
fitting model and testing
fitting model and testing
mean-dispersion relationship
final dispersion estimates
estimating size factors
-- replacing outliers and refitting for 23290 genes
-- DESeq argument 'minReplicatesForReplace' = 7 
-- original counts are preserved in counts(dds)
estimating dispersions
estimating dispersions
gene-wise dispersion estimates
-- replacing outliers and refitting for 24002 genes
-- DESeq argument 'minReplicatesForReplace' = 7 
-- original counts are preserved in counts(dds)
estimating dispersions
fitting model and testing
fitting model and testing
mean-dispersion relationship
final dispersion estimates
fitting model and testing
estimating size factors
estimating dispersions
gene-wise dispersion estimates
-- replacing outliers and refitting for 23221 genes
-- DESeq argument 'minReplicatesForReplace' = 7 
-- original counts are preserved in counts(dds)
estimating dispersions
estimating size factors
estimating dispersions
gene-wise dispersion estimates
fitting model and testing
mean-dispersion relationship
final dispersion estimates
fitting model and testing
-- replacing outliers and refitting for 28398 genes
-- DESeq argument 'minReplicatesForReplace' = 7 
-- original counts are preserved in counts(dds)
estimating dispersions
mean-dispersion relationship
final dispersion estimates
estimating size factors
estimating dispersions
gene-wise dispersion estimates
fitting model and testing
fitting model and testing
fitting model and testing
mean-dispersion relationship
final dispersion estimates
-- replacing outliers and refitting for 29062 genes
-- DESeq argument 'minReplicatesForReplace' = 7 
-- original counts are preserved in counts(dds)
estimating dispersions
estimating size factors
estimating dispersions
gene-wise dispersion estimates
-- replacing outliers and refitting for 25820 genes
-- DESeq argument 'minReplicatesForReplace' = 7 
-- original counts are preserved in counts(dds)
estimating dispersions
fitting model and testing
fitting model and testing
mean-dispersion relationship
final dispersion estimates
fitting model and testing
-- replacing outliers and refitting for 33318 genes
-- DESeq argument 'minReplicatesForReplace' = 7 
-- original counts are preserved in counts(dds)
estimating dispersions
estimating size factors
estimating dispersions
gene-wise dispersion estimates
estimating size factors
estimating dispersions
gene-wise dispersion estimates
fitting model and testing
mean-dispersion relationship
final dispersion estimates
fitting model and testing
mean-dispersion relationship
final dispersion estimates
-- replacing outliers and refitting for 27851 genes
-- DESeq argument 'minReplicatesForReplace' = 7 
-- original counts are preserved in counts(dds)
estimating dispersions
estimating size factors
estimating dispersions
gene-wise dispersion estimates
fitting model and testing
fitting model and testing
fitting model and testing
mean-dispersion relationship
final dispersion estimates
-- replacing outliers and refitting for 31050 genes
-- DESeq argument 'minReplicatesForReplace' = 7 
-- original counts are preserved in counts(dds)
estimating dispersions
-- replacing outliers and refitting for 32151 genes
-- DESeq argument 'minReplicatesForReplace' = 7 
-- original counts are preserved in counts(dds)
estimating dispersions
fitting model and testing
fitting model and testing
fitting model and testing
-- replacing outliers and refitting for 26358 genes
-- DESeq argument 'minReplicatesForReplace' = 7 
-- original counts are preserved in counts(dds)
estimating dispersions
estimating size factors
estimating dispersions
gene-wise dispersion estimates
fitting model and testing
mean-dispersion relationship
final dispersion estimates
fitting model and testing
-- replacing outliers and refitting for 23318 genes
-- DESeq argument 'minReplicatesForReplace' = 7 
-- original counts are preserved in counts(dds)
estimating dispersions
fitting model and testing
DESeq2 loop across 539 samples took: 102.9643 min
Merged output written: 60660 genes x 1079 columns
