,ENSG00000000460.17,ENSG00000004776.13,ENSG00000010319.7,ENSG00000010379.16,ENSG00000011201.12,ENSG00000012822.16,ENSG00000019169.10,ENSG00000022267.19,ENSG00000031081.11,ENSG00000034971.17,ENSG00000036473.8,ENSG00000043591.6,ENSG00000046653.15,ENSG00000047648.23,ENSG00000055813.6,ENSG00000059573.9,ENSG00000064989.13,ENSG00000066056.14,ENSG00000066405.13,ENSG00000069702.11,ENSG00000070193.5,ENSG00000070778.13,ENSG00000072163.20,ENSG00000072657.9,ENSG00000073754.6,ENSG00000077522.14,ENSG00000078081.8,ENSG00000079308.19,ENSG00000080618.17,ENSG00000086232.13,ENSG00000092051.17,ENSG00000092964.18,ENSG00000094963.14,ENSG00000095370.20,ENSG00000095713.14,ENSG00000096063.16,ENSG00000100307.13,ENSG00000101280.8,ENSG00000101307.16,ENSG00000101331.17,ENSG00000101811.14,ENSG00000102003.11,ENSG00000102104.9,ENSG00000102683.8,ENSG00000102760.13,ENSG00000103241.7,ENSG00000104967.8,ENSG00000105227.16,ENSG00000105339.11,ENSG00000105538.10,ENSG00000105971.15,ENSG00000105974.13,ENSG00000106089.12,ENSG00000107242.20,ENSG00000107295.10,ENSG00000107738.20,ENSG00000107742.13,ENSG00000108381.11,ENSG00000108576.10,ENSG00000109205.16,ENSG00000111052.7,ENSG00000111897.7,ENSG00000112137.18,ENSG00000112214.10,ENSG00000112320.12,ENSG00000112782.19,ENSG00000112902.12,ENSG00000113396.13,ENSG00000114113.6,ENSG00000114654.7,ENSG00000114790.13,ENSG00000114854.8,ENSG00000115361.8,ENSG00000115380.20,ENSG00000116016.14,ENSG00000116194.13,ENSG00000118526.7,ENSG00000120156.22,ENSG00000120279.6,ENSG00000120903.13,ENSG00000120907.18,ENSG00000120913.23,ENSG00000121691.7,ENSG00000122679.8,ENSG00000122694.16,ENSG00000122852.15,ENSG00000123119.12,ENSG00000123473.16,ENSG00000125459.17,ENSG00000126785.13,ENSG00000127241.18,ENSG00000128050.9,ENSG00000128059.8,ENSG00000128268.12,ENSG00000128849.11,ENSG00000129596.5,ENSG00000130307.12,ENSG00000130762.15,ENSG00000131471.7,ENSG00000131477.11,ENSG00000131831.18,ENSG00000132622.11,ENSG00000133116.8,ENSG00000133121.21,ENSG00000133561.15,ENSG00000133661.17,ENSG00000133800.9,ENSG00000134020.8,ENSG00000134115.13,ENSG00000134201.12,ENSG00000134917.10,ENSG00000135052.16,ENSG00000135063.19,ENSG00000135218.19,ENSG00000135363.12,ENSG00000135604.10,ENSG00000135917.16,ENSG00000136160.17,ENSG00000137135.18,ENSG00000137441.8,ENSG00000137857.17,ENSG00000138669.9,ENSG00000138821.13,ENSG00000139304.16,ENSG00000139567.13,ENSG00000140505.7,ENSG00000140600.17,ENSG00000141338.14,ENSG00000142273.13,ENSG00000142748.13,ENSG00000143167.12,ENSG00000143171.13,ENSG00000143590.14,ENSG00000144843.11,ENSG00000147526.20,ENSG00000147689.16,ENSG00000148488.17,ENSG00000148677.7,ENSG00000149403.13,ENSG00000149564.12,ENSG00000150048.10,ENSG00000150625.16,ENSG00000150977.10,ENSG00000151718.16,ENSG00000152580.8,ENSG00000154133.15,ENSG00000154175.18,ENSG00000154342.6,ENSG00000154721.15,ENSG00000154764.6,ENSG00000154783.12,ENSG00000155511.18,ENSG00000155660.11,ENSG00000155897.10,ENSG00000156076.10,ENSG00000157554.19,ENSG00000157654.19,ENSG00000158246.8,ENSG00000158435.8,ENSG00000158764.7,ENSG00000159307.19,ENSG00000159708.18,ENSG00000160957.14,ENSG00000161649.13,ENSG00000162062.15,ENSG00000162367.11,ENSG00000162520.15,ENSG00000162687.19,ENSG00000162722.9,ENSG00000163501.7,ENSG00000163513.19,ENSG00000163815.6,ENSG00000164035.10,ENSG00000164161.10,ENSG00000164466.13,ENSG00000164659.15,ENSG00000164764.11,ENSG00000165197.5,ENSG00000165312.6,ENSG00000165495.16,ENSG00000165810.17,ENSG00000166025.18,ENSG00000166123.14,ENSG00000166265.13,ENSG00000166292.12,ENSG00000166482.12,ENSG00000167261.14,ENSG00000167434.10,ENSG00000167588.13,ENSG00000168309.18,ENSG00000168481.9,ENSG00000168484.12,ENSG00000168497.5,ENSG00000168539.4,ENSG00000168907.13,ENSG00000168952.15,ENSG00000169218.14,ENSG00000169252.6,ENSG00000169418.10,ENSG00000169744.13,ENSG00000170323.9,ENSG00000170989.10,ENSG00000171115.4,ENSG00000171509.16,ENSG00000171777.16,ENSG00000171819.5,ENSG00000171885.18,ENSG00000172159.16,ENSG00000173114.13,ENSG00000173269.14,ENSG00000173706.14,ENSG00000175832.13,ENSG00000176435.7,ENSG00000176771.17,ENSG00000177098.9,ENSG00000177469.13,ENSG00000177788.6,ENSG00000178084.2,ENSG00000179133.15,ENSG00000179776.19,ENSG00000180198.16,ENSG00000180440.4,ENSG00000181072.11,ENSG00000182010.11,ENSG00000182255.7,ENSG00000182575.8,ENSG00000183010.17,ENSG00000183019.7,ENSG00000183087.15,ENSG00000183090.5,ENSG00000183378.12,ENSG00000183607.10,ENSG00000184905.9,ENSG00000185432.12,ENSG00000185737.13,ENSG00000186871.7,ENSG00000186994.11,ENSG00000187950.8,ENSG00000188536.13,ENSG00000189129.14,ENSG00000196549.12,ENSG00000196616.14,ENSG00000197256.11,ENSG00000197415.12,ENSG00000197465.14,ENSG00000197471.12,ENSG00000197852.12,ENSG00000197930.13,ENSG00000198358.4,ENSG00000198624.13,ENSG00000198844.12,ENSG00000198848.13,ENSG00000198873.12,ENSG00000203878.11,ENSG00000204305.14,ENSG00000204949.9,ENSG00000213853.10,ENSG00000224215.1,ENSG00000224397.7,ENSG00000225683.6,ENSG00000227051.7,ENSG00000228401.5,ENSG00000228692.2,ENSG00000229619.4,ENSG00000231322.5,ENSG00000232188.1,ENSG00000232234.4,ENSG00000233746.2,ENSG00000234281.5,ENSG00000234880.1,ENSG00000235385.2,ENSG00000235387.5,ENSG00000237167.1,ENSG00000238018.2,ENSG00000241644.2,ENSG00000243566.7,ENSG00000244215.2,ENSG00000244280.1,ENSG00000246430.7,ENSG00000248551.1,ENSG00000249364.6,ENSG00000249741.2,ENSG00000253959.1,ENSG00000254951.7,ENSG00000257894.2,ENSG00000259417.3,ENSG00000260398.1,ENSG00000260908.1,ENSG00000261143.1,ENSG00000261371.6,ENSG00000261863.1,ENSG00000263155.6,ENSG00000263586.1,ENSG00000266120.1,ENSG00000266524.3,ENSG00000267107.8,ENSG00000268388.6,ENSG00000268505.1,ENSG00000272379.1,ENSG00000272473.1,ENSG00000275612.1,ENSG00000276644.5,ENSG00000276668.1,ENSG00000277494.2,ENSG00000277758.5,ENSG00000280339.1,ENSG00000282012.1,ENSG00000286256.2,ENSG00000286997.1,Label
TCGA-73-4658-01A-01R-1755-07,158,218,487,5,1463,2088,2133,1768,1872,8,0,76,128,300,53,4851,2428,1918,607,759,21,852,903,27,0,9,3473,8834,89,8714,20,9728,2011,843,280,1767,631,16,450,81,706,92,10,24,3172,650,250,329,1414,444,3668,4412,338,132,4,3352,3269,39,63,4,140,8839,141,315,140,433,1107,1,5,118,555,52,42,7997,21109,173,95,710,581,0,2,1048,5329,859,1757,74787,52,231,349,838,86,4283,718,146,1262,97,67,668,4131,754,450,358,78,579,1490,956,764,402,12,101,97,9748,117,724,750,651,62,1483,91,14,314,52,5264,1,1913,1,7,316,309,334,29,13,313,725,4868,7492,45,53,7,2534,151,57,954,1023,92,1118,1157,7,480,24,1328,36,17149,0,46,1357,6707,283,2011,6,62,29,304,9,177,125,144,55,18,6,9970,182,800,125,1810,757,38,61,803,106,89,1382,668,756,155,4783,172,69,55,1270,61,13310,3149,1,103,132,26,199,637,914,202,1884,876,44,156,3,1184,108,45,1449,5630,639,1420,150,294,14928,226,1,4,2703,2505,1,4,275,0,113,3643,173,4210,2,1,73,6,3409,15,84,177,5,298,331,63,2279,5010,92,14,1283,289,7878,0,1478,504,2386,1279,10,998,271,9604,2,633,1,832,12,1,113,10,0,1,0,6,2,3,37,0,8,1669,82,1,8,58,0,14,16,1,6,10,15,6,21,4,13100,1,39,10,0,88,272,216,2,78,1,1,149,0,79,17,37,10,10,15,1
TCGA-55-8615-01A-11R-2403-07,212,47,298,1,114,3259,1518,122,353,1,0,1267,221,299,110,7340,531,949,16,82,1,671,324,0,0,5,842,10033,270,17139,20,4687,275,426,183,1917,195,6,49,34,800,129,4,1,1038,167,130,266,1102,1087,241,500,549,9,1,677,616,34,35,0,33,3777,71,77,55,31,241,0,3,62,270,19,1,3358,23801,12,23,143,180,0,2,210,2038,190,903,218181,10,256,827,220,43,4029,494,50,1438,17,65,1605,750,328,146,94,5543,338,280,7822,171,55,2,39,6,27085,154,317,186,72,70,224,286,12,5076,43,1687,7,935,0,0,63,1660,81,3,16,74,229,2878,6314,12,4,0,1371,61,2,811,568,35,388,83,2,211,2,421,1,35447,0,498,522,2360,61,2884,17,324,53,1351,0,254,55,33,19,1,83,3224,5599,162,4,1996,125,631,11,686,21,165,456,11072,276,54,619,70,14,54,148,2,282,275,0,205,12,16,125,282,363,34,501,310,7,55,0,178,97,9,691,3009,3853,714,1166,171,2802,903,0,0,1322,2056,0,1,350,1,54,4515,258,1125,0,0,44,2,1021,6,192,109,4,262,83,467,32,1989,13,3,324,553,5890,0,555,234,211,1679,0,531,155,1988,0,409,8,186,8,0,42,1,15,0,9,2,0,3,13,1,37,300,1,0,0,3,0,8,0,1,1,4,5,1,4,6,3665,0,11,1,11,78,94,24,0,36,0,0,61,0,90,5,21,5,12,8,1
TCGA-97-8177-01A-11R-2287-07,321,155,241,15,2956,4174,7467,1702,2716,2,2,262,1175,301,20,5747,1872,2091,1034,1194,47,702,1317,49,6,38,15644,19132,94,13769,88,15593,2139,1503,2066,2334,2033,33,335,133,1326,270,11,54,5613,415,243,343,3035,692,3173,4404,670,1381,58,5378,2648,72,16,207,189,11638,704,70,281,2522,378,0,11,351,612,795,594,8436,12552,81,253,596,578,1,25,2096,11434,809,3810,192847,750,297,746,1040,48,4972,781,299,1850,192,171,2381,5925,1156,1167,526,244,814,1372,17436,355,2429,58,353,476,9235,749,2257,1326,927,277,717,164,47,1261,58,23573,3,2499,1,21,631,872,52,77,149,337,703,8081,424,56,74,47,9073,226,73,2896,1573,206,1113,1775,184,800,81,1387,37,27776,5,998,1547,4190,178,5332,1,65,1931,431,16,402,174,103,153,15,37,9157,138,1109,159,5445,1271,233,524,1865,209,111,1940,3510,843,140,14188,640,7,421,296,382,121279,3103,2,1049,107,73,588,604,999,159,1485,682,32,345,4,5723,153,48,1339,2776,2042,1873,211,381,15842,868,15,12,3016,2843,21,2,221,6,360,5966,1450,11108,7,13,338,44,5725,6,142,301,8,1633,568,718,3492,5586,2109,37,2058,615,7823,1,2673,784,4374,1243,388,6188,27,16278,2,2121,2,948,22,4,183,134,2,9,10,17,8,53,75,0,43,1371,333,3,76,48,0,11,13,6,2,40,46,64,87,51,19030,4,128,8,2,252,347,113,0,443,9,2,165,2,622,89,82,119,32,49,1
TCGA-67-3771-01A-01R-0946-07,339,40,238,12,812,3950,1872,520,718,3,1,232,66,120,7,3596,742,452,86,167,9,434,431,8,3,54,1723,5763,28,10423,30,1748,828,436,151,996,1491,2,172,45,593,940,1,21,2114,166,316,485,2458,755,1915,8280,354,253,3,2122,1646,29,30,0,74,8431,43,35,409,547,266,35,1,34,570,1247,10,2128,3870,65,49,162,135,2,0,557,4069,301,985,1306,225,658,1072,287,122,2997,518,132,438,53,52,1382,1527,190,251,185,31,245,836,734,203,12,6,79,53,3498,193,708,2300,320,428,395,231,5,409,71,1641,6,840,5,2,99,985,182,86,11,466,660,3494,756,65,176,35,636,53,26,949,424,174,255,823,4,231,3,312,13,16742,4,620,359,3588,133,4767,18,23,41,456,8,143,32,75,31,205,7,6926,60,162,23,1587,310,65,40,620,95,71,689,945,232,129,1604,184,16,24,344,6,546,1320,2,169,40,12,55,137,321,63,646,566,19,60,1,606,133,24,715,2048,721,420,68,101,3407,1250,5,4,857,900,109,1,744,4,43,4162,724,1650,1,4,9,59,2129,5,154,88,11,313,69,296,863,1607,219,31,465,217,29322,1,1238,168,23281,442,1,306,17,5178,1,375,5,307,4,0,64,20,0,0,2,7,2,19,19,13,21,300,1145,30,2,28,0,20,17,0,0,50,9,12,6,3,5288,0,11,2,3,19,126,37,0,27,9,0,39,1,66,8,17,3,10,8,1
TCGA-49-6744-01A-11R-1858-07,242,84,572,6,3688,3469,6389,2505,3135,9,4,74,362,285,46,7329,2158,1710,3258,1204,67,787,1136,52,7,52,5610,18911,298,11145,108,14848,3174,1124,1094,1727,1044,36,619,92,910,52,12,51,2976,686,233,640,1588,848,3880,7067,277,584,11,3477,5452,59,54,7,208,10586,264,299,184,2007,980,7,22,318,523,433,142,5946,23743,186,424,949,558,2,51,916,5478,607,2141,43200,101,338,592,812,102,4800,814,191,2095,104,105,1465,4950,680,806,283,208,1021,1462,9986,577,485,82,268,623,10703,490,2394,688,588,276,1004,164,29,1433,81,5850,15,2125,10,10,707,1198,339,103,41,214,1183,6547,2174,128,99,48,2151,324,152,1507,2046,669,1093,2421,37,769,129,1428,212,19644,11,2613,1325,5426,740,2632,43,226,65,165,147,126,265,106,116,50,10,11372,361,629,514,1753,988,169,913,991,354,582,1775,1755,1265,527,8588,282,179,338,1932,257,59646,5051,6,531,307,122,418,807,1408,217,2848,1309,150,198,20,4253,163,207,2054,5877,1556,1853,349,392,12176,667,4,17,3188,2796,21,16,938,8,292,4435,722,4739,10,3,49,44,5387,4,118,152,25,1083,247,896,5318,4263,470,24,1804,245,5740,2,3551,461,2305,1304,21,5354,49,13843,3,1086,0,585,12,4,141,90,1,2,8,35,13,57,51,2,77,3816,320,6,102,70,5,34,7,4,5,59,56,16,51,42,13679,4,65,11,0,396,408,234,8,139,9,1,243,0,785,54,62,36,85,22,1
TCGA-MP-A4SW-01A-21R-A24X-07,267,11,204,19,579,4540,5323,607,2314,1,1,129,282,106,23,5418,691,930,802,491,12,747,791,10,7,16,4890,12161,38,7015,44,6945,815,855,401,1378,1579,15,464,54,890,64,9,8,1376,249,105,882,3350,302,2730,2716,609,303,2,2788,3053,39,77,19,65,7620,293,44,98,2145,288,6,5,138,953,249,413,3753,10718,29,64,299,197,5,3,932,5652,520,1594,400229,65,869,721,362,35,4695,555,1630,1511,58,110,4998,1447,313,311,198,34,458,694,17185,94,169,50,81,152,10695,1081,824,470,428,33,396,383,18,1318,57,9991,11,979,0,1,286,1391,268,45,41,115,545,2644,5609,41,24,13,1596,117,44,1144,1013,115,472,865,37,320,33,833,40,22739,7,65,418,2504,122,7254,6,58,311,1897,2,493,84,170,26,11,48,6119,70,303,32,1633,329,111,108,1014,57,231,1039,2178,302,99,1643,359,18,150,250,66,14284,941,2,419,41,7,237,575,420,58,661,522,27,134,6,5280,55,29,692,1973,2206,692,43,228,6015,563,4,9,1118,4675,4,0,388,0,79,5376,282,6826,2,54,128,16,4545,5,153,263,15,162,263,473,649,3377,2546,21,1583,165,6675,3,1670,334,829,837,22,1583,171,17168,0,1010,0,313,8,1,83,6,0,10,2,8,4,7,75,0,64,621,260,0,79,11,0,15,5,7,0,8,36,5,17,21,6128,13,38,3,0,62,154,114,3,230,8,6,74,1,145,39,40,33,23,13,1
TCGA-97-8176-01A-11R-2403-07,370,66,455,7,879,3368,2687,461,910,6,1,38,158,148,13,7407,1289,1563,547,662,1,371,333,11,1,4,2046,5547,424,10133,27,3442,482,873,1067,2939,270,17,287,65,1470,41,3,9,825,367,193,359,1642,423,1611,1978,1183,524,11,1303,6882,12,15,1,95,3940,140,51,74,308,334,12,11,130,534,88,112,1470,11294,53,52,439,295,1,1,303,2616,640,669,28431,49,880,643,395,119,7531,611,252,633,36,105,2020,832,481,210,317,49,408,485,3546,568,562,44,67,49,23679,155,755,342,203,176,454,271,22,1428,101,2717,4,1232,1,9,72,1140,1529,69,14,76,668,2242,11806,56,111,24,1425,99,60,1239,769,107,744,345,15,304,112,594,18,22751,0,2907,605,2366,94,3442,3,47,91,1388,7,534,87,46,38,28,22,5453,102,390,157,2051,483,46,35,306,80,131,1539,8233,445,150,1098,191,56,70,368,51,4019,871,6,253,66,3,91,461,449,50,1092,500,45,157,1,1883,49,18,1580,2721,1219,1202,57,118,3841,1024,1,16,2242,2203,3,0,328,0,19,6130,198,2238,1,16,307,32,1494,5,269,200,4,303,101,99,351,3063,394,7,363,359,5265,2,2388,496,2560,1706,1,1231,316,4722,0,384,0,183,11,1,55,9,1,2,3,8,0,5,50,1,29,242,383,0,12,3,0,10,5,8,5,25,14,9,34,12,6215,1,80,8,0,31,302,177,10,92,1,1,123,1,133,21,33,7,6,10,1
TCGA-97-7552-01A-11R-2039-07,193,100,412,25,1641,5771,1430,4506,3650,42,5,116,452,619,41,5073,3906,2315,88132,2881,94,1571,783,60,11,75,14824,15326,6,9122,95,12190,4307,2103,1487,2130,2104,20,208,102,906,103,19,11,2090,837,210,704,2330,506,6320,8986,494,2153,11,5320,8460,275,40,59,164,16392,425,310,309,4666,1541,93,9,357,576,257,279,5456,19261,305,632,1306,613,3,51,1081,8330,926,2571,267003,610,432,239,917,471,2792,636,1343,3267,160,121,2102,5345,844,1113,341,243,1222,3343,16308,509,883,84,202,725,22735,607,1128,962,824,82,2289,139,50,4414,75,7762,86,1873,2,12,1634,1104,777,435,72,36,1178,9468,833,539,73,87,2767,167,260,2146,2212,1330,1107,3985,23,1075,224,2432,344,13426,0,78,1166,8610,160,3189,44,567,85,178,45,49,115,111,153,35,1503,26913,327,1432,1666,2136,739,201,377,1430,393,406,2764,1031,1087,385,9129,216,256,130,553,43,11575,2792,15,266,552,69,390,553,1066,37,2058,1757,161,188,6,13624,1092,209,1822,5406,619,2490,410,766,9047,368,50,90,4058,1624,0,17,1108,22,231,740,66,5239,8,22,570,67,11491,190,75,261,5,98,160,166,7091,5155,730,54,4026,267,9088,3,5299,889,3708,2065,47,5753,22,8333,9,502,14,1089,34,2,124,228,0,13,3,42,8,8,36,1,73,2095,1334,1,101,36,0,32,23,4,19,75,59,23,147,105,16857,6,211,22,1,254,633,622,16,145,6,0,434,3,386,172,84,53,3,41,1
TCGA-55-A48Z-01A-12R-A24X-07,409,42,104,3,1492,2903,1707,552,726,0,0,48,294,143,35,3967,345,707,9,272,27,597,941,3,6,58,1153,11161,17,12193,32,4654,960,680,2431,1350,1493,5,183,47,2506,106,0,20,1048,344,121,579,2423,350,1799,1782,1420,268,16,2035,1669,9,10,0,96,7453,224,12,243,455,2222,4,2,73,478,28,69,2268,8117,38,57,199,178,3,1,822,1969,244,2962,3250,67,607,706,290,42,4741,773,349,1760,50,60,2374,2694,322,639,232,140,484,536,160,86,37,100,149,56,15087,1028,125,330,285,201,247,383,9,660,63,3508,0,1416,1,0,93,704,54,26,25,491,588,2288,3773,150,15,51,3468,77,18,515,880,37,556,906,10,503,11,710,3,12582,2,23,619,3804,37,5903,0,66,41,2498,2,660,66,22,76,8,8,4298,39,173,625,3438,1220,660,24,1071,76,74,1031,1386,232,2266,4249,196,6,40,32,1,135,251,0,156,82,12,374,757,381,10,338,340,10,129,1,298,193,50,443,2285,3128,494,171,237,9330,1408,0,20,1122,3404,9,0,587,0,95,2670,28,4112,1,0,0,56,1650,10,265,114,1,136,167,915,56,4482,150,10,739,190,18999,0,859,284,886,458,0,348,118,6471,8,416,0,816,14,2,75,14,1,2,2,19,0,31,23,0,59,158,160,0,6,10,1,34,1,0,2,20,25,15,13,3,5341,0,46,0,1,21,83,69,0,239,5,0,114,0,64,2,36,2,2,10,1
TCGA-50-5944-01A-11R-1755-07,147,162,147,38,4727,3565,5129,4030,3500,27,7,555,375,298,17,2885,981,796,201,1602,131,1404,751,148,2,95,4699,29834,36,9212,58,27988,3686,409,176,1265,1107,46,126,36,640,102,4,18,3262,413,111,485,1360,205,4933,4674,47,422,74,1389,645,77,6,67,88,12743,723,160,277,5991,1358,6,47,309,832,293,135,9346,14183,197,364,422,222,12,17,1001,4530,210,1370,9249,72,337,330,568,174,2461,432,110,2705,188,38,729,8020,222,469,117,149,749,566,5154,132,999,845,362,971,3290,441,1546,327,439,149,422,34,8,780,237,6737,43,908,13,2,1409,63,32,48,23,49,619,5996,191,73,56,33,1006,68,173,1770,2158,173,491,3588,16,383,6,778,303,26588,0,7053,2058,3766,311,3318,2,115,22,244,14,140,99,119,129,17,15,13302,201,266,170,1647,714,81,499,623,287,128,2874,1350,447,167,13814,141,5,472,144,105,19163,3410,2,676,141,75,522,233,533,154,567,488,27,152,8,11703,204,160,717,3213,681,777,116,894,13991,415,2,9,1322,1773,1,13,144,38,290,2193,678,4960,2,4,168,41,6103,3,117,67,30,161,362,201,6582,8615,2946,6,1160,487,3539,0,904,253,3947,627,3,2399,2,21053,2,465,0,2344,13,4,318,21,0,3,2,7,15,19,19,0,25,3065,72,8,48,356,0,29,7,21,6,391,27,18,175,55,6872,0,33,1,0,1012,99,178,4,257,3,0,179,1,140,25,130,92,2,41,1
TCGA-MN-A4N5-01A-11R-A24X-07,712,26,611,17,775,4170,510,872,1407,8,1,66,293,149,84,3766,1221,1415,1059,433,19,1175,1421,12,4,24,5382,4885,20,14983,18,3608,1214,1171,1516,2821,1524,17,130,88,2019,99,7,13,1537,566,239,1058,2801,615,3053,3145,1318,359,5,2626,3450,40,65,7,90,7627,153,85,87,1206,546,6,11,143,1419,230,165,4220,14071,89,86,394,441,2,3,830,2944,897,995,164314,88,1081,1033,519,339,7311,1733,157,1992,25,194,4276,1134,554,400,312,134,565,886,11001,310,837,60,18,135,15992,898,504,583,498,145,533,334,26,5228,42,13080,6,1850,10,7,196,1254,622,7,26,251,875,3498,13038,68,103,27,2134,121,50,1129,765,216,1008,748,48,343,355,607,26,21658,0,195,1762,3919,221,7700,25,171,89,3404,5,584,132,55,59,13,40,6107,189,519,376,3418,876,220,97,688,100,839,1567,883,566,359,1150,153,143,141,205,95,21917,1214,2,1615,177,13,89,466,577,127,880,824,60,93,8,5190,116,112,940,2623,3369,1790,89,129,10725,1433,2,33,2380,4187,5,3,805,8,100,4016,51,3580,4,10,88,9,1733,13,276,197,6,187,172,491,876,4394,352,16,918,282,23895,1,3020,587,679,868,36,3528,827,7773,10,220,3,518,16,0,84,43,0,1,0,17,4,5,65,1,118,564,237,7,121,14,2,12,5,3,0,17,46,6,20,49,7441,7,188,2,1,59,261,245,3,159,14,0,185,3,62,57,21,11,3,25,1
TCGA-75-5146-01A-01R-1628-07,173,106,182,11,3723,1833,467,2080,729,8,12,188,357,165,53,3106,2495,544,9634,384,12,483,541,14,0,31,1560,8866,16,10172,46,7396,1786,594,2388,1125,1004,2,130,58,664,91,6,9,4258,195,115,534,1046,212,4068,3454,43,519,168,1439,1558,44,14,16,77,8815,246,340,54,2434,213,5,0,163,276,1401,47,13043,17022,100,167,432,341,98,12,623,3156,947,732,4585,37,154,292,327,131,1689,274,71,876,80,79,835,1985,925,459,181,297,308,1324,60393,68,7200,115,210,224,7982,535,460,352,349,81,1059,50,13,2395,100,2518,9,956,0,3,429,325,776,10,27,64,368,4582,631,267,2,33,2496,89,139,1639,1107,162,610,1106,25,718,2,366,67,12127,1,31111,672,951,737,2298,0,30,49,133,70,77,52,34,29,14,4,6228,427,1531,14,1560,273,72,435,791,219,208,667,2376,709,387,5896,131,131,35,652,13,12155,2193,5,260,85,38,227,185,502,31,965,588,52,56,11,21248,98,131,501,997,1186,1095,412,303,3677,235,1,15,1175,1586,1,1,436,10,86,3185,36,3443,0,1,1811,7,4285,7,70,167,0,607,266,87,8184,3010,690,11,305,382,1628,0,2193,323,975,499,54,1299,12,6786,4,178,2,484,27,1,62,23,4,2,0,22,4,2,44,0,63,3158,17,1,127,163,0,4,6,10,2,180,8,32,15,27,6033,74,66,7,3,253,163,130,2,136,9,1,95,0,36,39,53,24,5,28,1
TCGA-97-7546-01A-11R-2039-07,393,151,408,9,3375,7682,1006,7713,4105,43,11,401,3124,677,56,3024,2415,1012,5270,2810,67,1087,656,173,3,73,9250,25840,535,10443,73,13144,4687,747,1538,1675,2381,19,369,60,907,229,12,40,3664,290,153,625,1674,402,7920,11866,174,783,81,2299,3971,89,24,4,164,17678,977,135,225,6373,1253,19,4,313,1199,416,421,10502,29306,199,573,690,338,33,126,1356,7996,468,2207,33775,89,470,429,1016,373,3119,647,299,8471,194,40,952,7429,445,699,166,267,758,1690,29647,295,3589,432,356,2453,5947,2312,1837,463,799,189,1213,109,17,3734,100,13002,60,1764,5,2,2368,179,52,81,34,83,1118,17689,245,136,16,68,2702,127,325,1754,4287,768,857,5485,11,795,17,1255,404,12339,3,7603,1782,8684,408,2941,6,106,242,170,129,155,129,108,102,18,122,13338,145,1078,209,1545,1270,108,1110,1089,467,461,4181,417,776,199,16513,115,15,431,1445,395,201190,4396,1,5939,274,110,1283,1512,1005,296,2136,1014,13,183,14,39877,571,153,1461,5099,1644,1078,801,1551,13963,583,0,22,2105,2315,64,51,361,12,184,948,411,5678,7,14,172,160,4981,16,162,159,36,469,261,402,13095,6741,1718,41,1902,468,5516,2,2144,812,3755,1122,16,14705,14,31808,0,441,27,2326,10,4,274,191,0,0,7,113,21,17,35,1,53,4594,59,1,36,222,0,116,16,4,3,296,64,23,115,133,8533,3,32,6,0,478,162,123,2,370,14,2,326,3,349,140,205,38,30,62,1
TCGA-55-7911-01A-11R-2170-07,435,6,417,27,1420,2484,687,496,1227,0,1,58,283,93,80,3719,1214,944,517,244,3,602,1094,6,1,16,4940,4377,22,10567,27,14744,431,680,315,1690,645,6,413,38,1055,43,4,7,1221,344,154,189,1822,229,941,1752,456,137,7,1518,3500,68,25,1,54,7137,160,58,85,511,273,0,4,74,467,121,120,6129,13664,79,57,875,319,1,5,586,3511,531,1202,67785,92,771,663,364,166,9391,1240,509,597,25,82,1230,879,338,217,173,60,441,1313,7005,71,985,15,70,45,5804,684,690,608,554,44,668,399,5,970,230,2672,8,1345,0,4,107,431,315,29,43,46,627,2489,7072,62,24,11,1244,120,49,588,445,50,671,703,4,317,9,483,25,14202,0,168,563,3220,112,5249,5,378,66,1368,12,276,79,45,23,2,7,14364,104,554,624,3840,1399,69,63,447,67,171,958,769,393,173,830,108,78,28,161,40,7488,10800,6,264,60,6,121,293,338,15,864,1092,69,129,6,2853,103,34,627,1908,1647,1046,45,51,9600,226,1,4,1581,1780,8,4,458,5,44,3435,107,1227,1,2,101,6,1988,18,101,90,15,67,83,70,586,4396,706,14,1284,150,8482,0,1638,379,467,528,32,982,299,18428,0,370,0,178,6,2,344,6,0,1,4,24,0,14,86,1,52,288,88,0,4,13,0,37,6,10,2,18,24,3,2,5,7682,2,43,7,4,25,194,243,2,141,8,0,108,2,68,19,26,4,14,48,1
TCGA-44-5643-01A-01R-1628-07,368,17,117,12,1382,1512,139,732,598,1,0,171,505,91,6,6451,617,317,337,1212,4,155,271,3,1,3,3633,3034,13,6932,13,1020,171,346,119,2046,518,49,41,14,1282,50,2,69,488,64,56,141,530,224,2380,1070,97,65,0,2678,1905,18,49,1,24,4926,77,7,16,270,134,2,3,25,845,56,15,4260,9394,8,14,137,61,2,1,217,2461,248,853,9912,26,538,227,143,429,7129,948,470,581,69,30,1179,242,274,114,61,15,131,441,1030,79,133,10,45,28,5955,60,233,198,461,24,212,395,1018,2237,202,616,45,366,2,193,115,2875,96,19,8,17,732,4391,3486,29,7,15,385,134,25,1630,362,976,227,518,357,150,2,251,11,14394,0,110,370,896,123,4046,23,21,3,961,8,336,57,10,4,5,3,1129,29,151,34,2852,1085,35,40,2233,21,703,3071,2374,142,22,231,52,20,27,445,642,10620,1160,5,1144,834,2,149,113,194,33,541,328,10,36,2,412,109,9,910,2321,982,269,76,99,7030,117,1,39,462,3502,3,0,367,2,17,915,11,914,4,1,16,5,3815,1,441,32,11,28,31,18,191,441,35,9,518,411,2316,7,1133,91,121,282,0,1289,132,7635,1,103,0,221,2,0,157,3,0,1,1,6,0,17,6,3,9,132,2097,0,3,5,0,11,3,0,5,1,7,3,20,6,2603,1,32,0,0,9,40,16,0,61,0,2,28,1,50,6,7,5,7,9,1
TCGA-86-8279-01A-11R-2287-07,828,78,404,6,6053,5218,2479,992,1869,0,1,2035,1294,88,31,10822,956,1410,103,441,76,1234,1550,3,3,16,8266,28156,9,20378,62,18809,3002,820,358,4245,1161,9,81,109,1795,76,14,31,1819,565,191,539,2268,531,5224,5908,784,980,2,2540,1411,21,3,40,69,10526,183,34,171,4539,1369,1,6,191,1042,783,12,5643,19865,29,89,449,297,3,1,1687,6037,428,1770,5695,44,619,1082,558,56,12768,1537,202,8668,66,126,2827,4803,512,604,348,152,759,500,7342,212,456,13,134,68,10170,643,1428,404,232,31,320,226,42,289,6,4540,8,2032,501,4,54,846,106,16,162,859,1023,13213,6035,18,65,13,9830,90,3,2420,1931,221,847,622,41,658,143,1295,17,26804,0,605,2258,3216,1360,4665,5,79,111,1265,5,627,77,212,30,36,3,7625,177,217,94,2563,547,107,14,910,86,99,2273,7195,583,43,5312,100,82,75,427,6,2019,1979,0,759,56,30,288,543,677,35,788,306,32,202,4,8935,54,55,1285,5945,7700,1299,54,237,25658,2142,0,2,3160,11693,2,1,310,24,339,13329,241,9926,0,0,449,8,2785,7,214,177,7,328,222,1171,216,8016,294,15,1190,1212,7525,1,1839,614,1705,616,3,619,212,14206,0,343,2,2042,6,4,208,0,0,2,2,12,3,16,56,0,69,581,55,1,276,20,0,75,13,1,1,50,22,4,11,18,9291,1,44,3,0,75,173,152,3,104,24,0,68,1,73,22,117,7,13,17,1
TCGA-75-6212-01A-11R-1755-07,142,28,175,1,2174,2154,949,631,2957,5,1,95,542,117,11,3314,851,981,1238,964,1,426,247,19,5,3,15270,7297,1076,6415,34,7233,501,542,408,1270,1049,13,114,37,436,21,3,11,1162,237,96,239,831,221,1256,1875,165,157,15,1261,1496,15,19,19,62,6618,546,53,37,555,354,10,7,213,290,96,500,9673,10593,22,95,312,188,2,41,354,4131,305,705,43454,102,111,254,275,98,4228,489,146,1518,37,44,657,991,383,574,135,111,434,442,43324,105,11934,18,21,53,1508,149,1030,474,219,39,801,71,9,828,46,7818,9,986,1,1,137,231,98,20,55,107,487,2837,110,112,28,5,2824,61,131,1102,885,46,601,560,8,363,29,538,83,11037,6,57,494,2245,53,1250,9,80,54,124,30,61,117,49,13,15,30,8941,174,540,1039,1065,1140,22,117,374,110,95,1949,2059,323,221,1009,148,100,545,192,313,109686,870,1,359,99,1,546,662,404,69,683,357,43,197,1,2141,55,58,550,1396,574,782,147,199,3569,527,2,0,1650,1120,7,0,367,3,43,1412,174,2660,2,9,24,616,5285,5,56,54,4,242,47,92,1362,1434,769,15,871,199,8400,2,4064,207,346,454,22,1469,3,5238,2,310,1,134,6,2,88,7,1,0,5,45,0,1,23,1,24,866,97,0,8,14,1,11,8,1,4,15,35,8,52,11,6178,3,61,3,1,77,127,122,2,299,0,1,87,0,78,27,39,18,18,13,1
TCGA-55-8299-01A-11R-2287-07,430,69,1268,8,1831,5810,683,1508,3176,2,2,53,325,333,52,4646,3875,4418,1424,907,51,1186,1382,14,17,17,12983,18860,13,8079,37,10065,1836,2532,7534,1817,1510,9,273,186,829,144,7,5,3149,990,730,443,2200,1175,4162,8479,428,337,5,4609,6464,122,28,23,218,10836,377,215,263,2303,1056,2,13,143,878,303,363,10599,31920,296,183,1376,1216,4,2,1366,5474,1361,2408,115773,290,719,663,1973,85,6244,898,295,3386,134,248,1215,5816,1295,1041,862,237,1289,2972,25635,1908,3407,178,277,105,10685,355,1882,1087,816,276,1062,246,21,4386,86,8019,34,5574,2,2,599,941,1453,16,49,98,1161,6965,15576,215,302,28,6308,366,95,2094,2687,38,2802,2275,6,1159,82,1870,32,19443,1,264,2390,7919,312,2594,12,404,97,812,24,150,311,248,116,26,55,11899,446,1156,1036,4272,1477,95,103,1017,256,241,5470,1385,1795,587,7765,277,46,28,540,22,2557,3258,2,108,105,44,227,1190,2126,140,3638,2608,74,192,5,16382,987,82,3200,10890,547,3968,76,467,20343,404,3,2,7807,2514,5,4,668,14,189,3525,105,7042,0,21,120,84,5220,16,196,302,1,120,220,175,1362,5894,657,32,1907,644,19775,0,3905,1580,2726,2752,1,6101,464,6671,2,887,1,1805,41,7,165,63,4,2,1,29,3,5,125,0,52,715,468,1,88,41,0,26,24,10,8,53,37,19,3,5,24830,5,76,15,2,90,723,307,11,272,9,1,352,1,378,256,84,35,17,33,1
TCGA-83-5908-01A-21R-2287-07,1518,44,1033,3,1731,2389,182,617,1224,0,1,88,344,159,17,4194,1270,1448,39,417,7,555,382,1,2,14,2411,4339,12,13603,13,2767,2093,1008,97,4566,666,10,191,52,2359,61,0,5,1220,561,211,377,2076,335,6386,8785,3881,92,1,2793,3746,12,5,0,79,7015,145,61,115,1060,331,0,0,115,824,14,11,8536,12251,128,69,461,488,3,0,2073,2599,685,2152,2932,50,2515,1429,603,66,11608,2670,93,1958,45,101,2461,1162,388,350,289,87,898,2335,303,206,71,8,111,69,33558,424,414,648,814,46,385,520,31,710,302,3692,4,1861,0,3,935,1219,170,703,7,119,692,6856,14411,55,24,15,1319,147,27,1270,2260,84,812,767,8,398,395,1017,5,45007,0,29,592,10865,96,3453,0,863,63,2762,2,408,149,48,56,13,6,8559,86,465,35,2948,163,42,16,669,90,50,1128,3197,509,207,1500,124,50,42,213,0,357,955,2,128,160,18,207,209,564,11,1166,1193,61,131,14,226,491,67,904,4521,1979,941,34,37,11018,1145,1,11,2563,6092,2,3,1018,2,138,3347,32,1643,3,6,8,7,1427,4,1051,76,4,52,97,669,563,4132,63,43,1991,126,25425,2,2588,444,836,1576,1,376,571,2969,1,257,0,336,11,1,86,3,0,0,0,9,0,3,56,2,108,188,50,0,56,18,3,15,33,0,0,35,8,5,8,8,7797,1,72,5,0,50,347,262,6,74,2,0,114,0,43,4,42,0,5,21,1
TCGA-44-2655-01A-01R-0946-07,499,128,581,30,3971,8001,5979,5353,2844,13,6,400,654,520,32,9728,3963,2529,10644,2325,110,1968,1731,90,17,66,15112,21687,562,17125,82,14769,3235,1590,6572,4140,2578,31,146,176,2025,124,40,45,5719,736,346,693,2322,891,12015,20530,972,649,59,4139,6032,123,532,79,294,24490,955,476,239,4058,1035,10,178,561,980,1217,545,6385,44678,149,359,1127,1204,2,13,1740,17556,2434,3101,313484,452,336,1164,1235,223,8260,899,546,2505,200,198,4409,5329,2041,809,413,212,824,2425,109644,1191,2646,133,321,772,20557,889,2462,1434,1065,333,2848,155,16,5275,387,16731,49,2741,4,55,929,775,1436,57,158,382,2500,8064,6983,139,1152,43,4186,386,721,3452,2003,252,2322,2862,78,1089,205,1363,293,48017,25,7625,1793,5842,465,5784,231,271,372,358,92,123,266,289,89,19,84,22210,924,2615,1281,3515,2193,487,559,1491,371,345,2665,1576,1895,1340,7960,269,353,585,911,951,307060,5060,12,1394,366,77,623,1344,1889,2239,2685,1726,95,147,135,13072,176,165,2253,4079,3861,3342,268,768,15603,1171,4,39,4452,5227,118,25,2137,37,209,5666,1273,5462,25,16,4640,124,6490,12,150,344,55,752,799,489,10041,6014,975,77,1390,767,9796,11,6977,873,2083,1686,801,19184,111,23679,5,693,4,1065,94,7,327,155,5,4,7,96,15,28,79,1,74,4724,917,21,39,71,4,82,25,20,6,311,141,16,253,147,15631,63,234,20,3,208,697,697,11,500,11,2,296,5,488,112,89,133,22,25,1
TCGA-50-6597-01A-11R-1858-07,21,194,92,12,60,580,50,712,1728,2,4,114,96,54,0,3310,219,172,16,226,4,242,291,2,2,5,3213,3789,495,10821,19,1802,303,570,142,732,433,2,57,36,309,22,10,2,700,127,52,108,358,118,1807,585,39,42,4,1213,2000,29,3,3,5,4216,71,7,87,297,148,0,6,204,103,449,231,1828,4673,20,76,51,88,0,0,373,1289,352,540,223,20,103,186,200,32,4562,182,134,1177,40,15,435,1096,1104,181,42,8,65,288,198,12,286,5,153,99,4839,324,155,208,149,75,89,37,2,211,17,4520,0,559,0,1,78,1226,409,5,26,276,919,1345,891,18,16,4,1376,41,20,711,277,19,238,563,6,224,13,171,29,5778,1,376,179,1865,173,2883,2,11,73,132,3,120,13,9,2,5,1,1993,131,247,5,721,182,26,181,399,87,61,530,1992,133,36,3248,49,41,135,105,6,239,677,3,1063,85,4,72,2432,165,17,285,200,19,30,2,279,55,35,198,460,4421,327,12,108,2601,148,0,23,342,2416,0,1,55,0,30,481,4,1160,0,0,12,4,2785,1,32,24,0,262,263,207,1484,1280,605,2,554,137,3867,0,2533,97,1747,91,3,930,34,4803,0,106,0,128,15,3,47,1,8,6,2,7,6,2,10,0,7,994,15,3,5,10,0,2,0,3,0,6,88,4,2,8,1745,0,31,0,0,67,80,12,1,350,0,0,19,0,9,24,20,27,1,10,1
TCGA-44-6147-01B-06R-A277-07,497,10,46,8,1046,1092,21,3922,1416,9,1,190,956,471,28,1205,2986,276,440,2196,99,818,158,206,11,50,2004,7094,76,2678,33,5438,1660,65,59,1402,362,10,58,43,169,26,21,6,1062,125,107,19,2664,50,3213,6020,31,185,1,354,751,137,27,1,407,6037,344,444,248,766,2202,4,64,35,999,7,187,2224,10140,1164,397,325,558,7,52,134,1058,32,622,11852,337,414,84,906,38,1846,486,26,401,102,25,77,1049,89,127,14,58,888,565,186,269,28,10,47,59,1604,957,583,281,337,60,1674,147,0,311,15,1954,31,217,1,10,1156,54,5,4,19,32,558,14067,314,156,12,32,224,188,160,208,937,670,120,3748,3,545,3,414,33,2162,2,38,984,4946,30,1404,0,141,33,49,3,5,121,26,345,32,2,9571,4,799,575,1131,618,554,153,554,71,182,1584,469,426,170,1238,77,1,10,507,7,624,1840,3,52,181,39,124,190,1108,59,1150,482,31,23,114,2684,267,435,360,3326,127,327,84,155,1043,772,1,34,808,404,1,75,866,12,34,148,5,332,41,16,6,13,2822,5,285,16,11,43,68,1338,3521,1310,631,50,215,117,5573,1,696,81,211,317,1,72,106,2702,0,54,67,532,1,6,1232,23,0,3,1,72,2,2,28,2,257,901,6,0,9,39,1,64,6,4,17,40,15,55,23,17,3356,0,24,2,4,32,340,57,1,162,0,6,225,1,8,93,354,1,0,1145,1
TCGA-44-6776-01A-11R-1858-07,119,30,337,8,482,2611,266,1187,963,1,2,378,332,118,15,4024,855,652,6761,308,3,967,604,12,1,17,5460,14397,37,6554,31,4654,768,558,2671,1498,626,5,59,54,542,41,31,5,2529,236,124,1035,1172,361,4863,13371,253,1367,9,884,1515,22,17,10,50,5705,867,141,138,834,349,1,0,116,437,280,528,2162,17920,23,166,310,200,10,15,1058,4338,425,224,198691,217,111,380,240,75,3111,231,54,3362,38,66,2092,1923,452,282,179,117,446,407,11413,69,7367,8,58,183,24710,501,932,199,143,52,1438,88,14,6467,33,6618,12,971,1,0,204,819,618,69,26,125,352,5255,927,105,5,20,1347,60,53,753,1501,209,776,659,8,309,4,374,84,11747,0,614,434,1297,886,1917,20,33,156,165,106,56,78,218,26,2,14,6694,234,782,331,660,488,55,520,407,178,346,638,1561,365,263,2023,27,226,93,618,339,42176,2830,6,1685,89,17,135,1023,380,67,721,323,36,47,1,5132,74,98,576,1649,1191,838,47,202,4599,600,2,1,1799,1474,5,15,206,4,51,2690,24,1157,6,9,4453,32,3667,7,37,111,4,274,104,43,2365,3133,595,25,245,179,2404,2,1193,310,562,501,15,3515,27,15731,0,71,0,336,16,1,69,350,14,2,4,40,4,1,27,0,32,2408,98,1,36,23,1,35,15,6,7,295,51,2,6,28,5653,6,84,5,2,278,133,103,7,502,4,1,134,0,90,99,48,28,2,19,1
TCGA-55-8511-01A-11R-2403-07,333,43,214,3,1449,2127,365,486,1072,0,1,1004,142,109,17,4092,606,889,98,221,5,387,436,3,0,7,972,3107,7,18515,32,2984,567,611,130,2007,1092,18,60,23,1434,211,1,24,784,362,106,422,7059,375,3481,2366,660,86,0,2086,2598,14,6,3,50,5285,84,30,104,804,1330,4,3,49,425,81,4,1772,16637,63,55,221,147,0,0,1272,974,375,940,16180,12,495,1010,323,6,5961,913,130,1096,51,45,3950,2069,249,244,195,15,405,542,925,115,196,0,81,69,16943,1066,308,216,455,27,283,327,4,306,37,2977,7,926,1,0,80,291,111,12,2,140,368,1758,43901,16,7,57,1214,86,7,583,608,50,403,1179,9,263,503,778,14,22146,0,17,353,2281,47,2977,3,58,32,821,1,350,38,28,31,15,2,5235,25,216,41,1475,257,25,75,911,115,39,660,1416,235,25,2395,174,5,24,120,19,5611,217,0,157,28,40,51,234,329,25,542,400,11,76,4,169,45,33,564,2575,1386,366,19,56,5351,658,0,9,1053,3196,1,0,297,2,50,13085,17,2174,0,4,6,3,1280,0,261,156,1,79,107,83,340,2754,75,5,688,83,18121,1,1248,212,1158,599,0,618,1228,1238,1,202,0,224,4,1,31,3,0,2,2,1,1,1,15,0,60,174,35,0,3,8,0,4,8,1,1,5,13,2,7,11,4437,2,20,0,0,21,106,28,0,49,1,0,27,0,38,14,36,2,3,3,1
TCGA-95-7948-01A-11R-2187-07,282,36,345,40,771,3489,100,556,472,23,0,6,458,94,71,7516,973,686,131,410,17,693,686,1,339,6,755,8186,3,14289,22,7370,641,349,569,2594,1081,8,28,35,1174,468,2,3,1518,178,87,847,4466,234,11590,24796,301,762,268,2630,702,34,12,31,178,6282,124,43,5262,1904,657,1,8,141,755,1231,10,35785,15792,28,46,296,218,1,29,1052,7476,731,719,6450,26,392,814,303,46,14298,2009,313,501,24,77,2390,476,563,807,184,50,250,413,1326,145,214,26,49,151,8586,4886,203,381,120,13,131,206,30,476,26,1228,3,655,3,8,504,2061,129,15,7,172,1246,1734,134,25,20,50,949,206,35,1210,6462,24,444,458,16,306,13,336,9,46735,0,59,516,4974,356,3563,1,11151,53,943,4,145,55,46,20,2,51,2743,90,453,50,2579,884,61,67,1272,28,290,602,637,517,72,2574,102,5,106,266,21,8756,1595,0,433,121,18,71,155,388,47,693,250,32,102,1,19028,155,14,605,3484,361,768,37,70,8383,289,3,1,1052,16056,1,0,102,7,74,13548,25,7231,2,77,13,13,32972,7,94,111,0,162,124,2223,537,9612,320,10,193,402,2933,0,2086,221,4768,278,2,561,10,24350,0,172,0,478,12,2,90,7,1,25,5,6,1,0,27,1,16,858,943,1,1617,26,3,43,1,15,19,634,23,1,11,7,5242,1,44,4,0,36,157,45,5,49,23,5,56,7,47,529,28,7,1,11,1
TCGA-97-8172-01A-11R-2287-07,427,502,644,4,3177,12937,4326,18055,4954,138,53,28,1192,840,81,6069,3061,2246,10530,3061,102,2464,2363,269,14,335,7348,52045,28,13400,204,23570,10874,2701,6903,2589,4639,75,511,186,2200,868,1,101,9934,982,356,1502,8116,767,2414,6351,519,1084,84,4525,7960,467,22,9,274,22252,928,371,405,1478,2500,21,2,1139,1112,212,159,11427,38467,689,1816,1108,663,10,478,3938,9850,1576,3189,227586,87,293,676,1627,370,4508,1189,542,10214,582,316,2406,19140,803,1351,650,107,1175,3452,4326,727,321,4,1256,3095,70642,2863,1004,1161,733,410,1727,212,19,2963,57,5255,72,2456,3,5,4288,1674,286,147,56,116,1266,16085,8570,548,21,248,4738,228,261,3556,3560,4057,1759,12055,5,1311,43,2034,1458,14740,88,3194,2359,9822,265,4710,1,344,723,717,169,237,475,230,240,28,32,28187,690,1090,571,2479,3336,303,2459,2269,1293,1197,3531,10933,1155,692,47623,802,14,280,1073,321,81163,4050,3,3146,258,305,586,1076,1606,360,3106,2652,55,702,44,1886,464,596,2335,9390,5056,1822,449,2300,17040,2084,4,2,3985,3451,54,35,387,25,454,3358,701,7451,2,6,43,84,12122,18,119,578,72,271,910,344,34926,16756,140,69,3739,503,5066,0,5716,1185,5853,2897,2117,1604,328,18660,4,1119,1,3013,35,3,250,23,1,1,7,12,51,83,102,2,327,10311,104,4,26,505,0,9,40,0,2,10,32,37,228,1527,16014,2,100,22,0,1511,309,440,6,278,18,0,294,2,130,365,269,290,3,116,1
TCGA-55-6979-01A-11R-1949-07,462,37,354,13,2838,1705,1497,519,1571,2,2,54,248,147,17,2804,1513,1204,855,279,8,523,470,5,1,9,3144,5506,9,9282,33,4756,610,841,305,1212,601,27,491,50,841,90,2,9,1323,389,160,407,1542,390,1642,2191,802,199,4,2291,3201,27,26,9,90,5947,194,75,111,824,878,9,1,91,316,91,59,2407,6922,32,88,355,303,1,7,435,2460,526,2036,36775,65,614,372,428,105,2729,525,116,1543,34,93,638,1005,502,301,274,87,557,1451,3134,131,249,32,78,38,11881,336,589,597,705,70,581,432,6,482,65,3813,8,1373,8,3,163,1084,245,92,15,93,785,3134,4065,62,79,28,1831,117,35,1014,773,111,853,783,8,315,103,871,20,13173,4,173,565,5617,142,2857,12,52,66,683,9,196,86,78,25,19,7,5305,93,587,382,1125,249,35,80,539,52,68,1257,1040,530,934,1712,256,26,34,173,41,12934,707,1,122,70,6,242,210,525,36,920,1211,26,83,7,2020,101,65,701,2880,766,723,239,98,5950,275,2,5,2262,2659,5,1,609,3,56,3199,63,1796,4,3,111,13,2179,19,244,131,1,120,72,285,732,2391,251,3,1047,241,4418,0,1584,377,733,723,7,1432,133,3395,2,813,1,470,6,1,56,11,2,2,0,8,0,11,37,0,26,468,153,3,59,14,0,30,2,1,2,22,11,11,5,10,8571,8,94,6,1,41,610,141,4,111,2,0,93,0,96,37,24,18,12,17,1
TCGA-05-4410-01A-21R-1858-07,183,60,158,1,423,1427,417,609,975,2,3,51,166,73,8,2567,458,328,50,455,18,453,260,8,2,22,3407,5695,23,8310,19,4450,947,353,51,1323,717,11,134,33,473,24,1,6,549,87,58,753,964,165,3057,1030,210,215,2,1448,1618,39,9,2,35,5709,303,40,53,437,164,1,4,194,970,123,20,3675,7792,70,65,231,119,0,2,228,2756,231,647,10996,11,315,312,159,38,5532,830,344,1781,31,33,1209,1283,148,193,88,19,170,839,1469,62,76,2,90,110,12926,484,230,219,271,20,181,175,2,1428,51,4167,7,544,2,1,258,649,88,13,8,61,441,1816,1746,57,2,21,764,33,24,418,1063,207,224,990,8,233,0,302,23,19086,0,15,239,1700,127,3449,0,130,9,420,4,112,42,35,15,9,4,6306,47,131,19,1121,112,51,83,612,76,81,739,793,167,100,2573,112,53,63,238,11,2115,723,2,750,40,20,64,205,189,27,393,516,19,65,6,3890,61,71,427,1529,2532,394,28,97,2162,644,0,19,584,2026,0,0,127,4,59,1818,17,1079,1,0,3,21,2324,0,72,43,2,61,85,1560,2376,2244,1410,6,666,179,4630,1,1863,127,637,300,1,137,34,6439,0,210,0,229,2,0,60,2,0,0,0,6,2,7,8,2,26,490,120,0,4,9,0,6,4,1,0,26,1,0,15,9,4720,0,5,4,0,79,56,45,1,91,2,0,48,1,37,14,22,1,1,8,1
TCGA-64-1677-01A-01R-0946-07,204,4,81,1,1176,1000,169,235,215,0,0,40,199,40,6,2451,369,146,62,86,0,145,100,0,3,3,1364,544,7,4319,4,1828,150,176,99,1880,192,0,33,16,561,19,0,0,633,82,18,28,591,74,774,728,334,120,3,647,568,9,5,6,19,2605,84,19,38,223,130,2,2,17,170,161,115,852,3429,13,26,62,87,0,1,201,2130,124,732,24330,58,257,444,111,16,3767,544,25,147,7,19,457,209,161,48,33,9,74,205,903,61,142,6,25,6,3953,1020,119,107,122,43,134,118,5,87,37,1305,3,238,0,0,61,35,202,32,20,87,128,452,1970,30,14,2,513,31,5,461,324,47,78,379,0,90,13,62,1,11606,10,29,93,661,101,2247,9,12,27,882,1,198,14,12,16,0,1,1210,29,139,205,1586,280,16,3,357,24,41,440,980,120,63,273,24,10,20,27,4,1296,469,1,25,65,0,155,34,141,15,227,106,13,10,3,1124,57,26,69,180,1269,252,14,17,1021,155,2,0,390,1717,59,0,514,2,17,1546,25,595,22,2,16,4,1421,1,176,15,0,14,23,151,79,735,205,4,155,63,7123,1,478,43,53,171,1,516,92,2108,0,97,0,251,4,2,31,8,23,0,0,4,0,2,16,0,13,122,21,1,1,7,0,15,2,2,0,14,6,0,0,4,1851,1,16,1,0,6,104,28,1,86,4,0,52,0,11,5,12,5,3,5,1
TCGA-78-7633-01A-11R-2066-07,594,47,1765,483,1346,6453,1297,1955,5572,8,21,2678,3280,401,219,4231,5334,3079,3087,1221,12,2577,1440,24,2,8,5246,29763,1322,15798,102,12719,1892,2113,797,3802,2127,10,66,238,1557,103,1147,8,6467,1221,607,3204,3913,1251,14177,18473,117,1139,25,2541,4393,82,306,5,225,16564,1783,354,191,2101,2764,3,5,327,1020,755,142,31459,120317,104,359,1330,1475,1,10,832,14034,2235,688,121729,140,354,901,1058,1040,6858,567,254,3435,107,318,2521,3105,1455,887,852,623,1411,1955,31492,554,6044,111,79,156,8934,629,2610,994,434,363,4395,89,40,15021,175,7399,28,5044,2,6,4964,847,574,9,52,96,3097,14060,1847,321,101,19,5112,355,129,1283,3442,291,3714,2617,41,1260,28,2210,140,46184,3,99922,1888,6020,595,5132,54,118,60,427,105,242,303,357,33,15,11,22449,794,4990,285,3489,845,67,190,1657,544,1473,3081,14648,1770,592,2417,81,787,52,1602,193,40798,4412,9,1221,494,16,217,1938,2303,54,3706,1460,316,104,0,16033,407,102,4097,6683,3014,4989,351,1952,17432,2534,4,9,10408,1789,22,23,1049,30,272,7105,142,2664,41,8,30015,28,5289,37,102,395,14,213,330,322,3636,6108,1262,12,576,986,6379,1,3827,1479,205879,1972,14,9374,35,49350,5,164,28,889,33,2,134,59,0,2,0,76,2,10,158,6,48,2649,577,6,350,72,1,79,9,11,2,381,52,13,27,54,32251,3,162,24,1,159,383,464,17,488,16,2,490,1,419,36,97,38,2,38,1
TCGA-55-7724-01A-11R-2170-07,135,28,135,23,2014,1457,1398,3621,1816,3,2,152,537,143,3,2199,2351,585,3717,1108,16,790,179,65,12,37,7152,6969,243,5413,37,6242,2221,202,415,693,445,12,264,69,434,37,14,40,2988,369,149,87,656,176,3997,9193,39,303,18,893,1658,46,215,19,193,5800,225,254,350,2157,2241,18,44,119,969,201,282,4227,13571,69,386,700,568,4,13,277,2683,86,1298,158897,163,360,156,753,173,1977,305,307,1177,133,31,77,3544,656,271,67,138,591,765,4962,1063,717,66,226,265,1670,713,2438,418,427,338,1342,63,40,2587,56,4968,34,1071,2,39,467,135,194,34,31,260,646,5440,1154,238,461,40,1629,195,265,590,927,595,638,1634,23,460,49,685,201,7312,9,862,1081,5724,134,1729,83,113,151,69,7,12,218,28,41,12,10,6402,75,663,1568,1068,854,183,1203,740,326,193,2030,393,920,459,2971,157,140,241,792,494,28497,2432,4,371,450,49,335,328,1160,1123,1267,770,120,90,11,6561,200,184,866,3336,194,1067,357,475,5913,240,3,19,2197,832,62,16,1828,12,52,157,470,855,13,28,418,27,4689,8,175,13,23,29,61,963,6294,1907,622,28,834,308,4876,14,1674,239,2114,946,31,4751,53,11014,5,370,4,794,10,5,114,86,5,12,3,13,0,14,53,9,101,4419,243,1,21,88,8,25,8,6,11,39,63,16,70,9,12503,26,107,10,1,273,388,383,5,228,2,2,317,3,188,32,53,43,32,32,1
TCGA-05-4405-01A-21R-1858-07,297,115,333,0,1835,2523,421,671,1665,1,0,146,125,131,37,4706,1064,731,292,413,36,658,392,31,3,28,2807,12003,20,13719,27,9400,908,590,853,1533,751,14,42,41,1204,69,0,8,962,288,145,275,1527,231,2490,1445,317,166,8,2404,631,27,7,2,55,5343,149,41,184,1296,652,1,5,304,669,297,45,4188,11906,76,88,318,248,3,1,601,4378,276,712,22020,63,264,475,364,25,2706,579,127,1372,81,58,746,2731,344,289,208,50,392,784,1857,55,647,600,68,124,10609,885,252,392,180,62,313,56,2,490,76,3140,4,861,12,2,470,544,141,14,72,119,409,2881,3733,64,14,37,2073,46,16,723,897,174,303,695,5,330,68,806,8,9944,0,402,621,2231,66,2715,7,126,52,431,16,154,94,108,24,24,8,5890,48,345,749,895,821,73,55,656,122,538,1909,787,422,815,5733,120,3,145,56,96,26909,1630,0,934,29,18,208,453,390,31,454,631,11,150,0,3598,73,41,854,3968,1856,558,48,188,7375,1158,1,2,1371,1962,3,0,194,2,91,2634,63,2340,2,7,7,19,1887,1,53,167,3,295,200,346,1743,5200,412,14,652,278,2508,1,1350,316,2085,700,75,802,111,7357,1,231,1,581,10,2,87,17,1,0,0,12,1,6,8,0,22,564,28,10,139,9,0,3,3,2,1,11,27,2,50,16,4877,0,15,2,0,140,122,50,3,66,16,0,56,2,70,25,39,29,0,19,1
TCGA-J2-8194-01A-11R-2241-07,244,38,1240,23,3433,5974,2929,1039,2704,3,5,223,565,492,71,16182,4010,3608,376,876,13,1302,502,6,13,12,3042,23083,19,22536,54,7506,390,1493,1579,7070,692,5,436,150,1503,80,90,5,4129,952,305,1589,2900,1376,6646,10686,274,985,5,2403,2967,61,13,3,234,12998,1057,157,166,718,1498,0,4,239,508,122,342,3491,53118,161,155,898,820,1,3,536,9109,759,1091,11646,130,247,942,1070,150,9008,1266,90,2498,79,234,2611,2462,1033,348,451,208,841,1515,1453,1149,582,194,99,94,14248,347,870,649,594,278,3720,179,25,2129,39,4875,6,2991,2,7,567,1384,1931,6,12,201,796,7479,14790,156,70,16,3585,263,32,1439,1640,136,1904,1164,16,793,12,1274,31,25891,0,5839,2025,6555,142,5348,2,73,68,427,15,136,212,116,79,19,18,20031,294,1678,97,3881,1327,72,238,620,317,572,2924,10855,1440,528,3637,161,215,52,1203,188,2538,3050,0,1520,220,3,695,1192,1714,25,3162,1296,158,243,2,5117,157,42,2571,6455,3996,3025,88,286,8490,3142,1,11,5571,5036,9,12,344,2,98,5611,114,2178,6,3,896,29,6337,52,116,265,0,457,196,144,2102,4912,131,11,724,511,6562,0,4520,896,3006,1833,23,941,436,13830,1,638,0,547,16,2,91,2,0,1,1,11,0,0,110,0,54,936,45,0,55,31,2,141,5,6,3,12,33,6,5,13,19495,0,118,10,0,69,535,520,4,333,9,0,439,3,343,30,21,21,9,22,1
TCGA-44-8119-01A-11R-2241-07,735,253,1096,5,1419,5302,3215,1144,1946,10,0,58,1209,314,122,7791,3376,2818,102,861,122,897,1462,1973,8,38,2321,22859,18,17975,40,6833,903,1271,700,4475,1115,15,207,110,1869,500,6,6,2057,321,423,430,2306,1801,2276,3625,521,337,39,4004,3413,30,32,4,339,21534,290,90,865,460,1572,73,5,144,534,174,45,12364,80549,281,1378,1120,693,0,12,613,8276,1157,2123,6850,140,1170,643,1189,15,8867,1759,376,3035,2128,162,3501,3094,1056,486,936,89,1353,1862,270,1225,18,26,39,15,35190,692,1543,866,665,122,858,978,40,273,765,4404,13,3484,1,0,421,1438,293,0,0,325,849,8374,15154,36,113,30,3270,245,62,3689,5256,347,1627,961,7,690,3,1864,941,87337,2,276,1477,8840,277,4592,1,156,74,3419,4,340,130,122,344,27,3,12363,67,785,12,3243,1033,493,26,1199,181,95,2706,10901,1129,254,2042,241,11,128,610,9,734,1712,6,375,173,107,53,453,1363,441,2475,1030,628,187,5,25,157,48,2936,15584,750,1364,4354,142,22451,1249,2,7,4812,7344,26,0,1244,1,446,8020,204,10326,7,0,111,100,2828,39,458,520,23,568,123,1564,465,6742,169,9,758,809,11980,0,2137,993,1054,7644,1,269,583,5910,1,666,3,1296,9,0,148,1,0,1,4,31,3,36,100,0,44,751,92,0,3,36,2,18,19,0,0,343,2,20,9,21,20338,1,132,3,8,19,2286,17,1,113,0,0,625,3,46,16,132,4,14,17,1
TCGA-62-A471-01A-12R-A24H-07,542,7,148,5,55,3491,62,263,240,0,0,23,391,54,4,8582,315,908,37,156,1,412,279,1,0,6,1432,1967,4,8742,4,1627,177,640,151,4073,413,2,149,39,1402,13,0,2,549,202,133,339,2100,585,2701,4308,1706,49,1,1118,930,21,5,0,25,5416,87,24,34,115,116,0,10,79,132,19,23,745,17530,108,16,98,219,1,0,243,2339,382,309,9197,15,983,836,278,85,11238,1076,37,177,5,84,6098,600,254,98,230,13,153,200,586,152,56,8,185,33,42913,31,301,186,132,69,149,352,6,511,124,2144,1,579,0,7,29,1285,314,14,51,398,170,2391,61250,27,14,5,710,93,4,652,672,29,404,218,143,125,151,296,1,38783,2,3,319,908,89,5090,4,67,22,2435,0,701,79,26,15,5,2,1170,28,163,22,2464,562,120,83,333,31,69,2817,6318,151,31,172,61,28,366,70,8,354,206,0,70,16,0,92,442,239,133,674,252,14,53,1,277,65,20,284,833,1958,609,59,24,4070,895,0,4,991,5310,0,1,280,2,34,5874,28,1378,1,0,8,14,1035,2,442,138,8,41,61,86,37,1908,37,2,251,170,20844,0,697,264,10559,357,0,692,2767,1481,1,224,0,192,4,0,16,1,0,1,0,5,0,4,20,0,49,108,265,0,22,5,0,2,0,0,0,10,3,0,2,6,4132,0,51,9,0,26,154,109,2,52,6,0,20,1,28,2,17,0,0,3,1
TCGA-86-8674-01A-21R-2403-07,206,19,454,3,327,3633,70,143,227,2,0,8,421,48,3,4633,453,825,23,62,14,475,456,1,0,1,773,3362,34,8858,13,8167,95,461,5033,2063,273,3,9,39,956,41,1,0,407,250,122,362,727,534,1192,1042,236,447,0,542,491,8,4,2,25,2421,137,26,28,136,140,0,2,138,180,41,23,367,11685,14,11,139,214,0,1,611,4690,310,272,17004,12,173,1005,197,19,5438,483,57,845,17,73,2773,269,373,104,178,15,119,138,11559,27,133,3,37,44,42486,59,66,203,54,309,234,137,13,1104,26,923,0,522,0,1,43,1388,40,5,4,265,558,640,4496,7,5,3,1086,57,5,355,476,11,408,95,0,197,3,296,23,43023,1,468,436,559,271,2766,1,34,18,489,0,274,46,20,4,2,3,1744,36,265,15,1426,81,92,52,249,15,71,931,5837,265,19,654,16,14,30,57,3,225,385,0,201,7,5,14,144,248,20,385,120,9,11,1,365,15,14,603,1039,2805,631,10,23,2604,1482,0,0,909,3182,1,0,242,2,21,5440,4,1018,3,0,10505,4,1760,2,99,73,3,33,81,33,12,2013,73,4,106,103,5173,0,2817,311,26131,185,4,265,194,5536,0,214,1,95,2,0,34,0,0,0,0,6,0,4,13,0,6,103,881,2,0,2,0,4,0,0,1,89,18,0,1,8,4772,0,24,2,1,19,94,56,0,298,2,0,13,0,46,2,12,0,2,11,1
TCGA-55-A48Y-01A-11R-A24H-07,389,33,462,35,828,2895,471,763,1315,0,0,3,1220,151,17,9308,2372,1639,81,410,14,693,395,4,1,4,530,9703,35,15773,10,5032,735,672,504,3177,521,2,124,88,1175,28,1,5,3635,271,245,235,846,499,1590,2019,86,124,63,1787,1670,47,3,1,227,5188,130,40,97,1356,777,0,6,87,277,91,124,2319,24151,171,77,578,569,0,0,356,3787,453,857,1033,47,512,437,611,35,8330,1000,179,761,41,78,1461,2428,512,293,418,42,668,710,3430,273,104,14,158,19,19343,61,669,339,148,56,493,195,10,284,40,1707,2,1914,0,0,151,2019,312,57,4,180,1029,2645,8185,58,12,8,1929,103,12,511,613,90,756,940,1,611,8,903,11,26499,0,339,875,4103,23,4172,0,17,34,440,2,279,88,67,46,12,0,6395,87,567,76,1070,388,41,12,536,193,55,3270,2779,810,161,1816,76,8,98,181,1,45,556,0,29,40,0,31,431,768,47,1175,533,37,38,0,1094,100,6,1498,5785,2328,1282,31,114,8468,438,0,0,2573,3203,0,2,437,0,37,7168,44,2315,1,1,554,1,1196,9,195,104,1,38,100,149,97,3341,135,12,294,299,5606,0,1411,535,2601,1154,0,440,208,8440,0,314,1,496,7,0,75,0,0,0,0,10,0,4,54,0,25,265,29,0,7,15,0,4,2,4,0,37,2,3,3,23,10297,0,37,11,0,34,275,48,0,83,2,0,109,1,81,12,67,0,0,8,1
TCGA-91-6829-01A-21R-1858-07,316,171,352,3,2974,2145,363,1720,1987,0,2,77,556,185,92,5716,1181,1286,20,831,28,1225,787,4,0,14,1586,17247,1,20052,46,6731,2541,553,28,2254,570,14,131,53,717,33,0,6,1443,311,197,134,880,388,2433,2642,288,47,120,1838,1736,56,14,4,1001,12018,407,48,240,2754,3389,6,4,132,862,130,74,9640,16272,164,155,441,305,2,14,719,4371,254,1993,411,69,752,434,615,35,5285,1215,197,839,67,55,1175,4568,378,492,268,140,792,752,110,576,184,323,142,71,15060,391,672,413,264,493,553,311,1,743,221,1242,5,1647,1689,0,770,612,32,8,3,108,709,8869,1530,25,227,32,8143,93,93,906,2551,36,700,450,1,645,30,1039,26,16563,3,3347,1234,5656,190,3499,2,81,15,404,1,238,105,111,137,15,0,9864,46,252,252,2067,1045,156,38,1055,235,51,4295,3003,512,138,8234,127,4,16,218,5,79,1011,0,63,33,79,234,485,631,71,961,560,39,141,0,7114,186,23,1377,11824,1817,864,40,198,15308,712,1,17,2433,2510,18,0,298,72,344,3753,54,7808,2,18,1,30,2675,0,219,92,1,31,72,1017,1757,5295,783,9,373,467,5103,0,1243,404,2886,1175,0,988,24,10820,3,525,0,881,6,0,256,1,0,1,3,6,14,11,45,0,26,882,24,0,106,31,0,15,4,1,5,21,127,27,2,26,9223,3,21,10,0,66,147,77,1,90,4,4,377,4,153,30,84,4,6,22,1
TCGA-69-7763-01A-11R-2170-07,114,110,776,7,741,3887,2291,2514,1920,9,2,473,436,380,24,4802,2963,2257,2507,1185,46,1369,1476,77,7,67,8327,16878,87,10159,54,10627,2936,1535,1314,2019,954,27,433,137,715,59,10,59,4604,1214,420,1167,1891,763,2992,6644,118,361,3,2079,2885,52,661,17,181,10871,166,218,189,1487,1151,4,8,308,551,307,204,2778,38314,182,283,1189,641,3,29,690,2713,1149,1521,173616,148,168,417,777,181,3017,305,456,1362,116,149,1377,5623,1461,690,433,181,749,985,7466,741,1875,59,223,456,6239,629,1639,606,453,212,1866,44,36,2088,54,5297,17,2432,4,24,582,1230,1977,225,65,165,780,5677,6602,251,139,56,3114,253,140,766,1185,354,1746,1307,44,1047,151,1153,192,14617,22,818,1635,3163,483,2589,79,124,112,230,80,92,262,82,48,28,56,9162,469,1252,704,1346,1239,107,538,967,323,666,2155,6952,1260,512,7721,153,337,362,2869,395,91988,3268,20,596,404,49,262,949,1288,655,2267,996,113,129,4,3307,117,215,1764,5656,1970,2693,211,416,10089,408,20,17,4944,1095,30,10,1032,10,156,1771,467,4534,2,9,484,42,3552,20,37,201,14,387,258,402,4738,6318,407,28,826,320,4672,1,4340,878,2273,1820,14,6464,126,9050,7,522,6,882,29,3,115,39,1,1,2,32,8,48,74,3,42,3514,683,16,31,63,3,26,12,6,3,52,88,21,108,91,15638,6,191,16,4,425,405,618,15,110,2,1,354,2,440,67,89,11,25,29,1
TCGA-64-5779-01A-01R-1628-07,305,44,247,4,369,3485,41,474,814,2,0,2450,523,163,21,2515,1177,997,185,291,5,435,408,4,1,33,643,7450,4,9609,12,4907,2351,581,615,1836,620,3,107,49,872,15,0,13,1621,326,149,113,1153,375,657,1196,159,278,12,1856,1756,84,25,0,133,5034,83,84,430,270,469,0,2,170,446,133,23,2508,28281,68,73,270,268,2,3,300,2089,130,958,248,39,380,212,598,29,5134,702,128,1294,59,101,1084,2559,349,387,176,1053,414,556,34,188,9,4,60,37,3997,526,499,185,178,21,374,338,5,202,189,1160,7,971,2,0,185,196,62,3,6,61,457,4041,1085,21,88,27,1384,99,3,377,2224,80,524,815,5,371,5,608,4,19178,1,50,1331,4586,34,5458,3,21,35,907,2,145,95,22,63,4,1,4520,64,272,2,859,342,233,26,404,114,167,1829,5335,458,99,3014,76,5,11,289,7,26,872,0,23,25,32,78,225,643,18,832,440,29,25,2,78,129,26,844,3925,1998,689,1536,171,4756,1193,1,1,1844,762,2,0,730,0,77,2265,34,7576,0,0,2,2,3401,5,160,87,0,62,76,92,447,2459,13,7,365,137,5434,1,1643,334,744,1490,0,165,51,2600,2,118,1,576,8,0,50,0,0,0,0,10,1,4,13,0,93,756,3,0,4,10,1,39,8,0,0,21,3,9,5,16,8177,2,11,8,7,22,1075,54,2,58,3,0,145,0,128,14,34,41,1,13,1
TCGA-78-8640-01A-11R-2403-07,527,17,301,110,390,2776,4908,471,589,0,1,44,104,63,22,5268,620,481,2189,285,5,239,358,12,9,6,2871,5265,130,12907,23,1699,770,467,1262,2027,871,12,145,28,1021,328,11,8,929,228,72,688,1232,223,1298,2341,7700,153,5,2324,2349,12,379,7,41,4486,172,22,40,859,196,2,6,194,306,502,121,1183,11054,12,59,198,132,1,1,346,1564,350,1078,61863,44,732,2787,179,95,6257,863,286,900,19,70,1634,1581,196,169,370,41,287,412,6274,169,578,44,55,76,19821,214,452,211,373,83,311,315,10,1321,105,2396,62,905,3,19,120,2776,637,39,17,430,281,2543,963,44,169,16,945,43,57,544,2127,242,413,473,34,178,35,405,24,10036,3,62,255,3500,211,4028,72,93,75,2483,20,769,39,23,18,13,23,1762,107,111,220,2262,970,69,131,378,92,187,512,4413,168,247,1038,133,139,320,305,345,66250,1032,3,380,61,12,127,183,214,372,452,334,25,62,1,1828,58,26,436,1265,1930,638,318,105,3009,1281,6,5,1325,8786,20,1,813,8,46,7134,372,1797,6,7,63,1,995,4,484,150,11,87,88,254,394,5442,440,12,696,107,14775,4,1020,225,2218,600,25,5605,25,6566,6,598,0,295,9,2,28,85,0,2,1,27,2,18,29,7,40,403,317,20,28,8,2,11,3,2,0,19,57,3,7,20,4395,6,47,2,2,56,545,132,2,79,2,2,35,1,114,74,13,19,27,8,1
TCGA-64-1680-01A-02R-0946-07,144,15,65,0,2551,2384,204,658,259,13,2,23,306,58,9,2787,787,402,870,220,17,268,273,11,0,12,6724,3437,103,7945,20,9795,689,236,372,1498,715,1,11,22,686,33,4,5,1721,148,32,299,501,80,2248,1276,285,749,3,911,493,15,22,9,20,4259,109,116,28,286,444,1,1,55,135,186,125,6681,6820,55,50,196,161,0,4,563,3309,181,370,212698,45,128,400,156,20,3971,751,252,533,28,37,855,955,345,448,68,79,318,334,69787,120,674,11,73,99,5422,125,556,148,150,9,373,75,13,479,125,12288,2,415,0,5,170,577,362,7,21,84,165,1609,2316,96,9,10,579,69,30,1321,449,180,191,446,3,249,10,101,29,16645,3,43,247,410,219,2183,4,14,49,213,15,67,55,21,20,6,5,4251,104,334,540,1984,315,34,183,279,39,131,870,390,205,265,2136,55,135,50,310,95,31971,3176,3,503,92,9,141,160,174,19,529,152,39,50,3,7591,28,35,130,331,1394,390,25,202,2506,692,2,43,551,1395,1,2,137,0,48,1715,1,2108,0,0,137,17,2596,3,42,49,0,110,109,184,1698,2146,307,6,116,92,2554,0,11703,120,1597,161,29,631,37,9889,4,109,0,234,16,0,59,23,1,0,0,12,5,0,8,0,10,1011,47,0,3,35,0,30,5,3,6,6,14,4,21,7,3662,2,34,3,1,58,119,88,0,42,0,0,73,0,96,5,29,23,0,8,1
TCGA-55-6980-01A-11R-1949-07,97,54,150,2,1079,1568,1956,944,1220,2,0,28,126,132,10,2642,537,587,225,844,35,608,722,16,1,23,852,11936,42,7423,49,4136,839,468,651,912,1032,10,97,39,662,52,0,24,1671,307,115,316,651,424,3869,3814,171,43,4,2498,2797,27,2,1,97,5834,109,90,111,339,551,2,3,157,182,94,46,2229,5077,74,114,170,183,1,0,528,1985,149,1330,919,41,160,284,341,270,1875,247,160,841,61,36,943,4181,226,426,105,52,436,459,532,49,31,36,130,302,6304,310,214,304,204,48,307,36,26,227,11,1520,2,795,1,2,327,261,35,58,51,75,547,2852,2007,33,32,38,714,44,28,484,681,98,422,904,11,250,203,561,79,16192,0,57,690,2776,407,1725,1,155,18,210,3,45,48,36,32,23,10,4564,66,233,31,1135,159,111,68,670,117,78,884,1435,235,137,6798,108,21,141,171,8,1228,1154,0,256,42,16,233,548,268,42,492,324,20,160,0,432,97,104,793,1822,839,700,62,221,8460,257,1,2,988,3047,3,2,120,12,146,1356,452,3365,1,0,6,26,2034,2,27,77,18,1833,134,298,1389,3245,81,9,1334,178,5618,0,2063,273,1230,422,4,199,75,5181,1,471,0,857,5,0,108,2,0,0,1,6,1,2,42,0,13,927,57,2,17,48,1,62,4,14,0,48,7,8,50,19,4853,0,27,3,0,102,303,79,0,84,1,1,85,0,113,6,37,0,8,23,1
TCGA-86-8585-01A-11R-2403-07,283,45,118,8,99,3014,4246,618,622,1,0,29,144,90,6,3630,286,528,550,200,7,472,425,7,2,18,1581,4595,33,7539,26,1219,564,491,283,673,799,10,346,26,800,86,6,1,858,138,55,227,2120,194,1011,1048,590,56,2,1926,2499,32,8,3,67,8769,71,20,73,288,196,1,6,88,172,166,105,1381,9307,58,70,76,118,2,2,363,1474,206,952,30906,38,313,588,274,11,4135,327,156,422,729,69,1373,1476,181,268,95,19,395,559,6170,98,206,8,81,58,13173,134,218,224,437,35,191,299,10,1008,54,1200,15,876,6,3,47,1815,274,20,3,456,377,1313,37701,193,9,8,547,71,13,712,712,74,190,1319,196,247,10,426,7,12966,0,57,210,1291,95,2101,9,51,66,1882,1,442,62,24,16,5,6,1555,37,82,46,1313,647,123,107,342,89,128,1008,1715,92,98,3004,246,47,59,140,93,23086,798,2,180,26,32,75,172,176,129,524,421,6,78,3,502,44,34,211,674,171,327,17,32,5115,302,3,7,539,2223,0,2,348,1,28,4040,80,2322,6,6,41,18,1972,1,242,192,5,52,100,251,523,2578,96,4,735,72,17630,0,985,150,1077,397,23,1242,2163,2421,2,654,3,395,7,2,29,26,0,1,0,11,4,18,8,0,97,627,1179,5,11,5,0,1,4,12,1,10,19,4,14,27,2880,0,72,4,0,25,79,38,2,87,8,0,14,1,47,9,436,17,15,10,1
TCGA-75-6211-01A-11R-1755-07,363,125,547,2,159,1841,45,200,549,0,1,10,179,95,19,6148,1096,889,28,164,20,197,412,1,0,21,286,7345,7,3829,22,2698,507,390,44,1546,245,5,26,48,942,52,1,2,864,245,89,311,447,896,371,592,254,89,0,1214,1555,6,1,0,57,3812,57,31,63,131,200,0,29,189,335,83,5,2218,13052,263,35,351,252,0,0,165,4319,316,315,457,24,491,424,296,40,7980,1056,93,1105,25,65,1244,1117,241,165,170,56,231,482,117,201,15,2,47,6,8236,17,107,212,129,79,270,158,1,128,40,1113,5,815,0,0,82,329,186,2,1,167,182,1852,1014,33,2,23,790,88,2,444,272,83,230,143,2,344,1,449,1,39235,0,18,452,3521,51,3424,0,108,22,182,0,309,37,47,11,17,2,3016,99,254,7,1061,294,86,16,280,40,102,520,3104,549,336,1328,51,9,40,233,1,34,334,0,165,32,11,34,177,366,20,629,515,18,29,2,61,76,10,1009,3403,1488,813,192,58,3163,1115,2,3,1676,3782,0,0,576,1,45,2566,21,1650,0,1,88,5,2501,4,259,74,1,195,39,248,106,1468,3,6,274,138,2957,0,908,232,58341,1473,0,66,31,5581,0,315,2,528,3,1,16,2,0,0,0,5,2,0,18,0,9,200,12,0,2,10,0,9,3,0,0,23,4,1,3,6,6769,0,20,5,0,8,477,66,2,38,5,0,75,0,23,2,33,38,3,13,1
TCGA-50-5066-01A-01R-1628-07,433,23,34,4,478,847,556,1076,410,2,0,68,90,72,14,1647,1752,364,358,192,9,183,318,29,2,13,718,1055,50,6221,16,1775,571,249,248,906,225,0,50,23,527,51,1,8,2692,120,29,47,689,790,9958,13952,375,164,5,1522,1378,27,7,14,186,4603,62,96,102,370,70,3,2,51,148,353,28,2759,3007,78,44,290,246,2,0,332,3944,510,3010,25386,261,465,245,352,30,3310,580,43,184,66,42,312,432,508,211,82,48,308,1257,1939,270,423,8,63,16,4605,87,295,321,594,100,391,166,10,96,96,2759,8,799,10,1,111,267,433,21,11,90,286,1740,683,127,139,8,892,136,40,560,573,29,171,920,4,334,38,248,8,4829,26,154,354,1240,31,1476,8,20,85,266,8,129,50,43,138,4,2,4097,134,540,136,1311,183,16,85,689,44,20,373,403,427,200,2771,170,27,25,105,23,27686,651,2,46,437,19,63,115,454,425,1030,306,57,68,8,927,65,30,144,797,256,660,18,34,2451,139,0,2,535,3507,0,0,313,2,31,1403,108,3180,6,3,31,20,2029,2,158,69,4,44,153,1619,797,1550,255,28,223,187,2706,0,1785,99,510,254,21,535,6,2331,9,408,3,682,26,1,36,16,4,0,0,13,1,23,30,2,4,334,135,0,19,35,1,28,20,7,0,9,16,5,10,5,5937,1,32,7,0,20,368,21,1,28,3,0,65,0,29,16,14,12,6,4,1
TCGA-78-7149-01A-11R-2039-07,152,452,1395,124,362,2265,133,1243,1189,4,70,234,534,308,20,3881,5516,3209,7,793,6,749,1551,4,2,23,315,26975,57,9869,78,6893,532,1589,225,977,748,2,21,201,480,71,22,4,3591,897,488,795,1208,979,4917,7095,196,113,0,1378,3100,53,11,2,123,9693,197,322,127,1684,822,1,289,416,355,462,296,1343,24066,118,101,1276,1162,1,0,1156,4678,2634,425,433,50,169,709,981,170,5949,401,100,874,53,224,933,2372,1997,437,624,249,714,1510,12463,139,667,10,58,110,5904,275,1501,1272,153,296,2035,171,67,7336,28,2140,2,3074,3,1,1178,589,311,7,7,418,923,3490,970,471,4,23,4018,273,30,956,611,35,2271,2209,20,1869,4,1376,20,29825,0,10599,1425,3238,99,3220,4,101,45,861,43,143,152,80,21,8,11,6712,515,3417,10,1216,645,104,223,740,179,779,1511,1213,1701,211,2021,63,316,39,599,32,28,2303,1,324,138,3,62,1210,1833,29,1808,994,193,32,0,6610,245,56,3306,4057,200,3786,38,558,11606,902,0,12,5837,2176,0,0,230,3,124,5277,12,3474,1,6,12179,20,2525,39,38,332,1,197,233,25,1163,3786,418,5,301,347,8311,2,1635,1216,33850,1042,2,2230,43,21259,0,113,3,769,28,1,171,3,0,0,0,28,2,1,84,1,21,1049,513,0,24,27,0,20,4,3,3,253,15,5,10,12,19707,1,77,13,0,48,378,202,7,572,4,5,277,0,112,16,133,4,1,31,1
TCGA-97-A4M2-01A-12R-A24X-07,187,186,1296,103,3361,8828,17420,6242,3160,17,12,606,862,718,62,3668,3216,2448,9987,1663,51,1714,4448,132,24,201,12242,26506,346,7796,254,12887,5114,2457,4237,1060,2877,279,822,261,635,248,73,135,5080,1579,532,3469,7492,1328,5647,17577,317,1373,43,4288,10425,304,1715,32,359,8729,713,286,294,5963,1342,91,26,952,1740,1210,866,5177,46752,148,1035,1277,555,38,68,2617,8237,3552,4761,258092,273,230,563,982,358,3385,519,1841,3231,246,578,1664,8273,1564,738,1083,216,1095,2119,28043,995,2847,260,224,1728,4684,2075,1481,1242,1337,542,2826,178,66,11750,211,10355,245,5612,696,71,1913,527,4126,427,122,94,1399,7445,979,533,171,155,4649,307,416,2132,2244,1255,2489,4100,220,1019,168,2753,564,15388,24,12002,1220,6476,634,2878,378,2056,908,871,194,139,524,170,170,81,75,11479,658,1286,1482,1565,1851,491,2138,1341,938,2398,2637,1883,779,2727,13487,1133,1656,2732,2332,2833,516179,3646,119,2995,596,164,547,1880,1464,1939,2248,1947,212,425,17,14754,303,821,1918,5592,391,2363,672,1057,13203,711,22,113,4382,2081,79,95,8898,49,288,2302,2327,8497,25,62,880,83,7255,28,51,828,76,1230,491,994,17263,5845,1434,61,6012,633,2729,51,4238,1964,5817,2412,325,28587,35,18649,26,3077,28,1389,92,16,208,1143,18,11,17,130,17,268,70,12,309,7166,4811,39,365,199,5,106,30,10,15,273,132,25,78,1787,19112,67,255,38,8,1768,501,2314,30,597,58,12,285,9,895,277,171,284,67,84,1
TCGA-44-6777-01A-11R-1858-07,218,89,97,5,1647,2383,12559,1858,3964,16,0,37,180,444,67,5489,1596,1663,196,1194,55,725,755,95,33,16,7030,20167,84,7824,95,10831,2810,1122,88,1324,1413,39,749,67,791,58,1,47,2534,354,276,403,2149,418,2586,4291,90,126,1,3849,2879,42,10,0,163,11325,367,97,281,306,1739,1,2,157,589,95,14,13995,13514,137,258,565,469,0,18,1063,5941,256,2700,1049133,48,254,398,746,40,3971,618,427,2348,143,70,534,6209,460,701,356,203,1206,2600,1225,730,911,46,338,243,5907,147,2243,1145,688,85,835,58,18,729,32,5040,4,2866,0,0,488,159,102,122,324,172,1110,6784,1181,34,20,28,3217,108,23,992,1392,236,1366,1903,3,550,4,2765,30,26059,0,81,1411,5997,41,1787,1,116,27,227,10,68,94,156,87,41,0,14910,55,420,128,2367,752,126,31,1420,278,120,2217,526,709,1574,7354,354,15,452,198,28,5984,1283,2,364,103,36,189,1517,659,232,1279,1519,31,413,2,495,348,99,1785,7882,719,1158,182,440,16985,308,1,12,3804,1752,3,0,118,7,225,3883,753,4566,3,0,20,26,3561,11,92,123,28,184,285,769,2322,6600,265,22,3240,560,7617,0,2189,558,1804,1025,0,317,21,4805,1,1955,1,1119,2,2,104,3,0,0,8,5,2,16,62,1,9,866,25,8,1,28,0,3,10,2,0,22,13,8,38,10,19649,0,27,8,1,176,206,66,1,122,2,0,170,0,253,6,60,10,28,19,1
TCGA-67-3774-01A-01R-0946-07,203,70,418,5,951,4693,1828,2589,1487,10,2,117,323,178,42,4879,1655,967,4597,791,11,635,733,37,9,41,8133,11129,600,5659,65,7258,872,775,4147,1729,1438,12,291,51,859,58,2,10,3926,440,92,784,1546,297,1960,3770,179,288,3,1783,3306,65,25,11,99,11451,211,97,151,999,425,8,4,501,476,206,248,8109,24502,128,191,557,278,1,6,880,5229,783,1145,131224,100,441,353,449,175,2731,467,139,2232,85,91,2056,2834,664,912,199,146,523,1165,9636,364,1022,26,132,337,9308,376,1056,293,572,140,974,69,34,4055,65,5455,2,1555,1,13,618,615,2131,26,54,95,752,9430,1825,160,18,70,1975,104,75,1047,1263,191,783,1348,7,493,19,596,226,7863,4,92307,795,3405,251,2424,7,75,139,395,40,114,82,67,99,9,45,10457,368,849,439,1678,1094,76,340,628,211,421,1163,4759,655,421,6252,112,143,143,1482,282,67300,2179,6,1662,123,20,494,1738,603,267,1504,656,68,97,6,2800,97,55,1487,3025,2776,1092,49,468,5803,400,1,29,1935,1188,0,1,251,1,87,2597,85,3175,6,17,863,64,4467,15,111,131,3,133,273,121,5081,3210,346,51,766,276,3957,2,4102,357,2105,685,82,2344,59,10323,1,359,2,605,22,3,907,108,0,0,1,50,14,33,46,2,44,2484,91,0,47,55,0,56,33,13,5,21,129,12,27,55,9159,5,49,0,1,397,255,215,3,67,4,0,169,2,91,39,50,27,18,17,1
TCGA-05-4426-01A-01R-1206-07,417,26,274,21,1993,13207,7308,1373,2746,0,0,75,214,188,80,6792,1039,1917,900,1265,8,1110,613,25,3,12,2706,41151,8,16628,36,24799,564,910,1159,3972,3571,17,242,46,3078,94,0,8,2109,548,161,1225,2321,335,7717,7159,1405,176,257,4448,2459,173,29,8,140,12649,508,93,85,1018,1498,143,4,113,852,768,836,20819,22189,33,66,260,302,1,1,1722,6752,606,1938,56531,65,796,784,433,384,12046,1873,151,3129,34,79,2998,1392,642,1960,278,93,1035,1473,5371,233,1103,271,105,85,28074,372,676,663,479,269,1195,474,25,2539,22,9178,14,2167,9,127,1054,789,119,47,21,647,525,6399,17731,74,93,61,2345,116,83,2484,3074,26,1187,659,35,345,97,1058,38,19511,13,47,994,2858,851,4615,2,98,61,1003,4,250,92,83,60,277,27,14744,123,1288,123,10119,879,122,57,1018,43,133,4544,850,449,297,1744,142,81,90,78,45,6998,1086,1,206,194,4,382,380,454,15,863,555,278,270,2,3466,133,84,664,2597,642,994,100,265,26369,1195,2,6,2197,5204,8,0,448,4,123,2577,1681,6114,5,7,100,7197,2365,67,358,338,1,51,109,140,265,9214,534,13,1630,547,25940,1,4743,462,689,679,17,2019,571,10538,1,1085,2,1956,6,2,90,6,1,3,2,9,9,15,116,0,32,579,206,2,16,5,0,15,5,3,1,138,26,14,23,15,9319,7,202,9,2,40,157,421,5,134,12,0,187,0,27,53,31,23,22,9,1
TCGA-55-A4DF-01A-11R-A24H-07,603,68,219,11,859,3496,6646,373,742,1,2,266,235,103,10,4378,852,414,564,250,1,188,291,58,4,38,5842,4715,40,15679,33,4826,346,383,471,2412,893,4,172,40,1396,122,3,47,1915,145,72,158,2662,1956,1322,1654,781,208,148,1953,2829,34,25,5,127,7812,156,21,761,1544,215,302,16,113,1737,162,426,6240,4425,42,29,194,179,0,4,467,4541,248,5088,18982,246,2388,1078,257,87,12898,2231,146,1657,27,93,393,764,197,143,136,61,327,786,2432,55,39,12,36,71,11097,1233,375,418,634,203,180,1523,11,666,63,4054,5,886,0,19,78,965,411,168,157,164,532,3787,1053,137,113,5,608,67,14,1185,643,816,268,1293,36,229,8,574,14,54122,19,37,221,3056,222,3616,10,94,104,1224,18,453,75,55,305,20,7,2939,46,208,236,2612,1704,110,82,1293,96,156,1387,6092,254,423,809,160,12,73,205,34,8502,570,0,93,750,12,202,147,268,34,487,630,15,73,3,1569,54,21,386,1654,242,417,710,129,4015,272,4,8,903,2096,258,4,1402,12,51,951,39,1277,1,6,25,94,13867,17,31,75,22,38,48,3194,297,2004,389,7,1153,165,14986,3,1254,221,27970,823,3,1151,68,7820,1,562,4,485,5,2,154,17,0,1,0,28,0,120,20,40,89,259,368,3,10,5,0,50,4,3,1,38,15,8,7,16,4311,21,137,4,1,20,127,74,0,99,14,0,42,1,37,20,34,10,26,8,1
TCGA-97-7553-01A-21R-2039-07,441,178,2075,48,9285,5417,36902,16804,6502,14,23,526,755,696,108,4492,7423,2772,15066,2249,189,1829,2032,285,73,96,32475,24698,307,8899,265,19997,5035,2047,5923,2259,1987,141,2515,238,1246,192,60,127,4764,1515,508,1628,3383,824,9243,24353,226,1553,58,4186,13149,189,1744,85,549,16280,997,444,487,10752,2455,55,13,457,1880,883,477,9999,47070,187,1501,2991,944,25,202,1568,15853,1744,6036,824997,580,673,348,1050,242,3519,579,2291,4745,191,212,1071,8066,1604,947,797,550,1318,3300,25770,2196,1308,490,497,1317,12233,2086,11562,1300,2407,1194,3360,236,121,6530,401,17673,98,6098,75,60,2190,243,4273,598,238,60,1868,11966,3520,1032,830,120,6216,341,540,2355,3489,1763,1796,4728,138,1947,240,3926,430,18690,27,1429,1798,11395,336,2376,376,1810,237,546,317,131,319,268,298,39,167,18172,1170,1175,6657,1612,4137,256,1298,2536,722,597,6423,1170,1840,2564,12493,686,702,1636,1909,3288,413465,4692,98,2154,663,166,714,1465,2077,5521,3581,3200,301,729,26,21599,279,643,2838,10103,1494,3559,954,983,16059,577,15,79,7253,3668,169,17,7188,32,270,1706,3541,5659,171,28,866,46,7019,25,173,418,120,662,403,3141,11554,7487,2663,121,7992,657,5290,24,5188,1576,7782,2422,140,20616,81,19592,26,3177,22,1600,43,6,263,305,4,10,18,98,8,227,115,12,163,3043,3002,94,199,38,11,78,41,11,11,181,496,47,222,297,29946,33,233,31,10,1622,634,1168,54,348,10,6,663,8,735,233,114,87,228,63,1
TCGA-MP-A4TD-01A-32R-A262-07,362,263,539,7,513,4605,879,1392,1042,1,0,33,457,237,30,6522,1402,1949,20,680,29,583,1768,11,3,59,1435,8390,43,9195,45,7612,1170,1316,50,1839,1677,40,148,104,820,146,0,6,3133,673,256,419,3048,821,839,2086,458,139,1,2417,2533,77,11,1,168,4932,244,113,290,223,1335,3,0,247,436,30,791,3498,20129,124,153,543,454,0,1,799,2628,1273,1447,130980,38,236,637,764,56,3404,477,359,2375,165,213,1412,4269,878,894,560,84,532,608,473,153,44,3,468,225,8776,109,487,604,289,355,621,370,2,1289,125,1365,1,1566,0,1,615,1759,309,67,23,155,597,4091,5723,86,21,23,1627,155,37,970,520,135,934,1586,6,660,5,1172,79,18191,0,123,945,3624,76,2961,3,220,169,1505,5,467,249,61,70,17,3,4701,168,743,19,1841,1613,249,210,546,178,315,1290,13175,772,186,10700,227,4,102,562,14,27,654,1,439,45,120,181,546,933,58,1304,778,24,132,6,15,62,87,1489,4704,4976,1365,278,285,11796,1360,2,17,2274,1985,0,3,280,4,215,6269,73,7634,2,3,403,50,4691,4,98,288,9,233,480,85,3036,6100,13,31,690,260,3134,1,1666,722,2235,1015,0,588,201,6230,0,207,0,808,24,1,128,10,3,0,1,18,4,4,33,0,36,2181,16,1,1,34,1,57,7,3,0,29,14,2,12,8,9091,1,52,9,0,114,206,164,0,183,5,0,63,0,68,7,71,151,12,35,1
TCGA-50-5930-01A-11R-1755-07,90,43,114,9,455,1124,325,402,440,2,0,4,62,72,5,4272,688,690,121,248,9,181,223,6,0,3,605,4221,32,5453,25,1551,506,234,215,615,376,3,97,19,281,21,0,2,1215,176,70,125,559,289,1812,2531,69,324,0,1532,881,13,8,0,52,4022,47,102,60,137,253,2,3,43,155,134,10,1867,8267,36,65,168,149,0,1,195,1094,141,436,5304,26,141,333,242,14,1623,290,75,208,183,32,546,1545,190,159,84,27,292,266,2710,236,63,5,83,16,18240,80,412,167,168,128,333,61,2,528,43,968,7,683,3,2,183,547,54,6,2,314,274,1306,11588,18,20,13,635,47,11,396,310,23,264,636,0,219,20,297,5,44472,1,1803,298,1784,94,1084,3,26,5,182,0,83,26,26,19,13,4,2969,50,128,30,1199,205,18,10,295,42,28,663,1195,189,32,1728,56,25,5,264,17,2750,2011,0,26,19,5,31,183,278,5,592,272,11,36,1,281,73,15,567,1686,87,633,19,50,2889,201,0,4,992,857,0,0,97,2,30,2409,8,1441,0,1,29,5,1153,2,60,108,0,65,77,602,171,1348,221,11,152,80,7692,1,1597,173,1252,338,0,230,364,2596,1,159,1,198,2,2,29,2,0,1,0,1,1,4,5,1,4,207,76,4,13,13,0,2,10,1,0,27,11,3,4,4,4969,1,11,1,0,17,84,23,0,24,1,0,42,0,106,4,27,2,11,6,1
TCGA-95-A4VN-01A-11R-A262-07,524,26,211,8,747,3541,1340,694,2432,2,1,45,222,135,30,5268,1256,1639,499,480,16,571,504,5,11,10,5460,8643,9,17083,45,4267,971,1217,1451,2201,608,5,125,77,1329,60,10,9,1419,425,195,444,2904,521,2374,3551,905,116,4,2401,3416,34,12,8,118,5867,189,113,133,716,498,6,8,96,1581,120,108,6379,21302,29,117,549,472,0,5,669,3190,881,1574,121248,72,1108,929,557,41,7469,1081,123,908,33,144,1777,1341,464,270,344,66,453,1422,6686,405,767,48,67,158,11120,285,734,736,632,43,374,413,7,1668,83,4810,3,1428,1,7,162,1133,222,59,16,108,760,3899,19637,21,261,24,1989,112,42,1211,527,83,1193,615,20,278,23,933,26,14473,2,360,656,7024,290,6024,8,166,90,3739,4,474,136,158,37,25,21,8006,98,682,570,2976,467,71,91,447,125,154,1096,1330,697,66,1289,106,17,28,443,93,26957,1957,0,281,36,5,180,492,705,56,1325,1032,34,175,2,5412,118,54,1300,3826,1056,1254,171,297,8766,260,0,36,2309,4332,2,2,326,3,62,5721,67,2446,2,14,98,40,2090,6,341,136,2,71,113,468,738,3856,255,13,1719,300,9605,1,2441,546,902,1147,11,2382,973,7194,0,353,2,273,8,0,62,81,1,0,1,14,1,2,60,1,43,483,234,2,7,10,1,12,13,2,3,11,30,2,21,7,7058,6,13,8,1,38,372,75,2,118,5,3,114,0,150,38,28,27,7,9,1
TCGA-93-A4JO-01A-21R-A24X-07,431,70,1164,24,1381,4265,3517,2313,1602,8,0,641,288,251,64,4775,2080,1778,2513,762,23,665,1431,42,22,60,3018,7499,29,11694,67,12182,2204,1793,270,1521,1590,15,223,125,1351,235,23,30,2263,791,280,1679,5199,559,3241,6990,2769,220,3,3853,7343,92,603,0,110,6302,151,152,158,1992,1475,15,13,271,903,353,100,6005,20830,135,273,851,490,4,24,987,3661,1841,2224,36143,48,360,1127,516,120,3272,587,444,1056,86,277,1803,2927,1057,510,586,120,522,1332,3295,353,387,238,141,453,10093,1450,919,720,602,149,1443,296,32,2224,26,2699,30,2141,2,32,415,1193,3450,102,41,117,667,3884,4543,266,270,83,2069,224,99,1775,940,472,1402,2153,145,755,56,1281,112,12842,6,499,684,4276,306,3144,77,389,142,2284,93,360,213,44,75,41,50,7215,315,915,514,1762,476,219,214,805,239,1968,947,768,708,1865,5317,355,361,297,1317,160,35998,1859,41,478,276,28,498,590,850,577,1470,1250,136,247,10,6620,105,132,1229,3256,858,1674,234,312,9907,1079,26,96,3358,3013,17,16,1201,33,104,6585,288,4122,16,23,198,16,4413,11,81,382,9,1765,295,1112,2793,4563,414,21,1611,337,2842,7,2235,896,2219,1067,8,7324,312,4524,4,435,2,945,46,4,133,85,4,7,9,18,11,5,80,3,105,1634,1511,4,27,34,0,8,11,5,5,60,40,4,80,182,10431,18,120,21,7,197,617,797,15,129,11,2,219,4,540,69,228,11,12,26,1
TCGA-49-AAR0-01A-21R-A39D-07,302,101,685,53,699,4279,7900,1501,1725,12,3,197,329,156,25,3350,828,2181,3677,500,14,938,2009,17,0,42,8506,11268,480,10402,75,8000,1417,1967,3871,1278,1829,27,259,189,962,1940,23,30,4063,747,385,1022,2916,1198,2256,8388,2018,266,238,3241,5807,31,253,25,188,5044,337,110,220,3656,686,7,23,442,876,1097,433,3436,15537,37,181,534,504,5,9,1000,5066,1607,2490,193321,119,426,578,538,210,4533,402,422,2904,82,269,1981,3179,1124,982,581,117,545,814,21038,267,4944,107,86,392,6915,1003,1197,692,625,170,599,247,18,2805,77,6767,60,2343,14,42,435,501,629,68,56,96,1051,2540,1961,147,203,31,3188,250,165,1387,803,249,1414,1025,133,633,81,1023,84,21340,28,2788,641,3906,523,2712,234,400,554,1524,18,710,215,73,42,32,98,4014,792,530,1019,1727,924,378,456,710,208,697,1147,4480,583,242,4957,515,530,799,1063,1036,425041,2269,21,751,209,38,244,1128,877,852,1250,917,72,137,23,7524,123,119,1417,2235,483,2219,501,302,9573,890,6,38,2852,2497,61,17,1819,20,132,3458,624,7574,8,15,274,95,2977,12,137,472,13,695,408,275,1959,3239,522,16,1303,430,4279,14,2305,818,51497,1582,370,19549,61,13497,7,1693,18,856,49,6,166,484,3,5,6,98,6,7,52,5,42,2712,2483,16,157,36,0,40,11,25,8,138,119,11,75,179,9938,21,99,9,5,243,372,481,8,583,22,3,125,2,728,87,56,122,26,13,1
TCGA-67-4679-01B-01R-1755-07,199,190,397,5,607,9855,1485,2897,4176,20,8,96,640,308,44,2897,2600,1720,1453,607,46,962,906,90,6,74,6418,15740,2387,5596,128,9367,2463,1104,3989,1519,1675,19,286,104,1040,86,1,32,4765,658,217,1097,2932,569,4043,4798,254,410,9,2008,2320,115,233,0,179,7475,1374,124,153,1954,3665,1,8,291,684,211,206,20593,20461,174,381,793,489,0,111,592,7495,912,1036,179170,292,154,487,636,202,3487,360,90,4166,77,137,1285,5067,1039,413,291,132,770,862,13873,190,3973,63,279,219,3948,1263,1057,449,400,97,1632,95,9,3281,24,8989,15,1801,0,5,681,526,659,37,63,43,530,5040,830,333,36,34,6984,187,78,1440,2209,185,1455,1819,11,876,18,970,65,6699,5,256,947,3751,67,2878,14,146,152,202,51,112,275,109,43,42,6,9077,415,1856,2586,992,1431,114,691,730,424,842,2494,623,792,518,7425,198,304,181,1031,37,12252,2271,10,3000,343,27,224,751,916,46,1877,750,101,401,7,9852,130,124,1043,3241,3499,1499,110,734,9725,1237,5,24,3943,1611,8,6,317,10,117,2161,643,2749,3,3,75,22,4117,22,32,224,19,187,383,133,4611,5679,3317,22,1455,201,2829,4,2065,626,1837,693,93,3933,34,17565,3,630,0,499,34,0,136,15,1,1,5,38,10,1,43,0,88,3227,87,3,228,73,3,10,15,5,3,57,45,10,57,57,12776,8,90,11,0,312,303,478,10,574,3,0,331,1,180,61,109,4,8,53,1
TCGA-O1-A52J-01A-11R-A262-07,356,112,110,2,2025,5512,2681,946,4005,2,2,398,224,144,117,3830,203,302,5422,1358,14,1343,379,26,5,25,63865,25027,10,11692,81,10413,750,497,672,1270,1261,54,616,22,1393,197,28,20,3383,148,58,316,3119,468,755,1280,432,61,3,4426,1694,34,13,16,88,14323,944,28,145,4927,304,9,0,270,1719,398,296,8344,13560,28,139,313,81,2,6,608,8242,133,1348,192834,7,259,428,261,34,3823,476,53,5771,64,32,1031,1621,89,366,138,37,497,379,25816,91,1926,273,73,270,6372,479,9162,257,1079,154,104,108,3,2789,7,6742,9,838,3,1,328,486,453,69,10,48,909,4270,2820,26,12,18,4518,51,45,3238,1598,93,396,1434,57,143,7,673,124,19586,2,32,463,3208,285,5128,1,42,5072,204,15,159,50,209,76,10,6,11602,31,152,131,2068,1669,39,440,443,141,198,2304,5780,90,42,3399,302,12,462,265,6837,393992,3366,3,1960,17,4,497,885,125,14,548,443,19,379,0,9501,28,30,408,1720,2890,251,977,194,5616,1400,0,1,1361,2590,3,0,140,3,56,477,1065,2541,1,17,3,2389,3914,2,115,92,52,257,141,185,1877,3475,5234,80,2007,172,7290,0,3662,169,42056,1531,18,8962,118,12401,0,806,1,158,7,6,90,2,4,0,11,14,4,30,63,0,61,877,94,0,25,63,0,109,76,20,10,38,40,1,25,8,6134,1,23,3,2,167,42,31,0,448,32,2,45,0,98,293,24,51,12,15,1
TCGA-05-4420-01A-01R-1206-07,751,98,483,14,803,4404,575,816,918,5,0,8,757,142,20,15341,1964,1659,76,778,31,192,561,0,0,5,1244,4334,34,30520,9,3565,1336,1056,31,7924,387,27,274,94,2277,103,3,1,6538,325,235,161,1411,851,1468,1816,1292,98,0,2086,1917,25,12,11,172,8883,148,145,149,101,445,0,4,352,254,60,3,12127,35871,37,119,468,546,0,1,938,11929,703,1100,1540,34,2576,819,731,240,15019,3299,110,1951,32,158,2883,1907,1137,237,232,94,574,937,1414,880,190,3,160,38,31488,554,1508,636,223,97,717,890,16,938,11,3249,5,1963,2,1,270,1211,617,4,0,318,824,2825,13618,34,14,18,3700,226,0,3039,1694,143,1007,162,10,615,1,577,76,134255,0,12,779,3033,581,9027,0,51,90,2551,1,484,96,76,40,28,6,8947,179,636,3,4070,1388,41,21,798,71,57,2296,6278,1096,93,3261,117,50,79,189,25,12,639,0,233,89,58,36,490,1106,28,1304,334,89,214,1,119,179,12,1765,2648,6581,1715,54,268,9916,1088,0,2,2869,9638,0,0,1043,0,218,18325,563,2764,3,1,29,1,6241,9,752,177,2,2208,194,763,1655,4432,62,14,188,420,11425,0,2115,497,605,1161,0,427,417,8364,0,948,0,348,13,2,98,0,0,0,8,3,1,8,92,1,29,460,1272,0,1,34,0,15,8,1,0,95,10,3,2,38,32528,3,93,7,1,1277,351,107,1,71,10,0,146,2,79,10,80,2,9,18,1
TCGA-55-6642-01A-11R-1858-07,206,20,452,4,699,2227,372,817,1275,1,1,19,758,211,13,6004,1499,1217,27,290,57,561,870,1,0,9,721,13787,2,7357,18,5258,1836,713,818,1681,766,22,138,49,842,27,1,3,1167,317,181,274,1486,469,1101,2604,89,364,2,2505,1560,17,2,1,124,7771,110,47,155,363,1249,0,5,56,206,27,9,4073,21867,77,65,451,415,1,2,521,1933,279,787,7268,54,389,464,498,89,3822,654,483,1940,78,57,530,3926,300,501,195,119,749,954,179,289,53,5,179,31,7593,736,334,324,253,21,427,129,3,162,40,2049,2,1337,0,0,187,589,73,31,5,121,516,3987,3611,38,6,23,1357,57,4,535,1438,35,695,348,1,644,1,931,15,28251,0,19,768,4696,50,3369,0,89,21,329,0,132,81,92,60,6,1,6320,84,368,23,1846,257,56,7,720,117,44,2113,3405,621,59,2839,53,14,25,79,1,170,645,0,141,98,53,239,245,514,28,718,597,45,73,0,249,84,28,1092,7674,2487,843,133,120,11733,514,0,5,2162,1273,0,0,407,2,345,2732,72,8701,1,0,3,11,2600,14,155,49,3,68,78,647,205,4638,52,6,700,326,7739,0,3557,388,1255,804,0,99,109,5579,0,343,0,949,1,2,147,1,0,1,3,5,2,1,34,1,34,325,11,0,3,7,0,15,2,0,0,28,4,7,4,3,13977,1,11,6,0,61,151,140,1,41,1,0,70,0,27,12,53,6,3,15,1
TCGA-86-7953-01A-11R-2187-07,1180,38,537,7,1168,4318,12401,526,2124,5,2,18,376,160,18,14724,1253,1793,595,485,3,350,410,9,7,5,1876,9672,3,15612,31,5735,501,1203,1231,3882,1080,3,277,69,1417,48,4,61,2412,471,245,277,3728,398,2033,1866,1201,997,374,3685,5308,23,26,10,160,9504,861,38,139,665,497,820,12,148,877,81,104,4157,14081,74,67,504,426,2,2,625,13847,548,1995,5047,506,2975,978,589,304,13170,1802,195,4097,26,121,3421,1268,519,449,300,84,583,1689,1148,494,64,34,94,66,20623,672,726,3392,578,73,365,939,5,502,92,11738,10,1777,0,8,163,1009,436,51,223,307,831,4969,3578,38,302,74,1926,109,26,1997,2076,274,905,937,6,384,15,2163,16,40529,0,84,700,15666,124,4080,8,85,56,1584,4,761,101,58,89,62,9,7453,136,414,85,6027,429,79,51,1633,79,202,1537,5302,645,68,1329,246,35,73,364,6,2131,1271,1,216,91,4,420,310,718,17,1413,1150,67,225,0,1311,145,45,1437,4976,2642,1670,1076,234,6177,1776,0,10,2812,8897,40,2,2000,4,71,7885,510,1732,181,2,60,12,4240,7,1009,143,6,293,112,219,278,2763,164,21,3369,277,20137,0,2384,574,328,2044,2,1144,91,21892,0,1522,2,395,6,2,66,9,0,1,9,3,1,8,46,0,53,558,134,1,92,2,1,75,11,0,1,26,6,24,14,13,10027,0,36,6,1,57,275,117,2,231,2,0,109,1,80,17,30,21,3,10,1
TCGA-53-7624-01A-11R-2066-07,813,25,42,4,107,4414,907,371,587,0,0,6,114,50,5,5562,109,162,5,21064,0,2062,470,5,0,11,4138,4217,21,13907,68,1162,126,254,15,3312,476,2,53,36,1397,33,2,9,1110,101,109,531,725,343,3664,6464,179,834,26,4334,11648,65,202,255,83,12286,76,3,33,515,253,1467,7,65,277,1269,74,2243,16886,51,6,72,27,1,0,652,1132,147,589,86,11,1352,781,81,3,16536,2299,114,520,861,65,4182,253,42,297,74,701,2412,287,102,14,5,0,12,8,5770,195,70,225,816,829,1467,598,3,367,105,7988,24,446,6,21,11,2160,44,8,8,138,771,9573,592,122,162,44,666,389,40,1000,2078,45,126,544,63,133,1452,156,5,14047,0,16,105,6872,1845,6156,1318,125,9,1156,2,471,11,60,23,2420,1,1519,9,30,4,3318,673,48,17,1366,28,66,5138,1024,97,6,278,320,2,21,68,20,42,119,0,1003,55,17,47,1629,114,0,145,232,25,37,5,2,70,23,422,8395,381,163,10,29,9757,844,0,73,1640,4433,3,1,840,0,179,4596,8,3361,2,128,0,10,970,0,877,128,2,46,70,5744,20,2605,780,23,292,63,13303,110,469,52,4889,213,0,172,13,16771,0,161,24,67,0,2,46,0,7,0,0,8,26,3,26,6,133,22,43,1,586,6,3,3,20,4,84,33,3,3,6,12,1552,71,48,0,1,2,24,10,0,32,12,17,21,18,9,48,11,1,22,8,1
TCGA-97-A4M3-01A-11R-A24X-07,190,51,598,6,1298,5044,926,1737,848,16,1,167,2352,336,38,4394,1402,2347,1060,607,35,932,1012,24,1,27,2042,17462,73,7638,56,4780,1069,997,623,1540,888,2,122,107,753,66,11,10,2870,841,296,802,2189,775,4053,5090,752,100,12,1397,2550,54,60,3,118,6750,236,159,126,789,596,1,2,412,270,128,72,1998,38384,56,145,650,640,14,14,566,6505,927,661,18508,50,231,504,731,247,5273,736,139,1782,76,172,3583,2134,895,672,386,606,417,468,8438,344,1234,36,83,305,14269,420,289,464,318,132,1057,145,8,2639,23,1867,7,1921,0,4,387,1238,259,16,9,144,635,2603,2097,96,71,38,2802,165,60,815,959,79,1591,784,37,449,32,1037,109,32025,0,2010,1084,3203,203,3619,31,137,75,388,6,217,145,31,49,28,34,6704,215,1119,36,1509,384,152,355,624,176,281,2332,7170,919,70,4125,79,118,71,943,52,16992,3673,6,260,155,19,249,586,1357,98,1292,437,111,60,14,1889,86,87,1316,4931,3432,1947,128,697,8005,1302,1,10,3231,2361,17,3,1192,9,117,4307,253,4592,7,5,5874,18,1035,37,79,255,16,89,313,90,1681,3906,113,15,487,240,4243,4,1743,725,11840,1115,2,4534,98,5591,2,281,7,495,21,1,105,48,3,1,5,5,3,12,50,0,55,835,293,6,28,42,3,14,4,4,3,157,16,1,22,57,9309,8,107,9,1,205,403,345,4,308,12,0,158,1,349,26,64,17,4,28,1
TCGA-80-5608-01A-31R-1949-07,456,33,546,20,765,3723,2320,971,1012,1,2,97,1498,122,40,10095,810,1466,2635,295,7,293,750,4,2,24,6713,12822,155,19862,24,7140,1055,845,2392,3357,794,4,364,61,2405,331,12,14,3167,466,172,577,3808,567,1055,3428,714,922,8,1920,14618,20,36,18,86,11336,228,103,124,1079,418,3,14,108,637,280,230,2915,44994,30,105,459,322,4,6,464,4067,410,878,202035,78,554,1017,401,99,7986,708,156,2186,23,145,2523,1467,644,339,209,1937,478,623,8246,408,837,68,55,122,46684,513,903,324,365,104,565,941,19,4050,96,5931,12,1463,8,12,180,3622,203,293,56,145,458,4717,23680,131,104,7,2244,141,62,792,921,62,640,483,18,399,42,567,52,74101,10,565,557,2993,391,7011,35,89,146,2411,8,389,146,71,97,15,47,6309,2450,307,159,2637,593,666,97,847,99,427,1145,27093,484,244,1598,159,120,62,942,423,67803,1545,0,813,170,6,172,799,714,55,1284,596,103,88,6,3732,109,69,1183,2320,8342,1570,1092,159,5098,1040,0,11,2371,2205,10,2,843,0,179,9881,127,2626,4,11,1955,37,3643,4,446,111,5,502,146,249,1036,2402,406,14,399,168,12559,0,2338,395,819,1194,48,4320,674,14995,2,425,14,605,8,3,75,116,3,0,4,41,1,6,64,2,119,926,162,2,34,12,2,16,7,3,3,18,34,8,11,30,7630,28,87,3,3,59,152,139,4,157,4,1,119,1,439,26,51,37,4,8,1
TCGA-55-8620-01A-11R-2403-07,215,25,95,18,266,2689,1779,386,484,1,1,210,87,52,5,2754,332,383,746,208,6,284,394,14,2,6,910,3220,79,9292,34,5433,640,377,315,1403,1059,3,114,70,923,2339,4,1,437,113,174,416,1438,193,474,1184,2463,761,1368,1180,1929,10,28,2,332,9462,379,13,1239,391,180,1,1,177,533,60,33,1083,5155,20,31,132,72,1,1,219,1468,276,734,8261,10,783,276,145,38,7507,1155,258,1825,11,43,1621,622,168,641,152,21,197,1110,1029,139,69,18,25,63,21839,151,304,161,320,42,131,427,6,322,74,991,1,559,0,4,227,1108,23,12,23,223,328,1411,9,135,46,6,557,28,61,305,274,81,234,902,34,118,10,386,9,16738,1,20,258,2852,440,2634,24,187,44,1857,3,676,27,28,18,7,5157,1492,42,56,134,2179,802,90,99,611,41,92,952,3938,135,36,757,109,19,126,124,52,14804,205,1,425,697,4,45,162,195,157,379,405,113,30,1,505,439,36,403,1639,1885,473,235,62,2470,836,17,3,601,2253,48,5,530,7,124,2350,117,38433,3,6,22,35,1203,3,335,70,7,711,75,113,1007,2787,43,4,753,529,3243,4,973,162,24194,838,34,1471,0,10062,3,353,2,882,5,0,53,16,2,2,14,17,0,42,18,31,29,306,192,0,14,7,1,3,3,27,2,19,12,2,13,18,3461,0,18,3,1,89,55,46,3,150,2,0,253,0,77,11,5,6,9,4,1
TCGA-62-8395-01A-11R-2326-07,184,90,424,37,1239,5838,888,1209,3332,6,6,1526,349,237,91,6942,1884,1756,10852,593,17,1930,1006,7,6,21,1755,37296,102,13530,46,5482,916,1189,1206,1809,1114,8,112,104,852,59,3,23,3019,306,283,1072,3142,526,3814,6107,155,374,25,2023,7985,93,16,60,708,7852,714,121,254,7221,1997,4,6,502,1183,203,188,6997,30356,80,191,605,420,14,11,628,7588,734,924,26686,60,299,574,612,80,6427,592,155,3921,73,155,3223,3281,562,1266,472,1308,743,1025,4968,192,231,448,190,115,3721,1227,417,836,212,255,1055,139,13,13552,107,4207,18,1706,97,3,3433,287,89,42,15,81,1576,5964,3861,109,152,40,2416,99,40,1230,2141,155,1178,1564,52,566,9,1118,29,34952,41,9566,1264,3071,577,4425,21,55,137,614,11,246,131,209,44,18,201,11761,174,627,59,1693,1810,1453,154,871,183,355,1816,9171,581,125,4505,120,61,81,363,42,1899,1197,3,1647,180,10,214,865,836,18,1166,681,35,140,4,6335,68,93,1658,4530,1765,1479,270,311,7384,688,0,1,2868,2652,2,3,324,6,110,5551,71,3988,6,46,24,35,10803,40,54,203,6,187,299,105,1998,6304,423,15,746,531,3907,1,4209,784,5877,1366,67,1684,58,15923,0,239,53,1210,15,1,107,2,1,2,4,21,3,4,31,5,44,1547,60,26,339,55,0,29,10,72,13,118,89,98,2,44,10400,2,59,12,0,658,171,107,1,191,8,1,163,3,124,284,73,4,2,26,1
TCGA-75-6207-01A-11R-1755-07,394,10,261,1,237,2305,1862,397,883,0,0,76,134,112,37,5996,593,732,187,191,4,662,162,16,4,4,2362,6351,92,14732,19,2385,432,346,21,3839,1169,24,103,33,2171,28,2,4,707,95,83,368,2183,168,3816,6476,857,17,0,1606,814,5,13,1,33,7768,101,24,39,124,292,1,0,144,1446,53,11,3023,13132,6,41,159,181,1,3,505,5056,141,839,19905,9,1309,540,296,5,11130,1851,91,981,16,30,1140,910,138,139,85,38,811,354,1442,105,261,15,18,83,10451,352,860,212,593,84,148,360,4,317,4,3521,2,740,1,0,112,331,99,31,16,312,737,1770,8210,11,14,10,985,58,108,668,1723,35,291,303,2,219,5,530,9,35660,19,65,271,3468,54,4777,1,12,35,1498,0,473,67,35,79,12,2,5915,30,215,310,2216,312,44,47,639,40,128,572,2107,257,813,1069,88,2,145,124,27,4235,370,0,252,62,0,315,267,434,184,514,326,7,99,1,229,35,17,621,1812,1244,432,44,87,4707,1170,0,1,1015,5766,2,1,259,1,25,5195,432,810,0,1,6,5,2429,0,553,63,6,8,64,205,436,3227,534,2,861,208,6624,0,567,174,587,451,18,279,241,6050,0,513,1,216,9,0,125,3,0,0,3,6,2,18,57,0,17,204,70,0,2,13,0,886,3,0,1,6,21,7,33,8,5577,1,26,1,0,13,79,22,0,54,1,1,32,0,69,16,16,2,12,7,1
TCGA-50-5068-01A-01R-1628-07,249,28,37,3,1016,1010,216,746,467,1,2,78,310,59,41,1924,1277,255,4287,313,21,260,174,11,1,11,1993,1926,2,4007,10,3056,1991,262,20,519,377,0,37,17,639,169,1,7,1708,224,22,71,568,110,4638,4092,139,403,4,1250,825,22,11,11,78,3045,40,93,76,526,236,7,10,78,123,801,14,5369,2587,72,41,187,163,0,2,368,5867,521,1910,67764,66,254,174,238,16,2194,575,35,472,37,38,409,402,306,255,51,228,226,967,6020,158,91,12,61,80,2921,156,292,367,303,103,241,64,8,93,46,2942,6,636,0,9,367,267,511,24,80,100,258,923,816,72,777,9,1932,97,38,826,583,103,85,1478,98,275,6,261,12,3501,1,704,296,647,50,1912,22,17,75,153,7,80,28,21,70,7,7,2863,209,405,259,1878,350,83,55,1367,47,22,250,217,443,613,2067,136,31,10,103,7,4120,1304,1,339,48,21,212,70,377,107,555,235,54,30,2,14501,51,95,136,525,642,579,158,70,1604,193,1,23,376,1648,3,0,592,6,71,1442,81,1226,1,1,20,27,2820,1,60,128,1,226,326,108,2017,1692,753,7,358,148,2554,0,1152,81,370,239,2,615,37,3285,2,213,0,226,39,0,55,44,1,0,0,11,0,2,22,0,2,815,30,2,7,20,0,7,2,12,0,21,1,3,36,0,3335,5,50,0,1,104,302,90,0,42,9,0,115,1,28,27,30,0,1,7,1
TCGA-NJ-A4YF-01A-12R-A262-07,210,6,254,2,1060,2110,386,272,282,2,0,0,104,61,4,5669,556,653,2,180,0,107,240,0,2,6,45,2238,2,14579,2,2470,152,289,34,1289,239,0,96,27,1048,95,2,1,1113,67,115,148,1750,287,223,1024,283,59,4,1027,760,4,9,0,29,2927,48,20,33,59,118,0,5,41,89,30,4,406,15040,12,17,107,198,0,2,445,1168,186,539,186,7,258,865,343,14,14495,1945,53,422,14,58,1750,731,210,99,132,67,234,172,49,266,77,7,37,10,4633,28,155,135,126,39,106,287,2,109,1,1114,0,1058,1,0,18,675,107,3,2,842,432,6166,11687,97,2,18,1101,61,2,464,833,103,319,118,9,172,0,287,14,20850,0,2,594,7975,158,2234,44,59,48,1334,0,232,56,10,10,1,0,2174,65,171,3,4204,129,20,2,361,42,98,366,8614,193,2,297,50,14,27,340,1,49,230,4,495,6,1,13,169,236,45,616,214,7,31,0,0,14,0,501,1020,1343,748,77,16,3278,1311,0,1,1365,2576,0,0,99,3,23,10340,63,1301,1,1,3,1,1888,1,92,80,0,28,47,194,5,1308,44,1,213,168,5356,1,2051,211,226,476,0,132,522,2172,0,341,1,189,3,1,19,0,0,5,2,20,2,2,36,0,22,24,118,0,6,9,0,116,1,0,1,26,4,0,6,7,4696,0,11,3,0,16,223,12,5,47,2,0,74,0,58,2,39,3,8,4,1
TCGA-44-6145-01A-11R-1755-07,303,34,335,6,667,3114,966,789,1120,1,3,14,261,118,9,7821,1103,1216,831,640,24,512,439,7,1,11,1736,9275,50,5299,29,3999,992,629,317,2689,682,3,421,52,1018,21,4,6,1182,249,116,216,1339,210,4334,4392,181,279,4,2555,4551,29,11,5,112,9200,103,69,85,1300,278,13,2,80,503,60,37,2828,14498,71,182,412,256,2,8,377,2995,357,989,23384,42,573,337,429,34,2956,480,147,841,55,66,2684,2347,325,391,187,66,523,1191,2816,541,103,17,113,119,16993,88,599,335,429,96,472,148,19,338,43,3899,5,1139,0,4,140,588,531,21,9,61,388,2935,5735,105,48,17,873,108,60,1728,1139,85,447,1332,11,494,14,669,12,21292,0,71,481,3801,242,2476,10,85,20,279,20,189,81,99,33,23,3,6441,119,273,175,1507,265,44,144,544,110,139,1118,3378,431,216,3994,131,55,103,392,49,11213,1307,4,121,83,19,106,219,539,62,1596,968,33,92,1,1399,405,42,1048,3131,1019,962,42,79,6684,338,0,6,1712,2398,3,2,455,3,88,2945,70,2420,3,3,42,7,2341,3,103,147,4,626,98,214,1004,2469,113,21,909,171,7677,0,2306,263,20808,759,2,1586,125,6565,0,409,1,389,6,1,74,5,2,2,0,11,4,12,35,1,18,494,105,0,79,36,0,2,12,1,0,31,29,9,8,15,10022,2,55,6,0,49,137,60,4,50,2,0,105,1,149,11,168,3,3,6,1
TCGA-05-4424-01A-22R-1858-07,386,96,538,4,2839,3023,5683,3155,2416,18,10,303,589,298,91,5051,1932,1493,4032,948,16,702,846,143,9,31,9676,20291,425,9215,62,6599,4043,956,1945,2152,808,31,476,134,1566,74,13,32,2798,444,396,724,1595,768,2451,6589,103,262,93,2826,4704,92,215,8,188,11025,803,252,229,2083,1220,14,6,209,987,285,285,6498,30568,151,271,954,496,2,56,592,4848,300,2244,63464,108,989,430,752,217,4620,636,338,1648,149,71,1220,5819,413,477,276,199,595,1605,5984,857,759,119,152,478,16519,690,2353,801,807,295,1145,210,7,1421,80,4031,93,1818,6,30,979,943,124,40,40,82,822,6985,4264,121,148,59,1856,142,273,1193,1830,1343,1189,2338,40,669,90,1563,319,44225,15,470,1255,6120,523,3710,67,206,79,805,15,429,208,69,64,66,19,11583,213,628,913,2186,1415,162,955,1258,339,370,3160,5343,902,248,5626,250,156,563,1782,401,73736,3334,7,631,262,60,259,929,1089,653,1885,1498,101,191,37,3670,200,269,2121,5535,1726,1993,627,389,8454,685,1,10,4218,6033,63,7,1320,25,158,4174,377,2259,5,7,116,58,4792,21,518,125,38,136,111,1687,5332,4377,814,17,1455,342,6652,6,1910,477,3645,990,9,6582,114,16071,10,1008,9,1198,13,1,137,62,1,2,3,37,7,150,36,2,78,3701,3280,7,29,183,2,80,8,4,3,42,116,15,156,40,14683,17,70,9,4,299,204,280,4,204,6,1,361,6,626,71,71,170,35,15,1
TCGA-86-A4P8-01A-11R-A24X-07,208,264,3122,100,10587,14291,15564,14099,6338,56,41,656,1512,1081,175,1403,9333,7132,64789,3586,294,4059,5717,287,11,354,16980,43897,524,5195,166,20340,5928,3999,6758,683,4095,115,1464,399,520,306,255,181,11395,3606,1016,4718,12870,2420,17395,62005,202,1441,62,6161,18748,607,3293,233,895,15459,1148,727,546,16868,4399,54,119,1788,5330,2789,2103,9469,72151,432,1906,3620,2000,259,198,3509,14318,3723,6379,339321,1109,126,330,1837,554,1550,337,2141,6293,428,1076,941,14802,3208,1403,1578,493,2648,3663,37461,801,5118,1014,669,3365,1485,5859,15844,2281,3305,1281,8010,184,250,14502,908,26655,1065,8854,38,129,3965,164,5082,91,223,33,1999,13021,14,1385,1333,180,9201,866,2190,2782,5863,2315,4933,6809,233,2658,591,3293,1196,5819,518,8652,3010,15667,1443,1873,479,811,2368,279,1527,50,924,167,407,139,366,21416,1052,3254,2269,1170,2140,761,2560,2739,1346,7880,5329,468,2525,5381,23798,1463,1881,1314,3104,3263,870424,14212,120,3068,1895,254,1783,2387,3439,668,5825,4114,525,606,81,30296,460,979,2879,8014,127,6170,1833,1696,28139,239,185,229,12873,1236,603,42,19826,30,545,231,1581,14331,21,508,1757,194,14090,67,27,1795,22,2850,708,1889,16574,12386,4038,480,4071,753,2237,34,4230,3678,18058,4178,954,79555,0,47896,108,2712,37,2728,165,30,289,121,12,47,8,181,24,66,294,19,803,7764,7574,118,635,259,26,428,126,19,74,360,436,51,215,2643,21894,273,625,88,29,1066,1129,3607,41,816,69,40,1482,53,5002,779,501,210,23,128,1
TCGA-67-3772-01A-01R-0946-07,345,91,290,6,3252,1930,1703,1989,1211,3,6,148,599,145,7,4820,2307,1022,897,976,93,541,725,28,1,14,1642,15581,10,11128,37,8194,3359,473,1257,1899,1033,31,168,75,771,170,4,7,2735,215,77,129,707,511,3139,3191,308,661,4,2134,1362,59,1,45,142,14042,168,216,173,2082,878,1,12,133,313,315,494,4348,10098,202,107,538,422,1,1,775,7281,898,2842,146593,228,408,399,551,29,4451,815,192,759,116,87,2011,2943,684,926,203,105,729,1074,60300,107,1071,24,277,239,11141,335,4223,602,276,45,1115,90,10,361,155,9547,3,1171,2,2,593,699,104,70,47,175,612,5434,1372,83,38,16,4079,210,124,1796,780,123,426,1558,38,574,100,655,27,30693,0,551,891,2906,505,3689,0,51,624,133,158,127,85,102,74,14,9,8696,240,922,404,1210,1254,215,56,950,132,253,1214,2088,745,209,7407,159,3,567,419,4,5206,1440,5,780,119,50,275,306,816,4330,1730,417,9,88,2,3621,156,32,951,2177,2258,1266,97,462,7739,249,2,12,1545,4740,8,0,227,4,176,6700,694,5052,0,7,786,43,3764,4,82,125,4,424,340,493,5684,4315,505,15,700,439,13558,0,1920,357,1938,566,43,180,24,10177,0,612,2,587,34,0,78,131,1,1,2,3,12,43,103,1,12,1888,28,2,6,43,0,44,10,0,15,62,7,9,34,9,9555,0,24,10,0,145,267,62,0,64,1,5,84,8,124,29,46,14,24,26,1
TCGA-44-4112-01B-06R-A277-07,462,23,100,1,1990,1173,81,1105,1483,1,2,11,594,231,21,1709,2825,402,507,1399,103,805,253,66,6,36,1780,13532,163,2483,10,5082,1856,148,193,2535,537,11,100,33,229,29,4,8,690,187,89,83,1716,96,2530,3059,103,300,15,659,507,89,49,1,240,4852,517,262,184,716,1373,11,37,37,584,15,114,2098,7798,1029,113,351,380,7,43,235,1801,97,253,24191,183,477,123,583,44,3019,1016,89,838,48,39,281,977,82,101,64,75,847,428,634,484,74,39,51,112,2940,227,920,249,177,70,918,182,2,710,68,5256,85,370,3,11,1137,225,18,7,2,39,281,9450,553,120,62,24,295,114,132,301,1184,318,174,1434,6,415,16,514,34,1672,2,25,668,4024,26,1112,4,184,52,129,4,64,195,43,335,16,1,7039,12,689,1825,2131,2040,292,71,694,81,158,1933,273,486,117,945,80,4,37,143,10,1513,977,2,173,111,43,174,155,1071,37,813,419,49,44,190,2507,277,679,460,4841,107,324,187,91,1682,380,1,9,867,550,7,6,1173,10,43,277,40,1061,50,41,26,2,1404,8,291,29,10,64,214,458,1799,1760,352,48,248,202,6554,5,755,179,319,497,12,171,192,3663,1,89,41,563,17,10,429,66,0,13,6,68,2,2,29,0,117,768,38,2,12,17,1,374,10,1,34,58,30,41,35,38,4411,6,6,4,10,33,182,142,5,121,0,6,254,8,10,30,162,3,6,947,1
TCGA-44-4112-01A-01R-A278-07,334,0,47,0,2439,1264,344,301,792,0,0,1,159,90,34,4070,2192,504,45,307,63,432,98,10,12,6,477,11485,168,2991,14,3229,1532,282,87,2653,279,2,20,10,595,36,0,13,1092,68,43,93,1043,108,3369,2465,181,112,36,652,246,25,19,0,53,7084,205,51,49,103,1210,4,6,66,181,44,2,2688,4899,214,18,317,156,0,13,228,5018,150,577,27014,30,533,286,239,21,3296,1051,68,789,25,45,944,910,86,41,79,19,552,576,456,223,129,17,20,44,8336,58,399,194,118,41,286,162,5,239,68,3010,1,666,1,0,201,516,43,15,3,100,263,2417,1179,19,22,16,332,74,64,367,858,24,111,204,10,200,41,379,29,6861,9,24,389,2811,55,1117,0,13,21,325,0,204,56,45,124,1,1,3879,23,401,4821,2773,1633,51,16,717,18,69,1407,463,185,77,395,54,11,29,16,0,94,369,0,138,22,17,103,167,402,44,668,265,21,31,40,353,107,188,581,2621,215,420,85,50,3282,292,0,4,680,1534,0,9,232,9,55,2090,242,1598,5,3,0,8,919,1,248,46,1,429,141,616,404,2221,61,9,257,176,8387,3,629,98,482,222,0,111,63,6553,1,64,8,535,20,4,82,12,0,0,3,21,0,9,29,0,16,429,17,6,4,14,1,63,1,0,0,1,11,4,25,2,5001,0,15,7,1,7,113,36,0,35,7,0,76,0,22,0,38,0,9,158,1
TCGA-55-7994-01A-11R-2187-07,762,10,265,4,2389,5825,2565,416,1859,0,1,55,141,108,517,4076,1077,640,117,224,6,2095,2225,4,1,8,14900,4382,8,13805,55,8152,494,945,15,3471,1424,19,321,39,2118,183,3,2,789,152,115,654,3188,238,6591,16047,2661,140,3,2206,4052,19,72,0,60,15254,155,39,64,1495,308,1,4,346,2086,185,6,7576,23226,47,34,381,187,1,5,1244,3554,325,1936,408006,18,1684,350,285,197,14198,1629,1553,241,28,59,3876,1062,185,145,248,62,1099,1971,3463,336,301,8,28,43,12948,353,532,434,1225,10,421,943,22,231,15,10245,9,1535,3,2,95,307,199,27,5,271,639,3192,18396,36,25,15,1438,119,293,1171,2290,87,379,2215,8,262,11,1081,4,32845,0,28,429,2935,138,9438,4,71,10,2508,4,238,52,284,11,22,1,31399,46,165,16,4836,1673,62,22,682,43,102,658,2655,365,59,748,376,60,93,229,7,4609,3435,2,95,32,8,68,167,391,23,729,1588,19,200,8,5033,99,25,1743,3985,1380,657,51,57,16664,750,1,2,1374,5970,6,2,559,3,26,4555,73,909,1,0,8,2,2244,6,53,108,4,24,50,129,163,4212,1483,24,3559,303,20141,3,1945,346,320,836,2,1490,551,18161,1,477,0,123,8,0,181,0,0,1,2,13,2,31,85,0,71,167,89,1,5,11,0,380,10,0,1,89,28,5,8,5,9743,2,18,6,0,21,106,42,1,57,0,0,106,0,47,33,23,1,32,11,1
TCGA-49-4490-01A-21R-1858-07,106,55,208,10,438,1434,268,409,807,1,2,153,104,186,4,2495,602,858,32,312,21,548,656,13,0,7,599,7801,86,7253,31,2579,758,561,249,731,764,7,69,48,573,73,0,20,1405,239,149,157,722,235,3678,1721,383,149,3,1590,1225,9,5,6,36,5943,86,24,174,1036,373,74,196,137,200,405,50,1160,5312,22,50,202,189,1,9,368,774,291,739,4002,37,144,323,300,43,2694,330,1117,457,34,53,1326,2046,484,360,150,50,269,287,587,84,108,14,130,211,8842,193,123,287,68,44,307,64,17,262,74,2185,17,721,1,0,80,175,29,79,17,352,509,2246,879,32,29,13,1241,87,8,446,447,76,582,249,9,271,325,369,16,16169,0,196,565,1829,112,2678,2,64,18,302,1,231,41,32,33,7,8,3787,84,216,95,986,668,61,111,252,44,91,854,793,365,301,2772,71,3,33,196,9,260,779,2,98,51,15,221,246,353,14,401,266,15,34,0,600,26,17,790,1591,1462,916,40,195,6783,475,0,1,1449,2477,0,3,131,1,107,1729,31,5437,0,0,17,27,1448,0,60,83,0,80,191,115,563,1973,249,3,260,189,8977,0,1199,242,773,249,1,209,33,10593,0,120,0,406,6,2,75,9,1,1,0,5,2,5,45,0,36,982,45,2,6,18,0,14,3,1,1,5,4,4,4,8,4022,0,25,3,1,52,165,48,4,95,0,0,57,0,299,7,28,21,1,11,1
TCGA-35-4123-01A-01R-1107-07,883,1352,85,0,664,2227,907,425,1505,0,0,23,202,64,40,3571,1181,589,13,152,1,545,515,2,4,11,1210,2481,0,10069,37,4063,1522,683,45,2278,365,2,318,28,930,45,1,15,1695,267,61,136,1253,270,10322,15779,1635,120,12,2062,2853,8,4,0,110,7849,56,59,88,280,218,3,1,71,522,35,6,1613,9381,34,46,153,252,2,0,885,3268,375,3744,6849,48,998,624,321,25,6626,1613,34,676,21,49,1364,850,1021,335,95,102,416,1942,301,232,23,0,153,5,9308,479,443,566,929,91,285,490,12,95,1,4654,1,966,0,0,26,1659,163,45,4,295,837,2062,6975,38,16,8,1181,140,13,794,1094,3,247,526,4,313,88,472,3,11036,0,3,271,4771,140,4148,2,34,29,674,3,270,39,137,37,11,1,10189,120,303,27,2977,183,24,7,758,71,11,442,337,419,350,2868,152,27,66,38,5,75,386,0,256,44,4,75,103,408,57,734,542,14,126,2,244,194,399,1449,1951,1730,491,32,48,11584,750,4,0,716,5193,0,0,398,0,49,4292,620,2060,2,1,7,4,2033,5,437,166,4,249,128,277,163,2562,12,0,1119,156,28242,0,1475,219,348,894,4,129,42,4347,0,677,0,250,4,0,39,0,0,0,2,3,1,7,18,0,4,369,20,2,1,27,0,4,4,2,2,12,1,2,2,3,5874,0,30,5,1,16,144,62,0,59,2,0,42,0,29,3,26,0,8,2,1
TCGA-05-4425-01A-01R-1755-07,198,39,298,1,1727,2647,2527,1105,4534,0,2,576,72,68,91,4063,887,753,2922,732,40,301,260,2,15,5,9914,5741,1856,5765,23,5544,370,500,771,1462,1221,26,86,54,773,97,1,4,510,220,78,255,1608,239,868,1718,520,236,304,1967,1436,34,12,0,40,7614,511,15,74,282,807,0,0,101,55,249,5,10872,9217,13,9,285,175,0,0,841,10755,315,998,205497,108,481,231,211,2,5588,1051,538,1036,25,48,1323,287,277,132,180,15,697,1030,1778,65,134,9,143,8,10339,706,342,498,378,167,191,118,214,2286,191,14021,0,1033,1,0,91,237,12,110,173,70,1095,3946,8681,33,23,4,11011,74,10,2484,1956,97,362,1100,9,335,0,1152,3,14871,1,651,457,1740,160,2673,0,56,75,439,3,84,34,111,29,13,23,11429,43,187,243,1684,529,14,9,381,7,4,1171,3227,358,29,774,142,0,125,273,40,25651,357,0,153,114,20,844,186,392,39,582,572,11,143,7,1734,106,36,573,3021,1649,472,42,225,7613,380,0,1,982,1211,0,1,295,2,69,3596,180,1527,1,26,125,10,5753,2,152,193,1,87,267,268,52,3216,728,5,1079,745,7646,0,1791,234,288,570,271,832,179,9224,1,503,0,399,9,0,100,2,0,0,3,1,0,13,26,2,10,234,87,0,7,2,0,1,7,0,34,4,311,4,9,3,5453,9,52,5,0,745,69,39,0,142,2,3,41,2,26,79,34,0,4,8,1
TCGA-55-8204-01A-11R-2241-07,521,18,454,17,1707,2770,74,5884,1342,4,1,497,945,233,6,5534,3392,1315,15,1718,41,865,683,8,5,6,1841,10303,0,11263,34,3188,4103,676,258,2952,1538,6,197,75,3527,97,2,8,1458,275,170,297,1921,491,6657,14294,474,423,4,4973,1189,47,7,3,159,10945,102,175,317,714,5380,39,4,64,263,19,58,11121,16000,93,94,602,637,1,1,514,4944,798,2724,7763,51,1071,563,666,64,5426,779,567,687,35,58,2594,1702,611,452,328,55,648,1204,404,226,69,24,117,159,7440,407,796,1535,390,41,473,290,14,4156,59,1306,12,1291,0,49,346,2447,310,19,8,151,564,10534,15442,187,66,139,1242,154,36,1852,644,333,689,528,331,524,868,913,105,30669,0,76,1382,5316,180,4229,0,144,222,1023,21,179,137,93,42,11,31,6806,153,626,82,1961,314,99,32,1763,71,185,4098,2598,1131,132,2053,103,4,98,384,10,77,1662,0,94,85,8,629,287,783,159,1342,1925,34,105,3,437,168,28,1525,4444,1470,1222,464,715,23528,238,20,201,1589,4277,0,1,1201,3,115,2792,126,3494,1,13,8,46,7182,2,525,140,4,88,134,257,1089,3266,70,14,422,1110,11292,1,4205,460,6379,2192,0,137,390,5156,4,312,3,1558,18,1,210,312,0,0,0,4,0,201,52,1,29,466,159,0,3,10,0,3,17,0,7,12,17,60,128,4,11467,2,18,2,1,54,1708,79,2,74,15,2,130,4,42,19,39,5,7,23,1
TCGA-MP-A4T9-01A-11R-A24X-07,303,73,385,45,4833,5955,11572,4132,2738,13,4,126,386,263,75,3169,1825,2772,10585,1118,19,2347,1481,147,53,49,13029,22425,701,15110,83,8873,2995,1424,5787,2145,1853,77,500,144,1340,103,40,36,5204,723,306,1138,3293,947,7133,17686,1878,550,79,3058,11597,121,443,21,407,11100,509,158,325,7170,1552,26,77,374,2203,853,727,6421,25109,79,286,701,659,5,19,1269,5631,1016,3076,214520,286,514,621,1143,107,4123,892,1215,3141,104,215,2025,5790,957,633,432,311,953,1187,26407,483,2398,366,165,778,14302,2563,3047,653,1120,649,1782,287,53,5668,408,13717,112,2535,6,63,957,525,349,203,51,173,992,7114,6140,161,1526,90,4956,314,549,1478,3245,355,2460,2484,365,652,928,1726,230,28834,19,654,1612,11237,951,4015,399,613,615,781,1,405,282,97,127,36,143,11758,245,914,2535,1886,1494,388,841,1194,429,528,4028,2534,1301,340,6897,416,114,1740,1251,838,236515,2870,1,1470,299,49,631,1226,1405,7234,1651,1257,124,236,35,16342,166,168,1843,6079,3259,2223,730,961,15222,890,0,85,4981,3057,92,4,7870,38,141,4178,881,6461,40,137,443,15,4425,38,158,418,32,997,386,2617,2624,6025,1338,83,2023,551,15347,23,3483,957,6044,1988,199,38659,316,18273,8,1693,39,2704,16,3,131,38,6,24,18,56,12,53,129,13,228,3899,3702,55,91,113,4,139,22,24,18,195,187,29,338,317,15751,147,118,19,2,188,465,528,7,414,17,13,301,18,843,165,66,109,62,27,1
TCGA-78-7539-01A-11R-2066-07,446,30,287,54,1705,6078,8361,841,2213,0,4,19,156,147,155,6810,1440,847,6,434,3,1220,999,49,10,24,1889,14221,7,21131,80,10117,1096,1182,377,2028,1561,65,428,62,1291,105,26,19,2578,312,106,1247,2625,317,4123,2178,234,572,11,2857,6408,58,19,0,94,17160,1153,59,283,11823,299,0,0,315,646,4490,113,4697,22249,67,114,373,230,1,1,530,4741,783,2504,2037,25,338,2381,330,66,6728,930,105,3298,75,94,5776,2798,448,682,164,57,266,1306,782,136,312,170,100,316,17093,5621,464,616,631,41,373,169,9,430,156,30919,2,1270,5,0,293,928,492,75,98,322,1643,3580,2782,80,9,19,1438,116,28,1372,1478,52,487,1831,0,438,6,1062,50,22573,0,211,1042,2998,283,6282,0,98,25,394,5,203,66,31,14,11,3,13175,229,456,724,3445,705,38,819,1998,193,118,1890,3712,435,132,4947,356,122,1360,278,0,352,1393,0,1050,82,34,756,5325,392,75,785,812,69,179,3,389,269,132,703,2430,8448,1004,116,180,5776,2223,0,2,1613,4381,20,3,236,0,67,7090,960,3267,2,4,37,19,2717,8,107,67,0,45,177,1053,4221,3804,833,11,3626,244,6592,1,3334,370,2602,863,0,602,75,21015,0,1050,4,2688,13,2,55,60,0,1,1,7,5,25,25,1,52,992,40,7,111,47,0,21,4,4,4,8,6,4,31,22,9083,3,56,6,0,33,121,100,5,1033,4,0,93,0,86,168,42,3121,37,28,1
TCGA-50-5933-01A-11R-1755-07,420,12,221,1,863,2246,8358,1312,2137,0,0,70,237,233,44,5953,1308,1254,7,281,18,756,886,18,10,6,436,7263,21,13466,72,6537,1768,793,246,2978,515,31,441,49,1256,33,0,8,1035,383,191,261,2023,314,4913,9237,335,40,1,1864,1222,19,5,0,150,11863,101,27,147,118,1724,1,1,60,930,120,2,5749,10144,76,46,323,415,3,5,566,1921,218,1668,10854,57,862,935,596,3,7141,1608,71,949,35,69,1067,3770,341,280,164,29,797,1070,714,336,19,1,96,14,6586,275,743,635,401,54,294,164,6,283,193,3319,3,1558,0,0,77,41,55,49,1,116,731,3481,21372,13,14,19,1276,84,75,526,748,40,819,398,0,447,1,1310,19,17041,0,0,716,8620,60,3874,1,18,18,1812,1,223,104,204,49,31,1,13187,22,231,3,2915,309,13,1,673,72,23,1672,3649,433,11,1095,128,0,112,55,5,21,568,0,268,32,3,59,366,568,47,847,794,7,228,0,100,120,27,1041,5475,548,630,52,107,15088,493,2,0,2082,3160,0,0,83,0,206,8030,376,4957,0,0,1,0,1686,5,18,80,6,19,50,637,17,3769,309,6,937,151,11178,1,1090,396,1190,791,0,49,804,4670,0,936,0,409,5,2,68,1,0,0,22,2,0,41,28,0,12,236,6,0,2,29,1,3,2,0,0,7,1,8,12,4,9470,1,31,6,1,23,121,18,1,39,1,0,66,0,42,1,18,0,22,4,1
TCGA-MP-A4T8-01A-11R-A24X-07,426,112,551,8,916,4896,297,589,817,3,0,10,163,152,49,14060,1427,1534,126,424,4,481,845,5,0,18,441,7865,11,10545,21,3676,480,752,546,3354,379,19,75,41,1879,41,2,8,1090,360,216,298,888,509,1754,1320,2226,177,2,1103,2291,26,32,0,72,8759,81,60,131,198,599,0,6,103,265,44,14,2661,34035,61,100,322,316,3,0,524,1309,472,873,28930,31,541,911,591,18,12155,1844,49,1069,61,132,4751,2240,475,255,359,173,394,389,659,154,199,11,56,37,16009,128,322,322,140,16,399,268,6,1590,58,4725,0,1266,0,0,179,1422,233,11,17,612,420,1977,53371,88,9,12,1811,91,3,364,783,68,790,217,66,421,23,586,11,20971,11,222,579,2916,78,6119,1,26,38,1042,1,351,94,114,41,0,13,3680,134,443,32,2464,159,198,6,815,85,137,1192,9531,562,58,1960,46,3,19,95,29,334,254,0,153,29,6,34,273,547,53,718,362,12,47,2,494,86,31,1605,3636,5285,1093,292,318,8370,1403,0,9,2018,6596,5,0,457,0,172,9424,36,4009,3,0,0,5,1052,21,249,153,1,216,220,151,103,3354,33,66,223,203,6099,0,1160,470,856,2392,4,406,1425,4047,7,357,1,300,6,1,41,0,0,1,0,2,8,1,30,1,37,415,20,0,5,8,0,132,50,3,1,19,4,0,2,10,7975,0,83,1,12,43,166,76,0,38,1,0,68,1,67,6,41,1,2,4,1
TCGA-55-8302-01A-11R-2326-07,323,26,156,79,879,2844,3942,389,560,4,2,36,94,95,28,3317,447,588,1409,162,9,680,380,6,2,3,3532,3604,6,12945,24,2499,363,453,1056,883,791,13,160,31,1211,37,7,3,822,142,84,525,2555,186,4836,6132,2524,92,2,2596,1392,10,12,4,30,6949,82,45,65,463,136,1,5,112,540,125,82,3601,5803,29,89,209,131,0,0,807,1878,248,832,72461,58,544,523,240,25,6375,807,106,1073,20,68,3026,1612,219,276,120,23,292,422,3514,232,588,19,71,47,19019,418,618,314,239,50,204,326,3,2083,167,3295,7,913,2,1,93,71,468,62,12,99,391,1425,14327,62,17,12,929,71,67,643,596,55,321,619,16,253,1465,385,8,11642,1,83,365,3915,105,3471,18,71,41,2711,3,530,53,34,30,4,5,8727,78,184,222,3494,269,45,94,425,62,50,857,1533,194,121,2303,162,78,68,174,72,17256,1109,3,286,286,8,94,205,229,45,331,309,19,136,2,1781,42,65,585,1219,1786,814,34,45,11221,157,0,3,1073,5813,5,3,1023,4,60,3811,158,1462,2,7,62,18,1318,2,174,141,8,39,74,376,839,3563,143,19,572,115,12462,3,1556,234,740,597,189,1796,397,3554,0,335,1,314,7,0,33,27,1,2,1,15,2,10,51,0,61,271,204,2,46,9,0,12,7,3,0,33,34,6,14,8,3959,0,73,4,1,45,98,59,3,60,4,0,40,0,181,47,11,14,15,11,1
TCGA-44-A47A-01A-21R-A24H-07,329,20,300,7,975,5173,2797,388,4082,7,1,35,438,77,27,3056,540,742,148,404,10,332,557,16,13,18,7353,6957,23,6410,45,7404,449,598,75,2052,1023,22,231,35,998,113,2,7,1174,312,78,483,1166,248,586,1722,268,400,6,1348,3015,30,13,2,75,4855,186,40,43,200,360,2,1,507,513,48,133,1079,10100,27,35,252,140,2,4,523,4997,505,1415,319090,98,791,1191,249,55,4784,580,154,952,28,82,2009,499,283,178,168,62,369,596,59934,161,87,4,68,76,5413,278,294,297,293,115,366,217,3,2886,25,6727,2,952,1,0,134,1745,116,230,179,125,786,5362,1424,41,33,6,13437,109,12,1433,968,153,428,583,9,195,6,864,7,21218,0,125,289,1462,58,3848,14,21,1838,1165,7,401,84,85,23,6,619,4818,90,279,42,1597,3785,110,27,805,39,277,2013,3138,292,95,1225,218,9,326,237,54,7221,367,3,1528,56,2,256,950,241,100,563,514,66,171,4,167,234,50,512,2042,8469,547,174,233,4673,848,1,11,943,1788,9,1,347,0,124,5408,345,1508,3,7,16,13,2621,2,152,66,28,155,125,82,343,1915,250,22,2425,249,4849,4,1495,242,356,575,277,614,38,4882,0,581,1,618,9,2,35,21,2,0,3,11,0,35,34,0,50,305,43,0,4,4,0,3,5,0,0,8,101,20,45,9,5371,1,20,3,0,40,106,146,1,153,2,0,391,0,36,204,22,5,37,12,1
TCGA-MP-A4TF-01A-11R-A262-07,415,5,89,2,239,1999,483,300,523,0,0,7,121,54,23,3208,225,248,6,195,3,754,157,0,4,5,2176,5053,2,7085,2,1253,226,177,608,1828,493,9,184,18,905,27,1,3,619,106,58,330,1564,88,1716,1835,1517,168,6,932,431,6,11,1,20,5981,149,23,33,369,137,1,14,27,303,30,72,1210,15748,15,11,63,101,2,10,222,1154,87,433,46892,26,339,691,143,54,7265,1192,69,355,10,30,5726,388,88,182,42,24,233,182,802,44,158,17,20,9,6924,155,378,81,126,11,157,200,3,640,139,1454,4,435,0,3,137,769,16,14,16,237,206,1242,5339,92,24,7,631,27,6,341,731,11,322,119,5,62,74,160,4,23341,1,4,160,2300,95,2868,1,50,8,1293,1,207,32,17,10,3,7,4262,4,125,10,2693,876,115,1,793,6,54,572,1160,120,19,213,23,27,71,22,6,6,306,0,41,43,2,61,127,147,11,309,145,15,44,2,1681,647,12,158,793,1869,302,49,13,2617,466,1,1,412,1056,1,0,183,2,20,2136,77,1443,2,26,7,18,657,12,110,45,11,176,25,243,25,1660,130,5,186,83,19089,0,785,107,121,204,1,355,156,804,1,207,0,181,0,1,42,165,1,5,0,17,0,8,18,1,78,100,10,0,4,5,0,2,2,0,0,2,20,17,4,12,3729,0,61,1,2,14,40,53,0,81,2,3,37,10,18,29,20,1,6,6,1
TCGA-50-7109-01A-11R-2039-07,198,32,388,2,455,1737,362,728,988,1,1,228,355,129,18,6863,1986,748,308,347,10,206,504,10,0,11,5978,7562,64,15422,17,2830,1095,583,553,2744,684,7,137,56,1630,125,2,6,1722,286,205,332,1007,479,898,2294,169,128,54,1521,2577,23,22,12,119,9436,93,156,141,255,586,0,17,24,268,175,74,2392,18464,131,57,465,446,1,1,335,5345,656,672,19114,73,837,581,486,101,8107,960,239,843,49,78,965,1547,382,298,189,212,914,1154,841,244,196,7,68,16,18531,843,1249,354,282,29,483,403,16,1466,10,1472,2,1614,2,0,711,630,1098,8,11,89,328,3727,1030,302,9,6,1286,84,25,693,1053,49,719,760,0,491,1,613,3,81130,6,1545,602,3413,55,4439,6,36,30,995,4,270,73,38,80,27,8,4466,150,607,111,2351,340,93,18,1054,85,466,1447,12825,864,182,1849,111,91,24,324,91,10549,740,1,231,44,50,146,353,582,48,740,807,186,62,3,507,196,44,1129,4395,1707,1259,889,165,5122,788,0,7,2163,2626,14,1,579,7,43,7498,43,1641,1,1,839,18,2327,6,251,97,3,690,69,106,1036,3401,116,11,741,162,9123,3,1741,405,744,697,1,266,19,3906,1,141,0,1132,9,0,69,6,0,0,0,9,1,2,25,0,12,294,124,0,6,9,2,54,5,0,0,400,13,3,2,4,9376,1,34,10,0,9,205,61,4,69,15,0,108,0,218,75,143,34,1,10,1
TCGA-78-7161-01A-11R-2039-07,252,74,660,6,616,8540,149,1181,1027,4,0,452,348,597,125,8436,2374,2018,689,436,7,572,798,6,0,20,1163,12576,96,16994,42,6065,738,993,2886,2359,905,11,86,104,2271,96,2,11,3391,604,257,605,2084,626,1218,2778,383,335,3,1249,2435,53,18,3,125,10159,86,188,212,311,1142,3,7,497,394,52,107,2600,49191,90,179,685,720,1,1,397,3365,934,556,29820,60,502,1588,789,312,7470,879,116,2455,52,185,1744,3487,875,332,292,545,711,689,1695,641,230,12,134,59,24843,862,268,501,215,130,828,409,12,2881,115,2595,4,1998,1,5,190,1426,344,12,38,144,557,5686,13860,121,44,35,2399,175,32,1158,1012,45,1208,545,7,774,9,942,15,45584,1,1248,1984,3703,59,4764,6,316,66,738,4,259,153,110,46,15,16,6584,297,1027,69,2279,1302,189,248,1163,133,328,1639,11098,1271,476,2878,65,96,21,485,10,270,1497,1,184,54,11,183,552,1277,23,1621,806,110,64,3,1112,187,30,1986,6606,8972,2509,835,633,8085,1640,1,12,3993,2586,1,0,463,9,111,4624,49,3775,1,6,1306,15,5235,28,108,191,4,77,195,35,1124,4900,61,3,254,343,14443,0,2279,703,924,1977,0,1042,831,7865,2,120,1,1151,17,1,144,6,0,3,3,12,1,2,64,0,53,1180,54,0,8,11,0,32,8,0,0,29,48,5,4,24,11264,3,47,13,3,276,321,225,4,90,15,1,183,0,217,32,84,2,2,29,1
TCGA-55-6971-01A-11R-1949-07,140,24,427,8,2107,2147,2646,1036,1536,5,1,60,276,105,41,3153,1236,1016,2725,621,18,344,383,22,4,16,5392,8579,45,4995,20,5607,1113,686,1570,1071,684,9,208,55,787,58,16,17,1215,321,131,386,1648,267,1649,3693,418,524,15,2117,4311,32,101,30,150,5477,264,72,133,1317,476,9,20,90,368,140,222,2402,10879,46,120,607,328,6,14,498,3065,316,1194,141901,92,285,353,351,77,2308,402,327,1235,112,80,607,1571,322,309,210,113,647,1252,10022,292,575,30,68,169,6735,305,1157,521,643,127,572,116,7,1473,49,5348,20,1532,1,9,292,1566,605,60,27,57,530,3996,3286,184,82,24,1261,71,64,1043,606,209,506,1508,33,376,38,757,47,17315,5,3193,525,4011,92,1511,31,147,146,363,17,134,98,71,59,23,22,5918,126,273,725,1293,801,82,206,651,118,218,1455,553,448,207,2153,183,100,105,510,241,43531,828,9,294,105,17,330,342,509,158,1027,923,60,141,8,4577,60,66,780,3589,3805,1120,527,132,4933,235,5,10,2167,928,20,5,664,2,49,1890,129,2157,9,11,183,21,2874,6,107,159,3,84,75,836,1171,2003,326,13,1389,205,6732,1,3291,352,1429,627,12,2701,139,4707,2,307,6,380,8,2,98,101,0,1,0,24,2,12,24,1,55,640,363,3,42,23,2,16,11,0,4,24,55,15,21,47,8032,8,44,5,0,84,162,157,5,112,5,1,151,0,222,68,24,26,14,9,1
TCGA-86-A456-01A-11R-A24H-07,119,30,369,28,2696,2618,3693,1485,2233,0,2,528,220,193,49,4591,1169,966,2351,749,30,780,600,47,4,34,7410,7778,380,10158,74,7684,1462,741,1546,1012,965,43,178,56,683,74,14,42,2990,278,131,702,2712,527,4565,5890,307,282,13,2705,3488,57,97,22,206,7608,265,83,141,3222,477,2,13,317,701,851,279,5932,11959,64,171,381,312,2,8,564,3628,672,1362,260766,121,218,553,441,76,7820,820,177,1156,75,91,2147,2680,433,356,274,97,603,530,6789,342,740,237,102,378,5578,2013,1027,440,745,385,944,98,14,2285,72,6983,26,1049,5,9,405,594,258,47,33,99,848,3434,1689,87,61,26,1678,126,188,1319,985,143,813,1350,56,378,48,670,55,14498,54,10867,564,2508,234,3122,43,126,192,703,18,118,160,67,118,24,48,13768,165,578,901,1073,750,119,495,975,124,350,718,2840,466,523,3580,289,131,264,971,461,124343,1215,4,893,120,27,517,1018,505,519,1061,406,44,112,7,9168,105,59,883,2249,2486,843,225,499,4957,774,1,6,2034,2845,70,3,926,6,35,3855,330,4635,13,23,93,32,2014,14,56,241,20,1360,233,999,2181,2538,1963,11,840,460,3104,6,1189,444,2872,721,18,10317,79,17699,3,743,2,245,21,1,116,43,1,5,11,53,2,25,34,3,99,986,228,7,177,45,3,26,3,12,0,46,96,3,176,63,7080,11,70,6,1,176,307,200,2,277,2,3,113,5,163,143,39,41,30,30,1
TCGA-44-6148-01A-11R-1755-07,149,2180,649,8,1940,5268,828,8737,2057,166,1,892,430,527,16,2988,806,1283,10597,4145,3161,1361,730,359,0,115,6951,22314,2,6117,100,11509,5422,726,587,772,3298,31,110,74,786,162,21,4,1336,1439,174,349,1455,636,3053,5642,145,1006,282,3485,2125,632,47,201,373,11821,286,113,1090,2135,874,62,19,598,982,346,435,21933,10627,306,2231,397,362,5,32,414,10260,423,1589,97270,134,118,279,2060,67,2244,328,342,3884,200,109,1408,3328,436,2080,375,204,1353,1094,7329,89,1245,92,2365,168,7748,1776,1323,1563,680,188,656,57,16,7253,751,1391,112,997,1,28,3872,247,37,9,78,31,844,7685,89,111,121,62,845,156,139,2356,1895,7955,812,7657,36,1309,54,1487,233,11497,465,23081,563,3559,337,1788,30,185,343,130,74,39,184,195,329,31,387,12258,131,952,1540,1240,644,287,206,942,308,256,4858,1900,1333,1451,24277,159,48,99,3333,568,456697,5156,138,1371,244,200,460,291,2577,152,2510,1253,15,253,1,15737,404,384,1378,3374,674,2723,183,1622,9758,343,6,186,1470,1099,0,2,401,149,486,597,191,7440,5,39,725,207,15039,2,20,146,12,2561,1209,1471,27329,9294,2407,58,1031,686,1914,2,5299,458,2545,1071,268,3851,4,7783,3,372,10,2759,13,2,239,38,2,4,4,38,1,7,66,1,83,1446,1893,0,5,13,0,10,55,17,26,23,630,36,117,16,6486,68,96,10,6,1370,1329,914,2,115,22,8,685,5,105,49,277,19,6,123,1
TCGA-MP-A5C7-01A-11R-A262-07,457,30,559,12,402,6708,124,540,1168,2,4,153,1041,126,17,13155,1218,1141,27582,218,1,486,462,4,0,9,15761,18533,107,13284,63,7165,752,651,1258,3421,724,1,23,75,1021,81,67,0,2397,359,179,774,1508,483,807,1611,273,252,10,761,1259,39,10,30,197,8355,644,155,61,1727,464,0,20,426,186,271,67,2057,33610,31,99,357,412,3,3,735,15829,617,312,42707,31,397,1036,351,179,7861,867,57,4098,43,139,4400,1215,641,231,221,799,766,628,56002,74,477,6,54,171,9054,719,372,302,117,93,887,370,6,6995,46,3416,4,1151,0,1,186,781,126,6,13,488,629,4186,1189,94,9,9,2069,85,20,1839,619,127,998,570,39,518,8,641,14,68348,2,42928,691,1681,232,4021,7,85,425,668,5,309,138,52,12,10,18,12279,225,1220,32,1343,633,136,248,753,97,443,1779,12030,542,144,992,42,132,248,237,13,5840,1282,2,2690,60,3,169,568,786,8,1023,537,59,39,1,1260,77,57,1064,2522,3247,1676,36,284,3647,2704,1,1,2142,1837,3,0,427,12,51,9131,5,5690,3,6,3368,8,2553,10,84,140,0,46,145,51,805,3795,114,8,358,264,6629,3,1519,483,7570,571,225,774,20,10123,0,92,7,214,12,1,164,13,2,3,1,22,0,0,66,1,85,945,98,2,8,14,0,16,4,4,0,969,108,25,1,38,7495,7,66,6,0,54,144,155,3,379,4,1,114,2,27,291,49,86,1,29,1
TCGA-49-AAQV-01A-11R-A39D-07,671,678,190,6,1071,3060,853,756,986,0,0,164,555,154,23,9601,685,1104,25,402,16,690,657,6,1,40,972,11010,10,22292,31,3265,1293,920,234,2345,2180,6,51,62,3524,957,3,7,1147,213,2077,525,2426,466,1665,1952,1216,216,3,2655,3723,15,19,1,51,10678,100,41,246,929,769,49,10,131,289,112,156,2318,12413,31,40,203,213,0,2,716,2692,806,2085,23156,50,898,1511,430,86,11038,1438,170,1235,35,118,3092,1327,516,336,274,62,386,776,865,121,260,8,91,149,18343,789,409,565,523,20,191,449,17,3225,20,5612,3,1045,1,1,155,837,73,78,63,546,952,2583,9826,33,79,80,973,137,8,1062,852,200,864,637,46,298,41,670,13,29785,0,23,900,4535,620,6240,3,119,163,2392,5,745,101,39,17,10,8,4032,61,304,334,4254,939,201,36,916,55,116,519,3336,313,221,2612,161,2,116,573,2,679,466,0,1137,297,16,464,841,409,56,801,655,14,101,2,1206,73,154,1018,1442,3617,826,692,168,6276,3763,0,36,2143,6065,42,0,451,0,55,4693,138,2524,0,3,15,24,1502,0,569,201,1,269,219,289,359,3890,75,9,1139,603,15170,3,1850,469,807,636,3,508,261,6833,1,430,0,888,19,4,85,176,0,6,2,6,1,1,50,0,35,301,165,4,5,10,0,181,3,4,0,10,20,10,13,16,5429,0,24,2,1,46,310,25,0,131,2,0,64,1,242,37,28,72,2,12,1
TCGA-75-6205-01A-11R-1755-07,163,36,162,5,426,1223,181,769,1742,4,6,19,130,151,4,2298,1392,1257,20,440,7,422,254,2,0,6,1238,3189,0,5170,42,3741,790,673,17,1014,545,9,118,49,343,30,1,11,652,115,128,207,1598,277,2749,7302,537,58,6,2632,2154,17,3,0,56,5482,121,53,80,190,252,0,0,52,141,11,7,5605,8397,58,68,371,308,1,3,455,2608,451,1245,1504,8,513,240,417,6,3716,569,98,517,36,61,719,1154,351,214,216,35,421,1711,125,333,31,0,101,52,3846,100,277,633,481,10,309,115,9,74,32,1684,2,875,0,2,189,1091,47,12,1,29,607,3414,4008,48,6,13,711,169,68,735,967,162,475,978,0,365,1,1227,21,8351,1,11,466,2837,391,1406,0,40,10,490,8,107,83,42,19,14,0,8851,48,371,2,1359,402,13,47,394,91,39,692,325,378,29,1159,161,2,14,300,2,49,1038,0,47,20,12,252,213,444,145,969,1392,69,282,2,97,113,27,952,4088,626,561,65,156,7291,233,0,0,1425,2204,0,1,156,1,56,1108,30,2260,0,1,1,0,1846,0,128,121,3,222,74,95,505,1830,38,4,1223,94,4316,0,1231,298,189,462,1,63,149,2377,1,153,0,150,9,0,80,7,0,0,1,2,1,3,17,0,18,254,13,0,1,10,0,2,3,0,1,6,1,6,19,9,7596,0,45,5,0,17,117,16,0,30,2,0,54,0,46,20,42,0,3,5,1
TCGA-44-A47B-01A-11R-A24H-07,496,26,228,1,4159,4821,241,317,820,2,0,25,548,138,63,4486,1137,745,487,439,12,686,759,1,5,7,3738,13760,50,6742,33,27262,334,404,31,2028,857,4,177,42,1078,7481,1,6,2090,197,124,426,1890,275,881,732,764,107,48,1455,1108,19,13,2,95,12205,91,44,57,246,383,0,1,320,1308,86,8,1988,24568,87,30,274,257,0,4,1208,5316,299,832,381463,34,438,424,305,31,3684,783,61,2694,26,54,2146,1072,318,200,185,77,320,577,21791,159,67,6,46,13,25861,385,846,282,299,14,696,505,1,90,19,6164,1,866,1,1,124,1514,74,12,3,82,460,3492,4501,61,5,9,1395,80,10,1924,659,75,423,542,3,240,0,600,3,7157,9,29,340,3224,230,2990,3,81,83,692,1,275,120,23,51,15,8,22185,49,355,114,2521,816,134,4,1010,29,164,1314,12897,335,47,884,129,53,90,187,10,144,6124,0,3570,38,1,447,398,490,89,867,553,17,110,6,150,126,12,706,2241,1551,567,145,105,7705,822,4,4,1026,1943,0,1,281,0,85,2013,125,1534,3,0,157,7,1142,20,248,155,1,205,102,463,401,5419,15,20,539,289,10463,0,1386,215,245,444,0,892,306,16184,1,132,1,218,2,3,134,6,0,1,1,7,0,9,19,0,445,870,15,12,3,8,0,67,11,2,0,15,9,4,6,6,5733,0,25,3,2,13,113,37,1,47,12,0,38,0,32,44,97,219,5,14,1
TCGA-50-5049-01A-01R-1628-07,369,118,214,5,3360,1952,2205,1554,1936,5,4,127,200,166,12,2166,2308,1411,247,542,36,532,444,8,7,14,1485,8470,25,9022,50,5322,2249,1041,185,1126,1031,6,610,64,884,138,4,27,2574,262,174,183,1831,425,4232,5264,189,415,2,4955,6111,43,11,5,166,8467,92,160,160,950,939,1,4,127,350,689,11,4020,8301,176,130,406,455,1,2,925,3118,705,2787,9127,72,465,281,561,31,3135,677,241,641,118,75,878,2486,575,609,343,100,838,3246,2007,314,93,39,150,124,9715,187,1323,765,928,67,794,120,22,214,9,2962,5,1988,8,3,299,598,305,25,6,63,920,4144,821,45,30,35,3794,246,46,1380,692,461,704,2062,5,530,10,975,17,14002,0,4363,805,3759,131,2319,3,69,42,508,2,153,66,84,69,12,6,7592,165,555,205,1160,1318,75,119,1157,95,157,1456,625,697,148,4749,313,16,55,381,17,11828,1803,2,110,193,47,145,378,654,145,1422,1650,31,132,7,2949,164,63,1094,2747,1241,1401,366,240,9791,170,1,21,2040,2691,4,0,612,5,111,3053,23,3667,2,2,354,20,3371,10,129,154,1,152,285,249,2035,3272,398,14,1355,284,4278,0,2622,478,1118,744,24,1436,4,5820,2,411,0,652,16,1,68,4,0,0,2,5,4,8,39,2,7,1082,77,0,4,25,0,7,11,1,0,47,6,4,20,1,14478,2,53,9,0,80,215,47,1,59,4,0,87,0,182,89,43,13,6,10,1
TCGA-55-5899-01A-11R-1628-07,343,61,525,4,486,1144,551,779,675,0,0,93,181,100,6,2455,700,633,36139,298,12,387,274,0,1,3,223,3296,1244,15074,11,1822,187,378,35,1240,782,20,243,54,1183,2896,0,2,557,528,109,118,555,273,411,1017,1335,23,413,1303,1212,28,5,2,3359,10389,67,44,431,165,468,0,0,724,100,19,0,836,6604,45,62,280,162,5,4,281,1962,440,695,145,38,466,390,304,42,10003,1290,153,741,37,43,2539,413,273,723,154,67,1012,800,91,121,9,4,143,25,9491,15,2408,287,280,2,264,568,20,74,54,1313,34,1155,0,0,146,612,53,5,4,106,554,4563,4,50,1,4,931,91,5,535,355,1193,559,1064,2,211,0,758,3,25417,1,145,298,2285,324,2016,1,355,66,1354,6,302,47,45,52,11,801,3158,40,182,84,2807,1405,35,25,302,17,40,640,3628,390,59,1062,72,65,50,184,4,50,494,0,539,1466,14,20,133,523,68,776,485,61,53,0,4,98,69,935,2396,1910,620,834,83,4409,1164,0,1,1462,1791,49,4,295,109,1018,7785,46,1993,1,0,0,0,1121,26,340,77,1,51,233,329,41,2126,13,7,519,251,6148,0,500,223,1752,422,0,45,0,4306,0,53,0,2108,3,0,35,0,0,0,10,2,1,8,28,0,4,252,7,0,0,9,0,1,4,1,0,0,0,0,4,4,5329,0,9,4,0,743,68,103,0,44,4,0,928,1,62,16,34,82,11,15,1
TCGA-50-5045-01A-01R-1628-07,289,39,513,5,1621,3611,5180,2529,2106,9,6,50,592,295,32,4620,4917,2251,1234,852,63,633,1521,58,24,31,5890,6510,115,13870,80,6402,1504,1725,1201,1384,1377,38,626,107,967,111,3,51,6087,1232,227,360,1875,645,6332,8777,735,412,7,3971,5953,64,38,25,274,10245,267,363,245,758,1068,8,28,294,401,435,124,4710,12510,254,109,912,939,3,5,1363,6391,2193,5759,191202,268,403,597,1123,263,4545,633,364,762,141,185,1534,3154,1536,923,437,146,753,2181,8061,940,1248,36,276,273,8105,352,3211,1629,1186,171,1427,206,50,871,38,4974,11,3403,11,15,479,642,771,119,39,192,1084,4223,2492,255,127,30,4674,312,82,1785,959,87,1373,2031,19,1121,1122,1423,33,14250,16,405,1471,4988,138,2591,24,70,240,468,29,235,154,146,87,35,61,7910,391,2261,355,2451,531,219,267,1606,170,253,1243,1435,1357,637,12434,520,173,636,390,173,81017,1498,4,164,218,23,168,869,1419,282,2405,886,137,248,9,4721,186,170,1432,3856,1792,2944,130,553,15210,239,6,24,3358,3721,21,2,516,6,215,5731,1158,10248,8,8,128,95,5810,17,70,243,18,1206,505,800,2955,5198,296,20,2282,640,9601,4,3811,659,2957,1114,49,2584,77,3964,4,2186,1,1227,52,1,150,93,2,0,6,20,7,37,81,0,9,1772,339,1,17,56,3,9,16,6,2,24,26,7,106,18,16736,13,122,2,0,233,649,375,14,233,12,0,283,1,236,47,56,48,25,28,1
TCGA-69-8453-01A-12R-2326-07,226,185,669,34,1436,6268,26720,4025,3058,48,8,215,306,591,50,3576,1853,1687,66298,1780,52,1059,1973,129,22,73,19995,15513,85,7481,213,11476,3486,1287,3712,1080,1850,131,685,80,894,136,36,31,4403,438,157,982,2861,487,6270,12219,803,888,16,5204,6101,124,193,32,170,9035,418,137,386,2276,628,18,12,244,1086,693,399,6519,18372,202,332,875,472,3,32,1158,8271,1240,4997,567002,256,478,308,522,183,3562,389,2132,2075,142,135,2399,3421,766,776,351,72,918,1447,24987,546,2035,203,284,690,6665,744,4363,831,1759,511,1028,127,48,7403,144,9709,72,2430,7,37,885,1578,1777,280,144,72,1318,7482,546,229,1008,63,3061,181,200,3043,1572,588,882,2576,41,679,394,1941,113,12994,23,432,1142,4523,687,2568,181,245,211,476,59,144,129,115,114,36,374,15854,368,818,1929,1489,1264,202,387,1137,338,468,1875,1131,783,434,9420,855,169,2889,3467,804,213367,3086,14,1116,308,25,539,1286,810,800,1867,1167,83,386,6,10774,265,136,1248,3534,1773,1468,311,318,9898,228,5,71,3071,2193,8,12,3003,19,207,1113,1853,6766,31,38,894,158,7672,453,111,306,18,2011,299,615,6168,5003,1076,33,4944,379,5365,9,3890,598,5947,1769,402,17387,21,11115,8,1992,0,842,31,4,223,70,7,6,24,36,0,460,50,6,103,2717,1944,2,68,36,2,34,15,23,12,91,294,13,185,66,13891,25,185,9,2,221,439,319,9,196,7,1,192,11,453,199,72,147,124,28,1
TCGA-55-A491-01A-11R-A24H-07,520,65,221,11,204,2432,2292,300,1220,1,0,37,159,93,46,5026,564,636,59,163,1,320,1714,2,0,334,476,5423,2,8652,63,3373,427,683,30,1899,1037,11,199,45,883,76,0,4,1143,153,141,908,1718,290,601,667,583,1103,7,1858,2232,25,25,2,71,7033,62,16,298,851,200,4,0,235,246,17,10,1736,6015,27,41,180,197,0,1,431,2717,543,1672,4038,197,610,961,308,27,3120,417,190,945,27,64,1890,1166,1057,308,201,116,264,801,65,67,4,5,72,36,15105,505,342,740,255,15,150,288,19,947,2,2453,1,1251,0,0,80,1102,378,41,0,281,947,4597,4165,41,14,20,1795,48,1,1115,373,281,461,559,3,248,99,798,3,23265,3,164,470,2215,204,4652,1,7,76,1180,1,353,32,21,55,37,0,2922,91,319,1,2727,191,264,26,882,58,122,1249,2319,410,3026,1968,73,13,49,224,13,31,164,0,66,21,12,61,118,327,13,689,369,14,104,1,6,121,6,711,1902,5015,928,33,144,4820,442,0,61,1138,2498,9,0,210,1,69,2952,60,2426,0,60,3,4,1672,3,120,99,0,69,84,368,134,3238,241,3,648,329,5060,0,1773,315,376,515,2,126,154,4574,3,644,0,508,7,2,58,8,0,0,0,3,1,1,27,1,31,263,104,1,2,10,0,1,4,0,13,6,4,16,6,16,4880,0,56,2,4,2,103,31,4,66,0,10,83,16,23,2,28,0,6,9,1
TCGA-49-6743-01A-11R-1858-07,599,62,266,4,950,3689,561,758,2276,3,0,14,140,132,32,10555,1396,1119,400,336,5,709,489,9,7,13,3222,6778,55,13897,49,6388,829,665,1011,2766,895,14,261,42,2324,72,4,11,808,323,145,555,808,440,2001,1550,166,130,34,2118,1792,26,7,4,71,11011,174,96,118,470,512,0,7,73,302,231,32,3672,23542,68,78,430,270,0,2,459,3806,325,828,25346,51,1524,928,471,60,4849,805,116,582,79,66,1339,2736,325,243,191,31,626,839,4635,362,347,24,76,57,19884,212,716,261,307,117,437,274,0,1107,249,4582,23,997,1,0,156,1146,330,248,10,170,700,3991,9706,20,60,25,1168,69,20,1697,1110,299,656,541,13,306,9,719,14,50299,0,23,749,3773,339,3638,3,169,27,464,3,421,47,140,98,1063,10,13703,62,301,268,2641,893,28,86,536,110,32,1570,319,531,47,2298,121,13,25,139,106,10802,745,1,169,33,12,67,340,389,51,763,528,19,74,1,1912,109,12,1054,5501,339,555,152,61,10302,413,1,1,1909,2743,1,1,953,1,308,7762,138,3149,5,4,35,4,1171,8,454,95,2,59,69,310,565,3494,702,8,491,401,35657,1,2329,345,12152,649,0,431,144,5995,0,290,0,512,4,0,177,32,0,1,1,4,1,8,29,1,14,433,164,1,124,25,0,10,6,2,4,16,20,7,3,10,7945,2,19,6,0,20,438,52,3,51,7,0,99,0,70,34,32,37,2,8,1
TCGA-78-7150-01A-21R-2039-07,749,27,242,8,363,1844,216,702,922,1,1,11,898,72,8,10078,577,546,9,477,6,1173,832,124,0,10,2157,14842,36,19537,9,1632,986,376,7,3654,415,4,106,29,1317,61,0,5,926,288,103,429,997,254,3166,3634,204,233,0,1304,967,16,4,6,53,9822,35,26,100,41,727,5,2,95,168,295,661,2108,45919,85,68,103,168,0,2,460,4433,120,821,106,86,840,592,271,53,15259,1737,37,449,11,44,2189,2569,184,298,133,32,548,271,7881,165,6,2,118,21,30486,119,134,191,181,410,248,881,34,1122,223,1560,18,864,0,0,74,7979,40,45,0,1115,814,4533,14801,57,24,30,612,27,43,735,2996,79,275,218,1,643,100,420,10,19867,1,109,395,3593,161,3977,1,16,13,498,0,426,32,89,62,1,6,4937,27,126,5,3745,1023,215,17,415,84,18,2621,2026,227,46,3015,22,9,531,47,4,15,552,1,114,165,18,15,701,352,19,327,211,6,30,1,9,75,11,395,3501,1196,370,13,39,12273,416,1,0,970,3239,10,0,519,1,66,2934,42,2971,1,1,3,9,1163,4,377,47,9,15,85,1221,7,4580,171,17,153,130,46015,2,2492,160,29123,1560,1,52,498,8284,1,192,1,558,0,0,46,2,0,0,2,21,0,6,17,0,6,189,853,0,7,14,0,1,15,1,0,5,32,12,4,4,3898,0,35,9,0,13,93,69,1,19,6,0,47,0,11,2,15,0,4,4,1
TCGA-95-A4VP-01A-21R-A262-07,293,187,518,33,1766,4417,1715,3810,1775,10,1,1222,348,158,63,4062,998,4066,7744,880,27,663,2401,23,1,93,5814,12897,927,9900,43,8716,1841,2217,1254,700,1048,7,242,234,716,2032,48,33,3599,1150,457,518,2927,2169,3193,14067,461,267,79,3446,6203,183,58,24,205,4478,337,247,307,2703,916,5,41,310,894,546,261,4724,25444,100,210,886,822,1,14,1021,3247,1090,2478,340630,65,280,607,1722,233,3982,308,366,1604,104,364,1102,4241,1567,509,452,984,722,933,13418,657,1195,104,338,666,10984,1420,1963,732,576,275,844,302,23,2898,102,5231,45,2526,20,59,585,1616,2636,14,78,136,663,6244,3548,26,458,51,4400,473,178,1062,906,238,3041,1451,154,1032,111,1423,127,20574,4,588,1581,7822,368,2619,114,334,359,1219,74,346,243,57,93,32,130,6008,461,1402,670,3165,652,403,761,712,471,778,1341,9012,1903,157,5901,271,120,93,1979,529,173333,2135,4,1121,155,50,270,1187,2320,497,2050,1934,194,89,15,6787,158,131,2342,3690,3156,3179,1300,509,13737,737,0,35,5876,1914,53,15,3038,2,151,2508,139,6925,57,48,464,52,3289,13,145,691,1,710,563,111,2187,3610,671,29,456,371,2920,10,1904,1560,1302,2942,273,20604,192,14987,3,546,2,581,50,4,99,93,9,4,4,41,4,0,146,1,125,4119,1819,27,52,61,3,86,7,13,12,74,82,7,15,160,11796,54,131,24,1,535,821,509,8,435,17,7,305,5,2055,71,99,22,9,17,1
TCGA-49-4512-01A-21R-1858-07,87,66,130,4,1268,1652,2869,695,1406,0,0,451,205,83,1,3692,442,496,160,218,63,531,713,34,3,6,3833,6027,45,9799,54,4549,431,630,280,831,698,36,635,38,545,313,1,12,790,202,101,119,1677,247,1640,1324,221,48,2,1695,604,8,11,0,71,2983,86,6,162,2111,972,8,2,91,383,221,10,1398,4927,17,50,131,169,2,0,1124,1578,303,1968,26270,44,167,726,303,8,2631,333,61,1089,40,35,1310,1425,430,416,240,13,311,285,250,28,116,60,227,144,4100,595,146,512,182,86,184,128,6,913,6,2647,2,857,0,1,48,648,97,70,11,361,401,4416,1268,11,25,13,3965,59,8,984,391,44,388,378,20,298,66,605,1,6408,1,196,481,1851,100,1993,0,63,359,610,5,174,29,58,9,11,1,2591,48,231,273,1108,163,168,18,402,64,53,661,2155,294,31,3281,206,3,372,160,5,820,432,1,767,22,19,136,400,288,61,214,256,2,151,0,2905,38,33,370,2006,2701,356,43,136,10069,487,0,6,718,3157,1,2,60,0,114,1521,755,4661,1,2,3,25,1462,1,105,99,22,29,356,283,538,3147,936,12,753,98,3570,0,419,251,1954,177,2,193,86,10429,1,662,0,474,4,3,204,17,0,2,4,6,0,11,18,0,24,339,56,0,141,8,0,4,6,0,0,23,11,4,146,9,3466,0,18,2,1,28,98,41,1,160,14,1,19,0,21,7,37,0,6,26,1
TCGA-86-7701-01A-11R-2170-07,180,21,196,4,180,876,106,293,696,2,0,41,545,72,33,2546,986,584,60,226,20,258,171,1,0,5,899,4102,13,6655,12,4022,556,462,355,727,365,0,47,27,543,211,2,3,398,147,119,30,1033,167,399,959,102,231,1,1284,2211,11,6,1,127,3733,99,52,85,229,284,0,3,35,422,41,24,1303,9202,89,31,265,236,0,1,168,1013,182,570,12614,33,305,152,381,11,3887,545,121,577,55,33,608,991,210,218,74,142,263,793,195,163,31,6,74,43,4994,72,293,259,207,228,259,268,9,287,12,1539,3,545,0,3,124,266,20,26,4,38,350,2444,3295,18,10,13,735,57,6,332,1018,42,225,827,0,349,4,451,183,14663,0,524,489,2737,21,1171,5,30,9,228,1,68,48,12,49,6,4,3008,63,203,26,2276,262,96,26,573,60,45,526,3207,405,135,1166,44,3,13,118,3,558,393,0,185,51,5,136,117,417,43,582,604,25,32,2,262,78,18,625,3253,767,559,1302,100,2011,610,0,1,1186,867,0,2,418,0,16,1152,46,1026,0,1,4,0,1616,8,239,22,3,73,54,94,287,1125,31,15,644,141,6060,0,1405,222,240,518,3,162,117,3065,0,85,1,641,2,0,30,3,1,1,0,6,1,2,11,0,17,337,6,0,2,4,0,4,10,1,0,6,1,3,4,3,6268,1,11,4,0,59,118,41,1,54,0,1,56,0,28,2,33,16,3,8,1
TCGA-55-8513-01A-11R-2403-07,108,95,653,77,1809,6995,4162,2559,2478,47,13,179,442,282,52,1729,1691,1585,23055,903,39,1104,1512,32,3,58,14628,15778,20,3957,56,6594,2934,1252,1538,649,1549,18,340,103,459,122,39,23,2675,483,267,1330,2764,514,2842,8919,435,874,32,2606,3910,143,206,53,171,6642,515,174,444,3470,956,61,58,186,1160,462,680,4671,16112,156,390,939,393,28,69,944,5819,937,1342,205540,268,176,250,497,90,1188,223,1373,2161,89,205,1799,2868,581,806,356,161,1345,1450,15636,520,2366,242,94,322,10262,970,2704,703,588,278,1118,104,20,12821,232,10652,152,1751,8,37,1074,384,338,66,63,42,967,5255,398,278,770,56,3044,191,332,1608,2115,685,1000,1888,43,579,109,1047,188,9167,5,513,722,4797,524,1481,137,453,447,180,140,38,220,92,216,49,225,9874,272,737,1102,748,843,225,367,760,237,1698,2008,628,755,791,4406,754,223,186,1446,381,53048,2903,18,612,444,42,610,1254,684,77,1179,1446,148,244,17,22297,164,124,1198,3632,101,1270,347,601,7135,266,7,98,3252,1172,25,8,2644,25,108,661,55,6475,6,133,1663,72,8841,24,27,308,0,148,190,169,6224,3881,1254,49,1537,222,3737,10,2629,712,3541,1341,40,20111,31,9125,30,1955,27,1491,28,15,114,125,16,21,2,23,10,0,45,3,136,3251,691,36,40,61,1,102,18,13,29,62,41,11,143,83,9954,97,78,14,5,46,506,378,5,287,10,6,228,8,667,183,65,34,8,25,1
TCGA-55-8206-01A-11R-2241-07,337,250,315,7,4832,8968,3267,8625,7099,104,6,52,865,617,28,3921,2255,1631,4008,1865,105,2562,1871,373,14,198,11691,48975,455,12577,356,15936,4453,1851,1806,2578,3195,38,1615,152,1539,230,8,40,4512,656,262,1181,5326,661,4322,6936,537,332,73,7329,5318,142,459,44,804,23971,1275,191,290,3410,1302,16,7,580,1111,336,127,9248,34909,344,544,1138,404,28,73,1587,13909,845,4054,34439,236,375,581,1039,932,3996,821,407,9444,301,220,2565,6928,749,717,427,393,1217,1979,43687,642,1424,154,486,1369,9759,1086,8094,1217,1159,367,908,123,14,2791,63,14125,57,2359,4,16,2218,152,195,107,38,90,1320,16678,429,246,159,62,2481,213,208,4455,4132,763,1112,4903,41,1000,41,2411,564,20143,19,3564,1516,5956,595,3511,56,341,2640,519,71,129,270,225,100,26,94,16866,471,999,450,2276,3781,236,1363,1315,654,359,3432,5471,1104,396,15884,819,166,478,1204,436,271070,3883,12,1487,256,59,1037,2705,1313,215,1969,1940,127,1195,32,12671,415,210,1754,7530,4026,1406,468,1665,13558,958,1,11,2703,4294,34,55,1331,44,303,1426,3473,6943,8,20,345,52,9216,16,100,375,244,84,590,333,10853,13141,2769,34,7573,1298,6159,4,10380,744,14747,1785,348,10977,29,11234,5,3834,4,1733,25,4,267,19,2,6,5,27,39,31,59,1,123,3263,642,4,36,216,2,24,27,6,0,613,2086,36,249,404,20061,6,63,13,5,316,292,698,10,479,6,0,377,0,316,69,233,34,21,69,1
TCGA-44-7660-01A-11R-2066-07,614,24,180,11,418,3196,514,451,1292,0,0,201,338,107,8,3941,369,693,24,138,4,744,768,56,1,368,1985,4529,34,14010,26,4771,637,363,100,1839,1095,8,330,1516,2447,166,3,73,2055,183,191,150,1196,1589,1685,985,628,1548,6,3056,3164,11,7,5,90,7809,214,19,609,187,184,9,31,100,538,61,10,1234,4467,44,44,101,118,4,0,600,2941,250,2978,244,28,4196,580,175,575,6688,936,216,571,1919,53,1057,1025,2342,236,183,53,810,418,160,63,4,4,40,25,2991,336,361,560,193,79,202,1012,36,817,126,1544,43,813,2,5,47,2306,64,5,11,371,991,4442,2232,7,54,82,630,50,50,1636,164,394,228,167,85,179,12,370,31,31117,0,7,223,3026,200,3249,8,43,20,1142,3,393,56,23,15,474,1,1730,44,148,14,2163,1164,225,125,575,78,65,1899,1677,200,113,676,129,16,100,134,8,73,1095,27,107,587,13,268,84,233,5,392,322,16,53,9,228,55,26,334,2959,2315,424,616,379,5884,1157,14,5,640,2337,22,366,1937,0,59,3086,17,2121,2,3,0,43,16584,6,456,50,0,287,58,1003,59,1772,300,3,275,182,6686,1,569,140,69049,322,1,444,88,8281,2,200,0,1676,1,1,269,1,1,0,3,14,2,8,20,4,59,276,521,1,2,8,0,13,1,0,2,357,37,2,9,7,2747,1,75,1,0,83,367,21,0,250,10,0,476,0,35,56,16,2,2,16,1
TCGA-95-7944-01A-11R-2187-07,642,40,294,22,103,4160,334,837,815,0,0,13,633,87,5,8154,912,951,12,613,74,693,347,3,1,117,2267,3311,2,22085,24,2518,769,1136,4,5553,727,6,347,47,1473,41,0,5,635,396,153,546,1851,493,3284,3938,437,64,0,3785,4652,56,12,0,58,5291,114,5,171,1625,293,0,1,204,22,355,38,12953,25610,210,219,191,202,0,0,1293,2526,659,2291,76,61,2012,677,411,43,6178,860,93,157,12,81,1370,1194,325,331,474,22,586,1659,1832,334,4,1,126,115,9918,27,315,541,880,16,1676,590,15,229,24,6720,1,1849,0,0,272,2517,142,97,1,315,593,2566,17681,31,2,25,834,99,2,2147,1381,4,487,1124,13,380,45,632,28,15480,1,3,317,4337,57,5454,2,130,14,1278,3,948,53,65,64,19,7,7300,77,222,1,2937,134,56,3,749,51,32,2789,1571,287,167,7306,111,39,115,101,45,54,434,0,52,53,74,84,169,504,29,623,1182,28,149,2,0,860,38,885,2377,2169,952,10,19,35246,768,5,34,1346,2993,0,0,227,0,18,8467,15,10415,1,0,5,1,1649,0,382,194,9,139,164,1707,515,4937,563,18,1914,120,6574,0,1815,395,306,732,0,363,250,2622,0,413,1,435,3,3,53,0,3,0,0,23,1,29,27,0,30,160,1836,0,1,17,1,0,15,0,0,63,23,0,5,7,7135,0,17,2,1,488,101,145,2,67,56,0,24,0,13,3,1195,0,17,11,1
TCGA-L9-A743-01A-43R-A39D-07,336,78,703,1,979,4046,3303,1115,2176,2,3,63,291,183,52,6157,1318,1442,741,654,24,665,963,24,1,21,9180,13156,18,9484,31,8834,941,948,1457,1895,1327,14,163,61,1044,106,7,4,4011,596,196,786,3268,571,4053,5399,434,407,5,3314,5638,45,17,5,175,9097,298,91,179,814,630,10,7,186,731,349,126,7760,23719,92,126,473,486,1,3,899,3506,891,2047,164618,107,367,788,553,188,5125,923,285,1707,124,123,1647,2178,480,484,357,86,795,1168,11926,343,1117,44,122,329,10845,374,940,568,845,95,764,238,16,3650,23,5855,15,2364,1,5,401,141,412,34,30,109,1203,5363,5946,64,71,44,2155,174,45,1535,1530,373,751,2184,17,544,30,1312,19,14281,3,696,795,5955,198,4248,1,226,224,1718,5,340,152,65,63,14,19,9263,350,500,913,2070,723,82,93,1011,189,168,1831,1216,490,215,5724,370,74,107,1346,237,88559,1461,3,814,198,33,472,1066,775,162,2109,812,38,180,1,4419,79,95,1862,4987,1736,1582,71,211,11013,823,7,52,3260,1900,0,2,475,2,114,3503,146,4960,9,22,157,42,3915,3,140,213,8,758,219,686,1097,3795,362,10,2226,464,5656,0,4363,525,2497,1227,57,1655,161,12994,0,578,2,600,7,0,134,162,0,0,3,19,1,12,50,1,87,629,242,2,19,23,1,24,12,8,5,16,25,7,50,25,11635,9,63,8,4,123,410,96,3,165,7,1,150,1,154,43,26,35,30,21,1
TCGA-55-7995-01A-11R-2187-07,823,30,449,4,1134,6448,2510,581,1946,4,0,49,1021,156,15,8064,1549,779,202,374,3,416,535,5,6,20,2762,29995,12,13024,39,5620,773,1508,680,4257,2088,6,1186,59,2066,185,0,13,2222,333,147,408,4702,362,1653,1889,1382,518,34,4696,6894,75,26,3,397,11590,743,31,148,927,291,2,68,103,1374,63,437,1758,8043,83,70,420,219,0,2,904,12072,609,7755,10306,61,1917,764,421,125,8995,1408,295,2000,47,84,2126,2158,266,498,214,201,626,2979,4837,197,150,20,109,124,25894,305,1609,928,1217,258,222,1271,19,2129,93,3692,67,2525,0,1,285,2258,360,346,72,310,1483,6866,254,84,96,79,941,137,78,1951,743,4523,517,4082,153,437,8,1039,19,38871,1,38,536,4698,129,5933,6,67,190,1388,4,911,85,89,210,21,0,8350,130,228,109,3948,2501,92,128,1203,200,54,1034,2737,380,138,1881,323,60,280,210,11,2641,1852,10,300,380,20,225,114,544,35,1556,2148,50,212,9,851,155,32,1019,4632,297,1002,41,126,6922,278,0,25,2071,3907,31,4,833,1,189,888,48,1667,0,16,17,227,8800,6,417,161,8,48,100,1676,688,3121,216,36,3654,186,23896,1,3072,385,135464,1167,1,888,5,28584,3,1115,0,1130,10,1,188,46,0,2,1,23,0,32,32,1,81,333,126,2,5,20,2,29,23,6,7,29,19,14,13,27,8701,16,35,3,1,33,139,178,3,222,8,1,159,2,79,85,18,25,18,13,1
TCGA-97-7554-01A-11R-2039-07,376,55,295,5,1046,2691,1639,1364,3289,5,3,378,260,230,103,5186,2027,1643,1171,594,21,1911,730,15,3,10,5119,10093,174,13102,34,12680,1319,946,1640,4584,999,8,180,67,2552,64,1,9,1176,289,225,278,1796,413,5951,6120,329,230,16,2345,2686,41,7,3,111,11344,650,81,173,1228,5235,2,5,104,1327,127,69,4280,16749,111,171,592,477,0,2,830,4266,425,1478,213214,46,539,660,718,27,7752,1498,140,1692,62,83,2218,4899,425,537,375,56,941,1118,2039,477,366,18,273,163,13740,1067,1005,472,399,176,553,97,15,652,48,9016,6,1602,2,5,273,123,153,15,16,174,654,4683,5635,46,70,41,3645,83,49,761,2653,99,838,1317,16,540,61,1133,19,27174,0,45,1488,7229,137,3795,22,51,53,548,7,166,105,89,54,18,7,10515,133,482,2820,1923,1162,66,69,1008,228,118,1418,2032,760,99,6018,133,21,75,356,78,17138,1352,1,174,122,32,450,903,747,123,1211,929,31,160,3,4609,139,19,1708,5897,5448,1318,74,221,12881,796,0,7,3082,2285,1,4,1014,10,98,5002,136,3528,10,4,61,42,2565,1,106,142,6,47,193,524,1974,5908,703,17,879,331,12132,3,1489,587,1484,969,8,1913,68,10263,2,527,3,495,10,0,108,108,10,0,3,9,3,2,45,1,30,616,33,1,19,13,1,11,15,0,1,16,46,7,13,10,14392,6,22,8,0,45,172,50,0,186,3,1,130,0,187,23,118,34,12,23,1
TCGA-50-6673-01A-11R-1949-07,260,85,551,1,646,2438,2409,1317,2410,9,6,71,388,447,20,3158,2009,783,575,1430,4,691,763,28,3,22,1891,11656,7004,14469,86,5320,869,690,352,2826,832,42,189,45,846,72,2,3,2001,413,149,1230,1472,482,2996,2243,159,134,1,1675,2025,42,30,2,101,13017,431,162,211,954,1541,0,6,148,319,68,63,4455,21716,50,212,567,432,1,3,514,2641,690,975,33561,27,448,664,467,98,4117,491,967,2108,80,53,1411,2905,639,689,289,114,631,812,1257,114,201,17,112,203,9087,257,411,341,388,86,1127,95,7,1313,56,4356,6,1776,0,5,452,1615,1549,432,117,130,993,6502,4861,129,41,17,1295,89,20,739,2062,118,846,1469,11,461,236,946,73,34482,1,1159,882,4257,120,3707,147,49,74,587,38,101,97,73,31,14,106,6422,127,1078,198,867,854,173,317,1061,330,221,2366,2466,737,2087,6259,91,111,329,720,60,5601,904,14,421,434,28,111,505,559,142,1183,666,23,81,7,759,256,58,1288,4203,2998,1171,197,332,7240,591,6,55,2490,1717,2,5,366,1,53,2425,224,1575,0,4,32,14,3453,15,99,125,8,119,138,227,4491,3911,155,6,826,525,6430,28,1961,471,1876,1122,3,358,115,5722,1,299,1,399,12,0,71,4,51,2,0,8,2,31,38,0,54,1453,33,21,6,50,0,9,3,1,1,3,67,9,31,4,8462,0,55,10,0,156,3045,105,1,145,0,1,146,0,72,16,94,9,37,19,1
TCGA-49-4514-01A-21R-1858-07,131,116,323,4,240,670,108,249,782,2,0,40,316,39,4,5197,709,597,240,304,1,105,437,109,4,3,1930,2350,65,9477,14,2752,294,568,101,1692,241,0,24,48,857,14,2,1,1099,178,139,76,1012,277,1120,1411,325,208,0,1287,1663,15,6,0,52,1556,31,25,58,161,169,0,5,40,261,92,35,958,7486,17,15,219,246,0,4,619,2203,916,538,4688,17,354,292,274,16,8716,611,227,266,9,39,1698,248,665,131,171,26,184,410,1514,121,142,2,19,33,12619,80,591,573,132,622,131,204,10,266,27,1728,3,834,1,2,24,2722,242,92,1,128,239,2252,4149,18,8,8,892,111,10,1005,226,23,708,186,2,227,3,381,8,11711,0,7,300,1735,261,3239,3,46,13,1010,9,405,40,8,5,7,16,1450,55,394,14,181,460,19,20,538,12,38,415,11991,458,53,469,40,16,1563,146,5,4217,353,40,212,20,2,14,188,236,7,413,302,22,25,3,198,12,16,1435,1110,4185,707,21,21,4315,243,0,14,1263,1593,1,0,230,0,21,2818,18,951,2,0,125,3,2264,0,151,49,0,64,66,131,322,1128,137,4,370,101,2448,0,1604,300,44360,241,6,446,216,6272,0,251,0,74,6,1,30,1,1,0,0,1,1,2,29,2,3,304,72,0,11,6,3,2,2,2,0,6,3,1,43,2,4080,2,72,3,0,17,160,30,0,65,1,0,27,0,57,4,16,6,0,13,1
TCGA-NJ-A55A-01A-11R-A262-07,137,125,109,96,1332,2983,240,4001,1492,37,10,137,505,173,9,1671,443,525,619,909,60,661,708,52,1,170,3813,7460,118,4314,27,3342,2616,613,443,800,1643,15,45,42,884,50,0,11,1285,177,78,308,1119,278,1088,2181,230,375,10,1732,1958,137,29,5,74,4358,191,55,419,471,1131,10,6,118,462,72,156,4614,10162,148,133,279,942,1,26,469,4463,356,1607,62570,63,193,233,495,53,1723,270,267,891,78,88,669,3218,263,409,104,95,327,737,5499,251,340,196,159,734,6061,760,606,673,330,80,560,84,16,3469,28,2177,55,631,0,57,446,267,117,18,18,25,329,3915,251,66,6,35,1393,118,83,1259,536,714,613,1960,69,377,11,536,103,6238,0,1035,690,2136,107,1687,3,198,637,201,44,57,142,53,19,6,6,6263,73,469,1067,772,668,261,285,465,224,295,978,344,438,89,9062,102,5,122,697,147,73749,1091,4,618,148,56,240,593,586,201,591,722,8,109,12,1973,89,115,688,1536,958,520,71,635,6102,118,2,373,928,758,0,1,100,12,206,374,32,2220,3,12,59,134,6360,1,30,187,2,151,344,226,5279,2730,709,12,855,213,1946,0,2544,287,6611,609,81,734,19,3401,4,82,1,870,10,0,207,51,0,0,0,23,11,2,10,0,48,1669,101,1,2,29,0,1,4,3,2,6,74,9,202,45,4024,26,20,12,1,128,167,85,2,128,4,0,85,0,73,36,117,7,4,31,1
TCGA-78-7160-01A-11R-2039-07,450,70,709,11,1515,2958,1354,1822,1875,7,1,77,529,196,36,7569,2772,1322,5510,804,53,889,971,35,2,25,5746,14792,985,8826,39,7074,2428,917,713,3350,676,5,442,70,1221,36,15,15,3200,671,215,562,1556,428,5308,10460,329,471,24,2231,7018,68,264,9,194,10609,227,144,164,2827,1107,19,17,148,852,244,185,3938,22265,157,214,996,518,1,15,449,4017,690,1257,70778,127,316,466,467,249,6058,871,125,1737,74,82,960,3730,521,740,326,222,659,1469,4840,548,407,116,120,373,19217,435,1334,403,671,171,1114,126,40,2060,90,6396,29,1514,1,10,720,378,639,613,37,126,776,5549,11305,279,114,14,2136,146,168,912,1896,257,869,1650,58,729,127,890,110,13089,2,318,926,5719,236,3786,54,253,63,265,49,150,120,98,110,42,25,8567,204,685,501,1288,561,138,264,818,150,378,1904,5034,810,444,5718,175,196,117,1133,127,20548,2786,14,367,260,25,240,596,797,146,1822,965,86,102,7,6730,528,129,1525,5398,1126,1594,322,200,7334,1296,9,6,3110,2037,23,7,1337,13,116,2659,98,5230,8,13,1337,46,3770,20,273,126,10,579,133,213,2038,3390,506,68,1482,401,4813,4,1600,558,1776,1091,4,6293,168,9670,1,632,7,875,14,2,147,6,9,5,2,18,7,9,36,1,56,1502,198,8,64,31,1,55,24,1,3,70,46,9,8,32,11112,3,71,7,3,172,220,368,9,133,4,3,228,7,291,34,62,10,15,22,1
TCGA-55-7727-01A-11R-2170-07,196,2,123,7,970,2470,448,414,1051,1,6,68,225,86,14,3805,695,164,2045,315,6,388,43,21,2,5,4336,7497,93,9516,14,3661,555,121,459,1186,609,4,58,18,749,67,4,6,600,94,40,156,558,40,1878,1981,52,317,9,304,911,23,83,8,90,8247,163,25,40,2465,4844,11,10,51,625,167,147,2665,8027,37,43,253,145,0,6,213,1758,53,405,153890,117,445,423,194,53,3809,625,83,1992,31,14,206,709,123,110,41,91,280,552,8873,168,1105,89,36,58,13022,560,778,181,191,96,381,142,1,978,97,4869,9,347,5,9,144,125,163,3,28,120,498,2595,2895,55,22,5,1048,44,59,523,585,118,97,1103,1,187,10,230,28,5752,1,435,303,1841,34,2593,14,28,56,117,1,40,52,18,48,6,4,4485,17,227,933,2754,705,40,120,706,53,77,1062,665,227,188,762,64,39,64,100,46,9273,432,0,366,91,7,136,124,242,97,296,425,42,50,0,4541,70,29,212,1402,1012,309,62,65,1583,706,18,3,538,1355,4,7,710,5,18,671,64,785,6,5,196,22,1761,2,239,14,17,13,20,379,1128,1631,451,16,593,109,7311,3,1226,117,682,391,1,1340,85,7686,0,103,6,323,0,0,38,7,0,0,2,22,0,9,16,0,60,529,30,0,46,9,0,7,3,2,3,29,44,13,20,3,3357,3,32,2,2,49,74,94,6,164,2,0,57,2,24,28,16,18,5,13,1
TCGA-62-A46R-01A-11R-A24H-07,358,20,280,7,674,1787,1726,396,934,4,0,24,122,119,1,3825,831,399,11,218,13,838,436,4,16,5,2089,5022,3468,11465,58,12678,1314,295,10,1460,1115,16,224,41,1075,67,2,15,1527,206,54,449,3506,140,7746,2478,277,94,0,2630,2248,30,15,0,126,8413,83,36,121,201,467,7,1,38,605,534,4,2534,13568,46,54,263,214,2,0,794,4010,390,1315,18249,26,614,783,201,32,7690,1636,211,1116,70,58,1857,679,243,275,177,23,319,613,869,154,17,2,67,121,11183,1416,558,465,229,139,268,342,21,897,65,16666,2,875,0,2,156,515,54,47,11,91,385,2131,4186,70,1,8,571,144,18,530,1700,54,243,937,4,272,2,670,8,13702,0,4,355,2290,93,5754,0,45,27,1483,4,173,96,20,24,1,3,10033,77,307,27,1914,158,144,18,715,50,94,1131,1510,354,140,1928,285,16,226,227,4,41,1422,0,975,57,8,73,3848,337,81,587,473,38,188,4,20,63,63,629,1800,5616,543,28,121,3114,1861,0,31,696,3594,0,0,618,1,56,4362,751,1062,2,2,16,10,2149,0,217,31,55,18,244,507,989,3456,400,10,1594,300,5843,0,1308,153,345,360,4,219,79,12625,1,521,0,294,9,4,69,2,0,0,5,8,0,26,45,0,77,329,121,1,74,25,0,9,4,0,0,10,17,7,87,2,5236,0,30,2,1,15,124,105,0,71,4,0,37,0,31,51,28,2,34,15,1
TCGA-55-7907-01A-11R-2170-07,279,17,82,1,920,1117,726,513,613,4,0,11,146,71,19,2747,613,425,10,241,14,1222,374,19,0,14,520,5190,1,6448,10,9840,1065,428,32,731,491,0,239,23,360,18,1,8,907,154,93,303,1883,155,2238,746,398,55,0,1932,1465,18,7,0,31,7949,265,20,56,2105,197,5,1,112,565,346,14,5085,8137,60,53,120,144,0,17,408,1383,256,712,18900,20,183,316,242,37,3756,628,2114,790,20,40,1184,1233,242,334,82,24,450,579,345,63,4,4,69,115,11370,258,253,262,278,9,164,108,6,730,98,2888,2,564,0,1,126,1943,77,10,3,83,419,2339,20771,18,10,8,785,39,8,374,1214,50,189,1073,0,260,321,456,14,11381,0,37,316,1585,92,3386,2,52,26,386,0,128,29,50,22,79,2,5822,24,159,4,846,170,60,40,426,40,22,793,661,250,55,1713,115,0,17,70,2,63,696,0,343,15,5,39,102,234,22,347,359,15,39,3,50,84,21,705,1803,2618,343,21,88,4594,380,0,8,889,1196,0,0,275,3,47,1492,24,1446,0,0,1,7,1657,0,96,66,1,55,108,245,503,1846,683,8,571,110,5946,0,779,175,666,557,8,472,622,13664,1,278,0,238,9,1,54,13,1,0,0,3,0,12,12,0,67,347,1028,0,150,2,1,37,0,2,0,2,7,2,11,7,3885,2,17,2,0,37,183,31,1,180,3,0,28,0,16,7,40,0,11,15,1
TCGA-44-2662-01B-02R-A277-07,619,2,50,9,707,959,435,210,1237,11,3,4,339,162,3,1085,1201,126,235,402,36,387,69,46,39,28,344,4346,13,1869,7,2362,667,39,76,2362,180,10,121,5,233,17,4,14,326,92,44,90,4114,15,3377,1260,555,105,3,358,150,25,29,13,237,4502,435,39,108,77,541,10,18,6,464,2,92,1259,4405,799,69,152,148,12,9,122,785,14,377,457,264,1455,101,383,27,2807,775,18,510,31,17,113,387,28,47,32,57,617,316,105,915,17,36,32,2,3315,200,1210,191,215,132,328,200,2,366,64,2378,72,286,6,9,226,30,11,13,16,8,265,4834,1011,26,23,11,131,100,32,166,1921,107,102,1206,0,187,5,457,19,5061,66,24,392,3767,16,1416,1,14,19,83,7,26,55,19,294,28,2,4787,0,231,394,1840,320,90,11,337,107,49,1016,302,240,31,116,59,7,36,33,4,2,381,0,26,80,8,178,65,701,8,392,355,45,67,194,306,211,615,127,3402,73,157,141,53,972,500,1,8,431,518,23,15,728,9,20,95,91,321,31,15,15,1,487,7,291,7,22,1,33,1075,63,558,245,30,254,172,8531,1,562,58,51,285,5,69,619,1731,1,531,32,190,2,1,391,27,2,11,11,71,1,21,23,0,160,113,19,3,81,34,1,63,12,4,16,32,17,45,20,1,2708,3,28,2,10,17,92,53,4,130,0,4,124,7,15,4,141,0,16,759,1
TCGA-44-6779-01A-11R-1858-07,261,7,216,2,408,1386,112,271,745,0,0,19,55,38,3,2739,513,693,0,253,6,645,200,2,2,4,369,4345,1,8013,16,2427,93,396,3,1203,265,5,97,23,570,15,0,1,350,53,86,84,974,141,7593,23966,232,24,0,2316,1243,4,3,0,18,5991,43,41,51,394,237,0,0,7,33,1,2,8266,11172,89,25,305,133,0,0,202,1802,338,787,67,6,647,136,290,14,2626,320,45,305,22,20,1310,954,220,88,145,26,600,1060,22,99,3,2,8,5,13640,8,178,233,342,7,365,118,4,11,9,4177,1,540,0,0,33,317,49,59,2,95,274,3258,24797,30,3,2,642,50,94,638,806,36,292,1018,0,314,3,600,0,10655,0,1,282,3580,1236,1578,0,44,5,391,0,123,51,33,7,22,0,7836,40,140,0,951,133,12,4,390,26,8,397,828,302,15,779,52,3,17,128,7,33,2986,0,0,2,5,161,196,403,19,907,620,23,68,8,2,282,42,666,3320,114,514,16,22,6566,115,0,0,1053,2741,0,1,133,0,38,2343,9,691,0,0,0,0,1646,1,213,63,2,632,32,140,3,1254,20,4,766,106,10134,0,875,215,28,373,0,12,161,8599,0,422,0,111,1,1,20,0,0,0,0,1,1,0,16,0,2,80,5,0,12,2,0,1,1,0,0,6,2,4,1,1,7841,0,142,2,0,10,50,2,0,24,1,0,34,0,19,20,21,2,5,4,1
TCGA-50-5055-01A-01R-1628-07,117,62,396,7,655,1627,1057,2039,1662,7,1,37,170,109,8,2244,2667,1399,135,755,58,357,865,25,3,20,1982,3249,21,5784,51,2605,1800,1405,485,707,1368,6,72,82,430,52,0,4,2166,355,125,122,1085,471,1808,2470,125,264,19,2581,5694,25,4,20,149,5134,202,89,188,361,676,46,2,143,97,135,53,2679,8593,144,117,545,436,1,6,646,2460,1267,2023,5548,81,202,228,649,35,1661,261,339,711,102,85,389,2342,990,761,238,99,387,1626,2085,178,187,46,287,244,5347,194,378,879,430,57,823,66,17,474,29,2692,7,1523,1,10,305,380,168,79,18,54,751,3093,448,40,161,39,1639,243,99,970,377,51,702,2580,6,876,56,969,31,8808,1,551,973,3415,108,1605,0,40,63,179,15,86,90,50,34,8,8,6116,184,879,39,904,174,84,42,621,153,117,803,399,952,93,8464,155,3,143,668,12,6325,771,1,126,108,39,255,404,918,144,2082,718,26,69,3,1195,90,80,1412,2724,640,1428,69,334,6727,79,0,31,2083,1498,1,1,174,1,81,1293,290,4297,0,2,212,48,3111,2,48,138,6,54,356,125,2865,2201,231,33,1335,171,2688,0,3006,569,877,738,11,416,15,2259,1,175,0,406,23,0,53,133,4,0,6,4,3,9,33,0,6,1083,67,1,13,36,0,9,22,1,1,11,24,6,71,2,9191,0,45,2,0,96,459,66,1,217,6,1,119,1,146,28,46,52,14,16,1
TCGA-67-6216-01A-11R-1755-07,275,25,120,2,1846,4468,2826,286,1027,2,1,14,87,49,54,4677,543,431,83,436,1,492,209,18,15,9,5527,5008,3,6703,24,10826,361,366,194,1554,850,11,184,40,849,35,0,14,636,69,35,163,1279,117,998,771,1243,115,9,2509,1541,30,28,1,40,8233,281,11,50,429,284,2,1,76,231,87,342,22882,7396,14,27,176,106,0,4,772,3773,153,1034,444357,187,326,353,124,27,3935,508,110,983,21,28,1507,669,183,598,85,23,375,429,8046,50,146,18,40,83,15624,192,671,253,279,15,145,192,0,366,103,13400,3,433,0,5,123,828,60,34,289,67,341,2951,1841,36,5,12,402,92,55,1630,556,100,245,544,7,155,84,512,69,8728,0,8,277,1252,104,2340,1,22,10,467,3,89,46,27,7,66,1,7350,39,158,1206,2354,738,67,25,397,44,119,1461,1667,222,56,1400,143,2,62,188,11,1048,4884,1,656,27,4,396,69,217,12,1582,263,11,193,1,2087,40,30,399,1086,903,401,61,190,4932,416,1,0,543,1663,4,0,98,0,18,492,316,1878,0,4,22,12,2898,2,71,58,3,48,76,74,834,5705,64,8,1265,133,7683,3,9415,148,1429,344,2,320,74,7392,0,243,0,195,7,1,43,0,0,3,2,2,3,0,24,0,18,314,40,2,8,9,0,17,6,0,0,13,15,7,17,3,4192,0,37,4,0,32,64,17,0,208,0,0,41,0,28,9,20,0,4,13,1
TCGA-05-4415-01A-22R-1858-07,730,7,241,8,145,1345,162,186,750,0,0,14,67,36,20,6138,870,467,372,548,3,1156,171,1,2,2,2611,2387,4,19468,23,3056,196,304,171,3092,133,0,164,27,2000,199,5,11,544,135,67,594,6640,426,2235,7865,305,60,7,2921,1194,17,5,3,34,10252,82,15,23,531,153,1,6,50,404,99,53,7191,38378,28,531,213,142,1,0,357,7638,194,434,25549,147,1201,732,188,73,18001,2423,49,413,425,26,438,265,84,81,98,46,506,471,1367,392,104,19,12,6,20529,31,878,112,445,411,755,646,22,2747,51,5979,6,815,1,4,112,591,300,37,6,610,537,3689,9936,52,74,3,531,39,96,645,3102,190,348,101,10,175,32,557,1,29238,0,35,227,2949,180,3823,9,69,21,729,3,578,53,230,26,15,4,5945,37,121,69,7135,130,49,23,237,13,39,889,411,171,70,168,36,42,7,132,42,1533,9769,0,12,39,8,56,1466,194,39,385,395,17,46,3,2524,84,52,351,1891,3269,405,16,16,12792,410,0,1,1056,4035,2,0,369,0,10,3964,52,644,1,7,65,9,539,4,811,54,0,89,22,115,45,5210,151,4,386,106,15719,2,631,140,72,8655,0,712,253,3468,0,163,2,108,2,1,29,0,3,1,1,42,21,5,17,0,9,81,113,0,10,2,1,2,4,2,5,2,3,0,3,0,4177,3,19,1,0,23,87,69,0,26,10,0,37,1,7,38,107,3,9,14,1
TCGA-86-7713-01A-11R-2066-07,1790,232,1850,67,863,3245,1450,527,1111,0,0,19,223,148,171,14854,2110,1174,339,506,11,720,271,9,1,2,4695,19463,16,20737,17,7144,651,675,367,7985,458,0,77,35,3718,61,13,1,1979,412,187,1007,9137,1714,1523,2198,1799,731,0,1121,2712,33,12,3,107,9636,150,101,80,724,600,1,6,81,965,235,75,4118,72096,71,55,476,373,43,64,240,5576,413,625,58703,22,2674,2218,407,230,10340,1960,113,3212,28,100,4993,978,392,201,247,164,334,794,1737,217,269,191,71,21,61394,983,738,351,219,386,987,638,21,5911,54,4459,13,1482,1,2,368,4329,601,3,41,114,345,2779,7333,266,29,10,1420,97,25,493,3323,235,865,628,4,438,10,583,20,84725,0,3843,937,2913,103,9394,12,33,45,7119,4,954,90,30,200,13,20,11259,190,916,104,4102,5217,281,225,881,133,261,5699,34980,521,310,1092,70,105,80,162,29,1622,953,2,154,106,3,309,414,570,18,888,758,139,83,3,32788,171,36,1672,3107,10101,1160,63,271,3715,422,0,1,3564,4736,4,6,1585,2,56,13118,109,1251,2,7,773,14,5162,8,582,94,0,116,45,329,954,3335,141,4,552,281,14383,1,1086,486,258,4463,0,1191,212,11161,1,500,1,416,8,0,88,9,0,0,1,19,1,0,23,0,74,415,85,0,46,6,0,122,6,17,1,113,46,6,3,20,10217,1,69,8,1,32,220,271,3,90,5,0,224,1,48,24,53,9,5,39,1
TCGA-86-8073-01A-11R-2241-07,592,170,489,14,2573,6340,4257,3433,3609,24,15,1059,773,520,215,13374,2224,1901,2115,1050,50,2115,985,98,4,104,4441,32703,188,29702,85,17446,2203,1242,1110,3288,3762,24,261,150,1642,114,9,33,3405,425,315,2936,16168,1414,16313,11465,806,187,16,3179,3683,125,309,13,173,29709,422,220,255,20189,6298,3,29,444,4091,865,229,13010,22145,271,526,840,563,4,19,2102,4514,568,1721,57106,218,1010,762,1337,192,10535,2392,471,1857,214,255,5270,7819,594,660,587,284,957,1859,7273,639,427,181,426,744,50034,4031,1279,1126,617,239,1212,153,12,2797,283,15787,96,1797,7,13,1035,1821,308,58,48,193,1766,9723,4418,179,101,134,3837,198,461,1339,5154,1512,1382,3197,25,994,28,1445,190,32559,8,3398,1276,5890,204,7250,85,499,148,1690,27,251,274,128,105,49,21,14256,225,1061,665,2403,2331,206,755,2613,402,747,2194,2935,859,596,14398,496,135,182,542,233,49471,2517,10,608,196,105,371,769,1445,475,1288,1610,116,438,118,20909,338,273,2715,4262,1027,1820,395,668,10381,1434,1,18,2899,10127,48,25,2941,31,320,7657,212,5644,45,20,87,96,19591,7,360,285,29,62,350,890,8939,8412,2424,38,1270,1441,13218,9,1794,836,35245,1364,243,4632,81,11159,6,636,3,812,39,3,153,104,0,2,3,48,10,33,53,14,194,2847,1285,19,43,35,2,33,33,4,7,438,73,24,83,129,12518,17,130,19,2,307,435,304,7,195,19,5,269,2,499,420,169,10,20,46,1
TCGA-55-6969-01A-11R-1949-07,647,39,440,25,652,4698,2766,949,1631,2,1,54,593,301,1,11059,9319,1129,3855,318,32,710,953,19,0,52,2967,12964,3,13344,31,6884,1586,1144,610,2928,1935,9,664,83,1125,1398,0,4,1357,443,192,658,2168,513,1587,3628,1052,646,2,5478,5616,25,33,66,746,13444,181,20,260,572,1314,38,6,132,687,123,128,4096,12294,111,36,226,371,0,5,790,3155,412,2030,302,143,1245,700,564,18,11984,1959,530,1747,73,62,1577,5507,581,644,401,36,852,1530,808,234,5,12,199,29,13803,65,759,556,842,87,183,1125,6,89,119,4947,6,2363,1,7,63,1173,58,25,31,273,1178,9712,984,23,13,82,1709,1544,96,1541,1257,205,917,768,5,774,0,1522,17,60246,0,220,649,6154,67,4415,3,59,18,2799,0,528,111,38,236,29,31,6893,12,209,58,3220,1887,110,54,1148,83,31,1976,6193,491,18,4101,166,1,44,106,1,74,582,1,424,265,32,95,242,594,44,793,889,345,127,0,262,117,405,1302,6001,2328,801,410,149,16246,1098,0,4,1937,4910,0,2,725,0,209,7569,53,6298,0,0,1,84,5396,1,346,111,7,379,258,736,62,4765,76,14,1602,321,11393,2,4776,495,2439,1482,1,141,18,7555,2,547,0,873,8,0,103,0,1,1,4,9,0,13,38,0,20,256,5,0,2,10,2,1,27,0,2,22,3,4,12,9,14104,0,48,8,1,46,201,56,1,139,1,0,552,1,48,4,54,190,15,15,1
TCGA-38-4627-01A-01R-1206-07,335,390,579,5,2244,4660,5389,6179,3744,18,10,40,653,433,52,8702,5485,3818,336,1708,204,1337,2780,47,9,28,1474,21784,36,9814,41,10014,5637,1379,546,1650,1927,67,246,183,1572,164,0,25,5000,842,344,385,1158,1261,6041,14772,784,129,7,5432,2838,120,12,25,392,20954,215,261,811,474,5355,5,8,283,413,117,80,15023,19696,396,282,1569,1234,2,10,2936,6271,2008,5796,44246,182,391,362,1848,553,3606,669,437,2121,332,139,562,12603,1783,1856,846,192,2140,3891,649,2202,138,23,878,743,15991,312,4485,1685,657,43,1229,60,19,459,164,6035,9,5285,0,12,1231,398,327,158,18,65,1646,9450,1892,159,1341,115,4242,336,85,2001,1398,62,2462,1472,74,1637,339,2522,104,22793,2,117,2753,9386,356,3361,3,83,109,223,25,121,267,427,172,63,7,23368,454,1921,462,2007,908,371,109,1199,348,120,4440,2802,1800,303,11247,315,20,158,606,18,8604,2953,8,76,173,24,303,1121,1997,1301,3983,1912,50,292,24,494,295,115,3730,10690,1131,3747,187,619,55484,239,1,18,5263,2653,17,48,325,9,993,4257,390,18541,3,1,27,186,3888,20,167,301,6,626,1644,1744,5604,14993,173,34,661,612,11643,0,2745,727,5855,1388,0,474,60,8726,4,1103,0,3846,26,2,450,7,0,2,2,3,5,15,104,5,12,3980,11,3,7,66,0,222,19,1,0,52,10,15,50,22,20171,1,51,7,0,456,568,341,0,111,2,0,235,0,618,29,137,4,29,16,1
TCGA-MN-A4N4-01A-12R-A24X-07,451,49,339,15,1018,3741,615,722,1021,6,0,245,230,143,27,8390,1144,1674,20,299,9,707,1337,5,1,15,112,5082,16,19361,115,3106,916,939,3329,2488,954,8,113,60,783,59,0,31,1073,326,238,838,1307,1165,5675,4805,465,334,0,3707,17895,25,20,0,70,4505,113,38,166,294,837,0,0,136,976,437,10,2765,10362,72,110,221,446,0,0,864,1985,496,1906,282,82,470,3067,631,48,4202,652,181,364,94,143,2716,3701,574,509,263,170,855,428,1262,235,19,7,188,73,21517,389,395,522,193,76,276,160,10,731,78,1507,12,1459,6,0,187,2070,109,4,0,252,493,1945,12659,435,50,10,1611,126,11,987,858,21,894,372,963,515,957,817,4,48596,0,5,905,5292,1429,3576,3,28,18,1332,0,633,91,27,46,8,5,4712,36,262,7,1107,298,97,3,889,304,102,1513,5125,503,41,4029,143,2,30,142,5,27,386,0,15,54,20,93,399,603,94,1651,364,34,154,0,3384,115,37,2050,3784,541,1475,22,160,16798,884,0,0,2256,4687,5,0,661,1,177,7014,42,5996,4,0,0,11,1043,0,134,233,0,73,292,1573,214,4868,348,9,302,288,14886,0,1503,647,2236,849,3,271,651,5976,0,448,0,509,16,1,75,0,1,9,3,3,2,26,72,0,49,296,200,2,313,25,0,3,6,0,0,25,16,9,6,39,7741,1,80,2,0,19,300,31,3,84,11,0,111,0,87,6,100,5,3,23,1
TCGA-62-A46O-01A-11R-A24H-07,572,5,135,2,64,3231,61,113,200,1,0,18,128,178,2,5264,362,220,18,1982,9,1493,102,5,0,2,1590,1747,19,12877,17,495,142,110,48,3006,469,1,19,21,1693,14,0,5,1368,97,37,658,5355,65,7935,6121,187,891,79,570,371,8,76,18,33,9335,30,28,33,89,182,559,7,28,582,36,200,1014,21892,18,24,84,107,0,2,167,1855,74,154,1871,97,1257,558,132,39,9592,1663,49,276,251,42,4933,256,103,115,34,34,158,105,326,52,37,6,31,16,23178,122,125,80,128,323,151,415,2,569,82,3437,21,341,0,1,48,3273,29,38,0,68,704,3421,8043,316,13,8,322,36,3,289,1066,120,130,100,56,227,402,148,5,11685,0,325,161,685,165,7085,5,231,24,1183,0,446,46,24,86,586,1,3796,15,111,20,2630,1848,108,29,742,15,51,1784,2183,152,27,425,28,95,13,40,28,61,403,1,424,25,1,45,240,219,7,225,104,12,8,1,155,176,8,271,1646,90,300,17,37,1401,788,1,5,433,4645,1,1,502,0,21,6826,14,380,1,1,1,15,548,0,313,21,7,18,56,56,22,2835,264,2,67,240,12093,3,395,49,6552,614,0,139,509,6642,1,28,0,185,2,0,33,0,0,3,0,139,6,0,11,0,138,105,12,0,220,2,0,2,4,0,0,15,8,2,3,3,1967,0,2,1,1,19,62,31,0,9,0,0,30,0,15,37,23,0,3,17,1
TCGA-86-8280-01A-11R-2287-07,441,328,720,12,5687,4867,3617,4975,3947,27,10,254,673,433,61,6663,3014,2868,2659,2014,46,1605,1449,78,7,180,8357,28111,55,17205,88,13487,6139,1732,2606,2947,3019,17,469,155,1497,132,35,66,6255,524,280,944,2761,814,5787,7428,790,307,142,3953,7011,149,147,80,145,11532,500,144,295,1624,1465,20,5,532,1190,426,963,8248,20962,131,1076,884,685,57,11,1475,4338,1048,2894,48340,68,655,865,1055,93,4437,759,383,4486,333,215,3298,10807,902,904,499,242,950,2312,25764,125,2128,158,518,1167,9482,546,8251,956,722,131,1210,282,21,3752,133,10169,67,2239,8,18,1235,272,284,48,126,409,1023,9097,616,242,58,124,4208,226,229,2372,1939,1181,1341,5004,66,1130,71,1698,262,58876,13,3812,1471,5912,499,3231,26,305,836,832,84,361,236,199,62,12,35,15305,469,1046,1937,2711,4026,139,3167,1047,387,544,2120,4696,920,515,18978,349,100,236,803,2647,695711,3083,8,4648,130,192,364,1365,1153,781,1863,1739,82,223,16,3521,221,383,2039,5848,2755,2139,134,799,15818,1142,4,26,3938,5448,39,6,645,20,316,3985,216,7703,10,4,97,94,7426,7,273,459,4,42,294,368,12946,7040,1627,33,2619,648,7393,1,3427,892,3990,1875,2459,2867,33,12864,7,523,3,1162,23,3,196,73,0,2,1,50,21,22,53,1,57,6327,149,2,31,176,2,41,23,9,0,46,49,13,101,272,13729,21,69,9,3,444,267,222,4,240,7,0,196,0,296,63,157,17,13,56,1
TCGA-67-6215-01A-11R-1755-07,560,12,449,5,3134,5797,6626,1204,1520,75,2,54,596,202,25,10702,1031,1499,13735,555,11,1029,523,37,18,1,79254,18435,18,11503,45,26976,426,892,829,4616,857,44,315,56,1395,620,4,10,1376,435,164,496,1893,419,2320,3463,1430,320,24,1680,2039,17,66,30,96,14838,392,150,96,1010,885,5,11,381,605,219,93,15342,26997,34,77,545,412,4,5,959,5806,301,1701,564989,83,801,1111,403,79,11783,1173,90,3082,50,107,2367,1396,487,268,215,128,363,673,7095,156,1591,51,233,147,29551,835,1642,507,624,94,824,270,29,2612,33,16583,15,1608,1,5,196,1301,276,91,85,271,951,11814,8308,104,53,9,10756,112,75,1668,1997,161,920,603,38,391,84,1010,214,33341,7,66,770,2890,254,7620,18,58,94,777,12,491,89,57,19,22,12,10845,178,598,138,6089,320,123,132,1306,84,658,4518,3239,505,267,1207,326,81,784,246,64,23906,1155,2,976,131,7,578,334,591,210,1058,678,63,228,10,10769,93,74,884,2619,3181,1326,123,416,11398,2047,3,20,2552,3930,20,2,652,4,49,5945,922,4257,3,8,51,21,2175,17,200,134,31,360,203,299,931,7326,1696,23,1604,334,16336,2,9584,356,1505,643,6,3081,237,29625,3,1190,2,500,10,4,107,7,0,5,3,19,4,4,38,2,47,1331,250,5,24,18,0,46,16,11,0,30,64,9,26,23,13060,8,71,3,4,91,217,334,9,173,1,1,228,1,184,93,22,27,46,15,1
TCGA-44-A47G-01A-21R-A24H-07,199,57,273,5,541,3183,3075,1271,1738,0,1,41,214,162,21,3136,1093,730,776,795,11,577,559,15,4,15,3250,9611,56,9487,42,6296,680,726,452,1649,1141,10,403,35,730,28,3,11,3121,259,115,417,2827,375,6263,5240,930,178,2,2948,4284,33,12,5,80,8099,166,83,76,847,429,3,12,165,521,141,249,5170,11463,84,218,328,212,0,9,599,1931,445,1929,64269,63,308,596,414,58,5269,896,282,684,72,52,1704,2235,329,407,230,42,510,1065,9187,557,291,19,95,312,12340,265,368,365,671,63,551,257,13,1706,94,3239,11,1515,2,5,311,662,558,57,14,102,1024,4023,2740,41,90,17,922,125,23,918,837,166,493,2873,13,270,12,849,50,11437,1,189,530,5085,109,3604,3,143,40,791,5,185,80,47,41,9,12,7605,83,305,102,1811,532,98,80,658,101,206,995,745,402,239,4965,341,57,117,986,35,13427,1172,2,745,83,25,273,512,549,80,1431,710,15,174,6,2700,196,47,933,2962,1057,667,46,187,6302,736,1,18,1314,2479,5,0,355,4,74,2050,241,3602,2,7,108,33,3388,2,102,197,10,474,234,189,1188,2587,173,21,1384,171,8519,0,2787,290,1416,722,18,1705,96,8398,3,437,0,422,11,1,100,24,0,1,4,17,2,15,19,0,65,589,107,4,5,35,1,3,15,2,1,32,31,2,29,12,6944,3,52,3,2,29,192,87,0,134,0,1,99,1,120,10,38,6,39,8,1
TCGA-78-7536-01A-11R-2066-07,1683,22,486,0,1110,4119,9677,284,948,0,0,17,2174,155,14,18818,924,553,22,152,0,846,282,1,1,10,1321,8278,2,27354,37,5011,691,559,50,6783,250,2,247,34,2438,1535,0,1,2538,111,123,116,2533,315,6210,1714,675,292,2,2464,2502,28,6,0,75,8640,93,13,1359,843,189,1,2,13,1580,65,828,2204,16523,50,41,200,207,1,5,336,8545,254,4688,440,10,1855,776,264,66,16563,2267,96,2856,22,176,3120,1329,299,110,258,130,659,1484,72,84,7,5,33,9,52127,6,1222,723,568,153,451,1154,13,1520,223,6923,25,910,3,0,16,447,81,21,22,214,634,3134,16828,33,31,8,940,63,0,1772,1036,2405,406,535,1,194,1,661,2,51643,0,254,423,18024,36,9281,0,61,18,3256,0,744,47,22,19,2,1,7359,10,217,2,6376,311,135,3,977,47,84,522,18654,474,36,277,123,12,37,135,0,18,1234,1,47,16,5,77,70,321,1,619,758,30,120,1,1877,221,1913,892,2745,108,622,1082,55,3320,3673,2,4,1814,4995,0,0,2160,0,27,10440,24,1025,2,0,7,2,5974,1,1396,68,2,15,30,35,24,2535,8,4,1034,221,14398,0,896,300,185,625,0,231,522,7691,1,1002,0,963,2,1,173,0,0,4,0,22,0,6,21,1,25,213,42,0,0,18,0,3,9,2,1,5,1,3,0,2,7117,4,22,3,1,50,81,7,0,55,11,0,235,0,66,8,30,1,13,9,1
TCGA-91-6831-01A-11R-1858-07,508,55,306,0,514,1194,1967,575,920,1,0,5,179,89,19,6684,780,548,23,286,7,353,767,1,1,12,1178,7854,1,12674,11,1586,1102,366,3682,3328,493,5,82,26,1063,121,0,2,562,137,123,80,840,963,701,987,173,237,5,1590,1145,6,8,1,114,4170,64,29,113,168,690,4,0,27,377,75,67,3311,13606,62,21,201,153,0,8,456,2531,144,916,588,33,915,356,276,10,4781,610,121,1471,27,39,1104,2013,380,189,162,131,384,540,78,267,16,6,53,3,4905,289,521,249,264,67,142,816,6,200,48,2406,1,932,1,2,31,480,54,7,8,86,361,4246,7198,27,94,13,715,61,5,805,1259,97,349,162,1,192,2,704,20,19568,0,132,664,2754,27,2726,0,14,8,1028,1,299,70,63,72,9,0,3495,14,90,13,1465,332,135,1,778,34,13,700,5455,241,14,483,55,3,11,92,3,403,271,0,116,18,9,95,100,308,11,500,343,43,51,2,117,48,5,584,4916,1246,458,921,32,8480,860,0,4,1197,3221,6,0,754,0,141,4030,39,3461,7,0,5,3,1882,5,247,66,1,107,40,381,37,2181,51,0,393,132,3470,0,1135,243,407,539,1,77,255,2918,2,272,2,581,2,0,76,0,0,2,3,12,0,4,17,0,20,426,5,0,1,7,0,11,0,0,1,7,7,2,6,1,5473,3,11,2,0,605,91,14,0,35,30,0,366,0,20,35,61,1,8,6,1
TCGA-97-A4M0-01A-11R-A24X-07,390,61,83,11,717,8357,3951,883,1312,10,2,90,254,102,35,5419,511,501,499,419,9,522,1391,29,20,10,13028,12398,145,8924,67,10290,474,819,434,1045,1409,29,300,36,771,163,2,19,891,132,69,688,4186,227,1812,1510,392,146,0,3427,3263,27,37,3,64,8095,561,47,63,664,711,2,6,380,762,124,57,5043,10542,54,155,162,130,0,0,478,3785,170,1526,233187,20,414,882,228,62,3559,602,144,3340,40,56,3227,1601,155,439,102,77,345,734,3619,189,929,4,72,260,6320,1679,374,399,377,103,240,204,2,992,45,2381,6,1221,1,0,286,549,113,83,23,84,747,2133,2810,51,18,58,734,83,59,955,1613,133,349,1260,9,182,11,723,30,11418,0,109,366,1603,100,3660,8,70,63,1079,5,211,68,33,17,7,7,6085,49,192,1035,2419,763,137,150,918,122,172,675,916,193,317,2636,293,25,322,142,52,15027,1712,0,1408,137,6,263,988,313,22,506,511,30,244,4,815,222,64,353,1175,3342,511,54,235,5837,911,2,2,691,3599,4,5,205,1,71,2275,670,2710,0,4,21,13,3625,4,62,122,16,81,150,73,2194,6151,765,10,2351,135,5958,2,1032,202,922,418,17,1425,135,9760,2,743,0,426,3,3,126,259,2,0,6,21,1,4,33,0,57,803,172,1,105,40,1,3,2,11,0,4,64,4,76,125,4172,1,12,3,1,47,64,71,0,435,3,0,76,0,95,10,47,13,7,21,1
TCGA-44-5645-01B-04R-A277-07,695,0,50,11,4055,1665,134,2091,3585,12,7,110,1481,323,2,1176,1633,174,357,1722,141,1298,154,84,36,62,5399,18174,62,1770,30,11363,1556,122,149,1400,914,16,109,19,349,39,9,11,450,227,95,87,2120,78,2381,2178,108,349,3,377,934,218,38,22,307,5444,766,273,717,2065,1260,0,67,95,634,13,414,3115,5034,565,484,343,200,12,85,339,2276,63,297,4898,835,323,113,514,39,1598,694,58,3265,77,18,240,1136,50,417,35,116,911,633,3724,534,106,1073,134,272,2462,1604,1031,252,235,29,629,125,4,1965,71,3354,75,245,2,13,2439,39,17,14,16,10,336,9614,71,165,13,42,167,106,112,500,2431,1200,172,4896,3,624,9,495,547,1721,5,103,886,2641,81,1157,2,93,462,33,11,3,103,101,364,13,3,7609,9,525,1287,1522,688,441,259,717,247,138,2376,299,431,99,1582,116,1,32,67,30,4054,1400,0,839,94,34,299,79,993,16,495,604,63,77,255,10292,442,832,243,2696,87,215,322,362,1140,576,0,17,526,632,4,20,1154,14,75,31,48,772,63,21,15,14,2009,2,559,16,40,3,124,56,7518,2123,2102,83,803,236,3516,2,750,113,215,360,3,216,55,4401,1,139,274,512,4,12,1402,28,0,7,4,174,1,0,30,0,189,780,11,2,110,84,2,69,9,1,42,72,44,75,31,45,3208,2,77,4,8,51,155,472,6,232,2,4,249,8,15,92,395,7,2,1672,1
TCGA-55-A493-01A-11R-A24H-07,414,8,77,24,376,2817,4729,1290,1431,1,0,57,167,106,3,4702,437,571,9,336,1,351,950,259,13,9,970,5874,1,13991,44,3681,354,793,64,1888,1223,7,280,48,1775,27,0,7,871,133,169,566,3689,196,2826,3216,4083,50,4,2124,2331,17,25,1,55,7177,166,25,66,128,353,0,4,76,1313,18,6,4615,11214,35,42,81,187,0,0,585,1340,149,1582,1805,25,1120,621,328,6,9342,1764,182,780,36,71,2443,785,165,177,172,22,440,1120,265,131,30,1,36,52,11063,319,442,504,504,39,85,269,6,305,66,2192,14,1208,1,0,43,3437,59,18,4,65,412,2230,12709,15,4,104,664,129,115,568,1160,69,444,873,31,164,63,927,1,40623,0,18,278,6666,34,3386,0,75,43,5950,0,998,62,98,28,10,9,5432,8,92,14,3759,914,26,6,670,112,229,1331,1545,160,25,779,135,13,49,55,14,41,99,0,50,16,4,55,120,246,26,472,752,19,186,0,56,46,32,889,2724,1461,341,49,42,13835,684,0,8,735,3158,0,0,349,0,38,3296,271,2151,1,2,2,4,951,1,572,92,7,37,64,925,182,2161,37,14,2085,147,38333,0,2497,231,286,832,2,351,429,6522,0,536,0,220,3,2,35,0,0,0,5,6,3,13,9,0,128,66,42,3,2,8,0,0,9,0,0,6,4,5,15,10,4615,0,21,1,4,11,121,28,0,116,2,2,19,0,71,3,15,0,35,5,1
TCGA-55-6985-01A-11R-1949-07,207,73,270,5,8242,1639,882,641,1077,3,0,283,297,95,21,3724,852,839,264,633,36,694,483,3,0,29,3642,8799,5,8467,43,5022,473,543,703,1309,689,3,252,40,1043,54,4,6,1282,379,136,246,915,355,2106,2365,488,300,1,2108,3567,28,12,19,110,5008,138,39,327,1861,1446,9,8,73,348,114,51,4602,8897,53,37,276,316,2,1,716,2271,436,2044,30924,67,450,236,306,68,3030,535,206,1116,44,47,883,1491,375,398,205,77,528,636,2781,259,347,81,99,195,11395,381,365,425,450,55,266,144,18,1559,32,2636,6,1047,55,21,214,310,472,16,30,159,604,3156,2317,76,35,14,1184,79,37,1217,806,465,444,698,127,398,25,621,5,16785,0,212,550,3454,216,1807,1,112,77,543,2,170,67,51,39,11,18,4230,105,258,746,1121,1093,86,34,591,90,111,1493,1013,406,94,2627,80,41,56,509,53,10022,653,7,130,117,19,155,227,361,61,645,492,28,74,9,2322,74,44,663,3030,2174,611,39,387,8778,375,0,99,1250,2071,10,0,358,1,111,2086,69,2553,2,6,39,25,4003,30,76,160,3,921,94,532,533,2957,164,7,833,362,4699,0,2085,282,3235,524,2,843,99,7596,2,348,0,1195,4,3,94,12,0,0,0,6,1,5,16,6,10,367,44,0,81,10,0,3,5,2,1,16,6,8,82,5,5414,7,25,3,0,65,200,114,3,78,2,0,63,1,45,23,43,13,16,9,1
TCGA-55-6543-01A-11R-1755-07,161,32,190,6,3250,2420,12076,1151,1066,3,1,211,113,111,41,5131,717,559,1672,209,13,1120,513,27,6,13,1505,11904,43,9001,54,10663,2200,516,1300,932,1839,12,357,41,1140,119,2,42,2460,248,115,520,1810,242,5163,5650,773,481,13,1590,3344,25,37,9,86,5785,328,67,234,2611,2028,6,11,94,786,177,68,10038,9895,48,67,358,183,1,5,1277,3688,399,2610,40999,28,248,507,288,129,3473,478,258,2135,29,41,1154,1880,259,208,151,100,834,632,1965,194,551,222,64,189,7549,705,1005,396,507,169,327,67,25,781,44,5911,13,963,1,16,86,616,138,48,33,84,466,5196,2196,180,83,7,951,88,95,2126,1197,586,518,732,25,243,58,740,38,20765,3,136,556,3068,210,2288,45,93,39,299,22,47,47,87,119,11,16,15796,167,433,64,1799,197,67,129,728,95,99,919,2142,306,269,1800,226,73,283,307,69,17908,1817,0,86,64,7,945,318,432,91,659,413,36,195,2,5854,67,25,643,3077,1256,619,164,358,8563,491,3,5,1467,2157,14,7,475,10,85,2267,728,3648,1,2,138,14,2440,3,84,118,25,182,102,433,919,4725,730,13,1361,263,7663,1,1216,216,722,584,29,4754,75,7167,1,1117,3,1360,3,3,89,71,1,2,1,13,1,23,27,2,30,697,482,5,24,34,0,9,7,1,3,38,35,7,89,25,7120,8,34,1,1,86,101,147,3,134,3,0,65,2,58,17,60,13,24,5,1
TCGA-50-5936-01A-11R-1628-07,310,16,184,3,489,1501,2077,252,822,3,0,0,180,70,10,3840,680,967,9,297,15,527,252,1,0,2,3026,5121,16,11278,8,2822,859,449,604,1836,321,10,104,36,1090,56,0,10,1557,236,112,358,1021,237,894,998,251,133,2,1450,1261,14,6,0,65,7458,115,31,72,111,910,0,6,70,147,83,60,3043,13000,31,131,203,217,0,4,321,2025,109,626,40889,53,245,320,394,76,3934,384,94,678,11,42,1320,1422,216,256,158,32,327,421,1791,415,164,12,91,14,14652,71,2564,574,139,18,257,119,3,676,21,1314,0,1033,0,21,157,2396,16,23,18,106,393,2527,8449,22,7,2,905,46,6,428,682,29,441,416,1,216,105,591,23,8955,3,87,477,2602,34,1299,3,105,11,291,3,200,39,44,14,6,4,4611,22,102,521,2018,601,29,15,469,78,17,1612,1568,308,32,1249,63,11,32,116,9,214,1961,9,148,337,3,40,141,358,98,480,354,15,63,1,975,160,13,713,2616,1266,609,24,20,5219,507,1,3,1516,1700,1,0,156,1,32,2005,122,1435,0,1,29,13,716,1,135,85,1,118,46,550,403,2270,108,6,371,125,15111,0,816,219,543,424,5,51,111,4598,1,353,0,401,1,0,47,5,0,0,1,5,0,5,30,0,18,140,62,0,9,8,0,0,5,0,0,2,5,2,6,6,5200,0,25,2,0,70,108,90,0,38,1,1,36,0,60,10,16,2,3,4,1
TCGA-05-4432-01A-01R-1206-07,1267,202,711,13,1763,4121,3037,1118,1733,2,3,267,478,305,159,13837,2087,1633,4555,423,8,1442,713,31,5,38,6025,23437,110,21726,54,9770,1083,1091,25607,2860,1494,12,297,121,1987,320,11,10,3676,345,234,623,1994,2058,1663,3637,536,385,98,4150,5151,55,136,8,160,15299,285,109,583,1202,681,27,6,248,559,279,109,4439,58285,120,117,550,434,3,7,939,3370,545,3056,49724,75,1902,1039,594,158,13186,1922,562,4124,1302,119,4433,2772,956,687,317,2065,548,2156,3791,517,569,48,145,101,52011,1157,990,499,915,374,662,1313,36,1248,386,3702,6,2314,8,14,326,1791,363,46,37,1130,951,10730,4095,115,47,63,2439,114,78,1402,2722,329,846,960,17,592,30,1186,17,89461,9,2516,1056,6077,590,6875,132,144,59,1875,13,682,99,95,65,251,18,10336,360,494,301,3765,841,188,203,1396,150,171,5143,15919,770,493,2885,229,161,228,542,221,30314,2956,4,385,100,28,167,596,801,189,1339,1234,60,174,6,2298,137,77,1742,4773,2898,1837,1465,230,7664,1822,1,10,2930,5486,9,13,1601,2,105,11864,481,4330,8,6,273,26,2442,26,556,201,19,207,155,341,1009,5256,249,12,1249,787,11326,13,3876,522,2145,4582,193,3516,53,9263,3,808,13,1393,12,9,69,39,1,1,7,14,1,43,44,0,73,866,195,9,18,32,0,188,14,2,0,37,47,42,13,27,14779,13,46,3,2,88,466,168,4,93,4,1,282,1,235,149,54,51,36,7,1
TCGA-93-7348-01A-21R-2039-07,286,32,506,2,820,2773,495,767,1530,3,2,81,514,179,7,3719,1435,1027,301,405,88,600,541,3,0,12,1239,10304,36,8768,25,5503,1519,558,4062,1519,1476,13,48,58,646,169,2,1,1436,510,129,298,1112,309,1445,1643,1182,332,10,2160,1915,29,7,8,150,6472,206,32,306,402,1022,4,7,94,393,62,361,3745,11609,67,65,430,347,1,20,611,3275,546,1751,54503,169,411,756,438,44,2790,400,205,2264,89,67,1297,1226,464,739,288,117,540,516,5626,110,344,5,100,143,14980,366,217,602,171,44,368,72,6,1236,9,4118,3,1087,1,1,279,514,67,95,18,210,454,3700,1390,43,13,35,1809,117,31,974,813,225,473,1041,65,518,77,910,9,19703,2,42,494,2997,189,3063,6,48,108,543,0,244,67,75,47,16,25,5353,75,479,27,2311,571,76,20,728,204,161,2374,901,619,118,3409,86,7,702,309,13,4400,488,0,438,77,32,223,266,594,20,966,370,25,61,7,1023,107,39,1155,4031,2041,992,57,283,9222,479,0,30,1638,1246,2,1,163,4,123,3538,22,4387,0,7,20,36,2638,6,133,111,5,1532,86,361,1013,3024,497,6,646,245,7626,2,1544,406,1547,672,160,226,27,7152,0,220,0,603,8,0,189,86,1,1,0,5,0,6,31,0,23,281,109,0,2,9,0,4,8,0,0,25,25,11,21,10,6692,1,44,1,0,18,160,74,0,145,2,1,524,1,99,18,63,21,5,5,1
TCGA-55-6984-01A-11R-1949-07,148,13,213,2,178,1234,207,289,560,3,0,14,69,66,7,3218,502,704,26312,1311,3,479,249,0,0,3,1187,3063,2,4872,7,2874,186,468,874,1666,761,11,62,29,525,18,0,4,822,253,115,89,710,276,4937,2499,970,721,3,1335,1253,6,6,34,43,5541,84,63,66,460,203,1,3,60,137,45,54,841,5855,22,18,247,273,0,0,268,2295,171,345,7915,50,416,282,314,38,4302,471,1312,319,17,52,4265,623,242,152,137,37,239,283,1174,158,307,36,19,34,39485,181,179,275,139,127,153,167,12,1067,32,743,12,781,3,4,93,1861,399,43,4,424,219,1329,1647,14,41,6,955,84,16,533,785,49,465,395,2,158,1874,2133,7,13852,0,46,385,1505,30,2337,1,30,21,291,2,94,66,16,19,4,232,6324,27,230,75,1471,144,137,25,368,43,106,503,1441,380,45,492,47,15,183,88,0,27,333,1,29,62,4,95,112,363,9,528,286,30,35,1,1518,70,12,562,1249,1277,901,39,66,3918,365,0,11,1259,1520,1,0,190,0,18,1746,52,1498,0,3,42,7,1213,4,115,59,1,77,114,57,137,1172,79,8,306,109,11183,0,784,264,640,860,0,363,83,3721,0,196,2,209,8,2,50,7,0,2,2,3,0,2,18,0,44,198,41,0,11,2,0,4,5,0,3,7,6,8,16,2,3514,1,153,3,0,12,204,136,2,47,1,0,76,1,122,18,12,3,6,6,1
TCGA-78-7147-01A-11R-2039-07,552,64,196,7,2954,4206,1729,541,628,3,2,350,213,76,9,5509,466,468,68,1210,4,613,591,3,0,10,6161,12811,9,21498,34,9452,361,630,357,2180,1233,13,66,43,1638,101,3,10,1043,129,119,375,1559,196,3501,3279,456,96,1,1515,1636,28,4,4,36,6582,194,21,114,1645,234,3,1255,382,1016,579,275,4985,7071,11,68,99,126,2,3,461,5518,516,1239,1685,45,1075,896,178,202,9980,1022,62,1264,25,44,3037,1243,411,145,115,95,296,396,10018,32,248,138,94,218,12660,488,164,415,192,64,213,430,16,1156,6,2658,4,830,1,0,420,305,83,32,24,253,805,2688,2922,16,11,30,992,57,93,2472,506,268,385,1087,17,193,6,297,79,41834,1,68,335,1891,300,3385,0,220,118,2420,3,611,53,43,36,26,30,3279,96,336,88,2710,368,57,447,696,76,92,1566,3001,171,43,1750,113,34,349,73,5,1529,1944,21,395,16,15,536,202,177,32,233,275,16,71,3,4575,140,42,364,1007,2095,491,22,269,6524,1484,2,61,784,6183,0,0,452,7,67,6143,83,7210,2,0,28,9,3573,3,244,79,2,92,134,1331,703,3821,2040,0,731,464,7429,4,2657,263,4230,255,3,439,160,8123,2,302,10,523,1,0,156,20,0,3,0,13,0,0,16,0,25,1088,231,1,30,14,0,36,2,11,0,288,27,3,16,27,5388,1,67,7,1,34,292,36,1,169,8,0,37,0,14,14,43,337,4,19,1
TCGA-50-5941-01A-11R-1755-07,231,50,398,13,1204,2036,2111,888,1917,1,1,90,133,136,18,3522,1234,1054,1828,540,13,570,306,12,12,15,6053,7476,71,8888,58,5216,1617,995,1730,3370,692,10,483,48,1578,59,6,22,1147,298,161,383,1599,380,1904,2835,219,252,5,2963,5178,40,96,7,95,6761,185,74,124,1824,461,8,9,115,658,292,67,2335,8979,45,148,433,359,1,9,615,4201,591,1257,80111,72,624,458,376,136,4870,689,240,1152,61,59,1455,1946,417,360,262,63,420,1673,4686,325,648,172,86,183,6991,192,564,620,576,55,619,93,16,831,64,4103,13,1271,6,8,318,703,359,79,23,365,991,4661,2584,94,102,28,1625,89,75,2246,868,191,598,1772,18,321,35,957,48,26857,4,252,604,3877,245,2784,32,152,59,904,21,153,101,69,25,16,27,7797,151,346,3386,1504,1021,47,188,588,160,121,1329,2397,506,160,2953,151,78,109,279,193,46778,868,6,574,83,44,138,512,396,81,868,1013,38,134,7,3823,120,107,1060,3697,2022,1022,119,131,7314,394,0,7,1779,3182,26,2,660,0,53,3894,96,3147,13,1,104,22,2441,5,101,121,2,72,80,290,2125,2393,695,29,1641,168,10041,2,2495,415,1022,728,32,2925,32,7166,1,566,0,410,13,1,67,76,1,1,2,19,1,17,23,0,11,764,111,6,47,24,2,13,17,2,2,11,41,15,10,11,8499,3,41,2,0,75,157,102,5,99,3,0,127,0,76,25,36,34,4,7,1
TCGA-4B-A93V-01A-11R-A39D-07,525,72,418,4,115,2035,971,133,382,0,0,123,495,266,53,8348,399,673,3,93,0,107,294,0,1,2,252,3146,2,22537,11,6732,23,369,916,1571,471,3,86,37,1595,78,1,0,3664,342,89,77,2224,306,753,704,970,228,3,1554,2032,6,3,0,65,4505,136,10,22,156,194,0,2,121,267,41,22,381,20206,16,14,78,209,0,22,260,1765,442,572,352,6,359,738,287,8,9723,957,77,1722,7,68,1878,387,312,67,257,41,255,334,15,36,7,1,18,6,50251,1044,159,223,337,965,632,503,11,97,231,1727,0,842,0,0,231,1265,133,18,63,435,196,1164,5548,7,5,7,1149,43,2,757,552,26,439,102,10,190,0,378,0,49505,0,2916,369,3356,67,3315,3,20,95,857,0,934,28,33,400,4,10,1638,49,160,2,4041,48,87,21,684,27,78,313,23555,262,4,25,94,12,9,137,0,4,456,0,173,22,1,62,117,268,15,532,263,7,26,8,5,24,10,754,2545,4357,638,559,20,2874,1165,0,6,1468,2263,0,0,220,0,23,9009,16,1402,62,1,553,1,1746,12,134,86,6,17,40,57,3,1752,8,2,339,120,5214,0,1032,263,306,1289,0,150,571,5103,1,347,11,59,6,1,30,0,0,2,0,2,2,2,37,0,83,56,46,0,1,9,0,26,2,0,0,1,11,1,1,9,5614,0,6,2,0,6,96,68,1,100,10,0,810,0,57,8,47,1,5,7,1
TCGA-91-A4BC-01A-11R-A24H-07,286,34,524,17,340,3727,300,587,834,6,0,28,372,147,4,5778,845,1746,16,458,9,335,1090,0,0,16,1311,5550,5,7714,15,3067,1726,1510,213,1347,996,11,145,54,758,82,0,7,737,285,268,193,1484,483,733,1622,433,145,1,3139,4945,18,14,2,160,4131,150,28,129,337,426,0,4,61,273,16,33,3936,13144,60,45,182,416,2,6,551,1277,257,1704,337,66,323,843,668,62,4062,565,282,818,33,139,761,2317,560,299,289,16,682,1444,105,398,14,9,146,33,7356,15,843,657,490,74,212,655,4,392,275,1029,0,1533,0,0,37,567,76,16,3,114,580,3987,2568,28,12,15,1647,120,18,1103,791,13,761,136,4,336,5,704,13,21369,0,25,596,3723,45,3524,0,316,538,1449,2,633,90,35,229,6,54,4175,40,346,9,2039,815,1122,9,403,81,27,1114,3349,539,29,1510,161,3,19,109,1,25,453,0,33,21,7,113,155,536,99,752,1118,101,84,3,38,87,14,1043,3915,1226,853,73,92,7948,660,1,1,2225,2198,0,0,309,1,184,4037,38,4927,2,0,1,11,2433,2,185,182,11,22,119,104,44,2689,35,4,1810,202,4526,0,2927,418,871,2512,0,346,111,1919,1,259,5,315,8,1,70,0,0,3,1,11,3,0,51,1,43,429,22,0,4,10,0,9,14,1,0,9,9,4,8,10,8384,0,42,5,1,11,782,32,1,149,5,0,28,0,27,10,50,2,4,15,1
TCGA-78-7167-01A-11R-2066-07,525,135,953,11,3257,13873,151,1231,1482,5,8,112,363,232,23,5140,2277,1455,10,542,4,2292,1108,43,0,54,3701,43386,616,18153,64,17116,1280,953,2439,2894,1357,7,62,108,1024,72,6,8,2176,482,240,1223,4532,446,3658,3760,753,251,0,1029,2191,64,14,0,110,14555,729,207,155,699,647,5,7,240,427,139,200,4236,45295,54,249,597,398,6,4,1275,13078,927,615,3451,21,171,1155,620,120,8463,889,71,4312,88,172,4812,3428,789,443,430,119,403,798,24048,109,2243,11,131,379,38353,501,436,599,145,109,931,101,38,2786,240,7022,6,1751,1,2,918,1763,222,8,20,254,934,5445,9640,250,8,22,1631,120,23,1251,2183,283,1166,1810,25,675,10,783,58,44722,0,4713,1062,2307,138,8096,2,127,52,453,27,174,151,214,29,34,7,13577,301,1648,30,1881,394,120,764,859,255,365,1949,7019,706,369,6148,87,212,60,289,3710,69933,1775,4,1294,144,26,96,461,607,44,930,674,67,88,6,6370,115,189,1282,3157,15449,1677,96,334,7459,1694,2,25,3236,2432,0,3,278,6,205,4328,63,4194,18,8,13817,22,5777,14,79,244,2,75,229,67,3657,7458,158,6,557,348,8682,0,3075,713,60820,687,4,391,380,26455,0,148,0,516,22,0,67,89,0,2,2,54,0,2,44,0,134,2015,39,0,53,82,0,33,2,0,4,35,21,7,23,37,8232,4,84,16,1,307,198,270,4,395,9,1,258,0,62,7,80,1,4,45,1
TCGA-95-7043-01A-11R-1949-07,172,852,222,18,78,1372,106,286,1561,0,1,2,28,53,7,4837,645,721,62,92,1,316,357,437,0,13,418,14566,23,8236,6,957,69,402,2937,1066,564,1,330,53,650,123,4,5,1275,81,246,320,851,451,3466,7141,457,16,12,1155,562,10,5,2,138,4706,67,78,66,148,200,1,0,55,1106,70,11,1347,2445,124,24,228,223,0,2,223,2898,452,194,896,6,397,444,276,28,3910,484,71,1161,21,63,472,622,328,120,197,105,268,376,4064,11,30,0,58,6,14022,163,426,219,31,4,152,118,83,123,13,1089,1,721,0,1,50,1212,153,2,2,78,97,1504,4359,23,17,17,904,56,12,630,399,8,603,159,2,270,0,378,1,15357,0,6,342,1226,91,3070,2,41,83,606,7,428,46,15,7,14,0,1183,73,380,21,762,190,22,15,239,20,62,301,1171,332,24,431,19,308,18,75,6,1997,1193,14,228,6,2,11,155,327,76,544,263,6,18,0,8068,54,7,840,1429,1024,631,21,129,3058,382,0,0,1119,1031,2,0,321,0,732,3749,12,743,0,0,4,6,360,3,354,80,0,0,46,248,418,1545,4047,3,132,214,1903,0,253,371,109623,243,1,380,139,8055,0,127,0,118,12,1,15,3,8,0,0,2,0,0,22,0,10,254,193,0,1,4,0,1,0,2,0,7,54,3,17,2,3927,1,21,4,0,29,119,8,0,69,10,0,236,0,45,2,33,2,1,19,1
TCGA-67-6217-01A-11R-1755-07,189,210,149,5,1792,2694,903,1484,1862,3,5,422,325,133,61,4952,692,819,1313,669,27,948,357,40,7,53,7886,14955,772,15961,26,13499,1535,517,1818,1102,1429,11,196,47,806,100,103,32,1630,213,115,373,1392,602,4369,4715,535,172,3,1916,2636,93,53,2,74,9284,544,78,117,4999,495,3,4,261,619,448,66,3489,10728,110,200,335,197,9,15,548,6492,250,934,158371,101,202,658,335,49,3302,490,68,1695,112,61,2739,3711,269,417,118,75,918,717,8963,256,13547,259,167,500,4939,1356,454,261,404,85,504,74,2,991,40,9440,19,820,2,4,552,438,115,25,171,155,523,3239,593,86,38,72,1297,78,88,1176,983,232,470,1943,22,455,7,635,73,20404,2,288,643,2959,184,2101,5,112,245,150,16,82,109,153,19,23,9,7395,119,322,2046,1801,1202,88,557,578,201,245,812,2581,397,90,6378,132,39,92,516,37,9547,2035,2,2096,87,74,365,1385,537,112,913,604,26,96,11,1766,96,119,655,1826,2952,787,116,257,4674,1166,1,11,1241,2600,41,0,240,5,99,5456,72,3276,3,9,62,52,2379,3,31,142,32,155,165,388,3297,3349,1671,19,1191,441,4722,0,1794,244,1608,590,18,2189,22,10766,0,151,0,387,15,3,94,48,0,1,1,19,4,3,26,3,29,1733,66,4,155,49,0,23,7,5,1,86,37,10,30,74,5671,1,20,9,0,153,224,82,1,269,8,1,142,6,155,86,50,15,6,18,1
TCGA-55-7726-01A-11R-2170-07,219,13,91,0,872,1053,65,466,1419,0,0,9,547,75,0,2009,1128,389,15,201,11,703,229,0,1,4,394,3974,4,6237,3,3019,406,108,104,1193,620,7,30,21,737,11,0,4,780,181,94,134,485,119,11187,17934,244,37,0,866,282,12,7,4,90,7445,81,20,119,108,1055,0,2,35,42,1,1,1943,6615,31,21,201,186,0,1,229,917,88,640,819,40,560,210,286,22,2553,422,138,590,30,18,293,1213,202,284,103,16,1049,296,92,126,11,7,90,3,2750,93,286,241,155,22,235,59,1,217,38,848,3,529,0,16,61,63,30,1,13,74,216,2272,4792,3,42,5,507,50,3,781,643,253,268,242,2,515,1275,641,2,12070,0,4,356,6554,64,1895,0,3,2,214,0,96,39,63,23,14,1,5868,9,240,24,1169,313,16,3,889,95,25,2533,183,303,35,1856,34,0,10,30,3,18,101,2,12,39,24,228,81,435,64,250,216,20,53,5,217,47,37,719,5289,463,266,38,113,14176,133,0,1,659,1406,3,0,536,1,36,395,72,2234,0,1,12,5,1015,1,278,15,2,24,34,1423,23,2539,35,2,289,231,6282,0,477,151,643,432,0,52,158,4775,2,115,0,578,0,1,83,0,0,0,0,9,0,7,12,0,16,146,379,0,0,17,0,4,6,0,0,24,2,9,2,2,3803,2,16,2,0,6,103,39,0,63,1,0,30,1,4,7,37,4,0,12,1
TCGA-49-6745-01A-11R-1858-07,345,31,471,4,896,2484,6280,1189,2590,18,2,88,314,182,27,4175,1979,1222,2306,707,24,948,595,66,5,9,10888,6185,197,11221,84,5325,1136,776,701,2062,481,47,320,50,978,57,7,15,1352,422,163,414,1148,258,5969,8564,702,258,12,1853,3265,32,224,15,135,9258,234,97,145,1636,835,1,2,213,1884,114,146,5971,18732,72,113,812,450,1,10,503,4146,685,2470,200336,120,715,268,465,247,8085,1389,168,2088,66,64,959,1877,491,451,222,134,762,1338,6630,229,784,40,123,168,21402,342,1778,509,725,296,1437,199,17,2377,161,6382,9,1853,1,24,335,447,533,125,95,31,1219,4443,7891,127,70,16,1808,116,62,699,2064,209,995,1326,15,488,602,1249,61,18370,5,470,719,13189,96,2842,17,54,36,557,17,147,98,204,49,17,2,10134,111,848,1767,2660,2356,45,139,584,160,111,2773,709,691,328,2381,118,68,409,553,472,83214,1518,7,367,508,11,290,456,589,240,1428,890,68,152,21,4154,208,143,1149,5519,880,1055,755,241,21267,375,0,13,2529,4085,9,12,627,6,98,1737,1018,1594,7,8,303,39,2625,15,308,75,44,274,126,409,1657,4221,700,16,2156,247,11651,2,5236,431,1433,656,30,2870,143,10853,1,970,0,444,7,0,107,4,0,2,8,38,1,48,36,2,19,839,323,1,9,24,0,30,12,0,5,24,84,14,206,10,10897,6,123,10,1,50,181,252,4,101,2,0,166,2,106,35,27,20,39,11,1
TCGA-55-8619-01A-11R-2403-07,132,115,1076,52,3217,6249,19750,6001,3297,26,9,182,480,670,107,2837,3354,2792,46580,2569,93,1553,2222,271,69,62,15328,25152,247,5882,107,14120,4235,2192,2822,883,2553,198,677,203,882,123,63,76,3804,877,448,2889,4193,842,7028,18406,323,1098,29,5057,11571,156,1163,127,238,9941,604,170,249,7027,1395,41,39,555,1693,848,445,5273,33601,177,514,1332,522,10,118,1782,7764,1589,4191,360408,203,410,347,687,380,2532,369,3346,2656,159,301,2622,7813,1316,1098,835,327,839,2250,16728,515,2992,313,329,1477,21656,1499,3311,797,1280,594,2370,127,93,5807,150,9082,89,3508,9,67,1336,953,2498,476,97,238,1125,12323,263,470,272,113,3870,208,410,1687,2484,721,1947,3457,327,1038,714,3723,395,8766,24,1311,1348,8333,619,2134,434,729,368,281,151,73,244,167,151,47,549,12830,477,1096,1739,1100,1108,209,829,1051,480,1305,3524,1116,906,1792,11726,716,546,2420,1546,1709,278438,3255,65,1888,535,126,561,1057,1289,2395,2406,1642,108,496,33,13409,316,345,1958,7766,380,2900,850,763,15150,455,8,40,5179,1277,124,24,3383,68,311,839,1947,10039,101,35,707,36,5034,379,136,618,32,631,418,1355,7652,6816,1083,42,3512,485,7051,21,3356,1072,7642,2913,82,43041,10,16224,17,1477,0,2302,107,6,141,38,9,9,11,62,10,71,71,4,247,3640,3848,2,147,82,11,96,17,5,12,130,136,20,246,420,17974,80,249,16,9,425,327,917,26,278,8,7,215,2,540,133,77,44,64,33,1
TCGA-78-7166-01A-12R-2066-07,376,53,157,0,290,2917,239,541,426,2,0,6,129,99,1,11300,564,946,86,291,3,771,585,2,0,7,452,3552,73,13130,11,1381,288,816,145,1730,749,6,82,68,1519,38,0,9,1047,227,170,313,1845,343,2871,1921,1415,298,5,1030,2048,66,9,2,46,6301,86,44,54,210,346,0,7,99,217,129,36,1059,11870,47,46,129,287,0,0,298,2336,565,488,4275,39,506,1191,463,34,10092,691,90,438,27,80,5402,890,538,203,196,46,316,332,3240,129,116,8,85,68,41831,212,380,330,103,103,269,611,15,225,170,1074,9,918,0,2,63,3847,307,20,9,1613,368,955,34884,49,12,9,718,76,9,594,501,10,448,499,11,333,58,302,11,26805,1,109,347,1311,66,4517,0,79,30,2024,4,558,82,24,16,6,13,2322,128,385,19,3018,198,94,40,412,75,127,659,17589,324,79,1247,52,11,18,134,45,127,2113,8,143,14,6,25,162,380,61,238,292,12,24,0,163,90,17,506,964,2175,884,6,89,4168,663,1,1,916,3715,2,0,563,1,60,3907,12,1770,2,5,274,13,1245,4,222,123,3,304,256,26,479,2140,94,4,327,136,37440,0,3532,377,860,474,0,610,1967,12114,0,189,0,217,20,0,36,2,6,4,0,15,2,9,39,0,37,635,474,4,7,2,0,0,1,0,0,165,13,1,2,8,3483,0,85,3,0,18,248,39,0,110,4,0,28,0,66,12,43,2,4,14,1
TCGA-55-1596-01A-01R-0946-07,651,14,235,10,160,1421,28,351,621,0,0,47,79,41,1,8798,1024,562,24,123,5,307,207,4,0,12,3258,1499,40,12329,22,756,428,412,6,1809,608,4,79,47,1489,128,3,2,1017,185,79,91,1288,318,339,643,345,314,0,1197,1560,9,3,9,96,4213,68,18,60,64,178,2,4,113,188,204,2,2129,11377,18,17,285,201,0,0,261,2319,580,544,22,14,1112,667,212,37,7810,906,64,213,130,54,2452,618,301,113,125,33,172,637,1393,122,2,0,29,51,29555,13,869,255,164,11,178,532,8,177,38,1477,3,725,0,0,63,856,169,19,4,135,1261,1666,7475,324,35,11,840,56,8,1062,461,265,397,282,8,209,0,353,18,62949,3,15,332,1107,939,5028,46,19,322,1946,2,612,34,21,166,1,1,6130,125,378,1,1730,345,16,29,201,22,35,368,12102,433,28,1167,41,33,37,69,0,3,535,5,508,10,5,14,199,276,60,883,317,16,44,0,1,44,19,681,1256,2208,498,22,76,2048,735,0,6,1058,3540,0,0,529,0,22,8162,34,732,1,0,0,2,1632,3,444,78,0,112,74,219,270,1363,764,3,250,104,19219,2,577,226,193,302,0,95,167,5995,1,316,0,202,3,0,36,1,0,2,1,4,0,6,11,0,14,100,1207,1,21,4,0,53,1,1,0,20,4,0,82,3,3948,0,3,2,0,8,115,22,0,26,18,0,21,0,34,1,6,0,6,6,1
TCGA-73-4670-01A-01R-1206-07,1161,34,285,5,698,2835,1949,1264,1178,0,0,14,188,130,17,27784,1731,1728,175,234,11,601,1128,1,2,10,1031,10436,12,29362,8,2579,314,524,288,11062,305,11,400,68,3072,65,1,6,1467,444,179,158,1965,488,3911,3521,1117,75,1,2367,874,15,3,4,107,15302,171,131,129,265,553,1,7,144,280,51,25,5370,38343,124,105,393,484,0,0,1309,4176,578,1875,14195,60,913,1076,656,40,15602,1790,151,875,29,68,10733,4583,446,236,270,47,524,781,2597,920,246,12,259,20,29909,24,764,356,447,56,611,443,4,410,130,1983,1,1821,1,0,124,2532,1036,27,3,844,461,2461,199114,18,89,47,1868,117,5,1594,2257,40,1022,372,25,356,27,703,14,51237,8,19,753,4775,289,6763,3,2189,16,1558,2,716,91,121,25,10,1,5242,67,328,31,6205,329,48,23,1009,186,26,2645,3004,553,115,1990,98,29,107,186,24,1112,870,0,1042,116,12,76,548,643,219,1337,383,20,73,2,1202,76,35,951,2956,2899,889,47,64,11538,169,3,5,2364,7775,1,0,163,2,92,18840,265,4004,2,3,14,7,1166,7,554,181,0,121,205,1190,136,3126,121,8,236,255,40346,0,1885,278,3959,666,0,469,1790,5180,0,581,0,608,12,0,81,11,0,2,2,5,1,23,33,0,23,358,123,0,12,37,0,0,14,0,1,6,8,3,11,11,14644,1,172,9,0,42,237,69,0,46,30,0,63,0,73,8,91,14,7,9,1
TCGA-05-5420-01A-01R-1628-07,338,11,41,5,282,1474,1126,366,783,5,1,7,112,37,11,2567,1618,321,658,124,2,112,120,46,0,1,2832,987,894,4408,36,1047,694,336,361,880,203,0,205,18,1424,53,4,1,1769,84,24,48,520,159,605,1088,66,310,1,1737,2066,22,7,5,187,4865,55,65,31,388,75,0,3,15,184,147,51,2099,6533,169,24,177,193,0,1,241,4988,543,3589,92722,74,205,246,231,10,2439,411,63,118,35,38,464,373,288,115,75,18,176,2028,3784,219,673,32,74,25,13582,26,1131,362,870,53,280,208,10,140,31,5455,5,992,0,5,116,791,229,13,17,50,393,2418,1732,414,130,8,633,179,29,710,343,5,159,1451,0,152,4,222,5,7843,0,74,252,1462,80,2224,9,25,55,450,3,133,23,46,69,4,9,2344,96,329,65,1431,417,62,36,476,58,3,273,3211,390,84,1055,212,6,34,78,46,30728,1173,0,91,43,6,108,88,338,131,482,548,15,64,3,3162,109,7,145,652,195,401,15,41,1332,263,0,1,405,1342,0,0,185,4,12,1969,107,1205,1,1,133,17,3100,2,88,34,1,50,100,183,702,566,228,7,793,108,6421,0,2409,98,332,260,69,972,45,2488,2,864,1,145,20,0,19,40,0,0,0,17,1,32,19,0,2,349,63,0,1,42,0,2,4,5,2,8,7,0,25,2,7093,5,20,4,0,18,155,31,1,23,0,1,30,1,9,13,4,18,34,9,1
TCGA-95-7562-01A-11R-2241-07,1699,10,410,5,2311,1430,3658,445,1128,0,1,362,531,121,21,7108,853,848,7,175,16,294,390,3,0,8,11348,6745,1,29250,27,11583,249,492,25,5766,647,0,72,40,2159,55,0,7,1101,279,112,318,1177,206,1053,1319,583,863,6,1820,2294,4,5,1,102,14663,408,22,452,287,6190,0,0,108,1975,16,549,1494,12128,20,37,422,235,0,1,1175,3830,597,19859,20899,79,2079,987,274,54,16505,2421,162,2209,16,31,3173,691,407,477,246,43,855,1055,97,119,38,50,64,42,19586,280,136,616,394,15,462,768,5,253,8,11555,0,1307,1,1,37,169,144,9,464,569,483,2855,6817,703,8,142,1791,102,95,1589,1032,161,588,563,26,337,8,1103,5,58219,1,15,591,4827,49,5182,0,30,37,2994,1,1103,33,84,36,15,11,3586,88,237,25,4434,1069,1243,4,847,44,58,3532,5125,499,62,2618,49,12,16,317,2,53,252,1,17,74,29,621,155,376,9,784,693,26,52,3,308,139,27,584,2593,2583,820,182,155,6923,548,0,20,2135,9955,11,0,869,1,49,4201,38,1846,12,1,4,15,4907,11,648,60,2,554,50,539,13,3919,110,10,603,1178,27661,1,1408,263,401,946,0,79,51,10336,6,632,0,3105,0,2,66,1,0,0,1,1,0,17,34,0,12,209,10,0,1,23,2,2,11,2,4,10,79,41,9,7,7833,1,22,1,2,23,125,59,1,279,3,0,1899,0,22,5,126,0,15,7,1
TCGA-95-7947-01A-11R-2187-07,918,40,830,20,520,3927,1747,1121,2437,6,8,394,1023,217,48,8565,2594,1669,3044,1349,22,1220,538,32,1,13,7453,17065,43,18336,49,3201,1746,1155,990,3487,3002,4,337,72,2099,71,7,7,1720,501,282,969,2172,456,3339,3637,500,3814,11,4949,4685,49,327,6,107,15249,244,147,188,5764,434,5,43,201,2147,205,888,5463,15628,108,192,806,498,2,17,589,5408,800,10770,78040,95,2570,897,391,230,8278,1497,416,1172,64,152,3153,1556,989,395,333,229,690,1490,4729,329,413,87,65,169,26692,1322,991,878,425,93,816,1253,43,4451,101,3682,10,2198,10,16,334,957,1093,283,255,183,1064,10010,1463,538,188,75,2305,142,50,836,1986,383,1082,1896,49,777,20,933,31,36534,12,131,851,14260,338,5191,43,133,137,1742,58,844,122,80,59,15,18,7367,216,577,331,3294,437,116,201,2116,116,745,1108,2368,623,402,1943,230,207,345,778,179,24550,1279,30,302,899,12,436,561,573,220,1423,1135,102,104,6,4577,317,59,1267,6007,1259,1946,300,216,6260,829,6,43,3101,7068,14,16,1351,10,59,3092,77,1996,1,7,221,14,8355,22,453,191,7,604,218,249,2036,5716,413,13,1324,520,12108,5,2144,672,1120,884,12,3744,38,36765,7,565,0,489,15,1,158,32,1,4,0,31,2,24,47,5,48,883,714,7,18,23,1,31,11,4,2,29,39,7,53,24,11074,18,77,4,2,83,277,367,5,79,14,0,957,0,368,66,39,9,14,9,1
TCGA-55-8090-01A-11R-2241-07,218,100,811,52,4555,6394,8880,1528,2372,23,3,199,306,247,61,4460,1932,1673,2802,879,22,1564,1100,57,19,16,8083,23249,38,14733,70,30236,1787,1050,1638,3409,1912,18,414,92,2133,115,14,36,2700,868,257,1107,2656,558,5480,6456,6505,379,6,2319,4454,51,334,15,172,18237,303,56,233,2058,1225,8,16,405,725,321,152,6521,25126,52,198,799,437,5,26,1294,5892,904,1828,775691,111,543,561,649,154,8331,763,479,5974,95,126,2461,3144,794,510,473,151,1158,1091,9827,228,817,109,167,362,26240,1014,1433,798,557,168,836,249,9,2476,67,13427,20,2457,4,22,543,2250,1566,74,52,191,1106,5463,22674,170,190,30,9947,182,126,1819,1969,292,1073,1025,76,552,2227,1275,103,27263,10,393,905,9724,347,4872,79,250,120,1340,50,420,113,129,43,45,40,9677,352,810,2147,3129,741,128,434,1471,238,193,3385,2074,597,677,5790,226,120,340,538,381,70327,1478,21,563,176,32,524,398,740,700,1075,1129,78,205,21,6093,138,140,1178,4910,6375,1652,388,441,22635,512,5,37,2608,4525,66,4,2126,4,98,3158,520,5123,10,11,229,10,2892,21,327,461,13,410,271,587,1944,11173,463,30,1622,545,25964,5,3112,645,2060,1425,56,8544,737,11183,5,639,2,1571,20,3,118,75,3,5,3,23,0,83,73,5,118,1327,757,26,59,36,5,59,14,2,3,39,70,24,125,40,8971,18,139,8,5,242,322,652,11,211,7,1,171,1,129,60,59,48,25,32,1
TCGA-73-7498-01A-12R-2187-07,410,330,888,26,7888,10961,3950,7060,4366,22,32,282,895,893,82,8668,5816,4377,8503,1891,121,2823,3276,55,9,104,5695,46952,105,13859,164,18111,4395,2992,2223,2856,3534,19,368,295,1544,175,26,44,6342,1173,804,2707,6393,1495,6656,13723,473,1425,16,4279,7331,157,316,20,339,14910,453,1110,379,2981,3104,5,23,767,1219,496,357,8511,56960,299,1044,1963,1181,16,57,2221,8619,2679,1878,89935,165,194,1268,1591,605,5800,592,460,7460,199,439,3980,11192,2324,1314,1031,454,1406,3199,13844,477,2202,97,390,1159,10090,2063,1351,1265,543,288,4152,294,24,14149,98,10042,42,4182,3,6,1477,1419,782,112,54,558,1351,11432,8589,555,43,68,5425,424,208,2327,2599,634,4597,4376,113,1936,52,2885,513,33806,2,7845,3141,7323,241,5498,93,322,154,543,77,173,432,356,125,29,22,23201,948,3605,862,2117,1665,297,1450,1114,1093,1395,3870,3923,2108,985,17728,349,393,192,1188,4594,75123,5385,20,2571,276,74,300,2137,2351,286,3454,2596,134,292,14,10831,385,258,4129,9505,10657,4284,330,1508,21458,2059,3,10,9330,2754,25,28,1027,24,346,6205,642,10783,18,31,3842,29,5415,31,91,835,34,520,705,223,9316,13246,1142,27,2188,592,5250,10,5097,1859,11079,2719,39,10497,258,44659,5,1012,5,1977,52,1,198,113,6,7,3,40,37,43,127,1,226,5526,508,10,742,138,0,129,22,11,8,378,82,20,35,253,24908,14,109,29,2,483,498,788,18,255,15,4,544,7,427,125,200,21,8,99,1
TCGA-44-6146-01A-11R-A278-07,98,4,281,2,740,1582,26,887,777,2,1,36,190,197,47,6822,1625,610,59696,2687,16,894,80,12,0,12,2244,5291,78,3270,7,5096,937,341,1176,1712,725,5,6,42,611,17,6,9,944,355,25,840,1395,178,2153,2588,355,2302,9,1998,1631,132,98,29,88,8665,156,105,77,1511,815,8,10,178,318,136,123,1175,7417,101,67,566,136,0,14,376,4035,219,157,61368,152,219,99,189,47,1146,280,3248,1477,28,54,3698,911,167,433,188,99,506,437,2023,107,197,68,29,270,36430,291,722,145,133,62,1251,135,24,1309,147,4453,53,582,2,4,417,512,234,40,35,29,198,3413,206,174,250,9,864,28,142,1459,1320,112,181,246,19,294,47,404,160,17990,1,140,336,2780,99,2246,33,123,19,117,13,18,89,57,86,5,1319,14382,98,505,1119,726,1617,121,290,669,69,460,3715,1859,199,270,956,32,106,168,189,95,23518,1203,35,514,185,16,150,593,260,24,802,459,61,18,8,3584,283,69,547,1277,352,753,167,259,3726,224,2,5,1361,953,31,13,499,11,29,2049,4,1029,10,21,1170,13,3019,5,72,99,0,66,79,106,1741,2476,268,9,210,187,2578,5,532,104,588,1386,0,2655,12,7266,2,30,2,532,9,0,72,106,1,13,0,17,5,0,16,3,57,1441,159,1,55,31,1,14,9,4,12,10,39,3,45,17,4267,14,182,5,0,54,62,395,5,28,2,2,114,2,81,44,19,3,0,38,1
TCGA-44-6146-01A-11R-1755-07,157,37,599,4,1309,4469,45,3119,1425,4,1,42,281,359,41,12328,2532,1660,183669,4148,40,1904,621,26,0,43,7837,14342,125,12034,36,6487,1551,863,2310,2518,1823,11,27,84,1193,35,9,30,2313,938,175,1390,2680,489,3760,5267,1034,4725,14,4861,4387,233,191,99,135,14285,196,156,206,2544,1314,10,13,324,547,273,224,2515,23132,143,216,1032,292,3,25,1029,7390,545,311,143593,211,418,260,571,93,3397,482,4981,2024,120,97,7347,3400,567,1569,346,178,685,831,4685,264,432,111,113,495,75918,967,1321,276,257,118,2359,322,32,4140,190,6965,46,992,3,25,476,1474,574,102,97,82,458,5730,594,302,382,17,2909,107,257,2722,1982,371,1013,1323,43,653,95,809,334,25476,7,268,792,4360,162,4260,101,290,49,212,72,37,135,74,126,17,3947,42411,280,1007,1743,1267,2515,212,675,1080,213,847,4678,4091,566,604,4966,68,263,430,943,288,53554,2136,115,1110,387,25,206,1522,576,34,1598,722,86,58,5,5256,406,106,1086,4286,1008,1381,338,518,7353,580,6,10,3638,1939,90,29,1028,16,82,4506,6,3446,22,20,2502,27,7656,18,110,146,2,95,166,185,3026,5083,443,25,459,344,6574,7,1351,619,1566,2369,17,6776,14,15918,6,69,8,1021,11,1,99,196,1,22,1,31,24,5,22,3,104,1858,737,3,105,46,2,33,15,3,6,42,123,13,94,53,9004,17,318,15,3,104,178,827,17,44,4,2,342,5,152,66,40,31,0,28,1
TCGA-91-7771-01A-11R-2170-07,228,65,525,113,723,3509,2659,3741,1797,14,1,134,873,460,23,5224,3788,1078,571,1202,36,631,654,35,12,48,3004,14412,69,8291,71,13416,3234,727,869,1578,1015,12,190,46,676,111,1,17,3889,595,162,773,3602,284,1743,3648,140,526,15,2046,4240,161,168,16,216,9801,288,270,154,3553,796,31,28,442,401,163,77,7955,26987,186,441,785,530,7,4,1139,6583,901,1349,45614,72,249,315,657,354,5117,788,304,1477,98,84,1281,3579,465,863,223,174,811,1433,16922,524,5283,21,186,633,12447,422,1084,506,513,270,2098,327,14,1967,88,2950,13,1537,1,1,1001,823,878,370,22,64,781,9838,1307,271,4,100,1253,190,142,831,1417,735,1063,3114,19,768,8,1227,171,27313,2,8903,869,5909,73,2582,2,374,34,687,20,64,148,77,88,20,151,14637,225,2057,148,1593,629,182,433,950,308,359,1963,5142,918,593,7472,257,136,59,806,30,7475,2787,6,255,227,50,154,581,887,192,2012,1127,96,123,2,1483,310,233,1097,5076,1425,1008,149,293,6117,543,1,4,3639,813,0,21,409,5,121,2294,55,2901,4,39,2024,17,6436,16,48,141,9,167,148,181,8901,3649,194,14,1377,161,11284,0,2379,499,2086,1123,0,599,54,9271,1,527,6,617,23,1,215,102,1,1,1,11,9,5,49,0,88,2007,44,2,16,183,0,15,9,1,21,17,12,15,33,62,11651,4,95,5,0,349,237,419,5,72,6,2,392,6,63,40,97,13,8,39,1
TCGA-44-7670-01A-11R-2066-07,748,32,370,43,1648,3765,2294,1070,1149,3,6,397,414,169,19,10148,1803,1955,1182,1380,8,743,1047,31,26,100,4876,9113,42,23455,853,9624,573,891,1684,4688,1235,18,213,127,1973,111,4,27,2043,400,394,970,1743,640,2345,3220,574,384,81,1674,3113,43,42,54,1111,10089,1023,61,352,1419,629,191,13,128,1252,341,121,3422,24458,34,76,525,648,0,5,463,8497,949,1196,39648,438,1749,901,614,344,15435,1562,482,1131,18,107,3466,1235,1254,872,412,148,719,710,4137,513,371,1559,63,130,9272,552,619,639,449,91,1062,501,10,2067,147,3438,17,2306,2,96,162,2353,251,138,48,1023,1479,26883,384,74,3660,142,3272,140,124,2007,2153,282,1135,831,247,483,189,1058,23,31487,4,574,771,5737,1414,6940,31,1363,157,1735,8,732,481,31,36,89,187,8332,131,713,228,2949,733,453,68,1349,175,166,3343,2721,756,121,1073,108,184,214,1086,120,30362,1066,7,250,1893,16,292,640,834,262,2023,599,62,44,3,1824,130,38,1588,4269,6487,1646,139,347,7774,2664,5,143,2971,3749,19,5,1051,1,105,8931,211,3149,3,23,37,1236,3377,31,512,253,11,796,85,1910,534,2144,519,20,522,903,14446,9,2320,581,91565,819,8,2944,10,5415,7,203,6,4114,11,0,130,35,7,4,6,23,32,58,48,1,77,265,307,2,40,9,0,13,23,0,20,36,39,3,355,44,12559,9,43,6,0,50,3999,210,5,695,8,6,244,9,110,49,45,48,31,15,1
TCGA-49-4501-01A-01R-1206-07,517,362,410,19,2704,3950,2923,3473,3104,8,13,284,267,276,52,9151,3451,1694,1886,1894,94,1443,1525,56,19,35,7818,27521,1111,16414,126,13236,1928,1317,934,3379,2631,26,152,104,1257,432,21,58,6544,525,222,767,2164,721,7856,7258,296,839,13,4457,5558,87,118,122,209,21807,348,257,266,6046,1268,1,9,422,1364,971,87,7571,21217,279,253,801,722,1,20,1465,12451,1910,3116,136712,118,690,992,923,211,5759,1113,290,3008,177,103,4175,7924,1125,1725,429,204,836,2538,20140,377,751,78,587,742,20898,1109,1285,1054,674,122,1330,140,35,1183,156,12135,14,2073,1,4,786,779,325,100,53,300,2128,7371,2597,104,131,73,10179,316,136,2397,1393,153,883,2690,409,948,286,1235,98,41822,6,1317,1600,5179,858,6766,9,163,2613,727,44,193,161,203,84,6,71,19280,329,1103,707,3497,2958,823,590,1459,277,168,3032,2948,1170,552,15028,282,43,670,1009,585,89754,3456,13,2806,285,117,831,9178,1134,638,2372,1147,39,189,25,1124,221,83,1668,5839,4255,1888,230,796,19851,808,4,20,2393,12831,45,4,350,27,303,8538,549,12916,1,6,415,103,5401,3,119,284,18,491,858,377,6988,7857,1765,39,1314,666,8770,0,4027,666,3993,1291,18,1503,113,16121,3,875,4,2202,67,3,416,6,2,1,3,24,32,42,54,0,37,4248,67,2,30,80,3,31,9,17,24,59,18,29,93,29,12601,13,99,12,2,217,413,140,1,194,5,1,163,2,234,55,107,14,15,48,1
TCGA-05-4427-01A-21R-1858-07,387,17,358,3,1670,4293,3350,480,1044,0,4,14,90,110,34,4883,936,671,322,517,3,820,983,10,4,8,2589,5424,18,7711,32,4771,728,407,396,2904,534,5,158,23,792,25,3,9,572,169,116,302,1065,191,2403,1398,484,78,0,1220,971,16,24,2,67,13270,116,51,73,309,280,1,1,78,975,48,35,1747,12508,45,43,432,245,1,0,367,3909,210,1071,18655,50,1422,547,352,36,4476,1375,60,2314,19,36,1753,1031,264,179,156,82,298,645,2334,265,417,16,46,17,12322,663,527,324,384,70,250,350,2,707,35,1768,14,971,1,3,67,841,87,17,6,78,507,2035,4328,38,34,12,811,92,13,745,386,104,328,546,1,226,2,697,5,10469,263,8,462,2485,37,2679,7,25,10,960,1,145,52,59,25,21,3,9532,49,207,189,1795,1565,39,17,1012,57,24,2530,1901,365,135,684,98,60,82,168,18,4259,7048,0,211,29,4,334,225,387,47,490,532,13,103,1,1288,163,32,612,2890,2187,496,36,63,7394,534,0,0,1165,3015,1,0,571,0,84,2612,466,1014,2,0,31,9,1621,1,579,119,2,176,65,717,217,2500,154,6,902,254,7813,0,877,218,556,557,4,514,60,10056,0,504,2,150,5,1,134,24,0,0,6,6,0,4,31,0,21,509,14,0,4,7,0,69,8,4,5,6,9,16,15,2,6470,1,28,2,21,17,129,64,2,42,0,0,71,0,80,20,13,6,13,7,1
TCGA-MP-A4T4-01A-11R-A262-07,370,24,379,7,523,3696,3260,814,1426,4,3,42,179,138,63,3338,872,1011,37,285,34,831,970,11,3,29,2746,6046,3,7662,41,3073,2088,1006,160,2075,1813,8,241,60,1012,45,2,7,1451,324,165,604,4141,403,3979,4396,1079,168,1,3625,3809,26,8,20,82,6968,136,37,163,477,445,3,4,113,1642,86,20,7258,7192,77,52,232,350,0,2,1456,1739,580,1742,250327,19,765,755,389,30,4049,693,198,1380,50,112,2792,1374,355,487,307,17,567,1298,838,124,71,43,127,125,13502,576,258,608,654,11,272,375,4,1087,55,4688,7,1464,0,3,264,1110,69,6,7,294,899,3060,4956,44,71,16,928,127,10,849,1368,68,441,942,34,357,17,1156,5,25369,4,50,500,5033,80,2702,0,168,42,3781,0,326,100,188,36,15,1,10485,32,251,101,2416,168,57,26,631,79,89,861,1469,332,142,2375,280,13,89,242,10,1911,566,2,169,86,19,149,410,437,29,599,884,12,151,5,213,137,145,811,4340,1104,721,38,105,13632,722,4,19,1223,5735,0,0,350,3,137,6319,47,5333,1,6,8,24,3181,1,167,120,1,84,144,129,535,3506,120,5,1934,169,6137,1,2139,380,696,842,1,452,147,4274,2,349,1,328,5,1,113,2,0,0,2,6,0,14,29,0,79,404,45,0,1,6,0,5,5,2,0,12,6,3,20,15,9226,2,15,5,0,57,144,37,0,73,1,0,24,1,31,11,49,2,9,12,1
TCGA-44-7671-01A-11R-2066-07,295,147,723,3,2081,3965,719,2872,3723,13,8,328,563,332,39,15072,3404,2470,6,1027,15,1111,1035,27,8,34,3436,26829,6179,14178,69,16288,1345,1109,437,4415,1428,31,152,135,1333,36,8,19,4039,602,296,1251,1597,655,8714,18835,685,1414,3,1477,1266,62,8,0,116,20604,1386,388,224,923,1322,2,2,204,804,97,518,4353,61733,103,103,975,786,4,21,724,8120,1406,1089,309054,36,381,583,816,234,10849,830,137,3991,96,119,3901,4719,965,828,435,324,969,1269,12615,345,22786,64,209,370,32601,307,796,572,1167,65,1823,89,9,7727,21,12125,11,2042,0,7,1066,717,156,13,16,212,1538,7833,8234,327,9,42,2331,108,73,1598,1350,227,1695,2226,10,968,17,1763,177,42265,0,976,1526,7163,136,4140,1,114,55,468,60,232,170,440,44,3,9,12859,318,1285,7,2903,1052,99,429,760,239,281,2743,8686,996,180,6567,117,16,42,1634,180,114,2391,11,743,75,87,77,806,1147,248,1896,799,45,117,4,2219,144,61,2701,7425,2652,2189,227,612,13426,825,1,43,3645,4154,1,2,229,15,141,7968,25,3541,4,2,9107,23,7252,3,167,215,2,0,253,177,3207,7734,285,12,490,601,4923,0,7058,1084,100949,1014,3,700,201,14992,0,282,3,1386,17,3,140,78,3,3,3,55,8,6,51,5,11,1857,25,2,0,21,0,35,4,1,0,77,10,8,75,28,13982,4,50,10,0,156,247,76,10,707,3,1,176,0,169,15,109,0,8,33,1
TCGA-78-8660-01A-11R-2403-07,441,61,399,19,698,1888,2588,986,1269,0,2,53,185,117,122,3649,793,1336,1829,261,8,372,637,14,3,16,5004,9052,18,9468,31,3289,971,1072,849,1664,763,1,171,60,1282,70,11,7,1611,296,196,867,2133,472,2854,11375,796,143,2,2731,6326,71,47,7,60,7787,127,105,53,1393,227,5,26,182,1388,325,140,2916,14514,49,148,392,309,4,36,939,3120,694,1224,133893,70,670,714,318,89,8236,912,178,1125,45,135,987,1852,434,296,310,61,540,1212,14600,257,705,43,90,334,4753,249,1326,347,521,77,357,300,24,2792,74,5922,15,1872,3,21,198,763,1717,27,39,118,527,2511,5095,74,239,32,2829,109,475,1077,789,244,1061,1195,51,329,27,581,37,26393,4,348,466,2533,194,4473,46,131,62,2124,28,576,96,85,34,115,24,5064,258,305,984,2654,789,68,207,381,187,393,658,1843,469,253,2861,242,173,30,408,346,64199,726,6,447,110,17,230,424,406,48,994,861,60,140,2,4517,95,48,1079,2883,1651,1460,83,109,6307,968,0,12,2496,3234,7,10,930,7,62,9103,33,3291,1,13,305,3,1966,2,354,246,1,73,122,390,1349,2781,285,13,1326,117,26452,5,1698,537,903,855,3,7996,252,9253,2,496,11,299,22,6,44,10,1,3,2,24,1,2,57,0,27,964,724,4,26,24,3,8,9,6,1,17,16,6,4,86,6265,6,50,8,3,194,235,164,3,119,12,2,151,3,415,49,25,12,3,11,1
TCGA-05-4244-01A-01R-1107-07,789,28,473,14,1005,5638,6984,1241,1617,11,4,253,312,204,53,3025,1539,933,1466,420,13,772,611,61,20,32,3528,12962,38,20990,42,9409,1021,812,166,2638,1658,43,221,54,2770,62,12,18,2390,267,198,927,3141,320,4340,4251,320,156,5,1703,2696,47,226,8,121,11526,212,104,82,4304,558,4,9,654,1558,281,72,8213,16370,76,136,682,387,1,11,601,4918,506,2492,174220,19,993,1594,442,159,10125,1573,183,880,36,148,1120,1380,416,184,224,94,608,1186,7084,267,170,20,92,106,18110,1155,1176,666,434,123,686,457,27,4859,46,4672,19,21031,3,16,436,21,528,111,22,704,532,2336,6996,98,67,23,2767,118,194,944,1756,210,816,1313,31,408,15,1027,85,19265,4,72,1387,3244,156,6408,30,710,110,1915,40,558,86,107,26,26,14,9605,193,496,25,5258,245,142,144,937,83,716,1205,739,480,1500,1172,273,134,556,270,86,17795,1741,5,314,266,11,609,1910,644,354,927,633,57,189,13,10076,200,76,840,2436,2376,1114,87,318,7495,2724,6,28,2012,3597,12,9,559,5,74,4446,1954,1933,12,5,100,17,1809,14,231,142,48,82,175,514,1344,3069,547,10,1844,304,18414,2,1166,526,1752,628,11,3769,473,10316,4,1015,5,435,16,3,167,8,0,0,9,26,4,27,80,3,143,689,307,19,10,38,0,14,10,36,1,43,24,8,223,80,10832,2,79,8,1,76,280,294,3,74,3,1,106,0,246,11,38,5,37,32,1
TCGA-J2-8192-01A-11R-2241-07,419,88,780,4,5302,6473,10647,2163,4019,2,1,209,980,434,83,7705,2601,1424,1709,1355,250,2302,1527,307,42,29,2564,32642,52,24350,170,14056,5234,1052,631,2812,2326,87,1068,78,2568,160,3,12,5311,709,182,398,3151,514,9628,8816,1482,378,1,3528,4678,57,10,6,376,21556,571,76,648,1381,5255,4,3,248,713,129,69,9903,24173,143,171,847,423,4,11,1744,7162,729,4455,17569,127,563,644,792,253,6090,1165,511,3904,122,81,2262,6092,602,2031,464,105,2382,1312,6972,185,279,317,507,446,28414,371,1268,1196,964,469,837,250,5,485,189,9724,19,1966,1,3,624,420,100,332,56,192,1386,10212,3675,138,40,36,1568,214,48,2833,2929,268,622,2664,150,1170,321,2741,36,34084,2,78,974,9472,310,3787,1,126,80,628,0,189,165,360,185,15,0,24211,123,752,1386,3281,990,131,69,2124,158,158,3902,2363,1046,335,18136,611,5,1466,350,24,12504,2104,0,209,113,38,603,289,1261,573,1423,977,105,416,9,2503,182,156,1541,13031,1334,1162,581,721,22038,1401,1,7,2890,4349,0,3,403,4,377,2929,1505,8287,2,19,108,36,5623,6,177,147,92,247,317,3349,1639,10111,469,30,3571,381,21395,4,3733,430,7019,1127,5,296,144,19449,2,1749,3,2351,15,0,309,7,2,0,31,10,0,107,48,0,53,1157,67,1,5,143,1,329,45,5,3,135,7,27,71,22,17471,2,41,9,0,54,207,150,2,185,1,1,179,3,57,25,88,23,39,59,1
TCGA-L4-A4E5-01A-11R-A24X-07,330,10,147,6,2850,3470,305,314,810,1,0,57,117,92,14,7621,671,917,542,252,14,488,702,1,1,8,3800,10919,28,23814,31,2982,645,630,415,2007,1059,4,51,54,1662,88,5,7,846,248,142,458,1148,396,1679,1413,1120,146,9,1275,1522,11,14,5,31,4202,69,20,71,337,2736,1,14,179,1324,126,55,1628,25600,22,32,191,246,0,3,420,2724,390,660,39359,37,1339,1158,341,44,4944,1138,159,763,20,104,3730,844,313,202,263,59,274,427,2359,263,84,21,34,81,30020,1254,229,287,194,43,291,754,3,825,17,2921,8,933,11,1,93,776,114,6,10,312,274,1599,6482,68,20,18,2767,75,15,810,1319,39,722,217,9,212,146,525,4,22058,0,165,552,3194,105,5643,3,51,74,3085,3,603,72,49,18,2,7,3935,60,399,539,3498,1640,111,12,790,42,113,1660,2445,291,36,969,86,125,50,92,25,5986,261,0,463,37,15,75,303,357,16,461,348,20,68,2,2012,50,42,926,1730,4988,760,26,68,5478,1413,0,11,1248,6026,2,1,604,4,61,13512,26,4139,3,9,9,4,1036,2,345,131,0,90,211,719,198,3829,154,8,444,383,8366,2,882,415,616,468,8,929,171,2174,4,99,1,216,35,1,155,5,0,1,0,19,4,3,32,2,77,126,609,0,12,5,0,7,8,0,5,12,17,0,4,24,4591,3,25,3,0,14,141,126,5,63,15,0,43,0,95,49,56,0,7,12,1
TCGA-86-8055-01A-11R-2241-07,549,54,570,4,2139,4361,9377,2189,3263,2,0,80,281,310,39,6384,2597,1346,796,1249,147,1963,1775,45,6,27,2202,39706,108,27466,89,8107,2464,961,949,2818,1598,26,175,101,2713,61,2,53,3419,666,157,709,2144,383,3866,5458,1198,502,11,2450,2862,44,96,5,303,19470,331,94,282,652,3792,7,26,158,601,118,53,6937,20220,109,128,869,431,2,13,1227,4287,438,2714,11372,103,1177,730,753,30,5291,917,462,2545,191,96,1882,6012,515,1022,418,88,1312,1348,1121,407,131,41,103,101,21322,392,1148,643,381,149,520,212,34,634,149,2735,79,1847,0,4,340,842,431,33,4,324,1319,8557,2988,66,140,22,1940,148,76,1409,2988,349,736,1223,36,834,326,2228,41,34484,8,231,1342,9911,279,4884,38,67,76,680,10,365,84,384,204,24,3,21265,69,355,877,4776,1461,292,140,1255,156,233,4079,3196,826,5376,6636,206,24,205,349,72,14080,1593,1,90,395,41,622,497,1210,148,1042,825,55,221,9,998,165,50,1535,11939,2082,1108,308,332,25879,961,1,8,2510,3982,11,9,664,3,463,5800,641,8508,0,4,42,29,2464,7,540,150,17,12,182,1747,1175,9705,446,14,1472,875,29374,4,1701,574,2534,1065,66,1636,61,10698,3,790,0,2073,6,0,236,1,6,0,18,15,27,50,41,1,29,889,53,4,19,82,1,87,29,1,1,78,24,15,28,36,14223,4,49,4,1,96,249,245,5,133,1,0,106,1,187,26,71,9,29,13,1
TCGA-55-A48X-01A-11R-A24H-07,452,176,296,10,2363,4360,654,2216,1927,5,3,93,334,145,33,3334,1043,1374,1182,771,54,949,732,18,10,38,6896,16392,112,7794,33,8455,1158,1158,2669,1742,2036,13,103,83,982,92,4,2,1168,271,159,394,3474,356,2554,2517,540,297,13,2843,4792,48,27,10,112,7206,334,90,254,4737,1251,20,14,184,545,350,192,4122,14669,97,167,394,387,3,10,1511,2632,663,1396,114200,152,405,663,582,97,3585,518,295,1246,70,123,2551,2823,508,684,217,103,690,1076,14556,313,1341,270,130,585,6817,646,1125,500,321,118,639,157,6,3752,89,4742,15,1090,2,9,449,112,242,30,62,98,765,4788,6964,72,16,26,1960,134,69,1427,1218,321,780,2829,79,531,169,789,39,23894,0,172,629,4823,344,3500,4,418,190,643,25,229,97,99,35,4,18,7484,95,494,3549,1587,1046,166,127,518,147,517,2360,840,575,137,9061,292,10,73,508,388,83031,1635,4,558,107,85,209,543,597,92,1074,939,23,133,1,5449,99,54,1077,3276,3062,894,119,412,6284,1276,13,60,1856,2432,2,1,299,6,100,2284,77,6538,4,8,77,24,4262,6,91,228,12,62,200,448,3452,4039,1174,33,1036,236,4864,0,3720,420,2137,1087,24,1442,291,11292,2,213,0,1489,21,0,106,35,2,1,1,31,8,2,22,4,76,920,126,19,39,4,0,32,12,2,4,11,136,9,72,59,7651,7,29,5,0,102,272,87,0,176,1,0,124,0,137,130,53,62,2,13,1
TCGA-71-8520-01A-11R-2403-07,424,31,587,1,782,1815,903,444,2306,3,0,52,178,94,74,5053,1030,1159,1118,363,49,871,536,2,0,25,4171,16374,28,12686,25,8751,471,685,95,766,656,12,49,49,935,54,3,1,604,196,140,240,873,275,3951,1825,692,128,6,1095,558,7,2,2,69,5429,125,24,178,147,944,0,2,73,600,248,5,3018,12626,51,53,297,211,1,10,418,2682,248,884,159368,20,1025,553,378,6,5162,779,70,882,24,84,1763,1456,346,314,346,82,684,425,1318,70,33,15,79,28,13584,275,65,366,126,43,378,194,8,129,23,3049,0,1008,0,0,70,183,67,19,62,136,366,4890,1070,8,37,18,2526,71,32,634,1229,16,556,334,10,330,160,786,1,30345,3,77,498,3396,49,3293,11,29,97,507,2,408,75,124,42,5,2,5897,49,349,4952,1284,793,47,11,420,100,60,1522,853,428,47,1728,61,10,40,97,1,40,252,0,546,14,7,123,269,528,23,585,274,35,87,14,7,95,30,964,3183,2784,779,41,95,9034,742,0,1,2076,2500,0,0,278,1,98,4447,107,2565,1,1,1,27,870,2,289,181,4,44,132,396,13,3656,1185,0,428,280,7264,2,364,386,562,903,9,195,32,3641,0,236,0,230,2,0,64,0,2,1,1,5,1,1,50,1,122,27,63,4,2,4,0,2,4,0,0,16,7,1,12,9,4398,0,10,3,0,10,89,28,0,65,1,0,31,0,32,1,26,1,1,4,1
TCGA-55-8096-01A-11R-2241-07,622,80,306,7,4262,7279,16390,1923,2609,9,0,245,458,575,123,6381,1239,1870,37,2225,21,1082,1540,240,10,33,654,29538,92,20703,112,9626,1698,1489,4877,1739,2207,161,1244,113,1930,167,3,54,3513,572,325,514,3308,817,2751,4361,722,400,2,4527,2400,44,9,0,151,17815,481,59,559,896,3471,0,13,236,589,278,35,5085,20722,95,156,395,528,1,2,1274,15142,282,3159,179,97,856,892,914,74,7289,1278,1864,1468,162,215,1857,8222,531,916,385,131,986,1370,241,375,48,29,221,212,15596,848,4119,1056,486,226,560,282,16,902,112,3757,3,2898,5,0,633,795,115,40,603,302,1130,18342,2658,33,31,238,3965,195,7,1333,2164,544,1929,1448,53,605,12,2390,35,24556,9,19,2315,7461,197,7270,2,137,57,1937,21,389,158,120,99,26,23,15610,148,591,91,2480,963,607,214,1551,169,258,4089,1647,664,1050,6925,556,4,1311,271,3,143,1090,1,191,122,36,342,585,863,935,1123,960,25,372,2,1062,136,71,2151,6657,1919,1399,473,676,17666,2170,1,17,4321,4451,2,2,229,9,349,5939,1967,5459,16,1,2,50,3354,11,289,303,36,380,320,1071,917,6821,301,19,3041,601,26370,1,2250,965,3085,1627,2,272,143,15899,6,2898,0,1762,13,2,131,0,6,1,19,8,4,53,123,0,124,1161,73,9,27,27,0,23,16,1,0,12,28,32,130,20,17635,0,105,12,0,229,2571,206,1,256,4,0,159,2,285,23,112,4,76,43,1
TCGA-97-8171-01A-11R-2287-07,631,86,752,0,573,10395,1204,247,9080,7,1,7,109,67,13,9102,620,1038,19937,618,1,885,429,4,0,49,10442,21667,774,14176,53,8483,372,582,6093,6414,1325,2,47,55,1370,91,5,4,811,200,124,414,1312,227,762,1271,1039,150,2,2401,446,203,4,700,339,12620,1131,28,551,482,373,0,2,345,1964,257,1151,661,9787,12,15,178,232,14,3,543,14104,251,480,38141,14,472,1574,252,15,19994,2130,412,7478,10,71,3155,737,371,136,100,116,816,344,10777,32,1777,1,21,68,10246,249,68661,248,132,3087,8254,561,5,7780,5,7347,7,678,2,0,47,1240,49,15,2,2148,645,3697,256,12,3,6,14526,29,2,1594,2134,36,520,334,32,220,2,558,18,59451,192,85,395,3017,229,4695,0,244,3459,2180,0,552,59,221,13,8,72,7602,155,287,330,3368,4533,781,10,845,37,397,5589,29786,348,4,571,122,3,391,57,10770,1421992,310,2,8515,34,3,37,216,363,8,355,274,20,73,3,86,77,21,806,1240,9610,537,37,115,7430,1812,0,0,1352,6157,23,0,377,0,35,13934,123,2167,0,73,8,2,6872,10,174,61,7,90,106,26,148,2496,1879,4,395,243,11054,0,1351,346,423,366,131,679,11,7774,0,402,0,639,7,0,62,197,0,0,3,65,0,22,34,0,73,122,79,0,0,2,0,27,0,0,43,1,59,27,10,3,4810,425,28,3,0,6,77,32,0,546,1,14,16,10,83,597,38,1,1,16,1
TCGA-55-A492-01A-11R-A24H-07,157,76,316,24,665,2365,2565,1243,879,6,12,582,429,162,1,4832,952,1111,307,227,5,688,1614,10,11,43,2687,7941,118,7542,48,6329,383,926,316,1054,1348,10,40,197,567,130,115,9,6708,302,254,2092,1998,933,4944,5442,328,557,0,1168,2468,59,16,3,56,7532,129,117,82,957,220,0,3,530,215,371,173,8157,14203,37,170,344,441,22,2,1071,3150,2798,646,450645,58,66,592,512,237,2671,201,126,924,69,300,2414,2115,1899,351,686,88,761,721,38681,102,1958,33,198,207,8456,303,1246,704,475,54,1087,100,28,12758,58,5990,0,2952,1,2,553,1358,547,19,41,264,913,2063,1289,92,15,21,2570,124,38,1206,213,36,1667,501,46,826,1,615,123,20547,0,414,582,958,238,3423,10,21,158,320,102,162,114,43,9,6,8,5161,688,3074,57,888,709,103,695,552,184,882,875,840,675,131,2334,145,1175,130,585,863,54902,2022,8,1993,106,19,52,767,621,270,886,566,102,35,0,2114,90,99,1377,1218,2546,2603,53,375,7828,669,0,3,2096,1442,4,1,111,3,126,3555,268,2812,2,0,22876,25,3628,31,56,536,4,1136,524,92,2743,2448,300,18,326,349,2677,1,2088,895,82248,635,94,2856,30,12483,0,310,0,252,46,12,74,75,3,0,1,78,5,12,93,0,9,3256,150,0,9,24,0,38,3,0,0,734,68,1,30,68,9101,0,104,16,0,90,616,214,4,720,17,0,66,0,124,21,119,49,6,25,1
TCGA-95-7567-01A-11R-2066-07,908,31,654,73,3202,3487,1495,640,1298,0,0,114,196,207,99,15519,2040,1895,9,536,4,1266,1560,2,0,10,4758,17942,1,21499,37,15031,2019,1240,11,4236,927,6,349,70,1470,57,8,4,1177,346,288,777,2163,522,3044,2004,485,293,0,2653,3975,9,7,1,77,12828,67,31,112,2264,572,0,1,343,924,1585,3,4479,22777,54,57,587,460,1,0,994,4792,804,1133,234249,22,977,1293,619,41,17905,2616,116,1601,45,97,3360,1672,679,402,406,57,916,1278,6860,168,39,32,102,19,18541,1092,457,637,538,24,718,554,9,48,5,5783,0,1992,11,0,139,3546,147,18,3,360,1139,2429,21604,22,180,384,2230,142,7,1805,2485,20,828,570,4,532,3,1173,0,35275,0,39,800,3814,449,7369,0,25,14,917,0,538,77,82,19,19,0,12291,71,475,8,2670,191,37,0,1253,63,124,1764,2068,808,30,617,170,17,56,178,1,53,5510,1,353,644,7,357,318,586,65,966,959,18,92,5,29757,100,45,1555,4666,5577,1174,49,84,15176,1876,0,1,3264,3933,0,0,597,2,102,12943,52,5077,0,0,6,3,3373,2,240,237,6,279,115,199,60,5225,1170,8,981,316,16891,2,1782,618,664,799,0,3205,645,35535,0,413,0,202,6,1,145,0,0,0,2,6,1,7,70,0,22,221,210,1,194,16,0,56,4,11,0,250,2,3,0,8,12440,0,48,6,0,11,305,29,1,72,23,0,64,1,91,7,35,9,35,11,1
TCGA-44-3396-01A-01R-1206-07,870,113,754,1,1907,7134,5285,1637,4687,3,0,14,1068,394,51,7195,4146,3007,80,714,33,1106,1238,12,1,13,2553,9269,9,27215,75,15051,3669,1808,128,5765,1546,21,502,98,2692,236,3,3,5404,828,339,424,5124,944,5906,4843,3485,420,2,7230,6003,64,14,2,352,24378,515,104,280,700,1169,1,6,216,699,209,24,8717,27955,314,207,867,768,0,4,2650,5633,982,4207,20036,83,1699,638,1303,105,12047,1619,370,2730,226,232,3511,5414,1250,1125,694,119,2276,2810,1600,952,58,14,275,27,16889,306,1833,887,1782,169,1588,718,34,235,47,10850,9,4152,8,0,373,1423,510,34,10,220,2801,9377,27298,74,128,40,3349,340,78,3024,2407,517,1407,2413,13,1043,7,1948,4,57277,1,9,1454,9900,310,5494,1,46,62,2706,8,760,237,174,114,37,9,16917,332,1099,14,5544,2940,69,21,1101,205,292,3138,1650,1266,216,7713,619,49,95,842,8,180,8446,3,57,113,51,491,897,1665,103,2969,1556,66,602,9,537,117,100,1994,9282,2623,1980,447,267,27077,325,1,9,5231,5100,3,4,1034,0,179,6599,539,8751,2,1,11,11,7552,19,504,343,4,914,295,1826,484,10144,232,29,1997,602,18836,1,4998,748,2148,1407,16,544,1019,20653,2,2523,0,912,17,4,178,4,0,2,19,14,2,21,81,2,90,321,77,2,1,87,0,386,13,1,6,137,9,41,10,7,26277,2,164,17,14,49,539,208,2,194,3,0,185,1,195,31,89,5,54,20,1
TCGA-69-7974-01A-11R-2187-07,585,90,801,27,2438,4675,2654,2184,3645,17,2,143,388,385,158,8373,2577,2100,10351,659,34,1268,767,32,10,49,13513,21350,56,17402,83,26059,1924,1632,2394,4106,1039,11,368,115,1911,158,84,37,2911,865,340,2228,6462,755,7110,13292,1081,589,6,4598,4575,70,125,23,167,13755,586,166,235,5129,2162,6,21,180,1429,469,326,13725,31998,125,256,944,765,2,20,2180,10149,858,2287,492175,263,1106,845,897,255,14439,1699,426,3547,57,166,2534,3519,793,463,446,214,1563,2397,13930,1014,2217,186,179,472,31993,1316,3250,1219,1376,134,1165,361,12,5680,331,20352,92,3638,13,31,868,2246,1825,30,48,224,1624,7035,77350,181,40,24,16831,199,164,1844,4503,502,2242,1832,28,769,1058,2085,101,24881,18,703,1225,6024,520,6038,43,276,172,1782,42,372,215,93,72,116,36,19076,398,1304,523,4021,835,154,388,1139,253,463,2120,1233,934,332,4247,276,386,99,1271,772,101464,6649,11,457,269,44,345,1038,1105,103,2305,1939,89,369,8,15431,339,99,2197,6336,2388,1939,476,814,42800,870,0,57,4829,4257,8,1,2823,14,107,9431,286,4602,7,44,530,57,4772,18,385,598,5,205,181,280,2263,11119,2987,81,2521,416,25873,4,2901,916,2097,1592,62,5160,5552,18214,14,684,5,926,15,2,116,26,1,5,10,37,8,79,81,3,89,1049,793,5,123,75,2,67,36,16,13,85,47,13,34,110,18558,55,65,8,2,202,347,353,18,173,17,18,270,14,273,98,41,85,18,44,1
TCGA-44-6775-01C-02R-A277-07,463,1,54,5,1136,925,86,864,1592,1,0,184,680,253,8,1048,2669,136,357,1435,47,894,79,55,8,55,972,6502,79,3637,17,5515,1547,69,110,1856,299,14,204,30,242,12,5,6,762,171,87,37,1869,48,1747,1263,72,348,3,276,362,71,30,2,325,6390,349,137,286,818,1086,28,74,29,794,9,270,1354,5735,728,116,385,290,4,29,115,1178,37,437,1814,98,835,106,353,35,1794,709,46,744,51,19,85,550,68,102,37,94,683,404,262,349,24,229,20,72,3265,284,540,277,294,104,651,132,3,427,80,3153,28,245,0,3,641,28,42,26,10,20,624,10978,197,97,119,33,144,145,144,280,1495,800,130,1957,0,319,6,431,30,2098,0,47,602,4507,18,1783,0,81,83,23,2,13,119,28,281,14,0,6333,10,452,295,1063,611,197,93,611,111,70,1494,449,457,149,504,67,2,18,236,8,949,936,0,61,132,20,281,475,850,23,536,441,24,26,159,3404,397,461,215,4090,139,203,175,153,1025,629,0,38,597,932,1,5,931,8,33,81,25,285,46,9,7,9,1870,6,289,16,14,1,56,448,2137,933,916,52,410,222,4841,0,608,95,287,312,2,65,60,2705,2,96,212,500,2,3,653,44,0,2,3,74,2,3,18,1,197,535,11,0,2,32,2,51,8,2,17,57,16,14,55,5,3621,9,29,6,2,36,185,133,0,117,1,3,173,2,8,19,225,7,6,1426,1
TCGA-44-6775-01A-11R-1858-07,415,35,248,3,1269,2775,6709,1119,2761,0,0,143,234,349,9,4614,1273,834,46,835,94,962,942,18,11,11,1304,15818,26,14556,85,8359,823,528,4891,1743,798,39,1072,34,1034,75,2,20,1475,279,100,153,1638,214,1964,2228,856,296,43,1760,1947,12,8,0,120,9480,246,21,436,1401,1382,17,1,80,540,148,184,4432,9125,66,60,463,207,1,6,844,3096,369,2882,1770,50,943,467,321,67,4766,950,418,2430,65,67,1244,2323,269,783,279,196,776,755,2397,136,53,221,140,84,18308,290,354,660,453,264,300,283,3,635,84,4661,2,1452,0,0,216,371,104,115,22,156,1534,7351,1831,37,56,21,740,69,67,1045,1743,522,411,1217,12,576,42,1356,4,14352,0,21,556,5623,113,4039,3,27,37,629,0,230,46,163,89,8,7,9283,50,269,100,1908,356,38,21,887,77,34,1856,2537,383,103,3725,256,4,448,153,13,1841,491,4,172,75,8,472,423,568,61,617,627,9,238,3,409,81,56,870,8286,1181,624,116,228,14582,799,0,16,1125,4403,2,0,360,2,214,2434,923,4073,1,1,20,10,2929,1,370,70,45,40,121,1520,181,5216,355,13,2212,277,8027,1,1587,306,2359,519,0,133,44,9066,0,998,2,1209,9,2,138,23,2,1,10,8,1,13,15,0,32,418,278,2,2,35,1,11,3,2,0,37,9,15,25,8,8420,1,30,7,3,37,110,68,0,73,6,0,38,0,21,14,36,82,63,12,1
TCGA-44-6775-01A-11R-A278-07,413,8,201,3,1517,1839,5292,526,3516,0,1,98,186,315,24,4489,1414,665,73,1105,57,933,275,25,26,5,640,16061,35,6954,34,9948,704,371,4043,2014,505,12,322,28,981,53,4,9,951,159,33,202,1760,150,1421,1628,501,289,27,1356,1476,15,9,0,146,8174,519,15,260,1275,2239,24,9,49,548,136,135,3092,6768,109,25,479,139,5,1,546,2819,264,1866,1256,49,875,313,186,69,2605,886,477,3222,54,52,1012,987,104,266,252,231,1080,796,1546,90,38,246,38,58,13523,180,346,555,411,221,216,213,6,551,112,4395,2,1351,1,0,269,252,81,81,22,52,1131,9209,1017,46,33,12,342,48,62,745,2145,609,197,630,3,416,44,1703,15,13252,1,26,377,6585,105,3102,0,22,24,637,1,186,39,217,127,10,10,7608,21,194,180,1782,371,29,23,838,52,18,3051,2097,264,71,1433,193,4,306,77,12,1356,401,1,131,62,4,491,323,437,34,603,734,6,124,23,426,124,77,718,8120,689,496,131,194,11106,515,0,20,891,3295,0,0,346,0,170,1887,563,2289,17,4,23,4,1802,3,349,68,31,47,129,1403,154,4455,336,17,1873,268,7116,1,1135,124,1572,493,0,76,25,7138,1,423,12,1384,1,2,178,20,0,1,10,13,2,5,9,1,25,397,96,3,1,40,1,22,3,6,2,24,5,10,32,7,7568,1,28,3,2,14,51,47,1,75,4,0,38,0,10,11,40,28,34,74,1
TCGA-44-2656-01A-02R-A278-07,666,0,203,8,3241,3543,1342,1096,3533,8,3,138,365,314,32,8604,4760,634,2395,853,54,1071,72,115,8,23,4588,6975,1153,6673,18,11033,2407,317,529,2954,465,12,89,24,1483,48,16,20,2560,168,17,266,3597,126,6595,6002,146,459,9,1423,2106,103,289,8,263,17050,392,231,101,2279,1022,0,52,114,1166,261,220,8159,12616,652,49,1762,498,1,25,284,7658,279,2016,368295,160,1043,461,456,222,5497,2378,237,2871,102,80,466,1629,171,97,103,139,1068,3083,2946,730,489,135,65,151,11465,578,1547,585,824,167,1006,307,4,1199,183,18204,74,1563,21,13,830,47,273,68,33,88,1040,8619,6072,396,283,34,622,171,181,713,5005,416,216,1730,2,514,28,1008,85,15089,1,471,758,7436,90,7785,54,107,138,218,3,72,197,167,148,10,1,13853,109,827,1035,3405,1484,160,467,738,90,93,1927,2579,536,1448,1192,234,223,546,321,64,28955,3479,2,378,242,27,388,386,1056,743,1460,2002,171,95,43,7639,402,487,995,3803,367,952,405,232,4155,1057,1,23,1798,3903,28,13,1706,17,40,1862,282,853,21,43,220,19,4639,4,197,26,49,24,98,1159,4709,2453,1004,30,2343,243,20964,1,2565,125,1455,995,32,2182,244,12128,2,189,9,540,6,4,259,54,0,5,0,78,2,76,53,2,131,2211,52,10,14,115,2,239,12,16,15,53,66,7,28,21,15768,10,60,10,1,121,239,424,14,56,1,4,217,0,85,11,58,5,40,201,1
TCGA-NJ-A4YP-01A-11R-A262-07,1090,58,1925,13,1359,6928,1089,2068,1916,15,0,17,2503,239,25,14488,3043,3754,13,891,269,2071,2491,5,0,31,840,29997,131,21183,28,14513,2502,2367,532,8919,1546,27,412,258,1673,146,2,3,1551,800,591,665,2110,1328,2987,5832,3048,337,0,4082,4270,133,15,7,207,11241,823,100,516,7498,2491,6,2,240,825,297,696,4481,32560,103,89,1194,1134,1,4,2847,5713,2021,2599,264817,116,1090,1875,1333,182,16412,2467,1871,1566,130,382,6246,2142,1471,1070,974,127,2039,1565,34783,353,187,15,150,37,34379,231,1118,1300,519,44,410,821,21,5662,65,13029,3,3781,0,0,190,4076,342,896,7,1126,1029,5259,22780,26,10,35,4759,272,11,2846,1801,34,2148,1134,8,1089,10,2664,65,39052,0,138,1251,6541,246,8458,0,121,97,1675,0,1118,207,397,109,31,18,12204,174,1071,13,4942,151,145,12,1708,73,146,3777,2956,1724,55,4357,190,10,171,282,7,1,1125,1,58,39,61,137,954,1917,49,1846,976,88,259,1,978,213,133,3601,12063,3076,2525,99,292,31784,3847,1,0,5710,6483,0,2,501,2,266,11489,142,9145,8,0,768,18,1708,6,241,421,2,88,729,1845,8,7665,435,19,1158,465,17751,2,4056,1487,604,1508,8,7012,1008,47265,0,596,2,894,41,1,351,31,0,0,7,18,0,2,96,0,61,342,415,7,34,37,0,8,6,4,0,53,122,16,5,35,18576,0,88,10,1,55,603,125,0,645,52,0,73,0,91,5,157,1,17,17,1
TCGA-44-2656-01B-06R-A277-07,373,4,77,9,935,1148,145,672,1756,1,1,83,537,176,25,1543,1568,214,1276,535,17,825,136,52,11,24,1676,4228,167,3546,11,3793,1330,115,79,1276,349,16,105,16,231,19,7,15,653,128,94,79,3088,55,2722,2591,65,250,6,348,600,72,193,2,177,4060,318,147,91,1141,737,1,113,47,931,23,307,1670,6510,873,71,807,249,1,39,130,1208,48,371,23624,147,395,104,383,63,2580,1060,74,944,35,30,120,576,58,119,48,83,719,608,491,235,51,52,25,102,3887,671,609,195,396,98,515,151,4,493,97,5915,72,337,3,6,625,36,55,15,5,15,384,5131,1008,216,56,22,143,148,80,181,2254,440,175,2344,5,311,18,419,61,1607,8,188,544,2667,30,1230,4,72,69,71,2,13,147,22,129,22,3,6550,24,396,646,1306,509,165,129,485,76,229,1004,280,335,755,362,112,40,47,223,36,3085,1214,1,138,185,6,148,101,890,67,520,607,73,28,123,1964,239,427,207,2842,93,292,288,76,809,580,0,20,693,707,13,12,1763,9,25,168,52,356,13,37,27,2,1003,11,235,10,33,14,54,478,1926,777,371,24,565,113,5640,6,494,89,212,401,9,310,374,3655,2,117,16,241,1,6,611,26,0,28,0,114,0,18,50,1,246,532,31,4,8,50,8,88,14,4,53,193,42,31,16,32,3736,0,24,0,11,39,152,466,3,79,1,9,153,14,56,29,124,6,13,667,1
TCGA-53-7813-01A-11R-2170-07,195,6,71,3,437,2088,145,112,233,0,0,42,305,38,0,3569,159,108,313,102,0,103,85,0,1,8,6246,1920,14,7872,8,3360,283,138,649,1399,301,0,59,38,608,35,0,0,377,61,27,50,634,53,505,866,75,242,8,261,619,9,4,11,63,2125,54,26,26,156,217,1,4,21,144,20,46,578,6577,10,11,48,80,0,0,112,1621,45,215,10855,33,265,514,127,8,6323,832,54,552,6,32,286,280,140,71,35,36,98,190,628,37,35,3,34,11,10069,393,118,340,85,18,92,285,7,218,13,807,15,195,0,0,11,432,32,0,47,81,156,1160,1893,2,11,4,424,34,4,288,220,56,95,113,0,82,0,108,1,24572,0,652,131,1512,27,3177,1,11,58,253,0,51,24,7,35,3,1,1078,22,114,288,1563,176,683,18,360,22,26,351,2912,148,17,253,33,0,18,30,12,893,161,0,189,13,2,118,53,171,5,102,133,19,16,1,268,56,44,152,646,3234,173,216,52,1461,758,0,1,268,1150,0,0,424,2,7,809,29,627,5,1,19,6,1403,5,142,6,0,2,12,112,48,834,28,4,283,81,5344,0,937,67,165,250,0,274,122,3427,0,71,1,174,2,0,35,14,0,2,0,4,0,2,9,0,36,117,4,0,5,2,0,11,0,0,0,6,12,14,0,2,2566,0,9,2,0,4,64,12,0,68,1,0,11,0,6,11,10,10,4,11,1
TCGA-35-4122-01A-01R-1107-07,1115,105,60,13,522,1087,6756,1048,1191,4,4,24,134,110,10,4444,2567,734,971,274,7,224,598,6,4,8,2938,2149,34,11997,92,2979,928,392,923,2516,337,5,180,43,962,55,0,19,2760,206,59,259,706,274,11810,10881,483,211,8,2842,3067,38,1,8,115,7045,103,132,44,273,137,1,6,53,308,178,41,6616,4900,76,82,223,387,0,1,705,2929,605,5487,144102,1020,717,471,465,97,6947,1294,91,357,51,34,738,1385,741,281,127,73,238,2909,4144,471,536,10,140,43,5811,78,1172,743,915,103,479,229,10,356,83,5449,5,1924,5,5,166,849,261,21,36,161,936,1790,3459,37,63,2,1635,296,38,777,990,22,430,674,11,317,247,512,40,18056,2,158,513,2096,184,5669,4,36,33,592,3,158,55,26,49,13,5,6795,209,703,288,2473,617,38,262,1315,122,11,614,677,646,413,2285,278,33,524,229,30,20698,424,0,238,69,18,221,215,416,1025,1442,582,35,185,2,1519,269,45,587,1592,1034,1067,19,111,5218,290,0,12,1096,5207,1,1,851,1,45,3656,1214,2742,0,1,303,19,1764,1,366,65,8,149,198,798,1472,1273,269,13,798,247,9652,0,2260,178,1352,396,101,944,54,3907,1,1821,2,301,23,0,31,2,0,0,6,19,0,93,48,0,6,652,79,0,10,56,0,17,12,0,1,13,14,5,94,2,12213,1,37,2,0,48,412,66,0,48,0,0,90,0,71,20,10,4,49,3,1
TCGA-86-8056-01A-11R-2241-07,209,50,846,3,1739,6127,3914,2366,6812,6,12,205,450,442,113,14241,4376,1474,1082,1557,29,1174,1158,78,19,32,3933,26032,214,18467,93,27831,2799,1334,1885,3875,2352,52,659,105,1614,251,12,22,4713,753,239,1729,6320,472,8210,5120,483,974,206,2610,4302,122,111,11,244,13510,962,334,231,6096,1230,21,8,344,948,2228,395,24979,27815,114,424,1060,579,5,25,2292,12866,1089,1724,40800,143,979,8282,715,298,4470,982,397,2958,69,163,6156,4230,788,542,404,211,842,1728,5468,142,444,165,126,357,26638,7520,13897,1087,849,642,2498,180,43,8358,97,9685,17,2661,0,6,550,912,1673,104,42,113,1537,12269,2064,361,660,43,3385,258,77,2814,3973,408,1724,2472,5,997,191,1762,132,20721,0,263,1275,6810,226,11118,2996,74,186,626,157,73,331,176,49,22,11,29411,267,3239,309,6419,1481,116,754,1460,417,941,6445,1878,1074,443,7697,307,321,710,972,229,44600,2833,17,542,229,52,653,1071,863,275,2168,1464,153,356,2,14324,306,186,1246,5424,1941,1531,333,508,11408,1154,3,30,4484,4042,3,8,605,3,116,6079,668,4076,7,24,183,30,4775,16,120,202,47,103,251,526,5653,6962,3315,13,2574,794,6081,1165,3671,801,3942,1355,101,1673,83,15477,0,700,3,909,17,2,816,141,431,2,11,42,6,50,68,0,164,2065,179,19,10,110,0,14,27,15,11,16,241,15,49,52,15526,10,155,20,1,316,289,486,8,276,9,4,404,0,119,69,85,91,25,49,1
TCGA-78-7159-01A-11R-2039-07,539,24,392,3,239,1912,315,356,900,1,0,14,1381,124,6,7043,1690,1093,38,391,0,302,384,1,2,1,3062,5705,2,12160,15,3246,495,756,437,2557,453,2,107,70,1322,314,0,1,1394,265,272,250,1515,495,627,1454,265,214,3,1399,2125,21,9,0,149,7979,267,102,168,149,460,0,1,97,194,55,22,3625,20948,26,43,488,575,0,1,309,2639,370,795,62468,31,610,577,726,189,7544,1117,244,1728,30,106,1169,1655,584,253,184,154,469,792,281,447,45,0,53,18,27753,269,562,567,176,28,276,414,9,588,1513,2619,3,1617,2,0,108,1134,127,12,57,96,350,4479,7523,46,1,13,1660,121,5,647,585,71,955,431,1,439,0,824,13,60592,0,738,2394,4543,71,4939,1,24,47,1554,0,308,96,44,261,1,8,4765,86,714,53,2486,687,313,24,696,83,90,1359,10114,1015,39,1072,55,49,26,76,4,121,611,0,408,57,15,391,226,732,83,1067,647,76,63,1,24,144,9,1420,4134,4237,1147,483,192,5892,852,0,1,2844,2239,0,0,789,1,55,5714,145,1579,4,0,223,2,1691,2,255,52,7,201,61,172,70,1900,29,15,403,159,12381,1,1489,537,449,1486,10,124,197,3329,1,405,0,319,6,0,31,0,0,0,4,7,1,10,41,0,67,728,4,0,2,1,0,11,17,0,0,24,4,7,2,10,10165,1,22,8,0,7,212,33,0,81,1,0,76,0,32,17,108,13,18,16,1
TCGA-91-8497-01A-11R-2403-07,109,243,504,9,699,4446,4785,4107,1877,13,10,66,350,304,26,2739,1400,1691,689,1398,75,438,1125,125,20,37,4715,17754,248,5258,99,10020,3508,1426,9430,752,2254,40,476,123,497,520,4,15,1576,276,216,502,2031,618,1104,2690,326,659,20,2338,3670,100,11,3,139,7706,402,189,247,755,624,23,5,369,362,269,211,2264,13905,110,421,548,282,9,86,659,4408,723,1433,134600,71,147,423,622,201,2207,331,519,3396,145,191,1882,5255,655,1006,410,120,561,1353,9436,112,2137,76,318,822,7185,710,2012,582,281,347,782,89,22,3487,40,4543,38,1705,2,12,1114,437,100,48,43,95,758,6941,513,98,3,37,2645,152,124,1223,905,728,1086,3324,6,722,10,1244,202,11698,0,1869,1030,4551,283,2593,15,141,161,214,181,134,150,57,73,13,71,9039,204,692,320,1115,536,86,631,742,377,1101,1603,3408,716,176,11802,290,32,548,612,131,45328,1688,4,2521,83,103,269,2254,849,510,1503,945,22,239,3,3111,193,154,1948,2999,1915,1818,105,911,6937,327,0,10,2474,1531,8,3,335,8,229,1684,594,4342,3,3,994,54,4780,11,31,414,84,207,272,333,9938,5128,420,39,2114,235,2937,1,2923,846,3619,1093,84,1124,8,5479,0,623,1,796,19,1,63,626,4,1,4,19,3,117,52,1,71,3304,20,0,34,55,0,8,14,2,1,19,350,14,62,384,9645,4,42,11,0,442,158,107,0,219,7,0,271,0,246,249,98,288,19,35,1
TCGA-86-8074-01A-11R-2241-07,1067,313,415,8,3442,5731,3707,1213,3352,3,1,28,223,337,20,10514,1663,1369,229,844,97,2726,1181,17,28,12,3327,24488,11,21523,72,6003,1373,948,470,6740,1042,18,349,86,3229,179,1,26,1952,354,194,548,2089,437,5257,3254,1336,346,1,2459,2479,27,9,8,151,26451,414,79,209,1499,1283,1,4,162,972,72,18,6256,17142,168,103,634,383,1,2,860,13151,485,2325,5936,52,1838,1096,834,152,7575,1376,146,2497,101,94,4547,2577,493,557,539,137,1119,1202,428,177,139,32,181,60,31175,688,508,904,476,134,283,273,11,504,115,4505,3,1915,0,2,263,544,126,6,299,470,1279,4700,6616,25,90,22,1672,170,18,1571,4053,167,813,1190,36,557,283,1737,9,80923,1,103,1738,11026,234,4568,3,107,56,1934,3,616,82,181,82,54,1,12799,81,439,126,3544,363,96,44,2704,152,72,3164,3541,635,475,3358,141,13,81,162,5,2076,551,0,128,59,9,348,1451,893,54,937,826,51,186,3,915,171,75,1476,11375,5306,1159,73,231,17532,2500,1,41,2212,8809,4,0,282,5,338,7549,285,2339,7,0,51,23,1780,17,676,127,4,27,230,6973,216,8808,363,9,1497,525,24720,0,2849,533,817,1021,3,358,189,10376,6,934,0,764,4,0,143,11,0,0,8,5,1,27,48,0,41,282,38,1,25,13,1,31,22,1,0,66,7,19,16,19,11152,0,30,4,0,43,255,100,2,161,0,0,96,0,59,20,46,1,32,13,1
TCGA-05-4249-01A-01R-1107-07,482,66,474,6,1795,5518,2254,1328,5832,2,3,49,261,185,46,12401,2370,1449,1328,597,20,870,938,23,76,25,7858,23937,13,11142,103,27714,1488,1103,1095,3998,1671,12,319,86,1899,723,2,13,1729,331,182,900,2348,311,1742,2750,487,469,8,2369,2721,49,20,3,87,19241,349,124,119,1336,802,25,2,154,722,144,44,5090,27801,144,188,833,404,2,6,1436,13320,845,3019,221073,66,443,776,519,143,6050,1042,260,1439,72,118,2207,2739,664,503,286,126,391,1695,6034,329,501,22,222,236,45923,2050,740,725,441,59,523,77,36,773,128,3847,5,1794,0,4,282,818,1168,73,140,185,716,12864,13416,239,16,62,7898,163,38,1888,2168,358,832,1667,14,767,20,1223,43,19776,3,152,911,3501,204,8668,21,139,104,385,19,168,160,58,42,22,16,9904,355,631,829,2454,570,101,227,1690,255,150,3061,10990,1043,402,4391,171,73,157,267,69,8666,1106,5,205,111,25,543,368,748,16,1004,800,81,371,5,2165,129,112,1209,4022,8417,1692,152,396,6372,704,20,25,2720,3861,7,4,462,2,89,5137,179,4582,2,3,57,16,2746,11,95,127,6,59,232,130,2752,7494,298,50,3034,331,8326,1,3514,505,1287,1025,37,3363,318,11853,2,324,2,3858,14,4,57,28,6,1,3,8,2,5,29,2,53,710,124,8,126,23,0,36,27,4,5,18,18,14,25,25,10638,4,54,6,1,106,325,186,4,113,20,0,225,0,175,37,63,12,12,19,1
TCGA-78-7145-01A-11R-2039-07,459,21,322,2,830,1056,3892,548,1362,1,0,19,88,117,22,7084,848,854,417,453,29,488,341,39,7,3,4534,7848,70,15034,57,5291,389,400,301,1931,377,4,148,42,1012,14,0,21,1108,377,98,312,797,206,4399,3645,388,54,3,1498,1047,11,18,1,89,14207,79,77,81,284,745,1,5,73,1228,361,34,9130,12867,48,46,277,303,0,0,278,3453,188,1316,33682,63,1101,473,335,74,11120,1501,100,1094,36,36,1866,1456,279,205,114,70,380,372,735,71,138,58,35,45,5971,319,380,312,195,69,639,230,6,250,30,4930,2,1179,1,0,98,483,80,63,14,137,532,5053,15844,49,23,8,1030,68,25,460,1510,100,451,373,8,275,144,857,6,13400,0,110,524,2619,114,8577,4,18,33,417,1,196,69,68,29,14,1,19386,45,482,105,3058,205,38,38,649,68,62,1347,3997,434,90,1353,60,17,310,78,11,6351,968,0,197,79,3,47,215,483,79,545,284,42,88,0,3792,50,48,746,2249,2499,648,57,190,5227,624,0,2,1848,4120,4,3,384,1,78,3815,888,1094,1,2,20,7,1150,24,229,79,19,132,61,1490,180,2651,803,4,1369,124,18649,0,594,232,6695,323,20,437,405,8045,2,470,0,343,4,0,81,4,0,0,6,12,1,37,27,1,32,317,27,0,6,5,0,111,3,3,0,12,13,9,60,8,6518,3,51,4,0,82,107,137,1,48,1,1,116,0,78,4,23,3,16,13,1
TCGA-78-7158-01A-11R-2039-07,421,20,1029,0,1180,12612,2735,298,7717,4,2,82,95,92,4,6157,731,719,1492,1490,17,696,373,16,4,81,5407,9029,1516,10603,74,10428,707,377,160,7078,842,9,283,36,1533,212,1,9,666,137,68,455,878,162,677,1022,380,208,2,1117,924,14,9,21,171,6525,500,35,117,431,1905,0,8,227,599,254,190,1022,10391,28,28,272,152,1,7,428,7382,260,798,437507,235,337,1273,209,29,13419,1792,125,3345,20,52,1478,865,289,173,133,37,529,364,7442,81,312,10,62,45,3908,430,328,404,153,404,5372,228,7,2151,250,4905,0,701,1,9,63,1607,46,75,101,128,574,21943,1830,53,157,30,6391,56,18,2154,2722,67,372,354,6,232,14,498,5,14643,63,1239,401,3016,58,3685,4,20,1120,657,8,217,59,60,9,4,399,7962,98,237,31452,1974,7110,142,67,633,59,467,2228,1468,269,63,808,80,33,385,98,6,1116,344,5,1818,33,3,59,5639,304,11,381,163,32,111,1,5254,129,32,538,1695,18801,574,142,179,8586,1317,3,0,1030,3373,70,1,363,4,29,4922,504,2407,0,4,18,5,4996,4,130,80,28,93,84,72,417,2941,1213,6,868,144,2620,0,368,241,667,512,1825,1102,62,7208,0,415,0,605,3,3,183,41,0,1,1,7,0,2,32,0,34,226,21,0,17,14,0,6,8,0,3,16,24,53,77,4,4474,50,34,4,0,13,75,58,2,195,4,0,87,1,58,97,26,3,9,9,1
TCGA-71-6725-01A-11R-1858-07,326,81,808,3,2700,1531,1370,620,869,1,4,188,112,165,131,6731,2158,1532,274,270,4,1884,1102,3,3,15,17161,13202,23,43482,56,24364,200,730,241,3697,836,6,50,75,1672,750,5,0,2191,302,200,553,2811,406,12125,6424,741,339,4,2851,677,25,16,2,61,17520,41,131,91,5685,563,1,4,49,1814,473,32,8374,22562,27,34,761,340,0,2,2167,4561,932,492,34153,23,888,1255,456,63,6172,881,49,696,14,67,3824,829,749,162,268,85,943,742,847,321,4481,563,50,40,28069,3071,479,613,489,24,650,314,4,345,11,7077,1,1263,7,0,91,1963,1321,17,494,387,391,1394,20403,40,30,3,9388,107,15,3052,1352,106,823,160,10,578,14,769,1,34195,0,120,638,2097,921,5114,1,57,36,1263,9,451,116,157,37,19,13,20058,275,801,561,2195,361,95,34,967,38,302,579,6718,803,183,1130,134,29,73,395,58,15892,3105,3,962,23,9,158,592,686,64,975,712,29,114,1,14686,102,19,1541,4120,4040,1291,78,357,5173,1695,0,2,2431,10933,3,3,465,6,633,10017,54,1414,0,3,12,7,1095,20,320,150,5,55,210,988,240,8659,4113,4,263,445,10625,2,3897,588,148,601,4,2746,827,10174,0,679,0,1530,9,1,149,1,0,0,3,6,3,2,42,0,16,342,54,0,249,8,0,7,4,45,0,44,15,2,29,3,8737,2,24,10,0,21,277,62,1,69,105,0,73,1,64,334,27,5,8,16,1
TCGA-86-7714-01A-12R-2170-07,155,19,137,0,1902,1927,171,348,2389,1,2,53,134,79,12,2178,772,308,10,488,5,320,211,8,57,12,1309,10242,68,4123,14,7008,559,214,274,991,855,2,60,12,922,14,1,3,726,83,55,355,904,45,972,1207,305,50,7,1091,459,7,6,0,39,4221,463,64,45,203,352,0,0,48,258,13,153,13713,6141,38,97,207,104,0,1,248,2664,115,550,251498,506,191,127,136,14,1985,297,188,3445,65,27,486,1304,92,545,62,35,639,330,7138,59,87,19,75,84,12327,144,9,160,183,14,256,65,1,235,40,10237,0,526,0,1,164,340,295,27,353,40,201,3383,187,66,4,8,457,44,5,1100,810,120,147,603,0,235,38,329,6,5866,0,10,217,869,44,2441,0,10,49,106,7,27,42,88,13,8,30,7053,39,119,7352,1072,318,41,79,438,54,92,957,1140,230,174,2914,51,20,15,323,14,11,939,2,4778,25,30,152,136,201,13,388,254,15,126,2,1874,36,14,270,1300,1344,309,33,108,2410,159,0,0,584,1138,3,1,38,2,46,254,36,1734,0,0,7,3,3922,0,46,44,1,15,74,20,2236,3068,814,13,1291,238,4606,0,3280,83,1416,176,0,81,6,5416,0,147,0,207,4,0,37,2,0,0,1,5,3,0,20,0,10,816,112,0,1,10,0,1,3,1,0,2,260,1,2,16,3729,0,12,0,0,22,27,21,2,155,1,0,62,0,26,13,47,0,0,13,1
TCGA-55-6983-01A-11R-1949-07,334,234,588,5,2065,3971,4256,1817,1964,0,0,95,2355,219,36,10056,2652,2072,1809,997,52,476,1139,18,3,22,4275,20656,66,12473,51,15207,2287,1751,5212,2104,1746,18,171,110,1777,487,4,9,1827,414,280,371,2050,859,1524,3082,1197,298,8,3623,7212,37,45,15,172,10353,249,96,379,899,1845,58,13,230,582,230,156,5600,38481,140,172,751,802,0,18,1079,4430,854,2710,128246,198,397,900,917,105,6903,1074,372,2306,151,137,3474,4063,1081,1084,587,160,614,1512,22380,362,630,55,265,229,26517,595,1031,771,345,138,886,192,27,2032,26,5884,9,1814,2,49,661,1148,172,175,29,144,838,6317,11999,74,90,56,2373,179,89,2521,1067,279,1022,3045,56,806,33,1165,14,47924,0,1575,1087,5998,386,5541,15,129,83,516,13,197,132,97,86,51,48,9209,1591,900,675,3796,1210,245,63,1400,207,160,1892,12929,1075,80,6225,301,2,108,441,31,11487,1328,2,575,87,45,336,634,876,167,1669,1052,9,102,1,3166,147,65,2363,6844,2867,1747,1489,463,13120,842,2,66,3069,2476,2,0,579,5,274,6421,107,4841,7,4,754,87,8052,9,170,210,14,252,396,129,4304,6085,164,42,1567,496,9456,3,3769,782,2403,2332,38,3082,258,11127,2,628,9,934,9,0,155,84,0,1,1,28,2,9,42,7,23,1873,210,2,19,13,0,28,20,1,3,29,9,12,137,15,11836,3,53,7,1,147,514,102,1,191,4,1,138,1,187,70,118,35,13,15,1
TCGA-78-7163-01A-12R-2066-07,225,1,52,2,3067,2701,36,94,218,1,0,117,43,74,5,9377,85,148,1,48,0,479,187,2,2,2,470,9014,0,19826,6,13439,132,238,5791,1602,1094,2,30,22,2468,136,0,3,662,43,39,320,860,128,4631,966,1557,863,0,1660,1389,5,2,0,12,10991,202,4,316,195,381,4,6,29,455,51,519,300,11020,2,1,74,56,0,2,530,5324,160,837,164,6,426,1027,79,37,7461,1156,16,1905,6,23,2599,287,138,2133,13,14,260,211,271,9,1946,6,21,53,18252,1493,179,375,134,17,71,173,9,1519,68,15259,0,184,1,0,42,918,136,9,18,309,182,810,2441,53,7,5,325,94,0,2322,814,46,109,129,13,66,5,104,0,22081,0,0,747,1659,1432,7841,0,52,111,352,7,155,14,23,3,2,5,11339,7,57,37,3490,923,26,77,769,6,78,59,10780,79,91,335,18,1,96,94,1,11,1939,0,464,22,3,555,54,85,0,138,74,17,23,2,752,44,7,199,254,4343,385,192,89,2871,712,0,1,326,4420,0,0,29,0,29,2978,3,1551,0,0,721,4,2691,1,116,81,9,92,13,1548,101,3326,45,2,416,60,12738,1,1061,73,2376,82,0,90,100,13157,0,215,0,40,3,0,21,84,0,0,0,22,0,0,46,0,8,227,99,1,0,10,0,75,2,0,0,10,6,1,1,0,5779,0,7,3,1,0,41,7,0,197,4,0,5,0,5,2,54,14,2,2,1
TCGA-62-A46Y-01A-11R-A24H-07,253,32,387,11,1883,3447,8853,1397,1163,13,4,125,307,193,30,5429,1107,1279,1034,582,6,698,658,53,7,67,32331,6001,87,13356,45,16894,1399,822,422,2312,1144,28,518,54,1053,72,2,17,1661,388,145,769,2004,332,3864,3600,1276,285,7,2207,2353,51,95,5,130,6139,251,33,129,643,814,8,2,150,523,160,116,12683,10535,55,73,333,449,2,3,993,4703,412,1830,554741,60,475,603,359,62,5916,939,198,1072,47,127,1855,1088,501,225,228,61,529,866,6524,95,979,224,61,141,11351,514,1338,898,503,202,909,241,42,1637,109,9200,17,1424,0,10,264,644,284,89,26,107,730,2819,3690,93,45,5,1577,101,77,1436,752,278,788,748,21,370,29,996,43,29525,4,134,492,2081,121,4057,22,79,179,930,24,210,101,44,32,19,23,6184,95,914,2117,2783,333,140,161,750,65,394,1480,999,411,293,1440,243,94,319,205,131,43808,2864,7,473,157,12,231,413,402,474,756,746,58,236,6,2717,70,75,616,1785,1052,788,102,327,6738,957,5,73,1622,3880,10,4,614,10,76,3078,899,2113,1,11,38,25,3789,29,146,138,44,255,136,272,1964,4748,1635,22,1871,213,8727,1,5879,428,2462,539,82,2365,132,7148,2,517,2,304,21,1,97,9,0,1,7,22,4,31,38,2,31,758,449,11,26,26,0,12,6,2,1,17,53,13,131,24,7883,15,178,2,2,56,237,272,2,238,11,1,137,0,72,16,54,15,25,18,1
TCGA-35-5375-01A-01R-1628-07,395,9,6,17,2809,796,48,212,147,1,0,69,1557,59,0,2357,572,148,3,67,3,103,98,3,0,4,350,1264,0,2040,5,833,1140,172,103,967,174,2,85,452,716,597,0,6,928,93,66,41,316,57,2384,2199,812,21,1,682,381,18,3,0,22,3977,92,53,44,58,82,0,1,10,71,17,117,2934,3351,28,30,54,94,0,0,251,1906,135,1870,358,29,259,138,137,27,1893,275,20,121,26,21,309,330,1249,42,31,23,131,365,82,36,5,1,71,3,1521,12,138,190,131,80,147,114,11,17,78,212,4,380,0,0,79,8,25,1,10,198,125,1069,22,14,16,2,315,15,4,305,115,85,85,469,23,126,2,114,9,8813,26,441,130,449,44,1007,2,3,8,313,2,144,12,10,11,0,3,764,32,142,38,2691,201,21,13,305,21,23,137,430,156,24,945,27,11,4,16,1,39,566,0,11,20,1,16,20,136,16,251,157,17,23,0,188,38,6,120,324,155,268,8,39,1127,148,1,3,238,1771,0,0,175,0,12,1271,19,1208,1,2,5,12,1881,1,149,26,0,108,115,129,210,647,30,3,126,88,6748,0,287,45,64144,178,0,71,1,1783,0,117,0,300,3,0,66,10,0,0,0,4,0,1,12,0,2,89,65,0,1,7,0,3,4,1,2,10,4,1,15,1,2104,0,10,1,0,79,106,16,0,93,3,0,23,3,8,17,20,4,1,6,1
TCGA-97-A4M5-01A-11R-A24X-07,258,137,2293,63,2144,6195,11869,6672,2601,62,12,501,775,557,96,6298,4811,3070,6731,1440,41,1658,3258,169,30,160,5511,21053,715,11269,138,11661,3590,2564,861,1662,1911,76,499,254,1270,124,56,75,4744,1386,529,3195,4578,1180,5628,17192,564,507,44,3530,9461,195,3908,18,324,10069,363,264,323,5324,1896,20,16,586,1589,853,333,7206,58293,164,644,1601,802,2,48,1825,6860,3187,3543,167147,89,370,652,1253,618,5771,643,1532,2354,233,495,3559,7176,1613,1036,957,312,1050,2283,7779,469,957,278,351,984,40804,1937,3061,1290,946,487,2816,229,189,4905,185,6413,77,4721,22,89,1143,2188,2611,762,146,129,1026,7907,3854,360,540,145,3675,281,289,1548,2125,1102,3156,3271,256,1209,142,1974,494,13515,16,3176,1929,7275,703,3478,305,728,365,572,244,207,475,185,136,232,78,12303,654,2011,1278,1638,1475,283,738,1254,462,1724,3076,6476,1029,2745,11426,728,458,859,1926,721,123260,3680,148,995,642,98,592,1266,1659,1807,2782,2131,152,438,21,8056,302,255,2270,6229,2615,2629,647,986,15720,602,35,163,5805,2213,147,56,3513,30,279,6411,933,7136,52,49,2808,118,6238,40,84,626,64,1299,583,707,9899,8862,807,31,2233,504,3811,30,3122,1614,6132,4590,24,20719,72,16873,34,1537,28,1923,83,10,148,437,3,10,11,38,21,50,135,12,179,4421,1991,46,101,161,7,50,10,10,9,108,172,21,131,278,19068,41,299,27,20,1002,621,1694,17,234,22,2,359,6,535,110,142,47,30,44,1
TCGA-97-7547-01A-11R-2039-07,176,126,139,0,351,2333,1418,2215,2573,19,15,265,195,142,116,8540,1354,1032,70,985,48,328,596,56,2,44,750,26304,3,11209,58,13331,1775,598,2623,1998,2368,53,112,49,1308,163,1,15,919,352,139,444,3811,241,2778,2525,695,3045,0,3441,2443,54,18,3,81,11812,80,133,145,1142,836,23,3,271,494,182,11,6802,20380,138,223,480,303,1,1040,1348,9236,509,875,969418,641,362,3834,535,218,4845,757,1043,3394,127,64,1979,3321,398,1520,174,67,346,1090,479,195,103,3,244,671,45969,552,303,952,265,26,263,28,5,1540,5,12513,6,1522,0,1,766,997,77,64,647,86,705,13398,6560,77,3,30,970,91,128,1239,1296,275,706,2735,10,469,9,906,191,17175,2,184,905,5615,106,10032,5,75,34,334,4,60,89,86,37,17,9,7652,76,440,190,2014,919,69,470,908,225,111,2816,2006,623,430,7751,114,1,65,1270,9,608,1419,8,322,73,23,113,231,641,101,756,782,24,112,8,347,167,90,1229,4898,1983,843,71,406,11603,1156,0,0,1511,1924,0,1,73,5,192,3536,51,2488,0,5,18,20,1980,3,51,115,4,97,201,49,6966,4106,111,9,896,362,3911,2,1615,344,1276,1472,28,164,168,15287,0,312,0,681,7,2,104,0,17,2,0,1,8,2,30,0,53,1645,26,17,3,39,0,4,4,0,1,2,24,10,3,24,6889,3,91,7,0,138,91,153,4,33,1,0,153,0,113,29,74,1,4,19,1
TCGA-44-6778-01A-11R-1858-07,299,78,809,15,1325,2980,3955,3082,3750,24,19,308,508,331,75,2797,3959,2029,6425,1555,50,852,1094,102,19,60,13293,15584,305,5292,88,12493,2570,1508,1262,1260,1282,20,510,174,693,533,25,62,3560,972,471,1241,2343,728,3580,10337,596,498,24,2898,7490,109,1657,24,338,9629,623,214,220,2877,1054,4,28,465,988,421,333,3874,39655,188,368,2404,700,14,80,647,5080,1699,1893,203985,355,687,345,817,392,6362,1113,721,1924,141,193,478,5908,868,564,691,490,1013,2835,11426,2033,1270,170,152,1115,2811,529,3489,854,1331,429,1919,123,16,2526,173,8677,138,3451,5,22,794,93,1611,54,116,82,1116,7691,84,510,141,87,2948,273,227,1294,1789,872,2134,3991,102,946,69,1890,504,10116,50,891,1614,8341,237,1328,302,452,161,704,68,156,249,69,277,111,54,9850,701,818,1718,1678,2151,154,1328,1251,518,809,3700,2361,1388,1959,8051,560,466,349,3111,514,126335,4423,47,746,566,164,437,833,1775,391,2753,2990,438,197,40,9882,252,419,2431,8687,74,2811,831,546,8659,1004,3,34,5464,1565,122,44,3024,33,131,1313,192,3407,11,25,270,62,4480,31,203,308,28,504,134,1650,6939,3540,760,21,2511,556,2923,13,3353,922,3607,1558,121,13133,4,10314,10,1057,51,2004,27,5,141,44,8,11,1,82,8,92,83,12,131,4174,890,15,52,118,2,48,15,4,10,88,221,24,83,217,17779,27,125,17,21,433,549,1082,23,219,3,3,604,3,752,175,59,40,28,35,1
TCGA-86-8281-01A-11R-2287-07,543,34,841,15,1153,6727,1044,836,2143,5,9,229,835,248,34,8359,2840,2558,125,615,11,1752,943,3,4,17,2382,20878,194,13283,88,12641,1013,1389,3514,3370,1764,11,79,100,3001,74,213,2,2911,605,368,1981,2730,594,13772,22352,276,3574,0,2309,3404,44,44,3,99,10475,1965,225,120,1482,695,1,13,318,592,309,309,1603,58150,53,91,867,521,6,12,1455,11463,1456,903,65094,49,287,877,546,254,4349,490,243,4143,73,189,3334,2575,1063,585,574,129,466,1368,69414,165,5199,12,107,122,55474,428,499,674,183,98,2229,160,25,2522,41,4626,3,1971,1,0,475,781,658,16,20,315,1048,4646,3269,207,9,23,2587,173,13,1618,2040,110,1879,1176,14,713,20,1395,95,49739,0,11843,1434,3065,419,3553,1,42,84,447,32,176,211,320,39,21,5,12728,312,2130,20,2678,388,120,273,787,162,436,1727,7584,1081,269,2912,172,281,101,438,21,1321,1932,5,643,195,24,111,764,1081,13,1482,917,91,101,3,3378,122,94,1597,5973,5484,1478,87,573,10738,2388,1,0,4379,3596,1,9,417,4,96,6128,70,2666,1,5,10846,9,4329,36,103,183,8,88,229,90,2026,6013,241,10,867,534,5764,0,3375,1013,8855,1137,1,7946,84,30778,0,409,2,497,39,1,135,27,0,1,1,38,4,3,55,0,33,1158,33,0,2,20,1,39,8,11,0,293,23,4,18,32,12785,1,96,16,0,42,322,385,8,862,10,0,180,0,188,16,79,19,3,24,1
TCGA-49-4486-01A-01R-1206-07,311,23,235,112,1801,6305,609,1143,1370,4,2,523,3446,95,40,6381,1272,598,932,234,1,1587,691,12,4,8,7090,10368,76,16279,29,13067,779,798,2731,1578,939,4,18,68,967,152,408,3,7365,412,128,1145,7346,443,10677,21586,186,1166,15,1716,1404,143,86,4,167,9348,364,75,89,10900,271,0,30,506,1033,1684,1312,13070,20361,38,98,327,260,22,15,4106,10995,1189,512,324316,104,164,625,238,125,8522,552,64,972,52,74,2891,1931,936,838,180,321,853,472,100901,214,36882,103,50,230,9825,1931,864,308,1255,182,1185,91,39,25149,120,17499,12,1148,10,2,1526,1336,1860,9,29,261,3767,2566,1239,120,1,32,1595,119,64,2292,1477,93,943,588,12,353,4,224,133,17940,0,37273,318,946,721,3812,6,31,50,822,226,165,94,538,12,12,43,8634,517,1322,27,1702,855,106,224,827,98,351,1053,1484,548,643,1459,53,372,62,1231,151,31518,4438,8,1971,171,8,96,674,408,46,1150,293,100,41,1,36374,41,81,413,945,370,1129,76,157,7584,372,8,2,1784,4547,7,19,177,2,54,2528,16,7287,3,11,46856,25,6813,15,110,174,0,3346,210,126,2601,3087,2597,6,180,220,4363,0,4838,302,81708,276,44,6800,39,31457,0,269,31,1924,32,4,260,29,0,0,1,438,2,2,49,1,36,2398,213,1,34,79,3,106,8,220,4,1037,210,1,13,27,5221,5,168,6,1,28,221,222,3,601,22,1,127,8,288,41,46,106,3,13,1
TCGA-62-8399-01A-21R-2326-07,663,156,770,19,302,3276,931,2430,1529,7,11,133,672,364,216,6038,2636,2156,890,997,18,2090,1173,45,5,51,3053,24748,94,17314,83,7444,1384,1379,637,3871,737,10,286,134,1585,73,19,34,4356,855,271,2219,2642,1567,5221,7123,317,182,4,2625,2073,91,427,9,226,8521,245,255,566,2801,714,0,11,212,863,591,232,3973,31664,176,307,1472,649,0,23,537,5419,1661,885,45967,52,1199,731,848,435,7043,808,3153,596,97,173,3048,4353,760,401,520,175,599,890,4724,2893,346,40,179,570,7891,867,1157,575,504,147,1304,228,14,930,25,2351,23,2576,9,5,462,2365,2670,12,61,331,452,8287,2449,219,130,39,2664,205,48,1120,1893,585,2056,1556,41,763,8,937,58,26519,1,5634,1443,5655,1349,4129,15,355,43,1828,24,725,242,108,45,25,8,10436,471,1132,296,1683,2234,50,655,565,303,796,983,3322,1254,560,8536,150,644,121,6109,182,26064,2980,16,310,411,31,240,981,1368,373,2277,913,138,211,4,7024,171,118,2170,6226,1519,1922,709,495,13174,1458,2,8,5413,4825,5,36,1076,3,92,4620,150,3237,1,9,93,23,4065,8,356,294,11,102,260,272,3147,4759,541,13,575,2316,4357,0,4470,665,1667,3790,13,7247,72,9347,5,380,1,384,11,0,102,27,1,4,7,48,12,16,69,2,35,2110,234,2,865,36,0,25,10,1,3,19,38,6,36,151,14342,7,71,21,1,325,416,373,7,82,2,0,676,0,486,47,38,20,21,18,1
TCGA-44-8117-01A-11R-2241-07,1258,69,939,7,3613,5639,1147,1334,3133,3,4,857,136,280,379,6212,1927,2191,481,337,8,2549,605,4,0,16,4073,10044,36,22417,1226,10132,687,1164,434,3107,2065,10,127,95,1254,127,6,8,2854,498,255,1296,2507,647,7097,3428,713,179,1,2969,3025,48,88,0,94,15252,168,102,139,2107,12252,3,8,156,3295,577,49,12412,35927,136,121,549,495,0,4,816,3584,943,1341,35502,34,662,1194,706,87,11203,1976,199,1460,41,165,5558,3927,679,312,352,104,882,1133,2329,200,166,322,130,95,19357,1531,1203,371,546,196,2165,273,11,505,40,9150,6,2760,3,6,197,1364,575,8,5,1181,388,3206,15124,67,118,73,15191,168,25,1471,7500,120,1779,924,25,510,9,1175,15,26274,1,20,1286,3965,1228,8934,9,89,59,1539,17,439,199,114,69,25,10,13114,188,894,131,3381,1905,76,55,1517,136,236,1926,4410,618,208,1949,182,123,182,543,47,7220,2807,3,458,172,7,104,606,940,153,1492,866,47,128,7,19358,118,92,1266,4960,6064,1232,72,239,10454,2090,2,4,3771,7829,0,10,1481,6,193,7780,108,2465,3,4,46,10,1272,95,388,374,4,174,256,433,340,11462,515,9,569,667,14063,2,1190,589,1439,964,87,1997,530,1955,1,411,1,600,24,1,107,15,5,2,3,7,0,19,70,0,46,484,298,1,48,15,2,27,6,12,1,44,13,1,12,23,14261,4,82,4,0,108,320,261,0,80,14,0,152,0,100,12,73,6,17,20,1
TCGA-44-4112-01A-01R-1107-07,506,57,106,5,3078,3072,929,1280,989,3,3,2,219,193,28,6223,2456,1030,35,326,67,595,971,6,3,12,2167,17460,290,15437,31,5181,2229,731,93,3584,872,8,271,49,996,62,0,11,2406,303,141,177,887,305,6021,5678,501,174,46,1968,763,39,20,3,107,11288,205,63,112,195,1111,8,2,167,401,102,3,5533,13422,69,62,465,425,0,14,926,8773,301,1542,77742,66,717,832,651,37,14097,1579,80,711,77,80,2003,2897,673,558,197,37,567,962,1294,505,383,15,216,95,21785,153,787,423,256,49,393,319,26,233,82,4710,2,1410,19,0,176,1353,84,27,11,589,441,2590,4963,38,31,31,2330,239,123,774,839,25,479,261,5,396,130,562,25,13295,0,46,954,2846,96,2948,1,31,50,669,1,493,69,61,73,13,7,8443,62,690,6488,4794,1865,104,43,1505,95,95,1512,1011,690,149,2855,146,5,29,131,23,188,715,1,279,70,15,116,316,716,76,1392,382,32,174,2,495,100,16,862,4018,952,837,75,132,7805,627,1,10,1461,3678,3,2,337,2,189,4754,697,5855,1,0,5,15,2384,7,249,102,1,1066,160,787,658,4736,61,5,602,285,15308,0,1520,359,1003,469,0,359,80,15240,0,538,5,834,39,0,94,15,0,0,7,6,0,15,28,1,11,521,66,2,3,34,2,4,4,0,0,19,25,3,14,2,9436,0,12,4,0,35,271,64,1,64,5,0,147,0,44,1,37,1,15,14,1
TCGA-05-4397-01A-01R-1206-07,2743,16,306,2,209,5907,1509,554,5095,1,0,10,425,108,18,5882,1280,1001,71,2910,9,859,883,2,74,14,7607,15788,3,20653,49,13705,1037,1741,1851,4253,2460,12,96,80,6420,528,0,0,1424,184,134,194,5457,2188,1173,1761,1076,741,34,4459,1863,414,8,1,1068,18562,320,50,230,1200,243,582,14,134,602,64,314,1101,14099,35,12,280,266,0,4,1536,16559,1143,4969,730,1537,5221,1212,335,179,20105,1875,3896,1417,15,124,1572,579,3311,420,776,123,1381,1664,383,634,1804,5,32,16,19659,34,10378,676,1030,561,1452,2461,11,2185,96,6543,14,1962,4,0,36,363,354,682,165,287,3314,13887,1949,55,496,22,2278,223,50,1704,1293,185,1193,142,340,285,1,500,28,30521,0,3,505,6791,2448,5644,10,7651,91,3271,11,2721,50,178,64,18,1,5678,220,423,3,7581,178,1370,124,1721,35,403,744,1687,740,646,468,215,56,2894,1684,110,617,1419,126,86,651,3,395,1039,513,10,1845,962,39,241,2,82,271,17,2038,7410,398,1005,204,3550,9616,2403,15,59,4552,11855,0,0,1043,0,63,3222,27,30644,5,3,1,600,14165,2,1818,247,1,43,99,6676,88,18879,295,9,327,677,16324,2,1780,396,64038,901,1,485,22,16011,7,2825,0,1689,3,1,319,27,0,2,4,12,1,42,94,91,33,170,238,0,0,8,0,96,48,0,0,252,21,0,157,5,10398,4,102,3,0,2,340,44,0,189,23,0,57,1,124,35,12,2142,22,10,1
TCGA-55-8094-01A-11R-2241-07,386,69,286,4,195,2253,186,150,215,2,0,21,41,57,7,8533,354,440,243,406,0,464,168,7,0,2,1830,3272,96,9974,6,4790,112,306,85,1427,226,2,20,32,1445,3020,1,1,3038,187,79,254,1229,470,1272,1249,1285,219,0,685,56003,7,41,5,594,8331,35,35,55,232,69,0,9,64,692,132,26,2873,13149,25,28,131,180,0,0,103,3779,270,156,19466,30,493,1184,167,268,10016,1400,322,748,10,42,3321,283,240,82,86,927,212,108,759,123,316,5,24,13,36949,272,342,113,68,22,364,494,30,349,8,1525,20,495,2,0,20,423,497,0,12,181,81,1722,2377,94,12,1,882,47,7,248,584,392,385,92,0,153,2,150,5,43640,0,15,247,1571,263,3370,139,61,38,1408,1,335,54,9,193,13,1410,3816,105,287,105,2611,1160,74,9,348,19,161,125,16629,228,116,164,26,55,27,270,81,18330,482,5,313,37,0,16,572,305,12,618,209,40,6,0,289,36,5,442,535,4892,575,223,57,1498,925,4,1,1200,2838,2,1,211,3,42,6439,18,410,6,8,254,12,691,2,310,271,10,424,54,219,116,1055,121,4,49,165,9616,2,143,156,101,1264,1,839,83,2842,0,65,0,71,11,0,42,2,34,2,0,10,1,3,22,0,27,126,30,0,8,2,3,11,0,0,0,27,8,0,1,2,8033,2,81,2,11,2,117,79,0,26,7,0,68,0,101,3,12,2,1,24,1
TCGA-44-3918-01B-02R-A277-07,562,0,40,3,3841,1276,201,746,1475,2,0,8,655,187,65,987,1438,272,561,523,22,786,147,22,9,36,4478,5501,68,2467,19,3819,2023,236,228,2524,553,5,182,25,337,14,12,3,468,122,132,66,2107,112,1470,2285,134,153,5,525,855,69,53,6,218,3593,483,107,139,790,1572,4,63,100,2288,3,125,1995,6356,966,167,517,312,12,25,268,1255,52,453,20157,152,461,134,505,47,1616,613,61,847,25,36,229,633,68,103,48,138,1058,776,449,242,36,47,34,77,3470,253,867,251,479,135,343,215,4,583,153,2969,55,476,1,5,328,57,21,13,4,39,468,5454,2618,42,49,39,276,112,159,287,887,230,187,1629,20,330,5,532,42,2059,2,89,593,3279,18,2815,4,116,106,297,2,45,137,16,180,26,2,5105,5,397,966,1235,919,223,69,1279,74,97,1859,143,423,28,434,91,1,18,75,22,2011,449,0,124,62,12,126,66,969,27,516,666,37,58,166,3587,211,578,319,4389,127,284,406,89,1334,474,3,35,904,499,9,8,1779,16,32,386,24,574,10,21,16,1,916,24,400,24,33,103,58,746,703,1178,533,34,559,174,7558,1,657,148,224,445,8,245,742,2615,1,169,68,236,7,11,1009,19,0,19,1,75,1,16,61,1,147,426,35,6,4,38,5,300,11,5,27,71,34,68,26,31,3641,4,31,11,8,24,159,64,2,175,2,5,210,10,112,33,78,2,3,797,1
TCGA-49-6767-01A-11R-1858-07,475,3,82,0,442,1330,3006,326,1212,0,0,56,67,16,3,3060,255,212,24,99,14,861,158,261,5,3,763,879,3,7636,16,1960,73,292,65,2210,371,15,68,26,1028,73,1,5,320,55,62,227,1538,111,14493,20684,756,13,2,845,915,6,25,0,18,5672,25,5,43,305,186,0,0,18,538,22,0,219,3733,25,14,73,96,0,0,331,1840,147,1094,962,19,645,352,115,1,4312,628,93,1024,18,16,1389,267,132,69,73,6,299,359,226,43,4,1,14,15,7962,37,69,245,282,10,23,162,7,98,244,1667,0,379,2,1,21,1193,31,19,0,101,477,1561,5540,28,6,1,271,38,7,604,1147,9,247,258,3,113,564,387,0,30383,68,3,120,9034,84,3296,0,176,7,1107,1,203,12,62,8,2,0,5719,8,80,11,1512,31,15,1,316,15,3,194,2522,118,10,454,61,1,56,36,1,341,13,0,120,9,0,34,126,116,14,162,224,2,36,3,70,38,101,418,807,1418,173,6,37,11020,340,0,1,345,2908,0,1,112,0,21,1859,221,1091,2,0,1,5,636,0,541,16,2,47,39,88,6,1782,96,0,642,41,22154,0,1051,102,228,531,1,144,109,3907,0,481,1,110,1,0,20,1,0,1,5,4,1,22,14,0,8,89,3166,0,3,5,0,0,1,0,0,9,4,8,4,8,1776,1,26,0,9,86,55,5,0,32,0,0,7,0,11,62,21,0,28,2,1
TCGA-44-3918-01A-01R-1107-07,673,33,149,10,6225,4068,1345,1502,1915,3,3,43,229,194,140,3798,2582,1112,751,298,37,777,950,3,9,14,10813,6874,31,14154,71,4939,3160,1227,488,3671,1037,5,502,54,1531,51,2,4,2349,339,206,172,1662,415,3088,4803,687,224,7,4127,3274,42,24,9,171,8877,209,64,124,807,1626,1,5,606,1694,109,40,10033,12749,163,145,1686,508,0,5,1279,6084,446,3370,109309,96,742,649,775,48,6133,1441,207,729,65,89,914,3363,917,708,289,233,975,3230,2063,613,333,26,272,53,16451,175,1575,699,954,170,491,569,26,702,43,7130,6,2274,2,3,157,840,334,73,19,471,1128,4273,25590,46,79,38,2891,205,247,1205,802,111,751,817,17,697,11,1007,23,21216,1,129,846,2865,94,8567,15,165,132,1603,8,215,114,111,90,16,14,8671,164,754,273,3079,1431,89,105,2227,141,74,1972,698,950,280,4461,271,23,34,170,54,16037,664,0,467,93,16,190,246,897,146,1462,1101,54,178,9,3672,114,36,714,4045,1146,988,272,182,8958,833,0,54,2016,2983,11,2,473,3,133,8881,193,5719,2,1,84,14,4169,14,140,136,2,198,206,1309,601,3831,300,18,1511,432,12424,1,3408,530,1543,816,12,1632,345,9647,3,1441,1,586,52,2,135,5,2,2,0,13,2,11,70,0,15,597,128,2,4,76,1,158,15,3,2,35,23,3,4,17,14681,11,37,14,3,50,446,110,1,108,4,0,248,1,87,27,20,18,9,17,1
TCGA-44-3918-01A-01R-A278-07,842,0,55,8,7601,2214,370,621,1909,3,0,29,342,142,65,3321,3982,325,495,454,49,688,47,2,5,19,5308,4991,48,5722,15,5511,3673,184,155,4787,262,5,115,32,1227,29,2,4,1070,61,24,42,1496,75,2825,3175,113,197,6,714,844,46,30,9,260,10006,254,72,98,837,2323,2,24,127,1413,20,48,7365,6328,569,30,1504,453,1,4,196,4352,81,1443,52018,151,957,322,479,13,3355,1620,87,1356,58,29,129,1145,166,111,58,258,1146,2492,571,499,151,49,61,22,8252,90,1512,419,590,127,420,312,8,383,105,6266,22,955,3,6,222,102,92,28,11,108,554,6854,7255,77,44,21,504,105,185,613,1164,241,132,915,4,556,1,638,19,12356,3,89,646,3844,37,5790,12,46,134,138,2,26,110,117,224,2,4,6811,20,706,424,2601,1753,89,69,1457,39,57,2530,308,601,193,685,79,8,30,48,2,2535,587,2,179,93,1,200,86,725,117,823,928,54,33,30,4601,206,247,399,4479,269,383,358,61,3179,650,0,66,1053,1484,17,4,568,1,40,1199,30,811,19,16,47,2,3325,10,264,4,29,7,39,1631,619,1801,406,23,991,232,12663,3,1961,103,935,582,9,405,425,6266,0,165,15,488,10,3,318,22,2,4,2,28,0,7,34,0,33,562,5,0,4,72,0,305,10,3,8,22,7,16,34,0,12336,0,31,13,1,21,238,94,2,66,5,0,274,4,11,9,31,5,4,229,1
TCGA-93-A4JQ-01A-11R-A24X-07,621,25,306,14,1408,5453,900,1465,2451,3,0,48,372,162,19,6100,1622,1682,609,652,20,1193,1708,23,3,37,5061,12732,21,12840,65,5209,1547,1969,1131,1352,2144,19,149,81,840,78,1,46,1622,491,285,891,4456,575,2572,4150,1189,238,12,3361,7298,80,27,2,169,10461,298,85,205,610,1333,16,7,214,964,495,168,4812,14497,97,130,564,487,5,14,1485,2769,756,2213,41615,212,1056,626,720,60,5913,1162,414,1480,73,211,1553,3538,559,826,467,98,827,1299,12267,193,257,41,173,254,9943,478,610,551,399,171,435,414,26,2078,198,4046,42,1710,3,12,760,1239,317,98,31,72,1052,5351,3960,49,26,66,2251,247,116,1192,1225,1899,1124,2706,32,697,263,1031,63,16583,5,556,724,5958,141,4213,22,95,64,3390,13,795,164,167,74,37,21,7976,80,407,629,3617,1627,139,150,839,238,491,2131,1367,647,120,5428,355,57,69,241,82,29943,790,9,266,287,19,289,434,1016,84,1340,918,52,129,3,1903,110,112,2630,5186,2915,1299,200,180,20443,396,10,21,2223,3658,12,4,604,10,155,3929,49,5232,0,30,58,12,3000,20,221,255,5,9700,209,650,1642,4456,472,27,1788,214,23042,6,2617,739,1333,1158,21,1959,196,7927,2,257,0,575,21,2,203,43,3,2,3,19,2,14,245,0,147,630,241,0,46,23,0,5,16,3,6,34,50,14,41,77,7220,1,59,12,2,105,314,175,4,178,2,2,146,3,318,62,62,8,8,31,1
TCGA-62-8394-01A-11R-2326-07,767,33,409,10,1652,2694,1517,971,1088,5,1,83,161,121,30,3782,997,1571,1349,505,16,1092,1208,12,3,22,4447,13648,65,20819,47,4581,848,933,1229,1755,910,6,91,82,1904,91,8,15,1442,370,207,756,1268,566,2421,3854,462,300,14,2396,3237,73,75,20,90,9277,274,41,411,1145,433,14,14,168,1197,333,223,1931,9478,39,83,520,336,2,12,502,2199,734,2164,29267,48,2046,864,434,1219,6237,733,704,1473,33,105,2974,1385,812,337,359,165,435,481,4510,308,484,64,123,200,11353,720,536,394,471,235,393,572,23,1183,197,4411,20,1513,5,7,172,1369,304,181,79,297,1032,3139,1592,111,243,248,2979,118,82,1211,1923,320,843,1062,50,359,75,698,76,30707,1,247,573,4831,201,4439,40,181,88,4605,4,954,74,61,42,18,42,3901,186,432,203,1463,499,114,204,999,111,148,1504,3370,485,201,2384,94,67,85,448,87,24058,847,8,201,105,15,329,866,602,115,979,430,82,88,11,1803,99,39,1141,2698,5048,1749,126,206,7971,567,0,63,2361,7269,35,0,1595,9,66,5305,154,5175,4,2,83,27,2573,21,354,217,2,380,148,1284,1121,5769,648,8,528,341,11703,4,1065,529,862,805,10,6648,57,11985,6,504,2,861,18,1,66,4,16,2,3,14,2,7,50,0,76,770,511,5,67,16,1,41,4,3,4,43,50,10,10,31,7602,7,68,7,0,61,255,221,3,236,7,2,153,2,396,20,23,36,9,8,1
TCGA-62-A46U-01A-11R-A24H-07,363,1,106,1,2093,3117,11777,308,5020,7,0,52,236,72,42,3229,514,589,37,314,9,456,866,18,9,18,6477,14803,263,10612,111,5220,88,832,496,3498,1466,37,1112,57,1284,159,0,1,1318,116,73,513,3052,194,1510,611,347,181,165,4346,4874,52,4,0,121,11605,292,8,23,1518,719,65,3,275,344,291,10,1660,10305,20,5,186,127,3,10,390,5056,316,4289,196583,9,903,1046,205,11,5723,763,306,1644,0,40,1695,267,190,148,119,69,295,1910,3297,54,123,4,109,4,10500,603,84,858,2120,110,84,424,2,867,3,5102,0,2436,0,11,114,778,7,82,16,226,1432,4385,1157,11,4,18,1814,256,6,2263,1194,20,343,2120,0,141,2,3348,0,17571,0,0,339,2806,37,3689,0,189,26,1348,2,362,16,145,11,3,3,6352,6,36,122,4019,261,363,6,968,10,204,1271,922,285,2,275,372,3,276,105,0,18,102,0,248,130,1,141,772,289,16,405,1751,69,103,0,13,478,17,576,2211,4060,574,85,52,5491,920,0,6,990,2840,6,0,411,0,44,1329,258,2314,1,10,1,549,1912,12,207,155,19,223,64,980,0,2535,930,1,6363,279,13761,0,1604,252,4252,326,7,293,48,7134,0,1262,0,233,3,1,100,0,0,0,0,9,0,1184,59,0,83,34,121,2,0,16,0,6,2,1,3,22,23,9,24,3,11284,0,25,2,3,1,92,23,0,135,4,0,51,0,7,55,11,8,124,7,1
TCGA-69-7761-01A-11R-2170-07,484,8,200,8,627,3239,621,563,1641,2,1,28,94,280,8,4904,1328,521,5582,412,11,1132,454,17,1,22,2733,8868,0,7634,33,7198,2502,495,27,2813,1044,14,371,31,872,75,0,4,1845,414,64,253,2184,130,3615,1971,935,827,53,3220,4665,34,3,61,116,12361,133,94,86,903,675,2,2,44,227,33,39,2442,9859,81,52,258,165,0,0,477,3581,227,1223,217,58,1017,318,343,243,4313,905,1357,883,64,38,2060,2006,195,727,83,37,562,1189,32,99,7,1,91,97,16438,247,276,256,620,161,351,251,9,1943,132,1546,4,790,0,0,188,1341,28,52,2,54,672,6109,683,125,27,11,552,69,16,1272,1676,51,327,1838,1,301,45,997,35,26285,0,3,443,3898,40,2866,0,92,54,547,3,132,89,55,239,8,892,16321,68,325,272,2151,195,55,18,1002,56,107,1126,738,349,75,2771,193,17,867,210,0,72,1164,0,337,113,16,173,175,407,12,917,783,39,92,0,21,524,60,563,3886,881,546,256,60,5383,882,0,14,970,1492,0,1,685,1,36,820,39,2718,0,4,0,7,4488,30,295,50,6,29,58,92,614,2248,87,11,2013,130,12667,1,2257,171,674,674,2,146,40,3838,3,195,0,482,3,1,99,1,0,1,0,6,0,50,19,1,49,543,32,0,11,36,0,3,5,1,1,5,2,11,11,9,9656,1,69,8,1,57,79,168,2,51,2,0,91,0,15,14,36,2,7,13,1
TCGA-MP-A4TH-01A-31R-A262-07,213,109,303,5,1623,7107,1526,3477,2008,15,12,45,359,188,30,5025,1279,1169,985,864,54,1281,943,29,9,68,20354,13351,40,7591,51,12241,1520,1444,1718,1451,3143,14,383,90,754,160,0,9,1472,383,187,856,4520,504,1106,3019,457,416,2,2565,5757,195,39,0,121,10991,540,131,159,3348,934,16,2,323,274,176,137,3014,31542,176,301,597,360,7,23,1950,4605,833,1533,103966,75,202,620,803,162,2859,344,563,4688,126,179,2608,3754,508,625,208,70,563,1696,7923,261,2302,19,311,644,12487,882,876,626,378,85,693,186,19,20317,22,3225,18,1271,1,4,950,1559,635,14,26,62,908,6699,1316,172,8,44,1114,159,62,1267,982,545,840,2726,10,652,67,956,459,29321,3,8701,798,3869,101,3176,2,193,54,381,72,54,148,116,42,49,10,13502,246,540,199,2109,457,195,243,783,364,623,2024,1243,535,174,8240,353,58,90,310,31,4937,2021,5,1372,56,46,278,505,749,243,1134,1269,51,192,5,4054,119,254,848,4335,5104,1078,80,427,6177,769,3,7,1976,2239,6,1,371,10,169,1471,76,2797,2,6,1601,48,5929,4,68,261,13,70,355,139,5479,4624,555,41,2411,211,5234,1,4611,488,1770,1044,15,1767,70,8681,1,282,0,427,15,4,137,270,0,2,3,15,14,13,25,0,82,2326,134,2,17,70,0,139,25,5,2,98,86,11,22,95,7745,2,74,7,0,201,194,265,2,308,15,1,124,0,155,59,112,4,8,34,1
TCGA-86-8669-01A-11R-2403-07,188,13,264,1,228,7252,530,510,860,0,1,13,114,85,7,4076,759,679,14581,253,2,221,275,13,2,7,12595,10785,204,8855,51,2086,710,473,10338,1425,753,6,138,48,729,184,2,4,923,219,77,185,1464,401,793,1425,131,190,79,1289,2950,19,9,7,315,8678,145,46,47,281,277,0,5,342,291,31,37,1122,22009,35,41,292,163,1,2,186,5221,409,535,37373,25,167,308,233,90,5345,482,93,2762,24,50,1152,689,210,264,105,112,297,684,1440,88,148,6,44,49,5677,64,568,276,255,27,822,159,8,1987,25,2887,5,724,0,4,76,290,197,22,11,46,752,2721,518,37,13,10,1243,71,22,381,708,72,412,906,3,246,10,572,41,23770,6,62,366,2378,111,2897,7,19,942,431,2,157,40,26,22,2,187,7940,67,258,19,2020,799,1158,55,709,44,250,1113,30198,407,51,1168,83,72,30,398,363,155996,1356,0,2470,62,5,317,220,390,15,720,404,45,55,2,241,92,7,818,1840,1529,829,642,190,2499,571,0,0,1854,1576,1,0,183,1,46,2908,130,1303,3,0,708,1,2206,15,46,77,8,61,64,139,628,1448,43,10,1093,94,3777,0,942,201,8996,471,101,366,18,5367,0,356,5,108,4,0,28,3,0,0,3,1,1,22,18,0,51,223,36,0,6,10,0,255,7,1,0,12,10,41,5,5,6229,0,48,0,1,17,76,51,2,60,0,0,56,0,79,335,30,338,6,12,1
TCGA-44-A479-01A-31R-A24H-07,301,38,364,12,619,3033,233,211,1323,0,0,11,292,135,44,4560,1472,666,59,370,6,509,292,7,6,129,3266,5506,66,10548,16,3600,972,687,47,1664,945,17,116,47,704,91,0,4,1238,287,87,245,2511,350,708,1015,172,267,8,2603,3565,39,13,0,133,9145,187,40,425,357,395,5,3,46,413,19,19,2825,14761,188,45,409,217,0,0,437,2694,493,1384,788,16,443,490,425,38,3737,763,134,2624,228,61,604,1338,308,392,188,69,349,1900,73,140,9,8,240,5,11163,270,486,418,525,74,625,544,8,225,79,2359,23,1049,0,4,120,616,213,37,12,78,657,5544,1360,65,13,77,857,84,3,840,738,112,354,1691,7,390,6,566,91,58864,0,51,490,5511,91,4561,27,89,35,616,1,253,35,34,74,27,3,5391,70,328,5,2404,796,113,41,755,87,120,1314,5239,515,93,2620,138,17,73,144,2,70,417,0,252,80,37,184,144,577,17,669,1631,47,46,2,58,198,21,862,5395,788,595,1104,59,4033,632,3,2,1617,1599,23,0,698,0,43,3691,9,3716,1,0,7,6,4654,7,141,85,9,16,56,48,68,2333,21,16,1269,146,7548,0,2324,245,856,1252,0,286,53,3946,0,157,3,977,10,0,63,1,0,0,0,11,1,8,23,0,34,824,12,0,6,18,1,4,2,2,1,10,13,3,11,4,10314,2,147,1,4,15,701,28,3,127,2,0,59,1,18,6,48,11,6,19,1
TCGA-64-1679-01A-21R-2066-07,605,101,180,8,4754,3257,4134,1727,2576,2,0,122,519,353,15,14685,1200,1453,26,1614,86,1974,1250,3,11,17,1840,55983,24,20820,39,17216,1738,1051,470,3824,1070,15,396,61,2054,160,0,40,2441,351,267,1102,2405,554,9185,11085,857,51,0,4191,3479,15,10,0,105,20434,234,48,275,1019,7277,0,3,100,1036,436,4,6342,24207,64,99,334,449,1,0,1246,3925,173,2537,221,93,1242,679,739,68,7821,1329,412,2111,68,76,2593,5090,401,958,451,56,1336,1310,4749,330,448,4,314,86,17564,356,1003,917,417,106,363,139,13,446,90,2016,18,2102,13,0,107,1192,79,8,62,440,946,5690,15623,41,141,12,1746,142,4,1519,2810,1108,1355,1871,306,823,681,2321,8,39956,3,52,1198,9223,1625,5216,0,32,29,595,4,587,57,189,71,30,1,20462,30,333,171,2674,1280,49,10,1732,178,15,4491,2486,488,51,4875,134,2,43,79,17,47,1737,0,40,103,13,1277,786,659,6,1067,911,196,357,1,163,63,58,3616,10253,1586,989,172,610,37664,738,2,6,2954,7654,0,0,854,0,518,7818,133,10082,11,1,66,63,3017,4,371,166,0,435,233,11798,352,9022,451,15,1536,593,33777,0,1771,587,2660,670,13,192,356,16538,2,798,1,1714,5,1,202,7,0,1,8,10,3,123,39,6,26,383,20,4,44,19,0,107,2,1,0,130,8,3,7,21,12479,0,58,8,0,5,250,29,2,122,3,0,123,0,244,115,36,102,11,10,1
TCGA-99-8032-01A-11R-2241-07,461,82,726,13,426,4389,1156,1061,1128,2,0,550,427,232,63,7336,2052,2006,523,501,31,710,1310,39,2,32,3199,11352,652,17389,50,5635,739,1097,2439,1948,1314,13,105,130,1151,1711,1,3,2118,449,360,267,1746,713,1455,2916,472,408,3,3300,2608,52,19,5,170,10175,173,101,454,257,1066,6,3,448,420,44,137,5122,27020,74,84,569,634,4,4,707,3614,780,1139,126273,108,456,743,937,95,9858,1137,298,1303,88,213,1469,5738,703,663,645,1450,660,863,1353,744,202,29,225,113,23983,584,1034,606,261,115,685,319,15,1185,544,2394,1,2312,1,18,333,924,111,9,38,82,985,4337,5473,96,48,15,2903,164,19,868,1267,239,1216,797,16,782,7,1317,183,40501,3,96,1498,6536,98,3607,545,176,89,1530,3,424,143,72,91,612,10,8354,155,562,212,3724,819,837,27,1099,160,200,1802,11222,843,313,5592,176,18,66,458,21,6271,1281,1,501,87,35,211,689,924,193,1733,642,43,156,3,1167,192,38,2175,5982,5108,1805,1657,418,13976,1038,0,2,3736,2578,64,274,840,5,246,6578,162,8351,1,6,402,41,2887,12,173,259,17,187,289,358,919,3626,74,9,670,391,6269,6,2676,718,1728,3634,1,496,270,7555,1,409,6,1308,10,3,105,23,8,2,2,16,7,5,72,0,56,1598,29,1,14,13,0,16,7,2,3,15,30,8,10,34,13962,0,34,8,3,327,429,111,0,112,6,0,199,0,493,19,69,9,11,17,1
TCGA-55-6968-01A-11R-1949-07,617,13,228,2,273,1269,1440,242,809,0,0,62,399,42,6,3777,660,454,108,833,1,239,385,42,0,7,746,5220,7,9694,15,6422,408,467,1650,1770,600,3,299,68,874,2627,0,27,500,94,102,128,1052,283,567,1029,1420,353,851,2138,2011,14,9,0,136,5573,239,5,350,423,189,0,3,64,848,11,8,1093,3521,41,14,172,127,0,1,270,1505,352,961,94,34,1489,288,242,36,5383,1210,583,1128,12,34,1577,853,715,323,173,36,276,1075,99,78,1,2,26,10,6166,92,705,370,519,14,266,669,9,151,13,1661,0,1048,0,0,17,592,52,9,62,75,475,2897,608,38,6,7,715,81,177,550,222,514,322,650,1,201,4,649,3,13733,0,14,296,5923,88,2446,1,142,43,1481,1,879,46,13,65,5,5,2649,20,136,85,3172,265,91,14,834,34,88,1549,2408,266,44,404,80,10,36,1288,35,36,217,0,77,15,10,41,102,250,61,424,685,72,45,2,7,582,317,913,2407,245,440,38,47,3405,1382,3,41,937,2629,7,0,1700,8,23,1225,20,2640,1,0,0,3,2015,0,561,77,2,51,42,242,55,2200,67,2,1076,495,4686,0,1662,262,2187,783,0,68,16,9107,3,366,0,4300,2,0,39,0,0,10,0,11,0,24,26,1,22,155,2,0,1,6,0,1,3,0,0,7,3,11,27,19,6201,0,27,1,0,12,60,8,0,82,1,0,129,0,9,3,16,4,17,4,1
TCGA-44-8120-01A-11R-2241-07,268,304,1012,10,2955,4700,1981,3652,6051,5,5,956,564,416,370,13627,3569,3287,1992,931,70,1873,1689,56,7,49,4269,22327,216,31177,90,18331,1575,1670,1482,2374,1232,26,228,144,1623,310,21,48,4603,1549,381,1513,4278,936,5356,6136,624,450,9,3311,25164,116,156,12,239,17476,225,310,349,29932,2671,11,10,271,2765,827,159,11698,56363,217,561,1284,765,2,7,1554,10309,1774,2187,70498,101,409,743,1021,503,10689,1286,316,3009,172,267,2535,7409,1161,981,667,185,1603,1411,6036,1115,519,646,197,608,15162,2708,520,684,599,78,1661,187,17,1847,9,8684,6,3300,132,1,1006,39,1713,76,65,164,975,6839,6556,263,194,70,8262,276,73,1603,4757,224,2088,2208,21,1207,19,1810,57,37633,44,323,2431,5232,249,7975,33,468,169,1134,16,316,274,359,65,17,11,23879,637,1377,647,3111,826,136,676,1081,380,746,2939,3628,1350,1276,15935,447,232,244,1594,268,47255,4134,18,490,2021,86,142,1717,1606,560,3252,1124,137,208,4,23087,120,148,2267,8762,3401,3752,115,558,17277,910,3,4,5513,5677,9,24,591,12,328,14726,316,21521,7,4,70,49,4404,11,174,895,12,150,511,4827,3098,8997,1557,8,1327,751,5012,4,2372,975,3786,3791,132,4443,194,33299,1,732,11,1810,58,5,759,53,1,1,1,28,53,56,69,3,105,4066,118,0,1424,35,1,27,6,8,5,13,39,12,102,53,20257,8,101,15,6,1088,370,647,18,118,5,1,425,0,368,63,59,35,14,60,1
TCGA-97-8174-01A-11R-2287-07,411,302,1228,26,2213,15769,1219,8568,5645,169,20,231,1242,1241,62,6550,7141,6130,9412,2929,26,2789,1498,38,15,107,19452,56786,458,12069,105,21915,13824,3480,10238,3535,5788,16,126,288,1520,182,62,27,10844,1280,786,3964,5038,1570,5522,8181,301,4604,4,5442,8033,489,45,27,622,37439,1137,865,525,1691,4338,3,9,1209,1359,466,2191,4902,81504,451,6885,1608,1251,24,11,2114,8184,1882,1906,410977,277,421,564,2647,1312,4037,486,358,7188,420,468,3047,9776,1719,1985,929,445,2686,3589,114118,1049,22920,83,478,814,21592,1919,3985,1576,736,371,8007,314,67,49690,164,6769,22,5488,2,5,5203,369,584,27,218,105,2463,29036,706,363,12,267,6639,507,172,2083,3668,978,4704,5627,22,1287,10,2970,715,17107,1,86676,3345,9949,794,3709,20,153,265,528,49,177,701,500,248,38,16,35297,939,4965,1201,2608,2982,104,438,1553,1586,1812,5739,4206,2389,1645,38073,397,504,54,1949,1177,166103,9154,15,4731,551,18,537,3368,3597,99,5774,2668,203,324,3,14308,386,1322,3483,11953,3950,3914,271,1846,18584,579,5,3,10910,2356,1,50,577,33,374,1763,69,9704,5,34,2062,82,24679,57,118,637,10,182,865,1072,30155,15531,1380,81,1625,1159,4927,7,11190,1849,3905,3495,275,18183,25,27670,2,251,2,3999,59,1,219,18,3,1,5,175,21,3,227,0,174,26971,46,10,79,173,0,277,47,9,21,209,239,17,4,153,30503,10,271,35,1,6504,650,1029,17,313,3,4,1257,3,586,172,243,74,6,147,1
TCGA-38-4632-01A-01R-1755-07,474,18,106,6,1032,649,866,269,583,1,1,71,111,33,4,3448,1121,402,155,81,5,108,145,6,8,2,1105,849,0,9327,18,3299,312,277,112,1284,290,8,161,18,719,26,1,2,989,99,37,236,733,126,2452,1763,446,38,2,945,1224,7,3,2,53,3048,63,35,34,182,949,0,1,27,150,138,20,5555,10846,33,20,257,142,1,1,368,2007,367,1278,20534,36,484,389,183,44,4912,809,31,528,10,26,936,383,266,78,60,30,175,854,1180,171,248,10,61,13,6316,150,381,302,300,30,236,132,3,366,13,2468,0,626,1,2,68,3640,206,16,1,106,195,1023,8103,12,93,10,1023,75,21,430,703,16,255,217,0,142,3,270,1,13904,1,57,189,841,162,3308,4,11,47,1484,1,259,24,28,11,3,4,6144,132,259,100,1969,379,17,19,481,24,11,230,1429,295,40,472,87,10,53,87,12,3043,811,0,57,24,1,183,209,257,12,472,205,14,92,0,984,35,10,399,1123,750,380,15,94,4323,246,0,10,680,1869,0,0,139,0,30,6733,397,1092,0,0,40,0,921,6,193,51,4,227,92,134,107,944,47,6,423,95,3561,1,892,90,278,450,4,461,102,2721,1,548,1,81,7,0,17,2,0,0,2,1,0,18,13,0,13,120,59,0,4,20,0,4,7,2,0,3,1,0,20,0,2993,4,16,0,0,5,163,22,2,29,3,0,27,0,10,7,5,9,7,1,1
TCGA-MP-A4SY-01A-21R-A24X-07,492,36,145,12,1260,3629,7637,944,1205,5,2,24,463,161,37,5128,503,713,29,477,55,977,1252,155,24,17,350,13754,867,11453,56,12878,2089,558,72,3095,939,59,451,49,1731,61,0,18,1360,521,128,291,2105,209,3207,3653,4500,52,11,1200,851,6,19,0,126,9316,152,7,248,71,1467,6,4,303,987,11,34,5718,11137,44,71,152,204,1,5,2541,2472,231,1972,7715,69,437,633,304,31,10945,2598,136,1322,59,71,1971,2834,245,613,248,23,706,432,2206,107,9,2,139,153,11820,255,682,495,317,185,253,336,3,446,10,4795,6,957,0,5,283,706,54,82,3,152,556,4795,5586,22,6,18,777,91,52,799,1382,94,328,460,21,316,1003,988,7,12663,9,14,378,5660,92,3559,3,137,47,1187,3,241,49,94,51,245,7,8925,13,190,51,9265,820,148,23,641,52,670,1997,3270,325,26,4217,237,2,716,95,21,20,435,1,329,86,18,129,282,483,207,317,308,13,181,1,168,64,26,584,3845,2852,484,123,162,15242,1596,0,21,887,2731,15,2,181,1,202,4480,494,5858,6,8,0,34,1661,8,125,88,5,6,245,929,683,6559,84,22,1006,189,15250,0,827,230,3366,348,3,210,372,6901,1,787,1,1015,5,0,153,1,0,0,8,15,0,68,16,0,72,386,20,2,1,29,0,277,6,0,4,19,15,6,52,9,4903,2,42,2,1,24,94,103,0,94,5,1,37,1,71,6,61,0,22,18,1
TCGA-95-8039-01A-11R-2241-07,425,67,917,16,1724,8532,6718,2044,3963,2,7,112,685,302,39,11780,2257,2146,4010,1320,31,1517,1134,61,26,46,9531,19867,190,21664,94,12926,1976,1868,3781,3811,1982,43,290,114,1598,141,17,30,3416,789,347,1322,2217,646,4147,6061,1083,267,15,3809,7290,58,264,25,190,14589,327,148,193,2140,1386,8,15,936,1885,573,343,8604,34629,99,193,1161,528,1,26,1518,4969,1229,3064,185416,173,665,657,801,315,7288,1137,313,4676,137,164,2688,4279,967,663,426,191,896,1603,53655,548,1347,88,130,496,11256,1286,1770,1188,674,357,925,217,42,4815,151,17947,58,2345,4,14,433,998,1775,109,196,89,2271,5817,8100,218,174,75,3183,229,204,1871,3008,676,1438,2041,73,641,65,1601,147,25492,18,484,1796,6756,828,6515,70,232,160,823,36,402,241,132,100,12,34,12876,404,886,1245,3863,767,105,451,1152,355,380,2431,3138,1155,380,5256,371,123,406,541,269,98353,2609,21,535,267,16,800,1393,1044,719,1821,1252,111,371,11,14348,169,132,2475,5066,4864,2597,220,401,15091,436,27,33,3739,5886,24,15,1583,8,133,7920,726,5201,17,52,378,90,5802,15,162,278,37,655,424,855,3219,6585,1598,48,3516,323,9682,9,4995,817,2758,1407,12,8147,286,17052,1,895,5,1087,19,3,189,53,6,4,8,31,4,64,63,0,86,2108,588,11,65,43,3,67,24,25,2,194,153,22,151,56,12066,9,153,3,2,179,437,480,10,232,12,3,281,6,540,188,59,71,25,28,1
TCGA-L9-A8F4-01A-11R-A39D-07,571,262,276,6,2751,6929,1883,693,1166,0,2,90,337,147,24,6228,579,809,93,216,7,880,840,169,1,56,528,7760,13,12942,89,4614,1419,1006,39,2000,1839,11,227,49,1471,133,0,8,2633,273,142,679,3796,616,1808,2754,987,130,3,4728,14330,23,58,1,88,9990,131,61,279,385,317,297,23,95,952,962,11,4063,18530,35,73,157,145,1,1,872,2151,483,1261,367,14,684,734,299,61,5565,920,467,1311,301,116,2101,3129,248,435,244,181,422,1409,241,75,33,33,150,151,20021,288,308,342,627,172,219,390,8,196,37,1244,7,1329,14,4,196,1672,131,10,2,192,1335,2985,4723,79,51,62,769,78,7,851,1192,625,478,1757,17,264,14,884,24,21460,205,418,609,2710,360,3641,6,49,29,2455,1,443,69,65,38,2,3,11552,84,161,12,1621,182,163,75,787,114,156,1782,4508,210,71,3486,551,20,49,94,19,450,909,1,22,44,35,112,200,295,64,668,769,12,103,3,91,70,69,1040,3954,967,576,32,35,7370,1345,2,3,1898,8830,0,0,478,3,83,2584,40,6016,2,5,2,15,2737,5,371,183,3,206,207,645,710,5751,724,11,1781,227,10027,1,2101,338,1307,874,2,545,154,12841,0,829,2,546,8,3,178,2,0,1,1,18,4,14,94,0,146,733,612,5,10,10,0,143,3,1,1,46,12,1,5,26,6754,0,22,1,13,33,71,44,1,102,12,0,43,1,73,29,40,0,3,12,1
TCGA-86-8075-01A-11R-2241-07,888,63,726,5,3015,4001,4135,1703,2535,3,0,608,262,280,36,7400,2244,1678,442,1421,77,2205,1433,16,3,46,2890,40437,99,25480,55,7924,2391,922,2181,6532,1501,13,498,82,3086,57,4,20,4217,736,222,592,2644,2264,4613,4667,1826,760,69,3744,4273,65,18,14,198,12748,507,108,343,988,2334,81,64,174,885,143,151,6553,14636,115,109,690,476,3,9,971,3679,524,2700,9920,84,1968,802,838,909,6319,1138,306,2708,152,138,3157,5155,476,892,444,109,1281,1331,1148,321,149,149,322,187,39640,560,745,653,570,190,688,398,14,644,132,5337,4,2007,4,39,395,872,278,68,41,300,1141,13876,1505,44,89,160,1851,199,61,2343,2466,260,716,1316,12,949,843,2206,47,61243,2,204,1149,14012,256,5166,10,64,74,1149,6,1191,128,176,280,43,5,14516,108,602,259,4571,1332,186,36,1210,213,130,4855,4104,775,314,8203,232,6,53,295,45,6733,1107,4,170,217,27,681,955,1042,83,1296,941,39,295,14,1044,150,51,1394,10750,2905,1046,245,402,21105,1214,0,17,3099,7343,9,1,651,2,370,5552,315,8950,1,2,29,31,2552,21,890,169,5,69,130,1358,755,7098,705,11,1175,764,18486,2,2464,577,3410,1611,4,768,39,10913,1,1037,0,2229,17,0,206,5,3,2,12,11,14,24,35,1,50,703,215,2,23,42,0,121,22,7,3,33,55,23,10,23,13571,1,28,3,0,46,244,164,2,184,0,1,149,1,87,36,53,15,23,21,1
TCGA-69-7760-01A-11R-2170-07,309,80,55,2,5295,2548,232,141,1171,0,0,268,60,48,37,5465,322,246,31,939,6,365,475,6,0,4,9030,6229,4,24427,25,3849,762,109,116,2414,292,12,35,15,1705,21,0,3,999,228,39,63,323,96,1206,567,870,57,1,524,206,7,14,0,18,7730,138,7,97,2080,241,0,2,99,619,89,31,2146,13424,14,27,85,80,1,5,191,4384,122,279,36026,25,478,620,95,17,6347,955,24,281,17,16,820,1336,139,261,40,30,173,104,341,39,8,25,73,55,4907,1353,459,76,73,49,115,251,4,553,35,12702,0,254,1,1,135,587,18,15,22,128,500,1715,3938,422,24620,5,405,31,169,338,1294,126,150,117,3,98,224,165,2,14332,2,14,1179,1671,62,4399,0,10,9,302,0,151,17,26,100,8,5,14496,25,120,142,3490,116,289,16,507,34,22,643,2158,156,35,884,22,1,55,64,3,138,666,0,74,444,10,44,50,168,17,179,86,11,30,0,4450,39,7,247,1259,3755,209,33,42,3522,1851,0,1,344,1357,2,1,175,0,32,2596,135,1241,2,7,4,3,1463,6,411,12,2,21,57,468,100,2352,2350,5,183,38,7041,1,288,81,735,171,0,154,155,9189,0,94,0,415,3,1,250,2,1,1,0,3,0,1,22,0,16,422,21,2,21,10,0,456,2,0,0,5,11,1,10,0,1984,0,23,1,0,4,177,49,1,90,8,1,35,1,24,1,14,2,5,10,1
TCGA-75-5126-01A-01R-1755-07,203,97,63,8,1222,2721,4997,1309,1897,5,2,39,203,113,29,2568,809,907,2299,450,19,241,374,41,94,11,7336,4951,126,5379,52,4243,1100,557,1133,1537,364,6,696,43,643,34,17,13,1835,352,98,101,1406,319,4772,9585,1204,236,15,2429,1892,39,38,10,135,6031,272,108,109,1696,352,4,23,67,310,199,127,3409,9003,35,196,337,355,1,10,690,4057,448,2223,133852,102,485,189,371,112,2893,502,187,455,36,48,940,1711,341,274,159,96,609,1262,5116,1073,861,76,89,139,8478,170,2370,607,749,181,624,158,15,1450,91,7644,13,2253,3,19,261,582,296,94,12,38,584,4197,4155,38,262,20,2032,145,113,1509,1096,114,939,611,34,288,543,951,42,11699,5,122,441,4812,93,1790,42,122,77,437,2,161,61,43,60,17,22,7814,111,282,807,1173,812,88,212,588,160,62,789,1442,501,54,2083,210,129,211,514,302,64911,1252,1,238,119,14,181,353,440,430,1085,795,43,213,14,6274,99,113,867,2382,643,1140,90,248,7891,332,0,25,1992,2237,16,4,499,1,41,1375,874,3236,4,9,131,13,1890,6,216,85,17,439,133,384,1569,2421,432,11,1003,206,12831,2,1783,282,1315,672,163,3987,62,5002,4,1229,3,273,5,0,63,84,5,1,1,34,1,25,44,0,18,932,428,6,19,24,2,10,5,0,6,14,34,4,128,4,10553,14,44,10,1,125,230,87,1,93,2,2,129,3,177,68,10,47,51,6,1
TCGA-91-6849-01A-11R-1949-07,93,38,242,3,1336,1807,944,540,797,0,3,125,129,59,6,2363,647,617,29,308,7,424,234,16,2,19,457,4294,5,4351,19,4813,418,243,3734,593,832,3,61,39,503,160,6,4,1609,95,53,277,1395,183,2467,3888,149,282,1,1107,931,15,8,1,42,7519,186,33,51,127,206,3,0,49,96,35,28,840,11534,28,46,243,217,6,3,558,4064,330,726,3497,13,69,281,196,7,1743,201,85,1252,19,36,982,825,260,134,109,32,282,300,1009,70,1146,4,60,183,10717,141,162,227,381,92,292,40,31,190,1,2513,2,273,0,3,158,397,41,3,6,78,267,1686,1155,50,12,17,410,73,28,654,641,54,333,572,4,214,5,452,24,16394,0,5247,607,1399,175,922,0,39,10,102,4,27,64,77,6,16,6,3555,69,323,1,913,59,24,149,363,55,76,269,395,266,38,1737,141,5,55,461,9,115,1622,1,857,13,25,64,120,274,67,568,257,6,33,0,2173,43,14,523,1255,1077,348,22,97,2993,418,1,3,817,833,0,0,78,2,34,959,19,1177,1,1,6039,1,4915,1,25,89,4,3213,75,154,1042,1111,171,8,748,83,2032,0,2360,210,16238,284,19,137,55,9849,1,342,0,144,8,3,100,26,0,0,0,4,1,43,13,0,11,497,50,0,1,16,0,3,2,2,0,60,119,0,5,8,4698,1,11,1,0,45,111,18,0,166,1,0,17,0,44,4,28,1,17,12,1
TCGA-86-7711-01A-11R-2066-07,1010,17,306,3,1395,2381,982,625,3111,2,0,25,844,219,4,9721,2480,1979,11,756,20,628,363,3,1,7,1738,7279,22,17450,17,7368,499,1062,61,4471,535,4,312,89,2026,48,2,1,554,349,324,714,2666,575,6805,8122,206,80,0,4491,1509,16,8,2,250,11651,312,74,242,145,1471,0,4,214,619,248,103,15165,130385,97,66,556,475,0,1,690,3862,520,2910,194,48,2267,1394,770,51,13698,3803,1446,1552,56,71,814,2307,675,285,348,59,1112,1831,1569,965,14,12,147,11,25548,8,9690,678,757,407,762,258,4,312,88,9671,53,1706,0,2,94,837,453,59,2,281,1032,5863,19276,18,38,5,1915,1290,4,2939,4174,569,1002,671,2,644,2,1714,11,52993,0,92,664,6636,1475,5868,3,14,13,1394,4,1119,88,115,78,40,4,6697,66,555,39,3936,1066,35,29,1174,94,25,1707,2319,820,38,2130,89,12,31,156,0,96,459,0,248,62,24,933,1677,739,35,3027,1964,10,293,1,146,200,22,1291,5847,512,929,286,103,8228,2087,0,0,2786,5995,5,0,305,0,47,12232,569,1801,1,1,33,2,3118,12,683,107,0,50,112,50452,17,3300,721,5,471,817,46005,2,1374,606,1238,959,5,97,305,5460,0,1459,0,466,5,2,61,0,0,2,3,14,0,8,41,1,14,81,873,0,0,21,0,0,4,2,0,4,28,4,2,4,13522,0,32,7,2,13,277,31,1,82,7,0,123,0,23,35,27,3,31,10,1
TCGA-05-4417-01A-22R-1858-07,165,151,742,4,581,1389,712,1987,1802,1,6,24,520,203,23,5139,2649,1840,63,581,17,379,750,10,0,37,2483,10149,14,7599,79,3957,795,886,287,1001,520,10,116,76,593,174,0,6,1274,553,272,348,1270,522,1008,2344,104,172,0,1805,3272,25,14,3,158,6973,183,189,200,233,1146,0,1,243,169,37,9,4540,28216,142,83,806,599,3,0,490,3278,801,1416,389930,45,204,333,732,139,4648,529,208,1175,86,70,697,2912,703,441,403,311,674,1239,2376,387,206,8,168,230,15405,173,1036,469,350,55,1188,114,12,336,23,2643,2,2010,0,0,256,317,296,56,42,37,661,5125,4795,79,17,24,2319,134,12,763,633,59,1334,1378,2,564,7,1086,5,20077,0,476,1001,4830,80,3823,1,78,24,274,2,104,113,82,63,12,1,6536,251,991,65,1675,259,96,41,1033,226,39,2155,5857,870,126,4457,112,54,54,232,20,4334,684,3,440,70,21,90,523,886,60,1477,805,42,112,2,641,147,112,1755,6609,1469,1276,649,160,10252,414,0,1,3415,1114,0,0,264,1,129,3208,178,1999,1,0,310,15,1924,33,148,105,12,729,149,342,759,3319,102,13,1218,238,4407,0,1836,621,560,977,0,203,162,3905,1,434,1,444,9,1,141,11,0,1,6,2,0,3,21,0,19,590,17,0,4,8,1,8,9,0,2,7,1,10,21,4,12444,0,31,9,0,19,282,165,1,121,1,0,129,0,57,11,39,23,15,16,1
TCGA-97-8552-01A-11R-2403-07,116,128,346,19,2360,5244,5367,3796,2041,20,14,359,527,300,22,2735,989,1128,7726,1202,75,1117,1270,55,33,67,10739,15908,88,7652,58,11184,3600,1016,1903,732,2285,63,512,104,703,264,16,27,2517,312,161,961,2453,443,3152,7053,436,568,21,2616,4043,79,334,15,131,6698,286,107,315,2173,839,45,44,430,956,615,446,4237,17739,177,207,600,311,10,39,1383,5729,575,2686,119911,141,196,367,434,98,1206,253,399,2418,123,156,1956,3167,566,725,346,140,490,1009,25458,233,2166,79,187,596,3852,1081,2243,619,661,413,751,89,43,8285,89,8399,56,1213,3,43,721,380,826,190,45,56,585,5392,196,168,211,56,1609,123,273,1512,1441,676,718,2006,95,490,96,931,352,9430,19,2223,851,2834,510,1971,152,178,765,564,178,98,147,139,77,28,69,7599,244,595,345,1183,1064,139,461,718,204,769,1460,786,510,629,9018,464,183,807,897,4855,939507,1924,28,4711,170,73,472,1521,640,753,1013,773,53,278,24,5140,113,124,888,2518,1682,878,249,1055,8100,432,20,220,1619,2196,23,5,1139,9,148,1823,1424,5030,12,27,342,89,7573,7,37,286,40,569,319,601,5434,4743,1200,26,1726,316,2002,16,3066,515,6797,1012,216,10966,15,9129,11,1244,6,1594,29,4,146,557,4,2,11,59,9,45,28,20,101,2363,612,35,46,64,3,46,9,23,7,41,65,16,420,302,7858,43,81,12,6,329,486,289,3,134,17,7,139,6,295,81,57,177,24,28,1
TCGA-93-A4JN-01A-11R-A24X-07,1084,127,646,9,1840,5828,518,3091,2487,3,5,70,311,250,20,4011,2109,1803,3695,1733,50,2130,2281,11,0,107,6122,19847,16,12151,81,12424,1463,1042,2008,2749,1667,22,189,75,983,164,8,4,2935,730,178,820,3204,540,2874,4067,1166,410,14,3338,3271,116,24,4,176,9301,267,127,438,7814,852,19,25,195,1762,386,150,6429,16062,157,174,623,415,0,1,1100,2764,902,1551,40335,166,1471,745,690,227,3585,952,1413,1741,70,176,3770,2409,834,660,390,188,856,870,6732,441,375,150,105,372,9533,816,666,476,360,157,858,354,14,3033,83,2873,7,1552,6,3,856,888,1118,20,55,73,1277,11622,1300,80,1359,27,2169,159,16,1686,1735,204,776,1616,528,626,304,873,33,30813,11,3769,1143,5444,506,3247,5,112,334,1972,16,821,147,114,162,9,24,7759,116,536,397,2413,945,210,429,848,210,319,4370,3479,721,448,7774,228,23,60,856,145,10579,1592,4,647,82,24,545,957,804,54,1483,841,30,170,21,3390,98,54,1380,5827,5023,1757,220,271,11697,977,1,15,2440,5417,28,0,941,21,246,1533,100,10319,1,159,457,140,5676,8,227,277,1,466,267,135,3242,8572,443,19,721,469,7674,4,2713,605,1445,2486,5,5387,50,11729,0,229,4,5035,24,5,231,9,4,4,2,26,17,0,57,1,148,1718,245,2,377,19,1,27,12,2,9,29,57,14,6,48,10417,2,49,12,1,322,361,346,5,175,21,6,161,9,147,76,156,6,3,37,1
TCGA-05-4389-01A-01R-1206-07,770,22,298,3,2058,4149,1763,527,2049,11,1,32,124,66,40,7549,1113,687,308,388,2,264,425,39,4,58,3969,9471,1069,20429,46,3023,780,782,2104,2766,1177,7,169,56,2549,98,3,18,1139,160,90,455,1740,333,2362,3214,368,319,3,2676,4661,10,13,7,8979,16083,273,50,73,1189,555,5,2,291,1365,227,53,2478,13669,87,27,240,181,1,1,799,7650,830,2633,10701,16,873,1101,282,245,7800,1602,194,1744,30,51,1781,660,468,283,195,83,572,2463,15259,105,30,4,49,56,11676,500,18317,525,613,186,260,584,20,802,127,9921,48,1653,1,203,48,2238,384,98,14,2045,905,3675,5539,74,134,10,1906,133,88,2165,762,869,433,803,6,360,14,1045,8,25259,0,2684,403,2667,218,4685,1,118,152,1353,10,323,76,60,65,9,10,12175,159,282,244,2472,1498,63,28,1641,50,78,759,4830,466,54,1086,213,20,317,123,4,1116,1401,8,1174,55,10,82,313,406,47,815,1107,37,218,1,1070,82,37,1449,1928,8367,832,226,197,3783,1119,3,7,1267,4427,0,0,359,0,90,19357,162,2657,4,1,91,8,2264,3,358,79,6,146,125,21349,347,1975,649,18,2623,349,10122,2,2261,250,143771,524,0,450,77,6839,1,959,0,659,14,0,108,3,1,1,2,15,0,73,46,8,20,214,111,2,1,13,0,48,6,2,0,6,9,5,76,2,7448,1,25,4,0,10,107,61,0,82,5,1,73,1,20,89,19,96,14,7,1
TCGA-64-5815-01A-01R-1628-07,127,53,205,0,979,1889,6034,672,1552,0,2,41,155,119,18,2225,797,1111,473,203,36,405,527,69,5,8,2124,6327,81,4219,31,4381,748,477,1232,713,388,37,355,27,409,41,1,15,1815,256,147,350,732,258,2680,3821,266,61,5,1454,1929,14,20,5,87,7091,57,65,96,233,847,3,11,84,206,36,35,3625,9238,54,94,282,198,0,2,530,1986,193,1273,38463,52,266,247,391,80,2222,281,139,717,69,37,368,3099,311,428,291,38,525,497,3007,141,319,21,86,26,7291,244,631,329,335,152,467,58,5,628,86,2128,1,1237,0,17,246,491,168,110,11,96,446,1940,7822,37,71,16,1300,65,43,486,517,52,608,720,19,446,194,994,7,9946,4,30,424,3372,146,1435,12,24,26,251,7,46,42,70,27,16,12,3873,63,418,218,2088,601,30,34,512,132,52,1114,357,369,112,4191,113,31,608,116,79,16996,525,0,95,150,9,74,349,559,130,687,337,18,98,4,1114,72,27,575,2983,985,619,125,189,10297,147,1,4,1502,797,4,2,233,2,88,1739,613,1850,0,2,33,13,1397,26,63,81,11,166,123,1134,349,3170,135,12,774,124,22677,1,889,232,1324,448,2,891,132,7138,0,560,2,758,6,1,34,9,2,0,0,3,0,99,66,1,4,415,110,3,4,15,0,8,5,0,47,18,20,6,4,7,7003,2,20,2,1,71,117,105,4,49,1,1,84,0,47,14,16,13,24,4,1
TCGA-L9-A50W-01A-12R-A39D-07,175,28,237,8,1346,4208,225,507,5777,4,5,36,164,116,11,7295,761,1329,7342,455,1,868,457,4,24,35,3750,26874,240,14420,43,6168,394,886,2101,1693,2900,3,89,70,830,86,6,5,2201,301,162,1237,2362,548,1091,1745,264,350,0,2512,1770,51,8,23,91,7529,842,42,72,491,292,9,8,221,488,285,59,3965,16568,26,43,296,303,7,2,971,12179,663,744,21105,60,424,449,364,165,4506,568,3246,4529,53,113,3135,1466,532,303,219,1858,741,595,52278,61,2385,37,58,130,11431,1433,13211,567,212,330,267,132,3,5457,1,4341,2,1330,0,0,121,936,95,68,9,145,1023,4991,5928,69,9,16,7970,87,3,3181,2062,477,947,649,24,490,3,688,2,43825,91,701,620,2375,127,6981,1,87,1780,1104,4,274,115,185,10,13,13,15765,187,354,1465,1687,4144,203,167,814,70,209,776,8988,368,38,2111,150,38,57,312,11,7398,554,6,5636,20,11,97,273,493,10,853,509,25,225,2,1002,142,22,1226,1701,10344,1879,108,334,6950,565,0,2,2079,3790,0,1,1354,2,81,3454,15,6813,1,13,2,15,3535,3,78,195,1,199,121,34,714,5115,1001,8,1141,428,9468,0,1423,521,528,987,4638,861,125,11049,0,150,1,310,10,3,66,1,0,1,1,12,0,0,58,3,72,308,154,0,3,14,0,13,7,8,8,3,82,257,6,15,8148,10,67,5,0,59,77,50,2,632,2,1,70,1,110,385,48,1,1,16,1
TCGA-86-8278-01A-11R-2287-07,511,41,455,8,3076,9539,1913,1077,1988,2,0,27,1988,163,69,10005,1374,1375,293,795,70,725,1368,12,18,16,4230,21523,1,15511,34,18828,1383,1092,1290,3315,1717,21,244,109,2338,221,0,11,2824,499,177,389,2746,286,2046,2881,2111,141,48,3166,2993,22,31,3,109,16792,583,33,532,574,2472,20,2,331,522,44,848,6645,17613,68,97,533,233,1,5,2536,11254,662,3676,32923,172,998,1132,426,457,9426,1809,225,2785,81,125,3078,2934,460,2456,552,262,1167,1118,34752,95,210,18,332,118,41057,972,364,1046,364,46,263,373,54,2162,104,16787,6,1589,2,13,138,1535,141,74,49,120,924,9418,6889,48,10,57,1690,207,142,2809,2636,482,496,744,216,662,26,1222,42,43375,0,37,821,3299,642,5619,1,270,55,922,2,270,145,165,123,52,10,11171,92,335,425,5171,528,173,25,967,70,103,1451,7625,635,89,11478,204,14,554,269,34,2021,4275,3,679,212,75,701,363,740,11,841,707,89,336,4,2991,104,121,1059,6351,1426,1130,255,824,17056,1122,69,4,2152,6068,3,4,412,5,239,7258,80,5595,0,4,8,65,3710,30,223,156,5,44,260,7048,420,11457,134,22,1269,277,18061,1,13372,467,7094,789,1,1009,174,18573,1,589,0,1980,6,3,176,852,0,1,0,16,2,5,48,0,27,580,172,0,45,24,1,409,15,28,1,32,19,12,12,39,11186,1,59,4,0,123,162,265,1,187,2,0,115,0,80,37,47,54,7,40,1
TCGA-75-6203-01A-11R-1755-07,118,111,1311,33,7995,3081,16527,6080,4449,22,12,424,663,484,134,2565,4441,2571,33124,2255,112,2054,2602,170,48,49,11698,25177,238,5465,128,13633,6066,2197,3933,525,1620,124,1665,273,492,121,93,109,4850,1298,625,2296,3937,1035,10849,34116,394,689,80,4030,14209,106,2031,34,477,10105,686,306,311,9710,2822,53,54,557,2171,1382,814,7174,57011,252,763,2521,1013,13,62,1192,8544,2235,3713,540620,361,96,219,918,157,1481,201,1290,4524,222,266,394,6353,1825,1367,822,628,1537,2922,25923,731,4855,543,176,860,2512,1890,5101,945,1512,478,3758,40,126,5409,247,15920,139,4081,23,91,1196,164,2328,228,474,31,1244,8566,96,822,522,53,4581,311,1255,1162,2790,1105,2752,3199,384,1518,322,2422,917,12833,40,1974,1642,10413,721,1264,695,1248,435,117,232,33,216,167,128,26,113,15094,1247,1627,731,692,1086,275,1046,1483,318,1366,2502,974,1335,2945,7335,731,928,2450,3025,1431,534321,5671,66,1251,1021,126,939,1903,2220,1034,3381,2931,297,329,109,12754,294,384,2634,7105,439,4027,1265,552,16887,123,20,63,7374,871,300,45,2902,49,191,970,2230,5688,95,31,1157,95,6307,40,38,452,28,421,328,2490,7702,5227,1467,35,2996,411,2525,34,2536,1267,6888,2737,264,53327,3,32771,36,1729,35,2102,64,9,166,188,6,7,14,214,8,50,108,22,326,4895,3372,39,229,105,13,124,22,19,25,321,328,39,117,174,27139,95,313,30,19,332,493,1392,49,338,22,6,553,3,1642,111,141,21,32,37,1
TCGA-78-8655-01A-11R-2403-07,245,24,400,6,2737,2226,3497,814,921,7,1,55,168,136,40,2783,1445,1318,732,379,14,731,583,23,4,6,1001,3252,24,12939,53,3647,803,939,289,1030,454,8,179,44,1972,62,5,23,1185,297,150,603,983,335,2067,2896,1323,327,2,1729,2409,23,132,6,76,4378,91,63,45,683,3562,3,13,109,408,205,32,4319,10357,43,142,438,284,1,11,454,3069,677,2185,14669,27,280,469,409,105,2677,378,105,1377,62,98,633,1218,689,218,268,59,464,825,1657,196,113,138,88,146,15569,434,341,485,339,64,482,81,27,240,97,3251,9,1237,3,7,193,760,1084,59,22,63,468,2252,3549,111,110,26,1608,106,38,1084,711,103,818,524,33,405,62,582,44,11821,0,93,592,1924,71,2905,33,78,46,400,25,139,70,30,30,26,19,5814,200,366,6823,1018,195,67,146,421,131,158,712,652,574,1664,1994,227,74,238,173,34,11813,530,12,163,175,14,96,251,484,113,692,593,63,116,14,2382,76,61,741,1896,2178,1190,107,234,5661,415,4,3,2026,742,19,3,617,6,50,3278,288,2862,2,0,65,7,1963,8,63,143,26,26,138,1047,867,7003,204,17,978,189,3971,2,1394,384,1165,576,3,4461,39,3317,3,593,3,269,13,0,72,16,3,0,3,9,1,25,48,1,15,703,365,2,26,24,2,10,7,7,5,11,17,5,9,35,8746,9,67,8,1,72,211,208,5,63,3,0,133,0,227,17,40,21,4,21,1
TCGA-97-8547-01A-11R-2403-07,125,13,201,7,376,2287,2361,507,1001,1,0,27,316,95,8,3537,403,506,15,270,95,585,820,45,4,18,453,5839,138,9497,28,4166,244,427,78,736,618,51,286,45,515,83,0,6,1029,345,77,176,830,162,921,1335,633,32,5,959,883,13,5,2,101,3925,81,9,120,129,1145,2,11,158,322,110,3,3501,7930,20,58,131,112,0,1,572,2016,247,978,180211,32,354,349,191,26,3896,507,49,802,27,47,617,629,229,585,189,19,480,318,1523,69,1208,10,67,19,6347,127,272,280,158,85,168,133,15,308,47,1686,0,917,1,5,16,212,68,82,8,79,546,1683,2686,8,11,16,695,51,11,879,532,43,393,376,3,237,235,688,0,9869,8,35,268,1575,88,1860,0,104,78,796,4,124,31,116,12,5,1,5828,24,103,378,1341,54,200,1,342,9,36,867,1061,261,13,2940,121,0,244,103,3,211,423,0,291,15,5,271,191,328,70,261,239,9,126,2,315,23,12,446,2908,2509,408,72,236,9985,479,0,1,869,1250,0,0,104,1,93,4496,649,5257,2,9,0,12,1158,0,69,73,22,19,181,662,2,3537,67,1,655,151,4121,0,507,190,1007,175,0,131,122,6551,0,632,0,233,2,0,77,0,0,0,5,6,0,10,29,0,29,76,55,0,1,4,1,26,0,0,0,54,11,7,52,8,3669,0,49,2,0,12,92,60,4,46,2,1,18,0,12,1,12,3,17,5,1
TCGA-55-8097-01A-11R-2241-07,270,195,619,13,2774,9360,3951,7090,6737,101,12,341,631,515,37,7490,2454,1763,5393,1382,104,1629,4152,52,14,150,10607,42521,58,13752,130,13273,3133,1548,2514,2363,3603,15,133,154,978,782,14,27,3615,1103,307,2657,8300,1456,8693,16686,1144,232,6,3556,6256,104,184,16,143,13065,1017,234,328,3766,1146,6,21,667,2142,1511,392,6352,30231,365,586,798,457,2,23,1717,10170,1317,2116,58315,168,287,730,864,244,4148,774,453,8025,118,251,3046,7237,1121,849,528,129,625,1637,18155,409,1579,102,372,1228,18183,8413,1602,732,414,178,1353,188,24,3099,151,7443,26,2359,4,7,1097,1556,1981,66,117,86,764,8069,4489,227,305,49,3229,206,125,3295,3834,298,1297,2437,17,873,135,1268,490,18150,9,1031,1549,4728,781,5454,30,175,440,852,41,220,282,180,121,35,40,19231,547,1335,442,2296,2719,346,508,1370,482,561,3387,12143,789,590,14857,363,284,197,951,224,72569,5569,18,4033,298,80,504,2539,930,256,1869,1247,122,285,21,15357,238,168,1290,4555,4444,2040,214,1714,15609,920,206,10,3499,3624,9,49,769,30,457,4064,160,8775,5,17,421,65,4875,11,67,336,29,711,683,390,9402,12865,4374,35,2034,517,3470,4,3079,888,4545,1673,13,31468,235,47233,0,508,4,2519,67,3,583,126,5,5,1,48,27,17,57,0,106,5185,374,0,162,80,0,44,13,51,6,142,66,20,54,177,11566,8,135,13,4,696,314,974,9,766,145,2,265,1,277,193,149,87,5,71,1
TCGA-73-4668-01A-01R-1206-07,924,102,786,1,2716,4524,2388,1676,1358,10,0,48,616,319,22,13179,1577,2078,107,720,71,752,1024,18,6,13,5770,20992,21,37106,36,13527,1067,843,139,9465,985,15,209,44,2499,94,6,1,3726,448,230,1541,3020,1112,8007,8159,2675,75,1,3824,3621,36,6,2,159,23454,159,166,198,410,2572,1,1,213,727,677,49,22867,58993,191,89,421,353,0,6,1147,5369,430,1542,5123,64,960,1310,733,37,15071,3509,274,933,76,108,4788,3853,613,604,272,355,1374,707,3012,288,1001,17,82,78,20796,379,822,376,421,679,2868,881,9,895,42,4773,1,2593,4,1,352,1579,104,27,1,463,552,8608,18017,42,91,18,2526,198,8,2044,1712,136,1198,786,5,505,274,1148,6,66609,0,303,1078,3856,807,5952,1,28,20,1276,4,446,185,92,64,5,3,13602,122,819,166,3824,1026,98,28,1755,119,329,2419,3238,485,787,4654,121,112,125,614,14,429,2341,0,1048,199,57,87,681,635,376,1892,558,47,155,5,72,124,11,1329,5652,7229,1248,41,331,23933,1673,2,0,2870,5922,0,11,612,3,330,12124,211,9055,3,0,0,33,3005,30,354,132,5,799,157,3384,813,6984,1153,6,778,591,22372,1,3369,387,1587,1111,5,4415,412,21512,0,440,0,1060,2,3,218,2,0,0,3,11,1,14,45,0,142,847,79,7,112,17,0,37,5,12,0,155,12,4,8,6,14463,0,151,5,2,27,230,208,0,72,9,0,117,0,81,8,169,1,17,14,1
TCGA-55-7910-01A-11R-2170-07,289,25,156,6,109,1920,105,247,285,0,0,7,100,38,11,5309,412,376,54,140,3,132,220,2,0,4,2833,4929,5,9038,7,2424,124,279,40773,1109,359,0,102,14,516,26,0,5,1380,133,83,44,746,177,515,543,250,280,0,648,499,14,4,0,50,3361,175,51,66,122,214,3,2,52,155,3,7,1513,17745,14,11,120,136,0,7,119,1774,83,264,8968,28,479,330,265,16,3086,479,55,572,5,38,1053,727,166,83,47,298,231,177,221,112,78,2,28,27,8380,122,136,167,94,213,246,253,1,233,2,573,2,395,0,1,53,331,73,3,3,149,252,1552,2913,10,21,16,657,47,2,589,400,19,262,113,6,163,0,223,4,40195,0,2791,436,2102,26,1942,3,25,23,424,5,403,38,7,19,3,2,1425,17,144,42,2470,186,96,17,1002,18,42,503,6736,237,5,367,38,1,13,49,5,1056,342,0,223,16,5,23,92,301,26,315,187,17,45,5,212,55,10,416,1816,2042,323,1083,20,1703,704,0,1,921,1234,0,0,698,0,16,2580,314,1037,0,4,58,1,1960,2,212,24,3,56,38,26,65,1005,27,12,154,82,6497,1,580,155,167,2536,0,186,239,4100,0,303,17,160,4,2,35,2,1,0,6,5,1,4,23,0,51,121,14,0,1,3,0,4,14,0,0,3,17,2,7,3,3235,6,4,4,0,5,655,4,1,111,1,0,597,0,20,19,31,15,5,13,1
TCGA-44-2668-01A-01R-A278-07,356,5,106,2,587,1338,3474,157,3820,2,1,10,215,74,10,4121,1377,697,38,272,3,523,72,2,1,5,1057,3195,0,2455,14,3501,226,257,159,3702,191,13,139,22,754,22,0,5,513,128,22,149,2512,176,3630,5175,345,51,0,1408,1131,4,0,0,116,5344,174,33,51,216,549,0,3,22,180,7,7,1467,6472,172,20,305,170,0,1,356,1404,127,1258,1204,22,1038,321,225,25,3756,832,73,795,18,16,950,543,89,72,124,7,826,806,390,231,25,2,15,7,8192,65,323,221,480,44,209,209,4,130,119,7236,3,1419,1,1,26,938,74,11,2,42,528,3807,22365,24,12,2,390,70,59,607,1871,18,217,180,10,132,26,739,0,17823,0,8,282,9057,357,2562,0,36,3,891,0,160,54,110,56,0,4,3546,13,167,9,1869,660,8,0,387,42,10,1530,1296,156,17,451,80,12,14,50,0,380,422,0,94,10,5,91,288,214,7,725,642,5,103,8,227,96,50,478,2963,607,301,62,38,8030,276,1,3,926,1277,0,0,212,0,65,1572,269,1036,5,2,2,5,547,4,295,63,13,143,34,1582,11,1831,170,10,784,131,31729,1,1703,90,312,577,1,64,882,3779,0,270,2,338,2,1,90,2,0,0,5,7,1,3,13,0,31,78,7,2,5,20,0,5,4,0,0,3,3,5,17,4,5708,0,18,2,0,6,85,33,0,19,0,0,20,0,9,3,10,0,71,41,1
TCGA-55-8301-01A-11R-2287-07,580,25,215,8,352,3690,2986,914,2804,4,5,92,519,167,138,5716,1195,1034,2604,608,13,533,777,2,6,32,8227,19542,3,13941,65,8880,2024,1323,35,2184,1848,9,315,47,1071,154,1,13,1682,258,168,361,2968,360,3214,6523,592,369,9,3996,5908,39,8,22,160,8055,295,50,204,3343,618,1,4,116,1418,361,387,2393,8358,142,64,262,289,1,1,1578,3566,611,2986,95014,76,639,829,443,85,5217,905,306,2945,71,78,1560,3238,335,553,285,173,666,1992,19853,107,87,65,117,230,9855,436,755,723,522,38,662,368,12,530,44,3169,3,2028,0,1,152,817,77,77,16,477,1024,4547,4075,49,129,18,1737,142,81,1283,1383,27,595,1637,167,460,17,949,9,22676,0,101,961,4489,350,3169,0,124,107,3044,3,327,53,105,136,7,4,7521,130,386,12,3277,601,305,24,1072,239,152,1283,1989,387,149,3695,271,31,40,203,23,2754,1258,0,215,149,32,332,384,542,15,1053,1215,39,151,15,16874,310,138,1112,2770,470,1151,124,144,10052,1097,0,4,1917,3666,25,0,691,7,156,5217,57,4214,0,4,0,78,3825,7,230,95,1,413,202,159,2657,4298,283,27,1853,266,9835,0,2696,472,978,1171,7,921,139,5491,0,808,8,977,7,2,90,1,3,1,2,19,0,6,46,0,39,574,31,0,35,11,1,38,10,1,3,102,3,20,4,4,12254,0,36,6,0,20,114,66,0,219,4,1,61,0,70,232,50,2,25,22,1
TCGA-55-A490-01A-11R-A466-07,112,93,572,0,934,4163,5795,285,2078,0,0,12,129,129,52,9697,228,1084,7,627,2,562,1066,8,12,9,216,16900,677,18821,21,2852,431,751,36,1663,588,17,233,59,1476,25,0,12,3064,208,200,336,1406,547,2094,2586,228,70,3,1542,1581,26,72,0,54,6988,118,31,81,70,151,0,4,164,1650,179,9,3319,18188,31,48,111,166,0,2,248,2289,200,1147,2816,10,547,623,347,16,4075,472,135,853,19,95,1257,1499,589,338,180,14,261,466,52,143,61,0,51,4,13974,324,243,309,137,44,344,110,0,301,20,2468,2,1465,0,0,81,738,94,11,0,237,322,923,10172,11,1,6,1176,44,4,562,1806,260,696,220,0,255,70,1110,2,17571,30,15,545,1907,34,2785,0,20,5,771,0,307,79,49,3,19,0,6183,62,313,0,1971,901,17,14,239,68,208,2235,5101,249,10,1635,90,23,393,28,1,0,232,0,202,38,26,50,412,310,75,527,454,6,165,0,4,56,7,755,4288,4279,722,60,132,7056,822,0,0,1734,2890,0,0,98,1,138,10305,734,2751,4,0,0,0,824,19,175,80,6,4,62,1779,5,3697,9,0,1135,133,15542,1,822,271,652,980,1,139,139,6173,0,757,0,176,8,1,47,0,0,0,22,0,2,6,9,0,75,122,7,0,0,10,0,24,6,1,0,3,5,4,2,4,6830,0,15,4,12,9,124,73,0,49,1,0,23,0,52,3,28,0,33,10,1
TCGA-78-7152-01A-11R-2039-07,136,28,272,1,244,1333,1023,295,542,1,1,2,620,81,3,3125,1049,616,26,293,5,381,275,3,0,3,757,7668,0,5505,24,1927,311,389,22,1196,474,0,37,24,365,16,23,1,532,144,89,350,766,182,1560,1236,182,345,0,1056,2019,4,4,4,37,3446,212,55,40,4060,464,1,3,99,184,224,9,2569,10001,25,22,260,219,0,0,250,2054,464,471,100974,14,137,235,233,19,2958,463,693,850,24,34,1254,755,284,198,145,57,236,482,8933,59,61,3,36,63,9756,115,114,304,138,9,363,102,7,369,23,2303,1,545,0,0,91,945,47,45,4,76,321,1215,3604,65,7,6,541,34,19,687,234,15,317,523,4,323,0,408,16,10945,1,5732,373,1386,71,1954,3,16,5,405,3,135,31,61,17,14,7,4003,48,311,13,1004,65,29,18,389,43,59,1480,720,267,61,1227,56,8,59,130,7,236,748,0,90,82,4,107,165,319,25,573,279,15,36,2,1341,67,15,843,1656,1013,741,24,112,3149,116,0,0,957,1475,1,0,116,0,113,3054,11,1056,9,0,275,7,2497,1,75,89,0,202,53,24,567,2019,101,6,560,137,2400,0,1612,234,199,414,0,150,30,16133,0,158,0,155,10,0,57,6,0,1,0,2,0,6,17,0,3,403,14,1,3,9,0,6,2,9,0,4,2,2,2,3,3988,0,38,5,0,33,64,21,2,167,0,0,36,0,4,15,21,0,1,2,1
TCGA-86-8671-01A-11R-2403-07,195,125,814,8,1595,4388,4685,2732,3140,17,11,130,320,295,51,2720,2878,2829,1728,1342,33,801,1726,39,24,55,7234,14106,61,5992,105,7778,2227,3008,2042,961,2625,27,353,182,876,94,3,44,1880,508,380,1203,3187,1034,2108,7178,357,533,16,4826,11496,130,215,17,196,6440,446,138,180,2027,1143,15,4,333,617,294,159,5305,19398,232,289,1352,575,8,37,1137,5446,1745,3086,466442,192,334,431,780,103,2296,479,993,1772,186,260,691,3742,1190,1015,759,171,683,3359,16784,259,609,149,319,478,5335,686,2267,901,814,257,906,173,60,1190,79,6745,42,2612,3,7,869,176,822,114,188,61,1049,6539,522,253,116,47,3689,219,173,2356,969,338,1373,4482,56,1242,27,2077,151,10126,24,2628,1252,5112,270,2503,68,267,984,536,238,149,219,92,103,25,34,12411,348,1205,3032,1349,2303,127,531,977,244,762,2128,1400,1146,514,9626,420,299,331,971,295,74521,1525,10,1782,153,172,578,1700,1135,255,2359,2279,87,208,16,3027,252,228,2583,6164,1761,2277,243,280,14271,353,8,9,4230,3177,31,12,940,26,201,1347,320,6679,7,6,157,96,5005,13,114,427,26,221,290,381,5403,4721,328,21,4090,345,4130,3,3788,1234,2368,1495,200,6180,18,5754,4,858,1,773,35,4,73,31,2,1,4,28,6,32,44,0,84,2287,620,13,27,34,1,10,9,4,4,37,73,15,169,154,14168,10,85,13,4,337,330,304,12,300,6,0,168,2,477,87,129,59,20,14,1
TCGA-55-7913-01B-11R-2241-07,1359,42,165,6,391,3553,815,132,1027,0,0,3,244,95,16,22127,361,473,40,218,0,214,94,9,3,95,282,8057,11,28597,25,5018,93,412,70,2919,423,4,77,31,2665,115,0,5,3632,69,93,828,1330,426,448,799,642,1100,2,909,961,12,9,0,63,7144,354,10,49,429,5441,0,19,155,1631,46,41,1071,32237,16,4,180,168,3,3,669,3108,252,865,2507,13,1396,2626,200,29,7482,1202,91,3488,4,34,5139,192,276,82,174,69,282,399,4308,118,175,46,14,5,41165,1438,409,247,164,57,61,1230,22,624,175,11027,116,725,0,1,64,3151,63,984,89,800,1247,5964,14349,22,1,6,809,54,3,1384,2026,84,570,65,5,146,0,491,3,55384,0,21,348,11560,25,7237,73,38,126,2014,1,629,37,68,6,8,4,16486,15,158,9,3835,706,62,15,1650,9,41,1934,17956,250,151,279,73,1,463,43,5,456,172,40,551,163,0,14,151,301,151,457,267,25,91,2,62,120,42,712,1241,7650,427,1937,41,2451,2077,0,3,1483,3990,1,0,2203,0,15,11153,106,997,9,3,47,7,433,2,885,52,7,553,98,491,6,2637,629,42,454,225,16502,1,1044,257,98,369,0,280,443,4585,0,538,0,176,2,0,80,3,12,0,4,5,0,32,49,2,57,42,158,0,25,1,0,18,19,0,0,4,14,1,11,42,4434,1,41,3,1,10,3857,15,0,128,4,0,40,0,13,7,55,0,8,18,1
TCGA-73-4659-01A-01R-1206-07,673,687,746,34,1797,6427,4315,5100,3879,7,9,90,1275,545,47,23740,5101,4040,5949,1455,66,1109,1851,70,8,87,24898,24613,565,24070,112,17878,3996,2188,6214,5870,1136,15,403,180,2778,411,44,29,7375,1169,525,1118,3159,1963,3666,10254,922,738,24,4864,5453,244,151,54,458,17789,851,537,379,3441,1868,13,72,282,1345,444,627,10846,69789,324,642,1856,996,1,37,1618,12629,1745,3059,616611,352,1345,1308,1659,689,9601,1434,337,2432,255,291,3447,7865,1507,806,734,303,1563,2739,19817,3456,2201,155,442,471,27179,524,9755,946,1266,401,2862,911,25,8728,54,29480,53,4358,4,31,1468,1464,2025,16,214,116,1348,12470,14307,232,592,88,6167,453,245,3913,1984,954,2734,1800,70,1111,69,1839,180,81375,38,881,2068,10427,661,7379,73,435,286,1908,12,861,332,220,165,76,72,17337,713,1634,3370,8917,4528,210,1169,1018,475,923,5084,27728,2292,778,9209,654,213,164,1729,3874,344011,3564,12,2414,328,74,485,3017,2270,395,3713,1985,182,473,208,17050,175,218,2845,10425,3835,3452,2157,1370,18844,984,5,23,7028,7096,25,33,2108,7,185,20528,572,7799,20,33,966,163,7923,29,526,581,3,583,343,484,6295,8177,1987,56,970,1224,18841,5,10893,1290,9191,3360,10,9472,462,22479,15,2372,15,2496,61,4,174,90,5,4,11,92,36,15,76,3,83,4262,676,26,28,72,5,46,23,25,14,42,286,19,66,92,26188,51,86,30,7,277,699,652,6,308,4,2,490,2,1017,116,386,197,18,29,1
TCGA-75-5147-01A-01R-1628-07,863,33,123,1,569,6517,2872,2700,1793,6,6,244,372,281,134,6353,1468,814,74,825,41,733,796,23,9,59,1947,14370,105,18957,110,4392,8894,744,619,3710,1524,13,388,53,3075,191,5,177,4876,316,79,447,1834,204,2134,3486,642,742,135,3206,2942,76,11,12,177,14905,440,134,303,3503,422,27,14,318,542,222,42,5009,7552,213,205,369,329,1,3,877,6312,622,3736,100,70,2332,1125,580,109,12000,1867,280,1280,159,87,2733,3103,549,818,164,115,470,1780,2330,327,72,4,432,361,19934,1324,749,741,486,1541,361,553,21,1277,319,2222,114,1393,0,45,671,874,206,89,63,163,1500,3731,3131,68,90,81,2263,185,171,1127,2389,473,454,1524,37,414,214,754,51,49569,0,210,1567,4214,243,11918,4,65,196,1402,21,538,68,136,89,23,539,6535,121,444,57,12281,1464,1163,277,1755,152,95,1304,6262,464,247,9685,232,44,197,276,9,63,1414,18,347,788,24,756,365,640,60,1158,651,32,247,13,1922,139,90,681,2112,3375,879,221,389,6362,1444,2,61,930,9879,17,1,741,12,193,6322,919,6407,111,67,6,346,6549,5,539,107,11,97,319,2504,3995,4775,600,9,1218,421,31996,4,3198,261,1604,906,90,577,62,10019,3,1215,0,1167,24,2,151,17,1,3,5,4,4,21,43,2,37,2133,38,9,7,132,1,122,16,4,13,8,22,11,58,20,9678,0,56,4,0,180,771,121,2,152,7,4,97,4,52,13,38,3,59,28,1
TCGA-05-4403-01A-01R-1206-07,229,121,522,28,1444,4919,14052,3656,2997,6,12,109,495,351,77,7977,4327,2817,126669,3227,57,1996,1441,40,21,29,13014,16555,288,15808,159,23762,3778,1324,4997,2926,3785,32,932,137,1721,117,22,46,5971,729,246,1052,2368,594,13542,12126,826,2649,25,11912,5307,99,141,82,217,23630,408,290,1069,6340,865,12,42,568,634,951,309,6761,22884,202,445,1260,755,2,13,2057,17493,1872,3939,747541,256,583,324,819,307,5022,814,10280,2395,170,114,5200,5113,1584,1024,412,166,1070,3540,21717,1507,3460,113,321,941,40804,660,4796,1414,985,135,1816,351,25,11762,226,14507,21,3352,1,29,696,3880,5590,2660,197,422,1264,12265,7797,398,785,41,6534,241,292,3195,2061,299,961,2163,104,1301,4320,6276,130,25856,5,368,1451,4236,362,6718,174,216,81,325,61,97,124,73,91,98,1976,39994,604,1343,1289,3279,1409,104,655,2283,217,405,3847,2512,1497,1349,8362,463,368,718,1292,484,126516,2319,23,662,1437,19,507,1522,1181,143,2427,1655,126,471,2,15430,823,142,1838,3861,2236,3709,376,464,13609,245,62,32,3523,4498,31,14,1572,15,151,3017,1142,11525,11,19,871,151,12554,1898,123,354,4,2153,484,329,4468,7028,948,48,2148,711,14513,6,3968,704,2948,4056,41,14482,167,14778,12,3061,8,2301,57,0,105,69,9,19,13,41,3,54,62,0,38,2191,3365,1,74,58,2,26,34,12,5,31,140,18,156,59,17125,31,636,13,1,523,482,411,8,148,3,8,374,12,1168,125,44,110,38,14,1
TCGA-53-7626-01A-12R-2066-07,427,282,1829,29,8524,8742,5715,7628,6429,70,28,902,1288,713,202,8693,7913,3560,8367,2682,86,2077,2240,175,20,199,14055,45700,240,14914,191,18811,4972,3136,3269,1872,2797,53,386,272,1760,193,39,129,8120,1558,606,4217,5195,1335,12377,24394,280,707,47,8701,19007,279,2499,23,496,16210,934,394,365,9921,3647,23,43,712,2083,995,302,17392,75563,406,779,3324,1146,8,125,2783,9888,1863,3133,229547,300,588,553,1245,426,3574,705,1284,4972,430,320,2295,12772,1850,1447,1070,605,2454,3439,24700,1020,559,816,626,2312,12487,2040,6462,1304,2016,419,5107,155,110,2164,255,19144,210,4853,27,49,2005,569,4830,95,1499,69,2163,12644,4053,1273,1065,147,5214,405,703,4041,4987,3395,3428,8448,253,1934,192,3370,911,17966,37,3199,2368,15463,681,4212,301,1053,404,702,634,240,678,259,214,110,75,20773,1179,2082,2341,2002,1557,387,2719,2812,973,1663,3043,1730,1669,2047,25330,504,1014,519,8856,860,154553,12708,90,1786,991,217,1189,1492,2408,970,5663,3437,334,509,77,20195,438,484,3433,12767,4198,3790,1445,1315,18961,1754,44,73,10173,3944,297,108,5421,62,371,4075,545,5694,24,15,320,186,10281,21,298,788,40,1890,461,2694,14195,11029,1953,63,3858,650,6852,25,4969,1656,4709,3840,52,29299,56,23392,46,876,21,1140,80,8,353,71,5,8,8,56,15,67,184,11,184,7956,4992,94,327,263,11,116,43,13,9,305,278,54,104,315,28088,44,219,29,22,1266,497,1222,48,345,25,2,838,7,2175,233,157,46,41,44,1
TCGA-55-7728-01A-11R-2187-07,191,38,277,27,833,14519,18167,1280,2684,0,0,78,437,1677,18,4995,455,915,52265,888,14,1260,1619,7,13,50,5082,9653,30,11437,175,9596,978,1860,1407,1467,2488,54,1632,99,693,123,3,18,5389,659,178,346,6443,408,3259,2804,3889,737,10,7315,5095,127,107,35,99,6512,423,35,521,2213,311,31,19,354,463,533,387,3137,7825,35,82,184,158,2,7,1704,4165,672,4243,73716,206,441,426,461,626,3114,290,2170,1668,40,169,6085,1328,916,798,182,55,925,1044,12019,132,1485,132,92,235,18454,715,1600,1809,934,155,332,528,20,4455,95,3343,70,1836,5,17,212,2355,1670,161,44,173,1306,10080,2697,75,185,12,1858,221,53,2773,1311,131,565,623,41,497,430,3174,101,7968,4,201,501,2820,264,2971,17,165,157,622,8,114,123,27,81,43,1259,7723,170,448,909,1674,308,181,116,947,149,513,1280,2043,313,132,3660,1748,64,386,289,42,24648,859,10,619,117,19,253,196,385,34,417,940,23,731,4,4639,223,31,538,1599,3016,790,244,264,5767,447,2,3,1122,2441,5,1,1810,0,48,764,373,8826,0,54,274,14,11788,625,85,192,4,1211,466,47,1097,3166,460,43,3624,377,10279,4,2896,556,963,1029,85,5382,196,9677,1,2938,6,720,29,13,132,41,1,32,7,26,1,33,46,0,361,1040,461,4,209,13,1,40,15,4,8,104,71,18,189,56,8678,14,261,11,0,48,134,427,15,399,6,7,984,5,123,84,56,33,76,21,1
TCGA-91-6840-01A-11R-1949-07,398,93,704,16,1498,1578,124,583,1267,1,0,100,258,179,12,3238,1151,1464,870,1234,5,1271,663,4,1,9,13999,6531,29,4297,59,4387,337,798,440,2288,288,29,65,102,940,1572,31,1,1517,777,187,730,1917,473,937,2360,539,84,48,2067,2465,45,18,29,75,7154,411,175,195,2507,590,720,183,106,850,592,39,1700,9572,58,76,531,357,63,2,298,1235,957,531,6397,366,868,318,409,180,2043,441,403,1071,38,111,731,960,1991,242,477,155,330,848,1098,693,69,11,91,107,3827,543,164,343,376,479,2153,195,6,381,78,1076,25,1478,85,384,104,784,194,8,23,46,551,3489,272,42,348,41,2044,108,33,661,2373,227,1157,570,16,478,41,756,21,14844,1,47,611,3036,1275,3442,37,203,58,1427,3,323,181,30,33,10,18,3932,276,613,38,969,770,93,82,584,131,340,2078,2348,618,188,1067,81,329,35,563,46,9880,1695,15,93,476,81,146,629,822,16,1320,643,100,44,4,2213,95,48,4244,3472,24,1788,106,500,9142,341,1,9,3188,3522,20,2,724,60,78,716,48,1579,6,2,13,14,2721,17,292,252,2,257,158,42,661,5029,176,9,389,184,3561,2,898,515,3362,1064,11,34675,11,5946,0,77,0,182,10,0,323,5,2,9,0,9,49,2,61,0,66,446,95,0,240,8,6,6,7,0,7,71,26,4,2,13,10928,32,95,3,0,24,1204,319,5,165,3,0,140,1,200,37,52,3,4,18,1
TCGA-55-8507-01A-11R-2403-07,454,80,820,20,525,4001,3714,933,1281,1,4,47,182,326,33,5773,1390,1212,3729,372,24,863,597,337,14,11,11925,14177,124,8211,53,6481,410,698,5485,2207,543,55,385,81,1292,167,17,14,1010,308,198,560,2827,504,1521,4082,309,595,4,1412,2444,47,133,21,101,7502,440,133,177,1268,317,7,14,174,650,252,195,2725,26221,23,104,471,224,6,10,643,4303,810,1043,243303,104,648,724,328,102,4481,593,412,2967,934,152,2049,2686,646,301,330,90,346,667,9407,321,1243,90,221,226,7296,1171,1313,291,473,269,524,326,10,2609,80,5589,14,1834,7,27,208,1224,1356,47,93,399,691,3524,7195,121,27,29,2180,91,73,1024,1925,225,770,457,46,439,45,744,32,36164,5,516,621,2699,244,3763,85,410,168,1844,8,443,110,67,43,23,36,4775,277,418,1065,808,1398,160,132,551,116,161,2786,4391,486,392,2222,144,189,416,279,520,82030,1175,15,498,83,34,190,438,518,895,905,588,69,193,0,7010,78,48,1099,5264,2978,1442,129,268,5202,634,7,12,2110,1962,17,5,1216,10,71,6467,826,2412,16,10,166,54,1872,2,135,195,21,230,109,491,1182,3450,567,31,755,208,7322,3,1819,542,2187,1754,44,6075,268,5398,4,778,16,507,16,9,57,126,3,4,2,28,1,19,43,1,206,712,760,2,50,7,1,19,14,0,6,26,34,20,192,59,8449,16,30,7,3,150,787,222,4,249,3,1,80,0,133,122,20,123,54,5,1
TCGA-69-7973-01A-11R-2187-07,1147,399,846,8,1429,4019,264,1070,1928,14,2,54,1218,239,262,14208,2095,2558,2177,723,19,477,766,13,0,23,19683,15758,157,31038,47,15619,1022,1031,2670,4865,500,19,292,92,2671,571,8,10,3143,616,326,493,1981,1047,1341,3881,510,807,2,2555,2496,72,29,7,412,9854,287,222,1223,673,2474,11,17,118,763,190,261,6209,61174,225,258,1022,682,1,19,646,8987,558,850,80881,144,1198,1399,938,129,12286,1644,169,3231,81,138,1832,3332,722,433,397,210,854,1234,6960,731,844,56,178,97,23499,631,1895,497,340,283,1277,1129,3,2812,172,5815,20,2253,3,6,294,2327,618,6,41,122,952,7674,13534,60,142,49,2843,204,50,932,1643,155,1791,1224,28,684,11,1132,2091,115926,2,171,1357,7155,231,6780,59,427,103,1810,16,837,191,146,112,23,23,8633,398,890,812,5027,3692,2317,325,707,275,357,3968,28306,1182,340,3901,124,78,129,798,472,58080,3277,1,1156,93,27,510,913,980,71,1835,1225,95,98,22,7756,371,73,1994,8006,8359,1779,7257,386,10141,1749,1,1,5465,3908,19,7,1606,2,86,16764,91,3211,3,17,130,26,4074,6,698,233,4,72,180,559,2281,4259,571,23,626,330,15603,4,2085,753,1679,2054,3,1873,490,11835,3,410,3,1621,12,1,110,10,21,5,1,53,2,0,83,10,62,2439,79,8,10,14,0,15,9,0,5,18,51,12,7,12,15113,14,54,26,24,693,419,190,3,100,7,2,2255,3,554,75,81,20,6,28,1
TCGA-44-5645-01A-01R-A278-07,405,6,173,5,5623,2828,1041,1892,5411,11,21,290,441,221,9,5309,1994,675,320,2479,77,1275,102,36,26,18,7132,26630,12,3248,21,22479,999,705,1509,1888,1422,9,22,44,1511,112,4,12,993,235,23,446,1911,331,2730,2847,158,309,6,1708,3886,98,16,93,190,13085,607,287,414,2408,1089,3,17,293,470,127,270,12795,7046,187,128,629,219,7,49,435,7974,364,1120,8242,1061,295,293,285,81,1581,784,254,9923,155,57,1240,2025,105,551,130,167,1117,2108,31408,369,1023,1380,117,860,7641,926,755,672,423,27,695,97,1,4950,69,7140,30,1050,0,5,1887,262,78,42,11,20,671,11166,254,202,15,57,255,68,77,2229,2943,542,177,1245,3,543,23,725,615,15394,1,211,905,4396,739,2377,1,37,601,197,17,53,104,460,103,4,77,11857,85,551,691,2331,1224,117,501,951,157,145,5506,1092,282,119,3076,166,6,53,59,68,26023,3076,5,3188,51,63,441,179,520,36,1152,1188,54,88,39,21702,276,410,792,2228,264,742,161,715,6800,515,9,18,838,2505,30,6,323,18,133,749,59,2086,22,17,25,40,4622,4,140,148,7,51,172,55,9358,7704,3183,33,2279,371,4452,0,2467,118,831,758,0,226,18,9287,0,76,61,784,7,1,217,26,1,3,3,37,7,2,28,1,57,1992,37,0,214,54,1,46,9,9,12,15,28,16,34,42,6456,1,138,7,2,118,126,257,1,133,10,5,116,6,59,76,102,8,5,189,1
TCGA-62-A46S-01A-11R-A24H-07,222,61,401,13,199,4715,1611,1106,889,0,9,132,614,271,22,11269,2001,1430,1926,506,24,957,761,12,8,16,7294,9631,138,9747,32,7063,1424,939,693,1960,1913,4,199,105,1314,138,1,4,4511,758,207,1537,8919,1075,1890,3468,362,218,3,2238,10852,40,25,1,107,13354,167,204,117,1100,381,0,8,346,944,114,203,5137,31783,80,149,430,532,1,11,563,4240,846,730,84501,88,206,979,515,246,4917,830,206,2617,49,167,2424,1580,716,372,446,132,455,859,975,122,1613,36,112,347,56033,830,576,467,392,26,1902,556,32,4142,33,4297,5,1767,0,0,218,710,210,80,26,80,428,6787,15049,223,20,11,1857,145,34,710,974,98,1452,1282,7,622,17,765,64,21307,2,1019,778,2422,64,4652,6,88,63,1898,10,131,180,78,57,17,4,13305,151,2212,43,2345,319,377,265,1080,193,801,1675,14979,539,297,2292,175,361,12,490,62,9550,1483,2,620,225,13,148,1011,584,67,1131,643,696,79,2,1303,173,91,1315,2915,2534,1428,146,314,5128,1120,3,5,3101,1369,0,25,323,17,108,2221,86,2365,0,13,16182,10,4814,17,81,186,2,1020,173,53,1973,3050,231,7,844,325,5449,1,1332,576,601,3343,52,845,401,14159,0,322,3,440,14,4,116,136,1,2,0,35,3,3,45,0,117,1378,76,8,21,33,0,16,4,4,1,30,26,21,18,16,10062,1,109,6,0,130,259,651,2,168,6,1,182,1,63,42,64,2,7,42,1
TCGA-44-5645-01A-01R-1628-07,211,76,143,12,3070,3139,1079,3277,3355,11,6,181,254,182,2,3347,1093,635,297,1290,61,1014,388,15,22,18,11628,28808,1,5534,34,13305,627,865,1285,1036,2519,0,54,53,1084,127,3,6,995,336,94,361,1370,461,1847,2520,207,214,8,1853,4704,80,6,103,108,8443,387,130,502,1825,644,2,4,308,339,146,191,10567,9850,83,260,424,211,2,17,538,5455,360,1022,8920,475,228,288,432,70,2297,467,204,5053,155,63,1035,3736,240,1506,122,69,563,1509,34860,256,1123,540,291,721,7120,1196,591,464,384,14,482,78,5,6704,39,4548,12,781,1,7,963,308,84,45,19,48,694,6092,368,112,9,47,623,92,52,2048,1654,541,448,2550,7,581,14,697,475,10323,7,201,785,2614,521,2126,1,65,508,141,29,51,85,233,47,11,95,11513,141,442,384,1498,586,113,513,749,282,117,2671,884,441,99,9681,171,5,59,192,94,24910,2146,1,2958,58,72,288,173,464,40,946,884,26,212,10,12278,151,172,644,2526,371,663,101,863,6101,584,19,12,946,2186,26,1,255,5,151,601,65,2891,1,6,34,35,4171,0,60,96,7,41,167,29,6479,5873,1548,18,2318,270,3414,1,2525,328,810,571,3,445,22,7231,1,253,2,644,3,3,107,18,0,0,3,10,6,1,29,0,30,901,87,2,158,41,1,25,5,7,1,15,26,7,17,50,5496,1,117,8,2,101,139,205,2,133,15,0,109,1,51,74,73,18,2,44,1
TCGA-86-A4JF-01A-11R-A24X-07,667,58,362,9,1496,2151,1061,449,1113,3,0,28,100,116,19,5986,1683,2070,529,561,11,333,582,10,1,6,23039,10502,71,9060,33,3212,334,794,855,2978,538,0,228,70,1704,145,10,4,916,311,210,190,1518,618,1028,1766,290,358,4,1809,1477,30,7,4,85,10462,128,67,63,775,308,1,9,291,696,115,104,11932,14103,29,48,561,405,2,3,556,14935,1188,1250,351355,30,854,836,624,65,8815,1262,114,407,17,110,1757,1098,751,201,367,52,675,716,6477,508,901,15,45,52,19397,467,868,528,404,58,453,297,13,1017,11,5413,6,1336,1,7,107,960,713,1,26,252,405,3881,6072,31,22,19,6847,156,18,2327,721,42,835,238,8,474,10,708,1,25633,0,44,550,2962,484,3646,8,165,76,1335,4,1237,71,26,27,10,15,2886,59,609,799,2949,1041,54,48,776,69,81,669,1447,893,28,1074,94,8,91,444,166,62556,5669,1,328,27,16,816,441,844,60,1082,618,30,126,0,13049,92,11,1435,2687,732,1194,34,119,10148,1660,1,4,2460,3895,2,0,479,2,34,4482,264,2007,0,9,137,34,1177,3,198,225,0,657,133,333,281,3573,459,8,675,197,16775,0,1438,626,547,659,65,1583,208,9579,0,516,5,216,28,1,77,19,0,1,1,20,2,1,37,0,43,281,290,0,24,9,0,112,3,1,2,13,35,5,15,14,8796,5,6,5,1,32,266,31,0,135,8,3,93,1,71,29,23,39,5,14,1
TCGA-55-8087-01A-11R-2241-07,432,89,230,0,4630,9979,5343,4024,8747,8,4,19,939,262,13,8010,913,861,10838,1211,157,1991,1937,65,26,50,19281,36539,12,13073,60,19795,2380,696,23444,2267,4181,58,349,69,1347,1357,1,11,2062,645,105,1078,2467,302,1683,3139,1255,134,12,1757,1234,50,33,9,74,22818,432,161,242,432,797,1,10,683,1485,347,62,4974,20919,150,219,373,227,2,11,2850,10828,180,2042,84072,62,700,864,623,71,3603,855,223,10631,174,85,4344,5760,343,1118,110,986,384,594,6479,203,304,21,293,1030,36778,3080,729,804,259,65,295,130,5,2710,123,3848,4,1011,0,4,656,1026,70,74,52,163,512,5807,2332,94,14,30,2186,61,39,1738,3396,196,414,2431,153,587,28,762,214,18435,4,764,1351,2563,260,4719,5,103,617,472,6,191,96,92,59,15,25,13601,193,473,217,2977,4877,198,612,1497,229,178,4235,8514,610,199,10386,222,19,199,147,141,73814,1334,1,3974,95,30,179,1138,733,100,581,470,39,276,3,1036,162,109,808,2548,10856,1061,142,1482,7585,1653,0,6,1462,4360,6,12,341,26,271,2877,864,6869,4,1,127,238,2849,10,81,152,21,88,352,201,4068,10782,1546,18,2957,694,7992,1,2700,293,3791,829,567,1799,152,13242,0,599,1,2796,16,0,196,22,0,0,1,12,11,32,31,1,58,1308,182,0,29,80,0,10,14,10,1,14,179,21,114,102,5836,22,114,7,1,518,131,504,5,219,61,0,139,0,147,211,161,88,5,52,1
TCGA-05-5715-01A-01R-1628-07,243,47,345,1,614,1051,3875,436,1034,4,2,46,127,148,12,2763,817,1046,540,267,8,353,509,28,1,4,951,5232,253,7444,21,2953,572,462,438,959,301,15,411,47,612,129,2,5,1079,187,106,181,545,246,1072,1556,148,167,6,1101,1065,17,10,5,39,7089,68,72,55,387,384,1,13,70,262,390,32,1282,7830,20,54,342,217,0,1,662,2723,414,1172,292588,22,416,1408,249,43,3399,480,108,1420,35,62,1120,1317,467,208,250,66,333,413,2498,67,220,18,62,32,9528,256,948,346,210,20,213,50,4,461,13,5605,3,1037,1,1,65,707,69,2057,36,148,384,6541,3254,32,24,23,1903,40,100,621,733,26,400,339,9,268,68,633,24,18610,0,26,401,1404,199,3831,169,23,28,209,4,164,44,41,8,8,9,2644,180,309,107,1256,142,38,86,329,60,56,661,793,405,87,1472,204,3,210,169,24,7147,370,23,351,48,4,60,167,426,44,581,360,24,73,5,1041,43,22,872,2575,2601,914,79,163,5409,205,1,5,1263,1542,7,0,153,2,60,2667,252,1502,1,5,16,6,1235,5,85,80,3,181,146,116,938,2788,286,5,731,136,6037,14,545,293,1150,402,0,1478,100,6651,0,825,0,254,15,0,26,3,99,0,1,4,1,9,16,0,7,425,44,5,10,12,0,4,0,1,2,10,9,14,14,3,6062,4,61,1,0,44,982,49,0,41,1,2,1112,3,90,8,16,10,8,6,1
TCGA-50-6593-01A-11R-1755-07,223,108,470,5,1333,2218,6295,947,1568,13,1,35,127,144,7,4750,1060,920,727,310,35,661,776,120,16,26,1627,7491,98,8909,74,4141,1522,590,308,1466,730,35,296,50,1081,81,2,15,1534,376,155,395,1664,293,5497,4599,432,91,7,2039,1296,20,21,3,110,6320,155,57,199,356,815,3,2,97,583,326,41,5061,12342,54,94,357,327,1,3,669,2686,415,1687,34328,45,427,513,378,45,6524,853,208,1525,69,78,1711,2552,450,447,252,64,395,590,1864,164,276,14,134,236,9144,470,469,511,497,98,414,159,8,1664,20,4648,6,1321,1,4,328,578,149,200,6,117,587,2884,6380,65,37,16,1126,78,25,899,889,327,660,655,22,433,10,1245,7,15911,5,190,563,3330,98,3202,11,79,50,1303,2,189,73,111,23,7,6,5808,128,324,177,1119,245,112,48,421,103,79,1795,985,450,116,5055,183,26,1059,249,63,20692,1038,5,806,80,7,74,328,434,81,657,542,20,124,3,712,47,51,1262,3832,1426,928,92,294,8000,796,1,24,1642,3613,4,0,385,9,209,4460,1083,4194,16,4,20,31,2246,10,97,100,20,58,196,748,889,4291,206,14,1639,176,5009,2,1110,316,2404,612,17,1166,217,10003,2,897,0,761,11,5,127,18,0,0,3,5,3,28,22,2,32,691,94,0,27,33,0,11,4,4,1,7,25,7,218,13,8371,2,44,6,1,138,168,150,2,98,10,1,67,0,64,16,43,6,30,11,1
TCGA-97-A4LX-01A-11R-A24X-07,303,54,423,10,1271,5158,7164,1416,3539,2,1,83,517,333,32,4065,2023,1702,1510,570,6,841,1108,52,12,31,5978,9756,101,9198,314,7386,1014,1915,1357,1616,1696,65,230,84,990,126,11,27,1805,392,267,659,3847,540,2187,2743,261,229,1,4176,7776,73,116,12,153,8726,354,77,175,1032,897,10,15,253,5205,150,120,5409,15341,103,142,546,378,2,9,1236,3966,931,2796,157891,70,588,648,561,57,8893,1500,672,1718,96,149,1760,2711,575,669,396,139,627,2590,6349,287,542,17,182,150,4276,561,905,799,922,211,691,310,19,1236,17,3234,0,2509,1,10,291,211,418,113,20,91,1368,5216,2048,71,114,30,1747,143,53,1361,1501,161,1003,2950,30,490,37,2036,39,17878,0,168,779,4483,82,3066,22,289,149,1077,11,303,173,123,52,41,14,10157,103,529,433,2973,1012,124,119,972,210,289,1606,852,579,153,3691,410,54,826,256,258,41949,585,11,587,94,39,293,1224,676,278,1174,1608,26,302,11,2544,267,78,1325,5718,1494,1175,91,192,9387,830,3,12,2221,2673,10,3,684,10,113,3552,353,5482,3,8,72,7,3807,7,177,277,33,447,196,284,1771,3533,318,30,4115,268,10152,2,3544,655,1378,1169,71,2882,54,6167,6,1031,2,1251,16,2,144,97,0,0,5,22,3,54,89,2,60,761,243,3,18,34,0,3,20,7,3,14,54,11,55,56,12056,8,56,12,7,108,202,167,0,183,7,0,129,1,89,74,53,37,29,18,1
TCGA-44-2666-01A-01R-0946-07,449,42,315,18,556,4159,1167,3805,3079,7,4,377,552,276,185,8578,2297,921,7575,1003,110,724,966,25,4,25,12807,20783,41,12358,75,19286,1524,784,3350,3850,2600,10,167,95,1384,85,12,35,2720,594,197,1155,3985,317,4751,9286,2859,573,146,2169,2385,87,93,10,185,10076,755,168,306,2274,3025,31,9,287,911,665,286,44646,20252,59,577,762,385,2,15,2828,6191,914,906,757483,166,685,954,432,185,11841,1621,957,1567,126,123,1975,3592,532,582,269,164,765,1069,11802,685,1211,66,180,683,27148,1174,1768,759,275,172,897,265,3,2688,259,20987,16,1376,3,9,737,1469,1210,23,89,87,741,8686,3215,276,79,74,3313,112,174,1770,2860,290,669,1062,29,663,169,713,270,19269,6,291,864,3895,124,6346,76,352,151,945,47,247,189,205,70,27,78,15285,437,902,935,3385,1021,117,327,1719,291,444,3775,2795,790,1432,8576,173,344,90,1052,71,30695,3359,18,1854,155,24,1439,1059,761,5198,1261,696,103,289,2,13944,105,191,933,3833,1533,1580,138,535,10215,1176,2,9,2180,3225,29,33,1537,2,451,4772,222,6071,10,10,636,132,3834,153,251,168,9,247,219,536,3988,9185,1530,38,863,582,5390,2,3095,495,2021,1124,22,6467,56,22303,1,435,6,1367,13,1,309,950,3,3,7,86,13,8,51,5,52,2531,149,0,49,46,1,71,15,4,3,40,61,8,5,138,9853,23,67,8,0,1134,222,521,17,218,3,1,222,2,316,122,60,20,29,29,1
TCGA-44-2666-01A-01R-A278-07,381,14,140,14,646,1936,672,1513,2225,7,4,260,552,286,194,6647,2602,585,2811,1114,60,527,179,35,4,28,3856,9986,25,3456,34,15299,1315,350,2006,3426,789,4,27,56,933,50,18,18,1581,224,35,663,3399,168,3814,5097,821,459,54,1079,992,88,73,3,185,8130,720,178,148,1512,2903,35,12,149,654,438,247,26871,8488,112,215,688,221,6,30,1294,4930,527,507,300543,229,478,417,187,123,3841,1659,483,1506,68,74,1392,1170,141,145,187,182,817,662,5373,363,595,90,36,445,13736,469,1429,554,210,126,908,123,3,1520,219,16926,25,956,2,11,920,794,631,15,35,15,387,8018,969,268,42,46,855,50,163,970,2749,283,168,568,18,366,65,443,198,14178,4,239,456,3650,87,3692,40,154,92,549,9,140,126,172,124,7,30,7728,179,639,939,2513,1076,117,211,1008,125,244,3709,1758,349,792,1687,103,197,70,217,21,16711,2540,3,1054,94,24,1107,540,480,2977,775,468,87,81,18,11577,145,284,703,2220,549,1010,109,245,5749,565,4,8,1149,1885,11,20,1276,14,230,2664,57,2676,18,20,359,63,2070,61,274,139,12,261,212,535,3548,5669,1274,31,430,373,3316,7,1357,122,1109,843,4,2638,22,12168,2,89,6,989,6,1,265,613,1,16,2,55,4,2,46,4,50,2428,79,0,53,30,4,60,30,2,18,26,25,11,7,140,6279,14,45,5,0,720,158,314,10,106,4,1,159,3,145,76,57,4,13,227,1
TCGA-86-8668-01A-11R-2403-07,130,41,430,19,762,2447,819,1116,2753,3,2,415,167,181,12,2439,1323,949,3323,486,8,1046,418,9,1,11,2051,25526,332,10138,26,4112,1165,694,101,647,1005,4,39,62,575,312,5,7,1337,234,137,504,1477,269,1408,2344,502,176,7,2684,2100,29,5,14,64,10445,468,35,191,829,593,4,33,279,420,380,1053,2109,13749,37,184,321,246,3,2,446,2680,437,641,4027,23,256,337,415,76,2248,382,201,3060,66,90,1055,2550,276,440,198,274,546,918,42407,101,3901,36,131,211,1883,96,758,366,329,71,733,56,8,3030,83,4003,8,983,13,3,572,172,93,24,4,79,467,3452,101,76,7,45,1948,83,414,1080,1836,90,586,1505,33,302,5,834,45,6182,3,1271,698,2542,149,1882,3,62,21,354,10,145,102,91,75,21,29,16183,64,359,244,732,845,42,201,418,121,357,2439,628,426,62,4634,113,18,106,242,703,158249,892,2,841,76,21,382,2669,642,20,785,625,57,108,3,7725,93,44,1139,3006,573,1060,90,447,8024,557,2,1,2035,995,2,2,149,9,102,1771,27,4839,0,1,231,14,2600,1,49,173,8,13,85,131,2533,3364,930,9,913,237,2910,1,953,443,798,603,2,817,5,11060,0,90,5,2318,4,0,190,8,0,0,0,212,4,0,37,1,37,630,34,0,20,56,0,14,8,0,1,29,20,14,19,46,9401,3,42,2,0,183,86,62,0,134,3,0,102,0,91,34,46,150,2,17,1
TCGA-69-7978-01A-11R-2187-07,375,44,549,15,2288,4840,9849,1752,4186,0,0,49,219,397,94,4213,1690,2187,134,1011,21,1207,821,8,34,15,1731,17135,7,14121,91,9384,3295,1637,161,3599,1952,57,747,109,1842,73,1,9,2597,486,369,820,3146,536,10222,12766,876,200,0,4959,6919,30,13,1,181,12389,248,137,144,653,840,2,1,211,2032,28,27,10433,18849,114,89,497,734,2,3,1116,3268,278,2659,35140,88,1380,869,983,99,8448,1717,219,1809,48,170,1186,3719,488,683,391,111,1174,2525,6979,614,111,5,172,201,18176,157,807,837,1039,70,893,372,15,380,309,5293,4,3090,2,6,353,444,110,69,8,143,1564,6482,11588,91,18,30,2005,225,84,1367,2095,110,1316,2705,4,618,188,1939,17,39127,0,10,1272,11190,119,4865,3,92,33,1323,6,274,172,117,80,37,3,13763,91,461,82,3503,547,71,25,1344,143,209,1830,1200,641,151,3226,439,87,47,261,9,1548,856,0,85,116,17,129,541,889,118,1813,2186,51,423,3,617,165,134,1480,8766,1023,1808,111,181,21698,954,1,16,3483,2493,3,1,383,9,106,4022,279,3122,2,4,9,8,2847,15,211,216,7,465,148,723,853,5653,47,15,3076,276,51928,1,4083,603,1307,1836,19,488,643,11105,0,1544,0,377,5,0,117,1,2,2,8,16,0,27,107,0,45,460,93,0,3,33,2,2,3,1,1,52,2,8,16,17,18404,1,65,10,1,33,268,166,3,64,5,0,139,0,201,18,36,3,48,22,1
TCGA-49-AAR2-01A-11R-A39D-07,166,32,360,8,107,3373,96,223,316,2,0,42,325,47,2,4609,336,657,4082,507,4,329,479,1,0,13,1730,3690,834,10494,21,2172,97,592,1471,942,642,1,118,51,518,61,3,3,764,135,98,132,3151,379,285,887,615,43,1,1822,1866,7,20,66,277,2538,56,19,40,183,167,1,43,218,150,153,45,581,5211,14,12,120,126,0,1,687,1624,548,471,1450,18,265,546,245,31,4053,321,125,445,8,104,2945,546,414,123,259,39,346,371,5042,91,135,29,43,43,7202,55,372,271,183,810,193,1110,5,2899,3,1120,10,693,0,1,45,1401,72,4,4,521,521,1907,1383,8,19,5,807,68,18,1032,264,5,457,237,103,163,4,289,6,13181,0,5943,281,1437,142,2874,44,34,70,3447,4,586,54,13,11,2,17,1691,50,136,37,1042,747,132,59,428,19,182,251,20739,254,9,621,190,10,40,233,17,3242,329,2,3605,21,1,51,240,250,83,421,312,9,42,0,383,26,11,627,951,2643,600,90,40,3081,802,8,1,1056,3614,0,2,406,1,43,2049,32,3208,7,3,202,7,3533,3,176,135,1,129,117,29,68,1355,62,5,364,147,7935,2,1368,294,393,282,1,1143,27,9537,2,127,3,87,5,2,42,2,0,3,0,11,3,0,28,3,23,266,762,0,13,5,0,19,2,1,0,8,58,75,1,29,4756,5,98,0,1,18,107,36,1,178,1,0,15,0,179,14,8,2,1,5,1
TCGA-44-A4SS-01A-11R-A24X-07,452,31,304,6,321,5388,1683,515,1475,3,0,10,175,84,6,3619,885,867,258,210,2,616,520,0,1,23,992,6448,6,10682,25,4347,417,439,39,2386,781,8,155,28,1592,36,0,8,1148,200,66,153,1780,218,9367,5083,2401,43,1,3137,3138,18,7,5,60,8937,182,30,77,231,949,0,6,160,304,34,21,2295,8806,40,70,214,173,1,1,504,2842,285,1188,217,29,505,450,368,53,3467,629,82,1038,51,72,2141,2311,253,268,189,37,388,827,584,129,33,8,71,32,10452,112,230,228,540,32,246,160,8,445,233,2002,2,793,0,0,186,1682,62,65,0,37,896,5051,2883,14,28,12,801,77,14,920,1054,37,282,1087,6,315,64,710,11,21523,0,10,413,2774,310,2493,0,75,29,952,2,160,60,54,52,6,3,6304,25,183,30,1529,802,48,59,473,87,47,719,1108,326,11,2889,216,0,380,251,2,35,371,0,224,15,16,55,191,425,36,1571,520,15,113,1,342,159,32,801,3049,809,546,27,70,6124,524,0,1,1087,2234,0,0,523,0,42,724,14,3031,1,1,9,1,1697,1,189,100,0,373,82,39,122,2257,75,8,990,115,5694,1,884,209,20441,455,0,558,122,1448,0,593,0,353,6,0,49,2,1,1,2,13,1,59,18,0,81,254,97,0,5,15,0,22,6,3,1,8,8,8,2,7,4770,2,60,2,1,16,81,24,0,76,0,0,41,1,43,12,31,0,9,5,1
TCGA-78-7146-01A-11R-2039-07,753,4,179,9,110,3155,3785,514,686,0,0,464,48,61,27,8683,627,448,102,109,1,530,136,7,14,2,1565,3591,0,13344,10,2098,75,255,78,3867,334,11,66,29,1708,17,1,5,587,85,65,458,1627,214,4027,5332,422,25,0,2013,879,10,8,0,21,11983,61,19,27,98,121,0,10,162,568,84,13,8705,8590,46,32,195,197,0,1,259,2531,137,812,3193,46,1207,1198,233,74,12445,2745,37,356,11,39,1642,688,122,75,159,33,263,459,269,98,195,5,26,63,16838,345,265,241,196,44,232,496,3,199,78,1980,0,765,0,3,56,1064,145,10,1,217,772,1614,36320,45,25,54,616,64,225,460,1558,85,290,736,0,142,196,313,1,14487,0,6,284,8628,399,6250,2,24,11,2025,0,370,38,111,13,8,0,6961,34,139,15,3133,541,62,12,883,73,27,1360,1705,209,8,473,35,39,33,53,2,10,290,0,159,42,4,24,917,192,39,641,283,19,47,1,232,50,30,1451,4468,958,367,37,79,9490,871,0,0,972,4369,3,2,138,5,54,6004,97,1194,3,1,2,4,386,1,1120,57,4,34,47,298,11,4129,60,5,489,72,52123,2,613,140,991,644,2,57,1151,6086,0,306,0,53,3,0,334,2,0,1,5,4,0,18,104,0,14,44,17,2,0,2,0,20,6,0,0,40,7,3,1,6,4179,2,19,5,1,35,80,5,0,37,1,0,42,0,40,8,26,0,29,18,1
TCGA-44-3398-01A-01R-1107-07,434,143,148,25,4284,3536,3685,4322,1891,11,13,76,1016,294,36,3479,7653,1624,8730,1039,54,722,1156,118,126,37,6631,5424,434,8972,79,10181,5500,1365,764,1863,1235,46,381,105,978,64,25,118,7165,584,216,207,1189,545,9105,15319,1500,766,47,2379,3206,176,207,51,410,13938,302,282,186,3001,1921,16,96,192,823,957,486,9872,12147,199,238,1025,957,2,12,1862,9497,949,5764,413398,259,469,476,998,408,4915,742,228,379,261,169,1041,3957,1708,942,302,178,770,1892,14294,1794,1879,183,645,359,9829,631,4720,918,875,534,1024,237,196,1200,242,18984,66,2977,8,42,674,451,1960,203,99,138,632,6235,2180,426,630,40,4073,570,482,1461,1365,405,1047,2028,64,1253,619,827,160,15125,24,842,2191,2566,159,4574,245,191,303,355,53,133,149,87,177,25,53,10801,1263,2099,1006,4979,808,229,1078,1250,228,147,1642,1567,1773,2694,11558,346,410,1230,532,307,128853,1816,4,434,506,31,340,487,1779,3824,2834,685,204,355,13,11452,198,163,899,2672,577,2335,304,614,9716,504,4,50,2786,1809,156,11,3365,16,109,2729,2898,4580,14,25,579,16,6169,20,119,282,60,3828,527,3071,4916,4020,776,65,1886,649,37896,13,6725,629,5902,834,60,18371,42,21007,13,1702,12,983,90,3,97,196,4,8,5,77,4,229,116,5,34,1955,1534,18,46,157,9,204,24,45,18,90,83,15,764,86,21003,81,119,15,3,318,882,544,10,193,5,9,525,5,456,43,49,60,49,29,1
TCGA-64-5774-01A-01R-1628-07,543,42,341,4,217,1669,280,255,633,1,0,0,418,51,30,5270,714,983,11,109,0,138,359,2,0,1,597,5591,3,14496,19,4285,710,506,125,2422,379,4,28,40,1883,176,0,2,589,157,134,170,522,429,339,651,311,73,7,983,1189,8,2,1,58,7385,39,9,328,119,299,4,1,22,183,29,4,2226,22833,22,38,214,224,0,0,392,2277,155,665,7299,18,835,711,365,8,11039,1539,94,1398,12,89,1476,1044,530,137,205,251,348,405,572,94,84,1,27,20,10373,131,92,193,93,148,130,783,2,185,170,2768,0,810,1,0,45,780,145,8,26,101,452,1237,9676,4,3,77,1489,36,22,394,1013,16,549,186,1,202,3,470,374,109905,0,0,453,4884,22,3403,69,37,15,906,0,361,31,33,73,7,0,2388,73,267,1,3320,981,122,6,302,35,36,1377,3799,418,52,400,25,0,19,76,5,36,189,0,267,27,4,328,126,369,20,673,342,6,25,1,362,123,6,930,2535,6341,523,3395,44,4384,947,0,0,1975,2581,6,1,713,0,80,7260,87,1068,7,0,3,60,1210,4,527,65,0,59,42,219,12,1809,12,4,201,108,11172,1,619,301,258,3173,0,105,383,1943,0,131,1,490,2,0,31,0,11,0,4,2,0,6,22,0,11,258,23,0,0,8,0,17,7,1,0,3,0,5,4,3,5210,0,23,0,2,685,113,11,0,42,0,0,858,0,82,1,31,1,2,7,1
TCGA-55-8616-01A-11R-2403-07,293,247,197,11,1021,2544,704,2136,1007,12,0,181,275,196,35,4181,479,651,22,654,22,601,718,30,0,34,625,13481,180,16290,24,4154,1130,420,47,1405,962,18,80,29,1238,108,3,22,2970,101,55,524,5323,218,6232,5049,393,103,1,3051,2231,53,4,0,50,4947,360,49,164,2423,408,2,1,244,729,274,29,2353,15389,180,327,163,251,9,5,451,2762,261,1053,14138,33,360,837,318,14,4102,732,57,659,78,62,2851,3183,209,307,127,26,536,410,218,79,343,85,160,461,20063,2053,401,279,237,37,436,149,3,769,62,2580,22,643,1,4,360,1142,54,21,1133,334,247,2854,11290,25,19,38,5620,62,33,882,1062,241,348,1443,22,233,9,425,40,8298,0,70,384,2475,254,4309,2,72,53,1916,52,307,65,69,17,6,9,4916,100,161,510,739,218,111,316,604,151,324,603,3175,197,85,8915,155,20,46,1200,7,2096,1631,0,327,68,62,336,770,287,76,887,284,13,65,2,1816,48,49,497,1441,3321,444,34,367,6034,894,5,56,915,5913,0,0,208,4,74,7392,50,3116,0,7,3,40,4369,1,74,139,6,271,288,649,2538,3922,643,14,330,348,3335,0,1012,132,2352,621,2,807,176,6079,1,175,0,470,6,0,75,8,2,0,0,6,8,2,17,1,58,2899,560,0,240,72,0,6,3,0,3,7,8,3,35,146,3334,2,23,5,0,198,74,20,0,232,38,1,137,2,254,39,40,1,1,13,1
TCGA-55-7570-01A-11R-2039-07,1012,17,376,5,321,1699,75,382,639,0,0,224,617,69,12,6771,702,611,60,1773,11,968,417,1,0,6,399,3422,37,12259,9,2746,99,282,191,2836,455,4,48,47,2563,629,0,9,1110,255,116,255,512,244,1068,1009,1233,207,0,851,6635,9,7,9,4564,9704,1101,44,1399,122,167,0,6,102,420,102,16,1600,2977,1167,59,153,192,2,2,340,1845,254,550,14345,29,877,533,288,17,21944,2622,118,4413,44,65,3854,1532,217,162,166,306,2030,366,302,165,66,4,62,22,3021,32,205,294,100,49,99,579,52,328,168,4514,2,812,0,155,163,566,116,4,7,266,1058,9050,147,116,15,7,808,43,0,599,379,52,340,115,5,178,6,313,1,32982,33,23975,345,1465,136,4808,24,22,408,2835,7,1037,64,45,39,10,4,2666,76,148,160,2861,872,118,78,463,36,60,532,4798,263,65,1520,74,19,96,140,8,316,326,1,876,173,6,33,126,681,54,357,261,4,37,1,168,43,18,542,1933,8105,437,8,61,4543,697,2,16,827,6501,0,0,1461,0,964,12019,25,1811,1,0,1,4,2776,0,726,51,0,186,77,4694,319,2233,143,5,286,139,12363,3,1030,226,35517,403,0,329,8,9436,3,162,0,531,9,1,54,13,0,3,1,13,2,6,19,2,38,402,79,0,7,7,0,6,3,1,0,61,109,1,2,3,4217,1,20,4,1,184,116,75,0,555,2,0,751,0,43,4,27,2,3,3,1
TCGA-38-7271-01A-11R-2039-07,172,353,294,1,885,1904,840,2554,2348,5,26,275,211,183,27,3019,2177,1384,1555,1338,22,344,631,76,1,23,7326,9628,134,6289,79,6805,1354,1038,1492,1050,1727,18,337,80,721,124,4,12,2589,614,139,528,1243,493,1876,3326,114,361,10,4059,8910,101,17,6,190,6738,221,174,237,873,1483,20,2,171,329,167,103,3129,18624,224,257,878,569,2,17,545,2850,1454,1665,117194,186,131,255,599,61,2355,360,298,1320,121,69,339,4351,688,846,284,97,482,1793,13631,773,782,19,313,689,4473,246,614,431,552,85,1374,33,12,1318,14,4949,7,1678,1,1,784,106,972,40,15,47,984,5572,2058,110,14,66,2654,258,179,1480,798,357,869,3660,5,706,14,864,131,9670,0,437,832,5441,213,1867,5,294,87,138,33,59,141,86,26,16,8,10682,301,859,877,1018,1000,65,226,649,317,186,1142,472,1106,153,11297,172,77,88,2240,398,125105,3194,12,772,126,82,181,682,969,203,2503,1031,79,130,20,3964,166,96,1617,4802,992,1318,110,212,7312,221,4,5,2269,1223,0,0,325,4,91,1782,93,2410,3,4,64,64,5293,4,48,183,10,463,188,160,8449,3229,496,36,1267,197,2314,0,3322,412,2182,1409,6,1346,46,5248,3,104,1,366,22,0,95,37,0,1,0,21,10,7,39,0,12,4166,44,1,15,27,0,4,16,2,1,24,56,12,4,11,10989,7,44,7,0,150,225,108,6,140,2,0,189,1,127,92,65,38,8,20,1
TCGA-55-7914-01A-11R-2170-07,241,78,738,10,260,2639,30,514,4730,1,2,207,158,93,22,5250,5511,591,988,245,16,395,326,7,0,7,4173,8790,109,11609,34,2115,455,510,483,3604,1691,4,143,28,1172,98,6,1,790,219,169,711,1925,639,1179,1872,730,157,3,2288,2894,36,67,2,50,5986,149,39,93,800,1009,7,7,211,851,899,87,1764,14424,59,54,274,216,1,12,404,5731,332,649,102129,55,453,736,315,85,9054,2060,865,1814,36,53,675,1159,263,154,157,80,590,710,19049,154,358,36,142,62,2384,982,472,282,272,2100,499,169,2,2595,163,3917,3,1096,2,4,102,1253,369,20,21,87,1043,4586,1779,51,52,7,4605,53,50,1801,3041,40,417,471,12,309,48,435,14,17949,8,244,483,2987,92,11403,27,176,68,471,20,124,94,19,31,6,10,3930,92,196,2523,1996,1163,72,66,1030,115,175,864,3052,390,107,1779,83,74,265,145,150,30389,1099,7,838,45,28,77,622,360,22,465,494,28,82,0,1617,203,73,534,1673,6154,585,39,92,4613,1797,2,1,1143,1382,3,2,916,2,27,3017,6,2195,9,9,46,11,1604,13,168,66,3,40,130,89,742,2716,363,27,874,283,6736,2,2377,218,571,657,10,5320,36,10807,3,142,2,301,6,5,998,39,3,0,0,18,1,0,15,0,63,478,96,1,7,9,0,6,9,0,5,22,28,58,0,7,5934,6,15,5,1,36,114,56,3,85,4,1,57,1,79,30,61,15,2,23,1
TCGA-55-1595-01A-01R-0946-07,637,64,643,15,8804,8560,883,1994,2137,1,2,35,492,302,68,6167,2937,2376,1308,841,13,1085,2191,13,5,37,2993,14387,321,18019,49,9786,3766,1438,446,3304,1834,35,78,96,1412,99,8,7,2744,591,391,1150,2654,621,1929,3597,611,160,19,2805,3240,70,114,3,159,13069,266,146,216,1015,2421,0,15,180,876,135,107,3809,73181,104,176,786,631,1,7,924,4132,918,1726,128681,66,608,1319,732,191,11520,1449,281,3459,96,259,1662,6054,776,654,523,106,747,2067,3314,398,92,36,245,162,14763,359,693,711,456,82,1272,473,39,2270,251,4693,13,2825,3,3,320,941,870,29,32,263,1100,5131,18209,58,113,37,3359,174,48,1353,2142,123,1554,851,29,652,26,1614,50,16169,3,310,2324,4285,178,5627,22,161,55,2693,7,864,183,127,75,24,11,13613,231,788,524,3847,1015,178,126,1096,180,377,2420,4092,864,231,4825,243,76,113,480,197,20285,1290,4,16124,389,34,352,690,895,177,1511,1431,49,159,3,3741,356,72,1548,7523,6056,1714,166,271,15700,2035,1,3,3281,2941,9,6,1246,15,217,4686,59,5058,5,10,62,24,5044,12,262,210,4,211,362,476,1950,6616,182,25,1215,691,5418,2,2004,914,1481,1071,11,2772,829,13666,0,284,1,1073,27,5,196,13,0,3,5,29,2,15,59,0,130,1073,223,2,14,51,1,41,18,0,1,23,31,10,26,59,12209,1,42,19,5,124,376,294,3,150,5,2,176,0,243,26,105,5,3,41,1
TCGA-49-6742-01A-11R-1858-07,219,58,88,8,357,3605,1356,757,651,0,0,55,208,91,7,4056,601,708,1341,465,23,512,462,63,12,18,7982,3263,432,10568,20,3111,274,492,1727,1173,534,8,261,30,1039,77,1,10,1471,217,103,257,828,272,2235,4605,157,483,461,1433,1302,28,11,23,115,7411,124,85,106,750,430,1,14,124,391,381,171,1598,15692,124,60,201,229,0,3,439,2479,173,570,128443,90,805,484,405,96,3768,233,137,666,32,40,2755,1061,439,424,103,43,294,246,7372,263,893,45,72,149,27970,300,762,272,267,109,425,356,24,2037,198,4041,14,697,1,18,72,1615,89,535,61,426,649,3327,3562,21,168,12,1538,88,78,734,607,59,805,292,24,193,30,420,15,7499,14,877,515,2811,224,3366,38,78,42,360,5,245,45,25,22,63,37,3462,99,365,1048,1102,1051,102,81,405,113,136,1190,1299,472,59,1071,62,17,243,494,442,87364,1360,20,514,44,5,135,437,455,558,591,376,22,41,4,4268,59,16,556,998,822,1057,65,172,4638,479,1,5,1560,2183,9,1,467,3,42,2426,196,1392,8,1,219,9,1466,4,255,86,5,2945,135,123,573,1336,533,20,203,237,8879,0,1095,308,1247,493,9,2863,114,8128,1,229,3,423,10,2,82,43,2,1,2,61,5,11,32,1,35,804,393,2,30,11,2,6,5,4,6,32,117,16,227,3,5237,7,50,3,1,69,174,69,0,117,10,1,112,1,248,49,20,34,19,13,1
TCGA-38-4630-01A-01R-1206-07,2616,185,883,193,1884,6668,1056,7956,1134,7,169,4,3350,73,54,18078,764,1081,20,796,0,1700,2363,49,2,79,3779,7800,42,11364,209,8260,756,799,4645,5051,2467,1690,65,181,3449,487,1,267,2130,248,2509,804,2506,585,1021,2499,856,93,163,1729,15406,24,29,122,482,13419,1239,16,394,289,773,52,146,78,1076,118,121,344,8488,5530,44,336,207,0,0,881,12754,314,6033,40,382,3268,2238,428,249,20576,3599,10385,3294,18,257,3072,1048,608,3232,1106,36,2240,831,91,103,8,9,207,89,9475,55,215,1385,308,179,141,3316,8,641,350,1787,48,1703,35,166,25,5107,103,49,1128,1267,942,3074,734,22,78,125,1476,114,3,1517,4583,255,782,612,44,924,47233,901,4,45142,110,6,768,3402,1297,8516,1,1618,146,2888,6,951,67,78,614,914,13,5603,41,124,1028,2357,1502,1953,49,944,637,840,4200,6529,766,263,21354,122,25,116,4701,12,1,423,4,1247,11597,16,29,2212,460,2,574,379,126,150,13,290,85,19,817,3637,738,740,334,135,9979,865,5,11,1609,9222,1190,0,3331,24,231,16526,43,2969,2,8,1,1327,2487,45,1542,174,7,208,76,1782,10,9885,392,10,581,1077,8297,3,758,280,347,1883,0,958,14,5207,1,700,5,6973,7,0,203,0,0,16,2,35,0,59,49,17,102,52,158,2,8,6,8,6,9,0,1,17,58,17,23,28,5332,1,41,2,4,39,142,43,0,374,14,0,3410,2,62,11,14,68,19,9,1
TCGA-44-2661-01A-01R-1107-07,315,177,120,9,2282,4780,4656,2353,2576,5,9,121,814,188,15,3080,1913,742,20838,601,68,828,871,50,14,47,6537,9629,233,10436,126,13106,4014,857,1600,1526,1932,20,769,48,824,256,14,17,4395,314,111,178,1793,226,3042,5088,350,462,9,3652,4178,76,112,43,214,12141,438,159,303,3496,635,3,237,245,376,1202,151,7620,9259,171,161,382,357,3,7,1473,10263,813,4677,127296,156,252,365,531,67,2863,461,267,1162,181,94,967,3621,624,820,138,190,566,2706,36034,351,6519,35,350,442,4198,575,1388,725,1019,164,512,110,18,674,69,13508,52,1974,1,8,667,308,306,99,33,70,824,5406,1093,151,515,30,4218,239,170,1406,1304,123,496,2459,15,448,52,870,134,13093,43,465,889,2526,218,3237,58,67,260,281,19,51,150,123,119,22,19,8885,265,553,518,1933,713,208,669,1045,184,180,1829,556,593,556,10411,579,36,494,240,419,510982,1699,3,442,172,80,763,218,695,618,1382,842,59,475,6,6058,133,102,545,2289,1850,868,222,319,6416,508,4,53,1050,2597,42,0,889,42,106,2278,1766,7625,4,15,898,68,6604,2,54,116,35,318,273,269,5794,3541,1786,50,2139,455,4198,4,4896,259,2782,909,17,8043,15,9651,6,1782,6,703,43,4,111,88,8,5,7,41,5,39,33,2,42,2287,145,9,23,108,1,19,19,19,7,43,48,30,193,59,13871,40,81,7,3,109,325,223,1,162,6,3,207,5,206,93,61,178,15,30,1
TCGA-55-1592-01A-01R-0946-07,779,73,906,22,3168,7798,12117,3411,3351,32,19,1250,686,587,46,10714,3006,1363,10549,2076,31,1499,1229,122,29,40,11454,36836,628,17152,123,9771,4363,1254,4748,2851,2544,79,338,116,2845,1049,32,35,5224,549,302,1236,4323,572,5258,8271,492,799,66,3584,4321,111,1462,252,423,20122,657,143,1506,4628,1099,7,22,400,1639,1497,556,12465,28855,165,368,1188,501,4,34,1068,11847,927,10027,264448,362,1114,1763,739,189,17098,2614,1124,3304,165,212,3486,4793,843,586,435,323,962,2006,16839,620,1491,90,495,477,25054,1035,4591,816,837,493,1849,796,30,5190,263,8768,58,2527,3,23,492,1566,1559,315,51,1209,1732,11410,7905,773,780,210,2802,164,226,2067,4256,700,1044,1908,820,875,68,1552,123,92047,34,550,1187,7285,2304,8221,178,192,583,1250,49,636,185,151,99,40,51,15172,457,921,942,2257,3335,184,371,2597,271,784,4518,3713,805,1445,7092,585,313,645,1294,957,183449,3105,34,1345,320,45,715,1197,1028,1251,1696,1702,130,186,7,12558,207,527,1317,5148,818,1877,382,353,9520,1921,27,21,3357,12825,60,6,2820,21,219,8270,547,3781,18,35,365,33,13326,10,331,248,19,446,216,907,7169,9115,2009,60,2041,1098,15477,15,3699,808,8398,1151,104,9548,209,25025,26,1837,0,2990,31,4,192,331,22,7,3,70,6,225,47,9,102,2834,1733,42,359,66,5,134,41,6,12,38,176,28,252,156,14474,28,243,9,7,183,273,529,10,205,8,1,272,8,654,116,109,410,40,37,1
TCGA-50-5932-01A-11R-1755-07,322,58,376,2,2400,3652,2569,1453,839,17,7,62,150,169,28,5480,1445,864,801,344,3,2051,551,41,33,26,1499,11526,643,12654,42,15139,1175,569,244,3854,829,29,185,52,1174,53,5,14,2584,315,137,982,2657,251,4039,2457,826,234,4,1140,1737,37,48,1,85,14155,79,138,91,2062,1120,1,11,81,229,329,50,5278,23234,84,210,429,242,1,6,371,6673,485,646,29346,32,336,766,343,142,6465,626,66,1797,52,74,446,3302,359,325,232,180,480,535,3799,107,385,13,71,324,19041,552,734,263,184,225,710,118,29,4087,153,6766,8,1224,0,3,323,1600,223,67,27,159,377,5817,6861,160,12,23,1318,60,59,708,4580,192,896,1150,13,461,38,472,47,25993,0,3395,675,2456,334,4711,10,37,23,662,33,161,55,50,12,4,2,10216,225,1081,158,2014,578,38,228,1112,145,194,1166,4597,427,344,3608,90,210,397,331,111,25655,7724,5,874,101,17,39,418,399,82,770,409,60,83,4,2066,112,108,1454,2448,6455,943,169,361,5917,1534,3,2,2494,2163,2,4,436,5,82,3769,358,1706,6,0,1392,22,2976,6,150,91,39,125,121,237,3462,4335,256,2,515,227,8879,0,1375,371,1969,498,58,3004,97,15888,3,463,0,285,14,0,38,8,0,0,4,9,8,16,24,0,23,1415,174,3,49,88,0,295,4,5,1,31,14,5,81,28,7766,1,107,5,0,135,145,192,2,26,4,2,140,0,64,13,58,5,7,26,1
TCGA-55-1594-01A-01R-0946-07,768,41,360,26,438,3822,1497,840,1071,4,1,466,727,290,112,9553,962,944,745,198,9,671,330,39,8,11,2143,6790,255,14766,18,2043,612,433,1158,2820,733,8,284,30,1626,39,5,6,850,185,87,148,1367,392,605,1481,272,126,2,1561,1929,68,408,5,243,11772,152,31,1359,467,216,13,8,184,601,132,53,3460,12288,189,59,238,225,0,2,444,8420,304,1277,43891,41,1113,561,309,246,14848,2244,161,5060,358,81,1537,1545,889,573,121,171,329,1018,1306,235,208,13,62,39,23292,427,1157,237,319,110,318,358,13,531,99,2238,29,1199,1,3,357,736,339,9,19,80,1306,3284,1876,55,83,12,1195,82,21,667,1947,469,383,864,7,272,7,416,193,51415,2,130,552,5133,394,5983,12,58,100,1082,15,384,51,80,169,4,36,5379,119,232,177,2338,719,44,47,986,2785,67,3385,8939,327,168,1593,141,77,140,175,68,20412,410,0,527,27,10,129,234,363,99,702,645,52,75,4,1205,314,30,685,2920,3623,2574,227,103,2989,1101,6,12,2702,2940,418,4,746,2,23,4482,232,1243,4,1,105,17,1526,5,724,60,4,70,73,779,337,1568,171,52,753,136,38329,4,1301,262,371,2849,2,1077,49,2942,3,469,1,1339,2,0,51,8,9,4,3,19,0,59,19,2,35,346,84,0,2,12,1,24,53,8,0,8,13,5,5,47,6192,1,26,1,87,57,2765,73,4,43,6,0,161,2,81,14,22,22,12,17,1
TCGA-44-7661-01A-11R-2066-07,610,114,594,21,3206,3875,11703,4862,5469,43,5,97,572,510,78,6253,3857,5972,6120,2127,96,1511,1531,262,70,42,12255,16211,56,14680,99,18114,2448,2433,1412,4467,909,18,582,218,1674,88,30,34,3068,1100,775,811,3431,1312,14635,46193,2107,405,31,3736,7195,118,80,21,282,14461,387,324,210,4033,2195,14,22,360,1344,285,213,17928,27456,203,455,1855,2204,2,32,1567,7691,464,3002,280737,176,1358,655,2212,150,17496,2006,389,2231,98,278,1129,5034,1115,664,755,295,2057,2973,6630,2565,646,154,101,481,21303,690,5848,1523,1105,577,1155,632,28,3259,378,10619,45,3958,3,27,811,1068,1083,227,43,137,1379,9967,39380,170,161,52,4142,539,231,1262,2811,638,2881,5212,71,1136,330,3180,107,34048,476,918,2271,13108,267,3648,110,290,91,2949,32,429,661,372,139,114,27,16910,489,1672,1101,4689,1567,175,385,965,413,835,4831,1542,2005,556,4600,301,114,484,1446,327,69780,4008,5,408,468,52,450,1598,2554,999,3811,2664,207,441,15,10206,269,195,2935,8930,2227,3205,473,378,51728,320,1,13,7891,3070,62,9,2425,20,236,3350,1376,5241,20,19,360,71,3011,22,734,538,80,522,259,1536,4399,7415,913,50,3388,480,30332,8,4583,1599,2306,2783,203,9610,1559,13055,5,1338,11,1008,29,0,143,34,4,2,11,27,9,62,212,6,131,1497,774,12,60,51,2,20,31,4,10,33,34,41,59,93,22825,17,147,27,3,329,719,573,13,134,6,4,751,2,1246,73,75,14,76,31,1
TCGA-44-6147-01A-11R-1755-07,285,416,584,15,2213,3295,757,4057,2042,49,8,510,552,666,141,4475,2984,1857,1150,1919,87,1011,1202,59,2,82,4539,16255,26,10899,73,5621,1849,743,424,1575,1794,18,75,149,863,140,6,10,4011,312,274,465,3116,578,3768,7255,217,407,7,3295,3098,167,26,8,137,9654,470,278,417,1671,1963,9,6,136,1254,146,165,5614,26706,464,322,1078,1132,2,12,650,4249,992,2411,59982,80,407,611,912,105,2862,622,687,1131,138,126,1195,4307,820,813,323,118,972,1433,2734,374,330,16,120,589,7457,1672,663,985,462,57,1443,148,11,3385,31,3003,31,1574,1,37,1074,940,173,31,88,170,758,10102,1990,114,14,84,2759,212,176,1356,1174,1198,1096,3385,62,853,10,1474,47,17979,3,250,1673,5497,473,3009,7,304,218,586,23,155,189,124,66,15,53,11447,326,1059,238,1458,676,313,301,694,199,318,2012,2860,1059,370,7518,224,16,134,3404,120,19470,3122,4,266,214,61,279,2435,1175,190,2751,1328,33,90,12,4767,224,45,1912,5742,1900,1366,157,898,9999,801,1,217,3227,3409,3,2,282,8,147,3502,64,4622,8,12,33,77,7293,10,87,213,2,628,438,701,4551,4570,885,8,839,325,5705,0,3767,648,2656,1085,4,1162,60,10194,5,214,2,2794,18,0,329,61,0,0,1,15,16,2,51,17,40,1395,43,2,28,56,0,5,8,16,3,23,19,8,105,20,13000,12,34,7,0,202,435,116,1,174,15,0,266,0,115,83,104,10,14,28,1
TCGA-05-4384-01A-01R-1755-07,189,81,490,4,1253,5687,3811,2387,2092,16,6,302,531,265,141,2832,3011,1761,4088,942,30,1104,901,88,23,30,5606,16515,365,9209,50,9524,1970,1183,2624,1156,1226,20,251,86,716,86,21,28,3163,559,301,1253,1431,458,4539,11000,259,285,9,1351,2849,81,841,15,170,8757,233,268,119,1446,592,3,18,375,689,344,280,4186,28289,60,378,736,462,41,33,687,6016,682,1101,151726,158,143,420,554,205,2627,351,347,1361,113,188,1718,3594,851,484,351,366,1201,1238,8452,292,1506,66,132,437,4277,432,2935,601,469,234,1841,107,18,3935,43,5802,28,2123,1,15,511,480,493,137,55,392,799,4471,4136,267,194,41,2295,161,232,922,1339,670,1456,1019,33,776,46,1051,289,9420,15,675,1058,3094,100,2372,89,134,308,270,34,85,219,183,48,24,21,9268,306,1565,973,901,1522,118,815,707,283,835,2095,510,779,1203,5683,282,245,440,492,769,78469,1920,23,778,301,47,199,752,836,411,1272,1060,79,175,16,4940,118,133,1000,3193,1850,1715,386,311,7114,744,18,13,3863,1400,27,23,1483,21,104,892,465,3102,5,16,1264,69,2587,23,46,289,19,468,133,514,2891,4270,262,42,748,376,2838,6,3625,1014,13789,1007,194,5503,83,11799,12,749,3,641,19,5,71,6,3,4,3,57,11,23,76,4,91,2514,473,21,71,52,3,49,12,22,4,794,135,16,43,204,9958,6,88,11,4,765,255,567,16,86,11,2,375,1,663,72,77,14,13,32,1
TCGA-44-6147-01A-11R-A278-07,434,31,423,9,2010,2040,707,2142,2669,36,14,344,525,541,307,4969,4482,1423,553,2271,85,990,246,83,1,51,2220,12706,49,4844,43,7263,1689,395,324,2211,712,14,32,100,916,103,17,13,2723,121,65,430,3305,273,3646,5980,127,346,6,1940,1630,141,20,0,203,10331,852,347,231,1496,1808,7,43,76,1246,85,142,4426,14164,708,182,1063,693,8,26,373,4922,514,1545,52158,117,502,425,526,85,1636,733,365,1513,114,88,1020,1898,263,224,238,121,1505,1311,1865,325,227,46,52,430,4820,1090,700,611,320,44,1739,153,3,973,41,3387,38,1431,4,29,1564,622,121,27,89,63,571,14418,1354,137,15,80,872,101,151,1036,1937,666,363,1666,33,628,6,1260,59,19356,0,217,1455,6580,492,2265,4,215,151,462,5,145,204,225,178,16,56,8948,146,1025,406,1498,855,292,274,710,78,161,2764,2542,497,272,2004,141,14,105,875,34,10062,2901,3,201,207,48,305,1887,943,144,2154,1295,37,59,48,6505,266,185,1693,4757,1070,1084,338,437,6576,735,1,126,1896,2710,3,13,272,30,92,2722,28,2399,25,6,26,27,4312,5,161,173,4,286,334,1373,4770,4104,1461,26,693,272,6266,0,2102,217,1582,951,4,605,75,8916,3,97,24,2512,10,4,342,35,0,2,0,30,8,5,24,8,44,1666,18,5,42,71,0,20,14,10,5,50,15,13,71,23,9986,3,30,1,0,165,302,88,1,128,8,0,175,1,47,62,94,1,16,371,1
TCGA-80-5607-01A-31R-1949-07,169,34,342,5,903,1992,1455,702,932,2,1,86,156,108,51,3652,709,647,1665,309,5,277,252,18,5,15,3604,7654,36,4827,37,8268,934,303,367,1794,529,14,101,40,717,68,9,7,4903,245,88,469,1134,228,1702,2794,789,193,28,1380,2477,66,283,14,72,5271,395,51,43,1485,599,6,14,80,936,70,88,6890,10957,49,76,337,165,2,3,955,2683,346,651,185363,209,363,124,222,76,2513,369,212,613,56,33,797,953,259,368,146,66,333,397,3919,148,427,27,45,116,7639,259,455,171,378,45,495,195,6,1758,18,7762,11,835,0,8,151,457,1017,251,24,39,341,2224,6799,100,118,25,754,91,84,773,694,137,429,714,25,275,61,377,30,6365,10,362,317,3084,191,2798,19,67,22,608,36,135,80,65,40,62,20,6132,151,229,663,1726,888,69,197,480,77,201,1268,1609,260,178,1880,66,71,68,1506,477,39347,2155,4,362,132,18,676,229,370,45,871,368,37,81,2,3371,117,34,484,1840,438,598,126,98,5077,249,5,12,1107,1213,9,2,534,5,65,1701,81,3379,2,15,184,9,2040,28,129,80,0,179,92,102,1530,2702,184,9,553,107,5540,3,1305,172,496,489,0,3215,122,11807,5,112,3,492,6,1,49,6,1,3,1,23,1,0,23,1,18,877,143,0,15,21,1,4,4,0,3,20,14,8,5,10,3798,2,41,4,1,58,149,134,2,203,1,4,78,2,176,21,26,7,14,2,1
TCGA-50-5072-01A-21R-1858-07,888,115,324,4,557,2714,3106,1636,1296,3,2,167,269,134,24,7233,1839,962,2201,913,17,815,773,68,2,21,10639,6914,129,16575,102,3755,709,459,1999,3483,508,10,347,32,1352,70,4,18,2130,343,153,590,3152,444,4866,10196,300,349,1238,1562,2485,45,204,16,392,9979,164,113,118,1127,658,137,6,118,773,163,376,4159,39086,102,113,650,447,1,3,629,2105,828,1202,107850,192,1201,570,512,92,9850,1079,251,951,40,41,3767,2973,573,424,222,76,702,475,6748,373,1086,29,84,190,31294,220,1065,324,568,287,888,918,29,2533,320,5679,22,1507,1,16,291,1686,1317,93,31,226,1209,5735,19543,540,315,46,1673,180,168,992,1428,444,764,1244,64,449,112,904,30,24186,2,456,617,3923,249,5505,17,670,87,749,54,476,93,102,69,580,25,5460,232,559,345,2743,1799,257,115,717,109,245,1773,2381,577,454,2950,113,75,455,1134,290,70236,1143,4,596,102,15,164,1349,555,871,1755,470,29,75,1,4120,72,31,1130,4083,1622,894,198,167,8894,551,3,16,2802,5059,9,5,481,2,68,3349,254,3182,7,6,307,46,6113,6,407,129,12,279,164,339,739,2847,481,19,610,239,52912,0,1643,322,7105,722,27,3445,489,8479,5,421,1,429,17,3,155,1,2,0,0,48,3,18,30,0,51,985,3220,3,35,22,1,15,8,2,10,40,42,5,64,17,8808,6,42,5,1,84,211,186,5,103,5,2,161,0,87,32,48,19,30,7,1
TCGA-05-4396-01A-21R-1858-07,115,7,218,1,244,2912,41,395,565,1,2,12,1015,98,11,7680,905,771,54,294,23,420,198,2,1,2,1153,13167,7,8458,16,5711,497,344,173,1739,554,0,39,37,522,52,0,4,1137,419,108,455,762,183,630,1176,284,999,2,823,1391,25,15,79,225,7488,87,85,55,427,372,0,2,199,233,24,79,1744,15366,58,79,238,206,0,22,550,4518,260,204,7616,15,150,314,234,259,3636,385,234,1965,13,36,1208,593,319,242,144,56,374,465,585,97,109,1,22,127,40278,482,102,248,106,159,698,161,17,398,85,1107,2,879,0,10,117,442,60,60,8,199,384,3022,6735,65,2,6,1008,48,19,709,782,30,578,304,1,210,0,370,9,31921,0,693,420,1212,23,4086,2,14,28,314,0,43,33,61,19,13,16,6313,77,676,21,2227,633,53,76,701,63,159,651,5010,315,155,1311,43,73,18,113,24,571,475,4,117,70,1,24,305,348,17,583,359,47,34,2,200,88,52,462,1647,655,729,342,226,2743,359,0,1,1706,1117,1,2,141,1,63,2474,8,890,8,44,6045,0,2402,28,53,52,5,17,75,124,406,2343,460,1,271,202,4048,0,1046,276,300,377,0,124,125,2831,0,70,0,242,1,0,75,9,0,0,0,8,2,1,15,0,14,480,37,0,6,1,0,8,3,0,17,6,393,18,1,15,5548,2,87,4,0,93,79,255,6,33,0,3,128,8,22,6,19,0,2,17,1
TCGA-67-3770-01A-01R-0946-07,96,10,87,9,312,2088,1564,856,1073,9,1,214,88,103,31,1412,821,309,1125,379,18,425,228,11,4,7,1578,5003,1600,5745,24,2287,1135,175,373,619,576,12,253,14,391,44,6,8,1806,163,18,236,1164,97,2843,2141,70,155,7,859,771,37,54,6,37,5856,340,95,54,3050,102,1,293,243,399,952,70,3381,8056,75,58,166,123,1,3,293,7532,425,1153,138982,31,159,164,146,72,2488,512,23,637,36,38,1242,721,297,163,54,26,199,454,11242,215,3871,414,111,90,3628,204,739,142,489,37,415,49,16,1074,75,9116,1,498,1,3,246,155,422,25,82,104,363,1364,298,42,105,14,1585,109,326,776,864,19,155,708,5,182,14,176,59,6998,0,1167,325,718,95,2057,7,44,208,168,4,92,32,60,27,5,5,6853,203,304,13,1291,147,61,100,323,42,93,834,1436,233,462,2674,207,64,299,246,1294,187354,690,1,722,100,13,370,630,360,108,697,141,38,53,4,7980,55,20,211,444,576,362,27,199,1563,189,2,9,650,1995,11,3,117,3,47,5959,347,2582,0,12,160,13,2476,3,30,41,1,246,179,88,1332,1138,2087,2,282,152,2387,0,511,69,2922,201,3,1579,8,7197,3,401,0,439,15,0,36,18,0,0,1,67,6,18,16,1,21,1439,56,5,44,71,0,18,1,11,2,82,28,2,20,19,4083,5,29,2,0,167,175,100,0,103,1,0,59,2,107,29,11,79,7,7,1
TCGA-73-4676-01A-01R-1755-07,488,47,357,4,1314,1647,4389,1096,1601,6,6,330,148,148,122,5648,1622,1050,1880,423,8,236,391,83,5,14,2249,5178,155,17755,40,8041,1342,365,721,1832,436,29,265,30,1765,58,14,19,4399,489,111,576,1499,324,9990,15840,1377,132,14,1315,1594,28,220,10,130,9459,177,117,76,695,517,246,11,163,2870,246,85,27435,15280,81,119,647,309,2,5,1826,3683,649,1252,80865,84,1022,1140,350,118,8603,1506,98,410,49,50,1092,1903,506,177,170,96,697,563,4653,856,362,37,73,199,14581,396,1134,295,452,131,1403,192,17,449,28,5302,15,1301,6,13,384,342,1004,110,19,309,762,3819,11821,145,185,15,1618,140,276,771,978,166,649,725,27,379,28,585,56,16175,2,109,513,4502,210,2501,23,69,38,1303,30,300,105,80,21,34,10,6716,326,690,267,2386,523,91,323,222,68,144,1349,1437,553,1239,2113,120,229,296,1797,137,45088,2543,8,572,518,13,149,418,565,348,1879,341,84,84,2,4811,61,42,764,2076,615,757,141,230,7154,401,1,9,2499,4298,16,9,755,0,90,9081,650,1761,4,4,111,16,1425,14,343,121,16,1879,116,434,1271,2521,365,17,613,134,8181,3,827,178,2076,921,23,3196,249,9494,8,612,0,208,10,1,115,17,1,0,0,17,1,54,40,0,39,1144,330,11,15,60,1,92,5,3,3,134,31,15,65,28,8578,7,42,3,0,115,270,358,3,66,1,0,167,2,197,29,19,16,22,7,1
TCGA-50-5939-01A-11R-1628-07,193,61,144,0,499,2603,5299,1030,1502,0,3,44,125,169,13,3293,1255,1198,1465,402,15,789,427,70,14,9,3046,10006,76,4812,31,2912,772,626,855,1746,1011,19,189,45,751,30,1,9,1527,179,185,399,1096,339,4983,8887,192,193,7,3059,3649,21,42,3,94,9174,171,85,107,660,589,4,3,82,183,71,71,2519,14642,59,127,390,338,0,6,426,2075,247,907,46428,57,555,187,498,51,5899,673,342,830,39,48,1770,2354,295,278,232,74,467,743,2924,591,323,42,111,187,7606,165,982,343,554,119,562,114,0,712,76,4721,12,1123,3,65,222,375,42,30,17,73,502,2466,33709,58,308,27,1164,84,75,948,1216,128,856,1306,23,251,46,792,34,22167,5,251,714,6184,377,1662,16,86,24,294,6,129,103,70,54,18,9,5925,95,371,302,2295,794,53,167,1031,105,106,2300,608,433,54,2298,101,20,306,618,159,33035,1219,1,161,100,29,125,441,561,632,1247,595,17,99,2,1766,136,39,1041,5298,267,810,129,179,10371,505,2,5,1872,2199,5,3,615,7,52,1711,266,1971,1,5,95,14,1422,10,185,117,25,139,84,419,1028,1968,198,9,689,197,23589,2,2713,407,8118,629,2,2643,337,4672,5,369,4,306,3,1,44,10,0,1,5,16,4,31,26,0,17,579,390,2,29,29,3,11,6,0,3,19,80,6,11,9,8478,6,106,13,0,46,125,103,0,75,4,0,135,1,211,18,23,12,26,4,1
TCGA-91-6836-01A-21R-1858-07,415,38,225,0,5914,1065,1048,686,584,2,0,5,79,38,50,10611,467,505,29,548,5,133,211,0,0,19,1514,5612,1,11654,3,13429,71,306,111,3081,449,4,60,32,2077,19,0,4,592,151,361,156,602,142,1249,969,690,978,3,821,776,3,1,1,54,9981,190,43,29,159,159,2,1,43,721,7,4,1924,14234,11,29,423,227,1,7,409,1764,126,551,22252,11,2287,1330,275,25,11080,3553,68,563,3,30,3337,381,167,92,107,40,253,327,199,127,31,4,25,11,21560,185,120,199,145,88,90,384,6,78,117,4905,0,788,0,0,36,1606,97,23,1,679,261,1388,8701,16,3,86,742,41,59,737,1311,28,430,156,9,140,211,409,1,12685,0,3,322,4668,78,3417,0,36,24,2213,0,606,82,10,13,5,1,4211,39,169,66,4296,1741,15,4,1527,44,57,3222,3807,301,19,302,31,8,10,28,21,82,2064,0,238,122,0,52,115,283,14,416,250,15,56,1,149,95,16,532,1475,4647,451,225,15,2536,1021,0,3,1172,3875,7,1,491,1,41,5536,143,510,1,4,1,2,347,63,846,62,2,236,14,223,3,2158,25,4,478,109,6277,3,1089,201,178,307,0,78,218,2889,0,211,0,366,1,0,32,7,0,0,5,10,0,3,18,0,37,33,5,2,2,4,1,12,2,0,3,3,5,2,28,3,4816,0,10,4,0,16,396,64,2,49,1,1,50,0,32,5,11,4,14,9,1
TCGA-05-4434-01A-01R-1206-07,953,118,368,10,1188,9314,8209,3780,4400,8,4,308,641,419,42,7326,2749,2664,385,1433,97,1231,1772,26,21,44,7831,30944,22,19668,115,13674,2976,1910,778,4210,2810,54,907,157,1831,233,2,16,2638,716,482,662,4687,640,10785,26276,929,855,15,7171,8457,103,18,66,162,20905,482,129,306,3108,797,6,12,602,567,530,93,38354,28498,181,314,974,641,0,43,3044,6495,1053,4961,14032,217,1745,1158,1160,76,16831,2317,1009,2392,177,187,2735,6091,946,921,613,102,1219,4503,6173,710,984,6,387,739,29411,574,1720,1415,1438,74,738,720,30,3011,43,10779,8,3072,4,48,1101,1657,225,65,25,565,1360,14698,42194,234,57,81,3266,286,106,2298,3139,396,1319,5023,176,1016,502,1657,162,37400,3,730,1849,12506,934,7904,0,183,108,1489,25,608,183,266,103,246,181,17618,158,1153,25,6076,739,163,385,4328,351,292,5165,2777,1090,200,9921,582,315,243,592,83,19333,1860,13,1052,870,72,413,2663,2807,91,2307,2453,18,398,13,2157,443,107,2442,11214,7874,1783,297,1281,26879,1284,3,178,2790,9436,2,9,560,2,234,7137,203,8748,2,5,9,53,5733,13,505,405,10,88,335,789,5057,7571,1279,38,3122,558,36043,1,4355,860,10998,1482,10,762,1038,9826,12,2335,0,1934,29,4,162,388,3,2,3,14,18,36,73,8,80,2528,802,1,86,67,0,9,20,3,3,39,201,13,56,155,17663,5,100,16,1,114,452,544,3,205,11,1,189,0,241,57,101,16,40,34,1
TCGA-55-8621-01A-11R-2403-07,203,101,1319,82,5777,5977,27745,9203,4616,42,13,463,822,688,144,2482,5491,3235,18725,1957,164,1971,3620,192,60,189,16254,33455,901,6820,207,12524,5230,2801,2213,772,2393,164,719,211,770,221,122,119,5506,1109,590,5315,4326,1042,8516,30267,324,847,40,4951,18231,178,1773,29,440,10685,669,381,446,8426,2222,43,46,887,2204,1416,343,9038,48669,337,1066,2249,1005,6,75,1974,8495,2337,5720,542841,280,261,381,1023,175,3191,471,3289,4366,323,467,877,9421,2049,1148,1235,337,1156,3347,16278,914,1973,284,510,1232,5243,1968,6355,1264,1586,1008,2607,97,151,6042,209,10568,118,5914,13,182,1312,264,4477,452,138,54,1325,8279,3986,614,1152,103,4532,331,593,1864,3252,2387,3413,3008,592,1147,271,3499,530,11465,91,1968,2000,11473,880,2021,609,817,719,620,329,99,421,306,216,54,141,15738,1140,1561,1715,1270,2371,790,1544,1660,584,2164,3427,954,1047,3234,13053,614,1131,2589,2614,2452,604205,4887,79,3149,907,143,749,2103,1863,3039,2983,2890,268,417,16,12609,296,433,2171,7223,571,3146,1291,893,22943,461,40,164,10156,1313,250,107,3814,49,344,1723,3634,8017,145,44,1429,226,8539,22,69,715,137,2150,430,2000,11797,7051,1761,83,4180,553,4095,40,4618,1943,9756,2672,1443,47998,137,25144,41,2519,62,2444,59,5,191,817,16,16,17,107,11,99,128,24,209,7340,1660,132,168,185,21,86,33,25,17,162,162,38,176,608,26446,73,315,40,17,632,708,1791,34,297,16,3,524,7,2488,115,154,83,207,43,1
TCGA-05-4402-01A-01R-1206-07,701,48,349,133,4473,7755,4104,1396,5545,8,1,493,878,237,42,10157,1738,1300,20052,1166,45,2318,1065,19,2,17,8787,39596,21,30487,89,10805,4872,923,1174,3323,2079,12,197,71,3586,140,34,40,3843,368,152,879,3170,287,6582,5751,677,904,9,5243,3450,41,8,145,378,23792,428,45,554,3419,777,59,4357,325,2360,1191,294,8468,14191,90,194,438,346,23,0,1464,9812,550,3713,7958,89,1495,925,624,107,10434,1553,323,3081,132,78,3699,4845,540,863,247,586,1118,1936,31944,342,1487,330,211,419,26129,813,12615,1204,556,344,542,322,10,1176,228,6163,27,2025,12,1,417,1085,128,26,54,589,2626,6040,14742,105,103,63,10332,150,123,3306,3159,496,568,2891,95,503,307,1406,38,69919,1,2729,1140,5327,785,8218,1,65,255,1953,5,516,90,214,129,66,35,24904,147,413,163,3593,6384,144,195,1559,160,92,4822,3635,622,376,10961,322,26,160,327,82,7938,2137,3,612,437,22,620,360,660,51,902,1015,68,396,29,11860,154,72,1656,5027,3859,1200,768,624,17593,1188,2,24,2027,9002,5,3,629,34,216,6128,497,9392,4,42,166,30,7674,6,526,135,6,174,348,1791,3191,7219,2498,186,1914,1041,25854,0,3127,399,1641,1493,1453,2154,324,24652,5,1243,7,1602,5,2,309,17,1,3,11,21,3,16,32,4,97,1323,3029,1,67,42,1,158,54,3,22,130,20,23,5,10,13105,29,75,9,0,150,2081,92,0,210,5,5,138,7,123,191,53,130,35,21,1
TCGA-44-3917-01A-01R-A278-07,780,8,86,0,733,595,10,92,504,4,0,289,103,55,113,4390,1767,230,40,212,7,241,75,674,0,26,623,3355,45,5979,0,3674,312,193,24,1590,97,3,35,15,548,6,5,2,625,42,9,25,1007,466,267,419,166,122,0,908,538,16,20,3,1427,5149,88,70,44,125,308,0,4,40,349,82,135,1642,6712,131,9,261,76,5,0,175,6346,179,487,9139,23,1359,294,112,13,4477,1572,63,425,24,29,1262,283,90,15,40,334,318,1130,4789,154,38,4,22,15,2762,90,319,185,256,19,210,304,5,78,68,2698,7,517,5,5,90,414,144,24,3,15,169,2020,2320,18,15,1,279,36,744,331,1398,371,52,200,2,121,4,205,0,21655,0,62,151,1146,38,2238,0,35,23,979,7,218,17,54,1537,0,12,2185,54,341,88,2665,1160,2786,26,166,25,2,592,2145,217,39,224,63,0,21,18,12,1060,314,0,96,10,4,193,61,214,17,390,413,18,24,25,1153,72,79,197,2033,520,282,702,39,1404,823,0,0,437,1566,0,0,872,0,22,4577,14,557,3,1,12,1,1951,6,221,51,12,12,61,209,64,1025,185,11,247,177,3754,0,599,42,250,553,1,96,101,2415,0,63,3,234,7,0,74,1,0,1,0,48,0,0,10,0,6,576,1,0,0,11,1,55,7,0,0,3,0,5,13,5,3971,0,7,3,2,83,81,16,1,18,0,0,721,0,0,6,17,1,0,140,1
TCGA-73-4677-01A-01R-1206-07,348,118,654,36,1052,6848,5048,2715,2547,15,1,197,764,306,43,9571,3720,1853,3540,979,18,2668,921,28,5,15,12502,20511,205,14407,81,18427,2476,1253,9035,4654,2777,20,172,124,1254,100,33,14,5161,677,211,1883,2609,766,15988,25289,244,4446,9,2541,5388,57,309,6,245,29416,2297,548,226,1685,864,3,10,459,329,503,538,3816,60871,164,545,1171,667,3,10,2698,15463,1577,1544,273408,346,179,728,702,242,6543,584,183,2551,111,102,2452,4804,1161,659,450,362,1642,1969,153854,1002,26554,37,180,322,31497,323,3024,565,1604,94,4355,138,40,17118,34,11433,12,2916,3,4,782,984,1437,120,82,239,1973,7673,5306,368,128,30,2969,261,133,1589,2529,315,1970,1529,16,1008,12,1000,206,61326,5,1535,1174,4272,332,4067,9,66,72,302,95,103,212,254,51,27,25,23809,668,3356,193,2824,838,49,763,1342,361,471,2721,2202,1483,1377,3766,202,477,164,3185,229,43581,5382,20,1597,427,29,466,1903,1090,276,3720,1083,171,173,10,11253,174,107,1439,3483,4441,2905,159,444,9684,603,3,12,5065,1609,6,9,499,3,160,5903,307,4143,4,18,43331,27,5564,14,46,236,2,532,239,249,5079,6646,723,42,771,412,11090,1,9297,617,41509,1283,37,9354,58,20214,2,571,6,543,23,7,278,411,2,0,2,75,5,21,81,0,40,5559,152,8,17,102,2,137,11,12,20,156,183,5,23,18,14604,6,98,24,3,133,405,497,9,992,2,3,430,6,433,116,77,91,38,32,1
TCGA-67-3773-01A-01R-0946-07,95,12,71,0,346,5792,624,802,2358,1,13,366,83,71,46,956,894,411,922,178,11,153,264,12,4,14,1561,3750,12102,4349,28,3296,1545,359,944,678,1176,8,56,37,391,29,8,11,2690,179,52,285,831,129,3766,4037,173,83,1,1224,1186,55,88,6,42,3695,529,85,55,506,221,1,12,287,561,346,992,9626,5499,44,65,159,162,0,4,309,7630,376,1140,890027,35,94,183,214,62,1635,184,66,1502,49,54,636,1440,429,243,73,38,227,697,24531,54,7706,22,103,78,981,705,588,203,264,324,612,39,22,436,32,14060,4,765,0,5,138,219,339,15,112,29,543,2447,725,95,101,2,7995,104,36,728,1169,28,333,727,13,301,10,268,26,4483,4,150,467,705,36,4142,23,166,120,117,16,28,60,37,24,8,12,3981,187,680,72,767,1338,46,288,612,117,124,668,130,270,376,3228,140,75,171,221,50,26822,1500,2,2251,71,12,421,351,319,136,668,254,58,110,3,9505,541,67,283,685,1073,598,50,329,3324,287,5,5,728,1073,7,1,304,6,57,447,136,3929,1,4,74,3,4096,6,29,57,9,67,140,110,1463,2162,2792,9,501,443,2431,2,662,166,578,254,67,3788,22,5735,3,242,0,226,22,2,127,7,0,1,1,233,5,22,42,0,10,1233,121,5,4,49,2,2,9,4,1,23,24,1,95,30,5210,9,29,4,1,115,151,98,2,231,4,0,101,1,33,161,31,10,13,22,1
TCGA-91-6848-01A-11R-1949-07,302,77,152,8,309,1494,1425,2963,1955,7,0,42,672,242,1,2870,3728,9445,17,346,24,571,279,1473,12,34,2153,4428,5,5982,39,3376,494,602,234,2114,337,26,198,62,1346,108,0,7,674,275,623,80,1062,735,1225,3708,177,64,12,1551,1487,9,8,2,165,6894,751,36,147,133,3145,42,1,39,325,5,10,2872,8629,84,46,1916,947,0,0,287,1053,227,1100,400,131,1333,260,543,42,7205,1110,208,433,33,42,882,1503,631,179,443,22,1263,1038,283,490,11,5,41,9,5486,27,470,466,489,189,287,147,7,241,22,2356,5,2609,1,11,189,9,25,7,4,37,538,4472,1231,15,116,76,1250,88,30,642,3655,53,1779,1423,4,1568,612,909,13,21712,168,1405,1611,10515,50,1627,0,85,6,689,2,381,658,55,56,518,0,6280,60,293,29,2348,942,42,6,371,523,122,2948,1336,567,36,943,57,6,14,108,0,74,280,0,2,77,25,35,393,429,84,857,791,15,133,2,178,97,5,801,7777,870,514,766,71,8728,317,2,16,2130,1613,38,1,441,12,42,1827,111,4082,2,2,4,103,853,4,571,103,1,156,63,2825,276,1863,391,35,796,160,4780,0,1285,491,290,746,0,117,15,1334,5,375,0,504,8,0,36,1,0,1,5,10,1,2194,39,0,16,122,8,0,2,16,0,1,42,0,0,7,5,17,7,15,9218,0,12,10,0,8,522,84,0,173,0,0,42,0,25,12,23,0,12,9,1
TCGA-50-6592-01A-11R-1755-07,621,28,304,9,413,2734,3079,456,1629,4,0,13,145,119,34,6766,1113,948,46,1883,7,924,268,648,1,41,2798,11259,3,10197,26,2600,710,649,85,6390,592,3,290,54,1031,59,1,1,1198,363,125,487,1892,329,3528,2805,720,282,2,3319,3183,32,24,44,271,11833,169,20,111,421,402,12,4,96,596,493,27,1838,15680,112,48,300,332,0,0,748,1990,287,1291,667,68,1111,443,481,163,11793,2101,185,542,29,70,4354,1998,249,202,184,47,515,1378,4743,392,14,1,106,21,30905,82,327,369,607,117,197,430,14,1338,533,5281,0,1830,0,0,68,5267,316,28,1,148,751,6809,2898,25,25,12,1126,121,48,1837,1470,2076,579,1387,1,344,137,714,7,18424,2,226,507,5540,713,4454,4,12,48,685,2,278,47,64,656,6,5,7113,74,203,49,4141,1284,42,13,1063,139,372,1292,991,410,93,1056,116,31,54,114,2,44,228,1,402,316,8,50,708,473,61,1148,992,34,117,0,173,136,28,1112,4158,1330,888,186,33,9703,619,1,0,2123,3912,0,0,316,0,45,1470,121,1731,1,0,7,3,1161,1,389,86,0,94,97,2479,47,4711,609,7,1226,185,58595,4,1628,243,88822,682,0,411,65,3176,0,826,2,331,8,0,164,2,0,0,3,4,1,53,57,0,41,121,4098,0,4,19,0,0,2,0,1,4,8,3,209,11,8354,1,30,2,0,56,485,74,1,65,23,0,119,0,38,4,73,1,17,5,1
TCGA-86-7954-01A-11R-2187-07,1097,59,558,10,8121,6585,1739,920,3860,13,1,57,332,250,121,12527,1991,1834,632,623,10,867,810,16,9,17,11872,14269,34,19668,108,7466,4853,1535,1089,7206,1029,10,319,110,2208,139,2,32,1255,367,289,446,3937,587,2182,2697,794,183,8,4608,6741,80,29,0,134,13555,374,101,134,1343,800,4,6,85,1071,60,95,4566,23085,110,73,841,529,0,10,673,7148,871,4438,46268,42,1471,1896,651,54,8303,1335,189,3030,42,170,2430,1670,737,506,477,81,744,3280,4016,227,185,32,61,156,30049,591,968,1543,1066,61,769,642,36,1717,153,8803,15,2074,1,6,289,643,304,37,271,158,1463,8144,8092,84,57,89,2063,264,44,3417,2937,370,1370,1950,12,505,14,1832,26,129050,3,111,1152,5787,925,6292,13,99,335,1323,11,595,137,110,180,55,21,10669,149,698,352,3806,524,115,139,1343,142,263,1291,4743,864,90,2196,349,37,322,227,119,19577,780,19,288,59,10,212,435,745,99,1604,2406,51,308,3,1805,384,67,1865,5887,3031,1397,202,140,7194,1958,16,18,3916,8243,5,1,833,5,69,5535,144,2750,6,8,30,17,3088,5,383,214,2,326,140,254,1099,4659,508,32,2511,508,7045,3,2405,967,2210,1420,0,1846,432,5214,3,686,0,494,11,1,117,43,8,9,3,13,3,12,62,2,72,573,183,0,10,22,0,106,22,4,2,12,29,10,26,55,13361,4,26,12,1,350,884,110,2,152,18,0,126,1,101,33,43,23,28,26,1
TCGA-55-6981-01A-11R-1949-07,179,30,283,6,2134,946,663,340,622,2,0,38,107,60,8,2514,873,1115,339,232,9,304,520,8,6,3,621,4255,6,9147,25,2926,450,392,131,1244,367,8,40,46,859,37,1,6,740,187,115,356,595,264,1237,1521,2591,130,3,919,1028,11,12,1,34,3752,116,44,38,369,259,5,2,65,765,81,20,3035,9611,18,47,351,169,0,3,242,1744,428,1319,3726,17,271,445,246,80,2647,635,74,753,23,64,1089,1018,388,156,222,45,200,323,620,124,87,66,63,86,11226,277,484,245,96,51,304,125,3,317,44,3657,9,745,1,0,93,84,112,9,18,57,279,1762,3256,31,94,3,1264,82,18,346,650,178,510,272,13,257,51,536,14,48617,0,42,377,2288,69,1677,6,26,22,583,1,203,52,34,20,7,8,5457,73,447,108,1380,1001,20,47,290,65,106,856,1234,425,542,1093,53,22,109,225,25,4616,454,3,74,54,13,195,196,374,50,550,265,31,65,6,926,25,29,690,2340,1417,743,41,125,4129,383,1,5,1519,1689,1,1,283,2,55,3370,137,923,0,3,50,1,804,7,167,83,2,128,38,563,496,1629,133,4,428,97,7653,1,915,326,757,316,1,877,82,2554,1,168,1,420,6,0,26,3,0,0,1,4,3,8,14,0,45,498,177,0,6,8,1,6,0,1,0,14,9,6,8,9,4665,2,23,6,0,40,169,114,2,57,0,0,77,0,132,10,21,1,3,10,1
TCGA-86-8054-01A-11R-2241-07,1492,103,272,7,467,3623,652,1075,804,1,0,632,291,105,70,15073,1112,903,1261,652,22,690,264,382,2,15,4829,6650,81,18526,27,11838,1429,474,5066,5351,407,3,232,61,2306,172,8,7,3175,293,107,215,608,398,1063,2698,560,755,608,1231,1732,29,22,6,552,9860,175,86,1162,970,786,3,3,72,787,138,175,5609,35775,47,122,488,358,1,15,347,5547,265,1088,84034,71,1220,1347,485,135,20639,3602,98,2390,135,96,1848,1545,266,319,141,3971,625,518,5381,714,689,42,74,80,18825,535,869,310,170,72,868,941,5,1043,919,6298,56,1260,0,4,638,863,147,29,20,84,318,3016,9369,189,112,16,1612,96,53,759,3133,469,642,540,18,391,15,617,84,42367,3,87,670,6348,78,6158,48,166,38,2809,1,913,76,34,254,11,7,8552,1097,340,386,7623,1088,19422,101,528,96,82,3290,6040,604,618,2215,99,103,30,392,104,17068,1384,0,1110,297,17,141,422,693,99,980,502,54,76,3,6105,609,351,1102,2493,9356,1114,3760,167,4448,580,0,3,3075,2973,294,170,2766,8,82,5570,67,1843,1,9,83,14,2238,3,1206,124,3,26,78,903,908,3507,294,13,306,436,8570,4,1035,318,753,1440,9,2487,301,2660,2,219,10,493,5,0,58,56,6,1,3,25,0,19,44,0,84,460,76,1,27,30,0,38,12,3,4,21,16,29,4,13,8661,5,30,3,8,107,1204,146,2,58,4,1,3012,0,259,60,26,28,2,12,1
TCGA-J2-A4AD-01A-11R-A24H-07,563,66,338,9,1660,4518,603,1538,711,6,1,476,442,318,13,6142,1130,733,910,404,26,1656,746,15,0,276,1348,12832,54,19692,15,10713,1975,453,433,2093,1206,16,39,74,1068,209,6,42,2116,308,143,399,2337,287,4933,3522,1205,98,4,1854,34667,54,92,5,82,16230,127,59,345,639,621,437,38,222,918,1088,549,5066,8671,68,181,294,267,2,9,803,5258,329,1609,8398,60,1208,766,445,50,8189,1382,157,415,85,90,3435,3764,367,346,260,48,750,384,1732,266,221,41,166,311,21401,707,400,326,255,136,551,329,9,3662,309,1451,36,825,14,8,335,765,225,23,24,845,982,8408,3791,52,1472,39,964,129,90,877,687,633,548,950,75,471,55,529,48,20278,1,330,485,6284,494,5383,30,169,83,1601,1,530,105,50,88,27,13,10753,128,329,132,1268,2153,194,328,915,141,236,2577,2177,377,246,4680,115,84,113,1162,60,18789,1419,9,205,180,30,228,379,499,101,551,426,36,51,3,2012,51,71,899,3015,1906,849,110,310,7865,1008,1,25,1527,7891,21,2,1111,2,296,4477,67,3207,5,31,42,42,7559,5,268,264,3,643,275,498,2132,5261,730,10,253,481,16794,5,682,311,1521,524,21,2021,119,16775,4,240,3,1008,13,1,168,57,4,1,0,18,11,5,17,0,119,1086,3695,4,70,62,1,178,2,0,4,67,39,43,42,50,4668,10,40,7,4,184,183,186,4,92,7,6,89,7,143,197,83,7,1,43,1
TCGA-62-A46P-01A-11R-A24H-07,95,33,247,3,64,1502,487,217,295,0,0,18,144,60,3,3740,971,983,183,168,0,197,599,0,0,14,5044,3956,4,8128,16,2786,219,797,417,845,709,4,45,106,444,139,0,1,1530,382,162,400,985,538,517,1057,132,132,21,636,1592,39,4,2,45,2670,59,34,52,238,163,6,2,183,165,238,135,1408,9190,10,48,222,310,2,1,492,2115,1187,288,25675,21,141,497,327,114,2759,326,59,750,44,143,3283,461,900,348,268,98,146,411,4604,103,250,1,50,44,20581,886,400,789,104,209,498,190,25,836,7,1881,0,989,0,0,60,609,350,17,9,164,184,1293,2471,202,4,6,1730,106,12,898,401,12,742,172,0,464,0,394,4,46666,0,1139,376,1894,114,3965,3,13,51,444,10,136,89,8,4,1,9,3003,211,1118,20,1292,166,45,117,412,59,619,584,6299,558,149,677,59,238,76,276,9,10294,630,5,113,58,4,82,359,476,19,597,342,60,28,1,647,84,32,1165,1251,494,1459,14,128,2710,710,0,3,1752,869,0,0,148,0,99,4082,81,1894,1,0,632,4,1269,1,26,219,2,270,106,5,503,1305,98,5,152,140,4781,0,1478,613,141,379,0,564,91,3887,0,153,0,106,9,4,35,30,2,0,0,3,0,2,52,0,15,900,35,1,4,4,0,0,0,1,0,7,42,9,4,19,4822,0,49,2,0,22,264,109,0,117,8,0,70,0,34,37,39,547,5,6,1
TCGA-86-7955-01A-11R-2187-07,685,16,370,34,673,2271,128,221,265,0,0,24,219,392,5,10348,498,651,128,93,2,814,197,3,0,5,1630,2725,28,25720,15,10751,193,368,390,2843,996,3,29,28,2401,181,2,3,585,103,96,251,1082,312,3266,1493,984,610,5,530,748,8,7,2,19,8141,73,29,75,162,161,1,8,89,522,240,146,1268,63438,18,37,172,139,0,0,480,11089,266,272,3933,10,988,1624,171,39,38293,3009,69,861,15,44,3813,792,242,92,143,29,449,249,1433,157,125,7,16,20,24893,268,222,136,55,121,184,690,3,333,285,3618,1,621,2,2,39,2659,172,9,3,1284,789,6259,11465,1330,61,3,888,33,6,474,3523,294,316,193,21,116,2,532,4,81597,781,40,243,927,154,5704,1,45,9,2129,0,1194,51,161,13,4,5,5399,62,126,66,4745,2311,60,51,1025,50,28,1021,7738,228,46,496,29,44,24,100,5,1407,365,0,46,20,5,102,172,303,24,885,158,13,34,2,481,78,18,510,1012,482,488,303,70,2151,655,0,2,874,8063,1,12,432,1,18,18989,31,634,0,9,13,11,1239,2,772,368,3,25,41,29,118,5640,108,5,175,117,31582,0,412,241,1365,350,0,507,696,7212,0,100,0,419,5,0,58,1,0,0,1,17,0,1,14,0,68,169,263,0,9,0,0,12,4,0,1,8,16,6,1,3,3256,0,7,6,5,12,95,34,0,56,10,1,30,1,56,11,59,3,0,13,1
TCGA-50-6590-01A-12R-1858-07,382,345,245,3,1403,1577,2994,771,1960,1,0,8,109,90,5,4231,621,515,22,176,7,1634,515,90,39,16,1028,3311,6,10629,27,3386,358,562,133,2252,695,6,112,33,711,31,0,4,597,126,85,468,1242,240,8409,16527,292,157,3,3707,2734,9,2,1,68,5577,88,24,53,202,518,2,0,15,50,8,1,5748,9387,44,13,226,167,1,1,393,1227,234,1137,304,22,947,403,269,2,32383,5172,316,454,18,29,422,901,237,132,132,16,465,1337,131,118,10,0,36,33,8352,24,355,555,664,48,152,292,8,174,12,3261,0,1019,0,143,24,955,151,18,3,40,854,3416,3921,13,475,14,683,69,2,992,1967,10,821,915,20,146,312,639,10,20961,0,3,313,5947,1079,3339,1,20,9,1864,1,206,28,108,38,490,2,5973,16,118,5,2110,210,23,2,1183,49,41,1316,1395,250,23,612,119,0,11,98,3,99,183,0,36,40,11,82,255,207,31,462,874,26,116,1,47,110,13,636,9394,1396,412,13,58,16941,1367,0,16,1035,2296,0,0,232,0,56,1105,20,5275,1,0,0,6,1688,3,681,52,4,26,32,524,57,2705,46,5,1142,177,7654,1,2341,277,350,652,0,97,78,1147,2,438,0,607,1,2,47,0,0,0,2,4,1,494,28,0,16,115,17,0,45,7,0,0,2,0,0,6,1,3,1,2,7148,0,18,1,0,9,120,28,0,52,13,0,25,1,11,10,10,0,8,2,1
TCGA-97-8179-01A-11R-2287-07,632,40,358,8,1337,3864,7733,2717,2200,10,4,355,464,413,107,9039,1629,2304,3253,1085,43,1403,1557,148,20,59,2787,20590,112,17717,59,11189,1459,1716,802,4934,1382,53,190,183,1345,113,14,34,4190,1100,497,1361,3409,1024,5943,10047,497,139,19,1972,4328,126,216,5,259,9834,294,289,188,2043,1559,4,2,382,1126,374,184,4847,28492,80,236,993,731,1,12,749,4807,731,1369,52081,93,415,1053,1113,317,5848,731,473,1660,140,179,2386,5876,1005,500,585,676,773,1010,7804,910,4210,58,195,655,12753,475,1359,564,560,656,1702,326,2,2376,46,5994,68,3496,23,19,917,1149,186,153,58,292,667,6439,4450,188,256,34,3690,256,184,1102,1580,428,2370,1477,58,714,98,1838,141,30604,7,1662,1644,5266,206,5468,126,279,199,1047,46,252,403,115,98,17,22,11655,484,1095,775,2202,1098,124,880,815,365,627,1539,8461,1014,359,7332,207,569,624,1011,220,54608,2308,12,2084,309,31,132,1557,1769,459,1831,1099,112,118,22,5469,145,134,2385,3729,6893,2344,289,652,11977,3108,0,13,4401,2696,66,46,1791,53,301,8280,681,4020,5,14,652,23,2136,16,272,243,58,394,262,686,3732,6258,560,21,1117,400,4443,15,1647,1077,10798,1442,254,8297,129,19293,1,771,9,973,25,7,197,110,1,6,6,25,10,202,91,2,72,2940,594,9,25,98,2,124,3,10,1,211,40,8,98,126,18638,11,119,11,4,327,385,700,9,171,13,2,333,4,854,38,121,7,11,81,1
TCGA-91-A4BD-01A-11R-A24H-07,104,14,177,10,468,2286,7061,848,832,18,3,166,173,54,0,1361,578,380,1369,155,11,284,491,18,1,27,3489,2788,3760,3781,45,4527,602,397,358,699,1492,4,507,50,469,38,7,11,2567,218,56,695,1215,218,1955,2785,155,108,5,2227,1584,19,46,6,96,3002,127,35,45,768,400,2,4,188,374,422,88,12882,5140,29,40,276,181,0,2,502,2801,351,1318,1071945,27,85,252,123,47,1818,247,163,2386,30,77,899,470,464,138,115,34,282,360,5348,79,5580,54,30,97,2263,571,902,512,203,144,348,76,27,1010,19,7898,5,900,1,24,129,578,509,131,874,49,337,1021,1179,57,63,13,2158,66,36,1469,566,17,306,363,40,279,29,289,17,5121,2,136,193,814,182,2558,70,297,134,234,33,95,77,11,15,22,26,5657,144,636,3667,1104,531,58,45,720,32,285,660,497,175,310,818,204,222,211,269,132,65295,3082,3,1475,122,3,374,278,169,262,263,330,41,164,1,2447,46,17,262,504,2016,601,68,161,4445,378,5,81,734,1133,10,0,554,7,68,416,1448,2262,10,0,134,56,4247,0,21,99,25,188,96,123,1210,1470,1004,18,776,222,2566,4,1406,208,2468,336,18,4938,52,10118,3,863,0,182,24,1,50,90,7,0,4,16,3,6,38,0,6,726,128,1,21,21,1,4,6,13,0,14,16,6,80,11,4613,11,93,1,0,49,297,224,1,510,7,0,41,0,116,7,38,15,13,13,1
TCGA-78-7162-01A-21R-2066-07,204,75,2267,112,4162,6873,1952,6826,6692,22,19,506,2178,623,159,5207,9193,4169,32954,2052,14,2511,3813,54,7,54,41185,43973,652,11603,134,20964,4628,3204,8549,2530,2121,10,106,290,1037,167,159,90,5884,2415,924,7429,4009,1803,16593,47922,81,2238,42,4773,19999,147,2544,87,730,15676,1318,648,416,10961,5029,9,67,836,2958,1875,881,11686,87192,145,933,2589,1542,18,101,1852,14557,4750,1694,1154527,936,259,510,1466,1856,5593,613,1685,4768,211,374,1545,10417,2784,1629,1405,547,1953,3451,53530,1410,2465,250,308,1226,14888,1591,4957,1666,1173,558,9125,104,217,13329,425,30634,215,7756,38,142,1942,353,4638,7,308,91,1993,12683,912,815,281,81,7796,422,1282,2187,4495,1123,6078,4477,168,2350,235,2732,397,35432,111,34481,2356,14327,985,2944,441,410,630,313,365,124,379,227,172,100,136,24664,939,7871,3682,1681,4079,236,1716,1713,1073,1324,5375,3687,1244,4504,10917,214,1873,67,3213,2417,477097,5866,148,2028,1394,95,805,3175,2107,149,5001,3057,331,168,5,32411,800,639,4437,13374,625,4933,1058,1500,29340,625,42,73,15175,1603,205,113,4102,27,371,3621,19,5848,124,43,5797,62,9576,44,96,464,5,794,528,254,13653,7428,2734,123,1422,1108,4072,15,7215,2561,37525,2852,3177,47369,15,49932,25,443,23,1854,87,17,232,223,11,12,0,216,12,22,188,20,219,8015,3020,124,204,141,19,139,33,27,18,563,161,22,14,105,37780,72,427,26,15,1065,801,1603,50,863,10,8,885,19,988,357,215,181,8,70,1
TCGA-50-5931-01A-11R-1755-07,510,44,198,2,2488,3459,73,862,659,3,3,80,337,75,24,4840,801,689,20,384,6,352,378,7,0,47,773,2686,2,7090,19,1950,334,340,243,3147,2102,4,301,225,906,65,0,73,616,226,108,152,433,1799,1032,1664,143,927,148,427,336,18,9,0,236,7528,59,17,103,44,1412,61,6,73,312,10,22,893,4033,29,19,184,211,0,1,258,2296,280,328,412,118,802,692,210,68,10043,1139,301,307,43,37,1045,1114,574,267,185,52,288,222,118,51,12,3,84,44,2399,41,191,180,49,24,297,564,4527,1334,106,567,28,695,1,192,59,937,127,3,12,129,507,8044,1002,28,9,30,865,68,6761,800,407,163,462,421,13,199,13,360,10,9505,7,10,384,1326,333,2219,1,24,39,1182,2,484,51,14,66,4965,1,1633,85,262,15,2814,666,122,10,372,202,150,1697,2890,689,36,1161,15,10,37,141,1,59,153,4,25,33,4,44,185,344,39,419,195,57,16,1,117,59,56,566,8297,558,566,665,114,4083,1292,0,13,982,2336,6,1,217,2,34,2221,4,1149,2,11,2,354,7650,42,413,69,63,52,72,1462,409,1572,52,23,1124,192,2054,1,265,217,647,297,0,453,25,3571,0,11,0,454,6,0,859,0,0,1,0,6,3,6,10,9,16,174,12,1,8,2,11,7,28,0,8,5,16,7,3,2,3196,0,4,3,0,17,49,29,0,48,4,1,127,0,20,6,22,0,0,10,1
TCGA-78-8662-01A-11R-2403-07,301,21,409,5,290,1215,368,1387,352,3,2,1576,44,43,77,4109,565,637,310,498,0,491,296,2,1,0,2157,4724,15,12285,12,2570,259,395,163,906,464,15,47,25,568,36,3,1,1413,337,100,690,4407,365,1625,2068,200,158,3,1752,548,21,27,1,376,5936,41,49,82,16824,867,26,3,54,457,1231,26,12165,21708,20,38,149,194,0,1,213,1200,323,362,8930,14,989,1001,192,37,5991,1139,50,372,26,55,1220,719,311,128,80,42,314,186,916,53,87,515,59,32,17971,1370,298,224,537,70,406,224,4,193,20,970,23,757,40,1,206,2203,109,8,3,331,100,893,65,22,47,14,972,44,25,733,1424,100,518,209,9,209,8,260,5,19582,0,264,268,823,395,4781,6,37,25,2067,3,929,668,31,42,2,7,3013,112,525,31,1417,322,39,162,401,42,253,2960,1835,198,59,1024,78,105,139,63,32,11677,680,3,494,26,7,35,210,252,202,307,135,22,19,0,1732,26,31,541,671,1750,595,20,123,7730,654,1,4,1187,3029,4,1,530,12,55,10933,81,1199,0,4,14,2,4298,17,282,85,0,97,101,358,315,3359,2114,2,178,553,2697,0,271,220,686,191,27,1800,5,7854,1,138,1,82,8,0,49,13,4,1,0,6,0,12,22,0,50,235,332,2,567,7,0,27,4,1,0,80,11,4,8,6,3117,2,36,2,0,49,78,111,3,27,5,0,55,0,44,24,27,9,4,8,1
TCGA-75-5125-01A-01R-1755-07,316,16,307,9,786,3006,1325,303,1460,2,0,12,137,134,7,4893,945,633,144,514,2,561,292,0,2,11,3045,3870,4,15045,33,3874,584,613,252,1439,798,3,113,29,1272,44,3,12,1316,207,110,318,1443,224,2162,1825,606,65,1,1801,2222,13,18,2,77,10726,105,41,145,223,255,1,2,84,745,111,48,4892,10179,78,73,2407,219,2,0,464,2322,182,1229,6709,36,1102,659,291,63,9282,1055,112,665,29,62,1357,950,182,193,159,43,410,1506,1078,340,347,3,46,24,12799,156,418,377,663,34,325,508,12,534,17,3305,3,1264,1,0,221,702,158,15,6,104,790,3760,3612,26,23,4,915,141,25,761,693,89,368,674,9,256,3,720,0,18693,0,81,423,2211,38,2191,1,44,32,1677,3,654,40,263,43,19,6,11942,44,200,272,2575,477,25,9,489,55,95,2761,1055,316,53,938,114,16,46,149,36,509,315,4,632,37,3,88,206,370,13,617,992,21,188,0,595,98,20,818,2523,1054,779,19,101,7696,452,2,1,1342,3428,0,4,272,7,65,3335,125,1160,2,0,27,10,3099,6,329,94,1,18,55,145,82,1880,141,10,1294,118,5926,0,1439,270,318,578,0,434,83,5451,1,870,0,167,4,2,44,0,0,0,1,8,1,12,71,0,23,264,70,8,0,11,0,264,6,0,0,8,6,4,4,4,6918,1,17,4,10,11,139,58,1,39,0,1,62,0,58,11,11,3,9,5,1
TCGA-55-8512-01A-11R-2403-07,120,239,405,40,2328,5922,2015,3579,1589,785,17,310,577,299,23,3306,1355,1287,7230,1616,109,1317,1576,62,11,115,29094,17809,165,6289,66,5498,2816,919,6525,1125,1985,27,248,99,760,173,65,22,1901,679,237,1003,3169,781,2724,6088,385,850,10,3265,2410,145,155,42,122,5938,600,148,463,3879,722,24,18,277,786,632,329,6769,22982,161,220,637,955,6,27,1203,6416,835,2160,179295,153,354,475,595,314,2613,317,602,2573,89,159,2045,2799,618,556,371,137,818,624,49236,731,2422,27,249,597,6402,1048,1240,909,793,153,1094,120,131,18511,72,5770,53,1838,35,123,1133,670,1332,29,58,54,699,4467,739,157,85,67,1744,159,148,2471,1135,894,1122,1623,165,593,59,825,100,12934,2,33866,723,3458,395,2283,93,575,485,354,57,73,273,145,50,36,54,8648,292,719,320,1055,811,318,200,843,233,775,2055,2113,548,284,4248,249,290,440,1764,1150,236285,2799,61,1114,371,82,509,1033,777,901,940,454,64,189,33,7709,164,67,1181,2669,1353,1109,321,1020,10353,344,7,445,1998,1625,24,8,1072,7,212,1101,217,4727,2,44,568,74,7223,27,38,347,3,2802,547,405,5656,4550,1050,21,639,560,2484,4,4185,668,9613,1072,67,9221,32,10682,24,433,2,1628,18,2,216,550,4,4,1,73,4,56,24,1,119,893,781,15,117,39,2,90,11,4,5,135,164,8,333,238,6473,64,60,10,3,588,315,593,17,304,15,2,168,1,243,146,113,226,24,19,1
TCGA-73-A9RS-01A-11R-A41B-07,278,9,161,2,76,1876,25,126,161,0,0,11,30,33,5,5490,241,285,61,66,0,218,176,1,0,5,751,937,0,10442,8,350,128,146,81,1385,230,3,26,10,469,42,0,0,1282,62,46,162,693,108,860,368,403,87,9,354,412,1,3,0,24,2560,28,12,20,68,61,0,3,19,97,12,28,510,7957,16,8,110,65,1,1,83,1099,219,179,2491,7,679,558,92,6,5139,971,19,752,11,30,945,294,130,48,45,13,302,133,155,166,66,1,11,13,8893,5,86,86,68,12,243,237,0,1059,13,740,0,305,1,0,25,929,118,14,1,78,204,675,11556,24,9,50,376,32,0,403,674,38,150,105,5,73,0,152,0,14168,0,5,118,674,314,1801,0,49,18,1505,1,244,35,10,33,1,12,1180,45,64,7,1860,291,16,9,229,10,38,226,4446,149,15,207,76,20,10,196,15,1142,211,0,170,9,10,12,164,137,4,342,132,7,15,0,90,29,18,278,498,23,274,12,19,1016,323,2,0,494,753,0,0,287,0,23,3850,2,473,0,0,9,6,700,2,158,50,2,25,32,2,120,1761,286,0,168,124,7902,0,1479,78,27,184,1,218,173,1484,0,88,0,68,0,0,30,0,0,3,0,6,1,0,6,0,35,56,105,0,3,0,0,3,1,0,0,6,5,0,17,2,2080,0,2,1,0,5,45,10,0,18,2,0,7,0,21,5,15,1,0,2,1
TCGA-69-7764-01A-11R-2170-07,346,20,144,0,469,3856,175,1176,2460,1,2,715,151,148,100,3645,927,516,1289,377,1,1049,440,5,0,20,8503,15614,131,9618,19,6865,284,326,816,1761,547,0,26,33,685,46,19,9,1763,288,113,484,1800,177,2585,2932,202,270,47,695,1727,65,59,6,70,6157,417,79,76,3245,2025,0,3,49,717,87,134,6083,20309,65,147,289,196,5,16,431,3257,288,495,341435,48,278,550,263,99,3423,413,58,1555,43,49,1866,1699,260,262,131,1017,551,441,6400,123,843,122,94,62,12001,1450,767,155,132,1191,468,121,11,7547,121,1822,7,657,0,2,400,322,248,10,18,110,755,13244,2104,78,14,12,2137,84,58,1025,1032,203,426,1087,7,228,13,346,72,16170,3,5827,473,2184,226,2889,15,73,788,330,21,213,89,123,32,12,1,6356,120,423,358,1278,1654,105,79,564,129,313,880,4059,293,337,1429,68,102,19,381,67,12083,1509,4,446,83,6,83,435,369,30,775,287,43,40,1,8361,67,62,550,1650,2083,552,158,132,3647,747,1,0,1458,2056,5,15,347,11,51,3786,6,1031,2,1,933,12,2486,4,66,71,2,608,78,29,1481,3628,1601,11,378,150,3131,6,844,235,606,458,67,1886,97,8395,0,75,0,339,3,0,105,21,31,0,0,18,3,4,35,0,131,1754,65,2,13,29,0,4,4,5,1,84,50,1,4,17,5320,0,39,6,0,175,100,141,2,164,4,0,78,0,66,66,35,4,2,23,1
TCGA-L9-A5IP-01A-21R-A39D-07,642,127,291,5,222,3657,307,446,698,0,0,7,175,119,19,5111,767,1762,2,432,1,656,465,0,1,4,285,5233,3,18617,5,1441,275,1079,9,2184,451,5,177,92,1028,20,0,2,617,190,268,172,2083,525,2104,3353,858,60,4,1772,2892,2,4,6,49,8720,89,80,68,106,303,17,3,99,128,20,20,3949,42930,23,6,337,427,2,3,304,1869,811,571,8,26,561,643,518,23,8627,965,99,284,9,92,3324,525,467,160,238,33,625,563,85,247,0,0,14,18,29122,62,25584,380,428,178,416,305,4,644,3,14543,0,1102,1,218,32,1250,143,58,0,336,543,1192,141993,20,77,55,1170,100,15,1193,1221,26,1170,1066,12,186,266,723,55,20836,0,3,418,4852,785,4622,0,1037,11,1754,2,432,175,81,17,211,7,5858,45,290,1,2400,132,55,22,2876,14,54,8573,1470,313,14,165,62,3,35,59,4,26,1266,1,473,22,7,48,524,1010,131,1109,502,5,69,0,2,1259,38,980,4974,102,726,1149,114,8433,1117,2,35,2209,3465,3,5,89,0,21,4043,42,3790,7,2,4,9,627,5,161,218,18,6,155,35133,3,4033,83,0,428,115,32352,1,1515,393,94818,454,0,122,5130,5121,0,263,0,150,5,0,44,0,0,0,1,7,13,2,30,1,90,120,686,0,2,3,0,0,2,2,2,11,4,2,2,5,6183,0,124,6,0,16,238,13,0,39,5,0,20,2,16,7,82,0,23,8,1
TCGA-55-6987-01A-11R-1949-07,819,102,978,47,1515,4275,5547,1822,3057,7,1,64,554,298,50,11486,3987,2381,3296,1145,16,675,1035,49,4,28,10608,22455,64,18823,69,8499,2335,2317,1898,4217,1863,11,838,141,2009,91,9,21,4444,693,487,570,4410,817,3889,6830,764,614,10,7355,10115,110,40,28,307,13774,456,215,202,2554,885,40,18,158,916,235,342,5140,29081,134,299,1248,744,4,12,1145,5519,1825,4224,151328,188,1791,1291,1089,417,10544,1871,1047,2055,122,154,1040,3160,1060,638,532,252,906,3776,10318,947,1374,55,187,247,14218,292,2923,909,1715,195,1116,292,63,2420,42,14657,31,3875,4,16,519,1257,3439,106,61,521,1207,7920,7781,454,136,18,3099,297,98,2574,1388,251,1263,2515,28,1077,33,1691,64,41071,14,348,1418,8585,291,4913,36,551,81,763,22,305,167,115,115,29,21,11021,378,985,842,7623,1204,158,251,1809,330,377,1929,3552,1303,694,3292,416,226,134,1168,376,59610,1402,8,302,449,15,477,843,1145,133,2232,2766,116,338,5,7922,308,212,2231,6857,943,3190,540,184,11831,1948,5,21,4428,3523,29,30,936,4,278,6235,364,6567,15,19,374,20,9135,12,551,272,55,221,224,367,2687,3826,705,53,4428,487,12781,6,7768,1015,3886,1621,71,3546,229,9360,6,2517,7,857,24,6,178,54,0,7,1,49,7,69,75,0,51,1558,608,2,49,40,1,50,27,7,6,59,35,21,21,34,24400,4,96,10,2,243,649,349,15,317,4,0,230,1,217,50,108,59,38,30,1
TCGA-38-A44F-01A-11R-A24H-07,119,134,720,32,1043,4578,7617,4094,1462,8,4,255,497,407,5,2405,2190,1397,19567,1367,90,1132,2046,62,31,96,5283,11126,261,5370,80,8051,5037,1414,1314,1095,2514,20,260,141,535,121,14,36,4606,869,264,1550,2600,630,9979,11051,1360,395,22,4077,5350,211,403,131,172,7118,177,94,229,2741,630,78,17,465,719,413,361,5600,13135,195,238,740,546,3,27,999,4768,1874,2661,63804,133,207,276,674,424,2068,331,2313,1354,115,242,2091,3418,1267,1020,622,93,652,1395,9861,249,727,125,338,799,6621,929,1457,940,596,232,1150,176,84,4554,110,3272,47,2412,2,41,569,1003,1691,49,54,74,814,4005,1265,306,303,53,2229,186,154,1996,927,281,1127,2351,105,1016,1509,1840,103,9981,2,776,862,3191,320,2700,80,719,334,344,109,84,184,64,160,16,712,10541,410,1423,387,1263,465,333,392,1217,293,1084,1359,929,787,920,7459,489,405,417,1467,216,84025,2123,29,524,541,57,459,814,774,1253,1271,1160,89,196,8,4657,208,147,1276,3252,444,1645,225,598,10664,216,30,163,2735,1110,37,20,1340,13,224,444,653,7426,13,27,401,122,8200,153,40,423,43,1052,517,320,5854,4036,481,57,1452,398,6142,4,2621,957,3962,1464,85,9897,82,11396,6,901,21,934,32,9,170,249,3,8,10,31,6,49,43,2,58,3396,1235,7,71,58,2,18,21,12,3,45,79,14,175,118,10923,18,212,6,3,289,947,759,5,315,13,6,157,5,227,80,108,67,24,47,1
TCGA-NJ-A4YI-01A-11R-A262-07,193,49,174,4,742,3333,11589,654,2237,0,17,8,42,67,65,2080,308,325,735,104,73,555,806,164,10,3,1463,5870,123,4647,121,8053,209,499,159,767,403,41,802,33,519,51,2,6,945,130,52,447,1049,449,793,1480,585,61,1,1402,1096,8,15,2,105,3149,487,29,122,394,2723,3,1,149,593,250,50,2814,6636,31,68,112,105,0,9,772,4472,257,1751,57307,9,188,634,182,32,2536,443,90,2296,105,52,2858,1596,170,172,121,29,190,207,5324,12,150,16,99,12,2602,595,255,285,331,410,145,113,1,589,44,1666,3,3972,4,2,102,1049,27,356,35,145,494,5321,1853,18,132,67,1965,26,34,1108,962,28,182,349,29,145,7,546,0,10081,0,14,834,1087,543,2747,16,41,128,271,4,341,24,77,27,1,10,14139,44,186,3554,1461,1071,43,38,306,58,98,1348,544,168,164,2092,200,3,1150,62,19,1429,5452,0,508,5,2,308,234,216,1179,194,204,12,207,7,10012,24,57,343,1249,1688,325,16,164,4833,1365,1,2,567,1544,4,0,214,0,52,3155,2330,1599,7,3,35,8,2534,0,38,50,89,57,219,642,1385,4960,1993,18,1409,68,2797,2,578,176,1758,213,4,1974,78,10418,0,2284,1,225,4,5,75,1,1,0,38,10,2,13,27,0,11,502,175,3,157,14,0,47,3,0,5,12,16,6,314,3,5582,1,8,2,3,93,71,47,1,394,13,1,17,0,66,12,43,2,31,25,1
TCGA-62-8398-01A-11R-2326-07,763,24,264,4,448,3955,2279,505,1753,2,0,14,299,348,17,7183,1000,1622,32,622,2,471,290,2,0,5,2784,9064,328,12411,11,3176,1115,955,1223,4650,464,5,266,34,3794,29,1,3,965,373,238,294,3364,1590,1995,2003,1771,185,3,2891,7903,26,4,1,108,7117,144,134,53,562,2230,0,7,64,401,130,45,2823,9414,173,50,276,420,2,0,445,4642,110,811,84362,48,822,778,620,1032,6710,905,1693,1591,29,106,2934,2068,266,456,180,39,471,1141,444,442,122,24,126,38,15870,70,666,401,349,59,2644,266,5,850,89,2506,10,1571,0,1,214,2605,51,37,14,198,494,4259,23433,9,52,7,1507,81,33,1977,2281,80,938,2087,3,212,10,967,8,49708,0,24,694,3623,55,4197,0,448,32,1289,2,524,98,60,47,10,4,7285,20,237,83,3906,385,36,27,415,62,72,3867,25580,395,65,1047,66,29,196,142,9,60,1421,1,250,163,5,106,280,515,93,1168,1051,30,151,3,1294,228,38,1261,4045,3404,1154,54,268,5801,1020,1,2,2697,3138,0,0,560,6,50,5423,156,1441,0,1,14,14,3872,6,284,143,2,177,68,238,135,3020,103,11,951,208,14461,0,1722,377,5520,1022,0,460,770,4401,0,489,0,470,6,0,42,7,0,12,2,8,2,3,38,0,38,350,98,0,6,10,0,2,8,0,0,9,6,17,16,17,7295,0,109,8,2,26,142,81,0,52,2,0,100,0,124,19,32,5,4,9,1
TCGA-55-6978-01A-11R-1949-07,879,61,1141,3,3149,3874,4588,2131,3872,0,1,56,342,310,19,6737,3311,2470,166,793,37,1640,1699,108,2,30,3428,12812,5,14346,85,13266,4083,1492,257,4495,708,23,590,87,1752,59,5,11,2416,902,282,390,2765,611,15127,21275,1650,159,5,2985,5873,44,27,0,291,12647,164,112,157,1433,1837,1,3,78,1379,25,38,6481,19775,139,277,769,676,0,1,1240,3719,851,4706,4084,122,1054,564,1004,30,10980,1873,141,1983,146,125,860,5137,715,730,473,109,1308,3224,1380,212,126,7,216,52,19863,451,416,852,1337,24,672,315,33,740,78,3897,7,3483,1,5,277,772,402,99,3,55,1503,8596,6862,79,170,41,2088,226,24,1471,3088,59,1225,1578,13,690,38,1898,1,18545,11,24,1754,13000,189,3647,1,147,51,1799,3,454,177,170,209,18,8,18014,156,550,57,3117,573,71,4,1077,162,47,3516,2405,959,177,3348,220,21,33,356,9,847,3325,1,71,95,30,369,455,1012,71,1790,2175,59,237,3,979,1027,74,1423,13097,1688,1470,84,68,25575,554,1,9,3681,5430,3,9,2125,3,201,1839,108,6833,2,4,32,9,3415,24,656,167,3,224,171,316,337,7019,81,31,3202,280,16522,0,2380,636,2009,1963,0,413,259,3041,0,440,0,872,9,1,234,24,1,0,13,6,2,6,36,2,77,732,33,0,8,49,0,4,26,0,0,8,7,13,15,14,15526,0,89,7,4,66,473,223,8,85,5,0,158,0,48,29,66,1,30,23,1
TCGA-93-A4JP-01A-11R-A24X-07,509,219,780,67,6476,8828,19185,17552,5453,70,54,506,2374,1216,138,2557,6855,4630,31515,4274,528,4294,4094,522,129,539,16641,53769,450,10719,246,17924,13050,3375,2726,2283,3135,198,973,367,1254,245,181,307,9224,1659,864,3600,7214,1624,15677,55996,275,1393,595,4772,23589,574,1059,95,1208,15490,1132,705,360,20485,8176,80,61,1363,4361,1892,1432,7913,52587,488,2377,2546,1686,30,523,2537,11862,1935,6217,403546,532,709,692,2343,447,5297,838,3629,6228,1098,640,1642,21664,2161,1278,1161,911,2314,2955,13372,1084,2087,571,440,2539,9416,4771,13322,1420,2308,1310,4538,323,44,7990,473,17956,364,4565,16,261,5267,285,449,890,211,160,1472,17454,1218,1136,870,320,5285,560,2011,1799,6726,4483,4109,9409,718,2426,650,3912,1684,27709,200,5430,2696,21098,880,2445,1032,1757,1328,1566,490,459,698,272,742,158,199,21097,1009,4923,3790,1844,1979,899,4643,2487,1212,3662,4881,4413,3206,908,31868,897,1168,1102,3107,2953,540006,9723,141,3823,1805,429,1633,2270,3243,3397,4471,2985,410,608,174,19189,954,1729,3174,13208,850,5258,3716,3484,24906,972,23,144,9448,3762,612,30,17375,134,568,2750,2426,9344,405,150,722,76,10601,51,330,1054,147,2902,741,6136,24314,12649,1942,60,3394,754,6313,88,2964,2617,17811,5033,963,76336,53,38160,49,2936,3,4836,83,18,365,92,8,29,34,119,30,37,217,36,755,13766,6430,33,307,410,34,258,32,5,46,411,161,79,81,2750,29004,109,355,51,7,1424,730,1291,37,626,44,22,1530,45,1707,274,363,60,30,140,1
TCGA-75-6214-01A-41R-1949-07,673,18,127,3,133,4320,587,1602,723,2,0,123,480,46,13,7473,653,512,20,1354,4,1272,276,392,4,12,678,4599,33,16937,7,3430,389,562,12,5181,1012,8,27,30,1670,20,1,0,927,140,109,387,2655,4489,13613,22959,483,160,6,5330,1385,11,18,0,28,14074,143,16,57,2107,2601,8,8,131,245,328,10,3240,23981,17,6,159,175,0,1,346,3388,249,437,2931,78,1181,808,258,221,12033,1451,2802,555,131,38,3728,455,265,187,127,986,1524,372,1429,74,9,3,69,25,20401,90,208,1364,318,68,116,640,6,4738,342,1012,3,831,2,223,21,2726,48,12,1,825,417,12148,60641,25,21,22,723,56,18,2162,1443,194,383,243,629,269,2358,449,13,23744,0,10,307,5345,649,8690,7,6,14,2275,0,525,54,91,51,132,2,11983,30,165,100,3545,1139,44,7,3083,23,40,8609,1530,683,23,1111,62,5,175,71,19,108,302,3,492,63,1,783,135,339,76,382,287,40,57,1,8,64,19,2331,2201,4383,554,56,67,14823,1436,0,59,971,5192,0,5,657,0,35,4177,33,11912,12,17,2,8,1682,1,423,108,9,40,152,6651,14,3776,330,55,185,741,19108,2,4806,234,324,1573,0,245,1038,11821,7,217,0,197,2,2,36,0,0,1,4,6,9,272,25,5,52,152,2253,0,450,9,0,7,32,0,4,14,18,9,4,19,3984,1,186,3,1,28,79,34,0,107,11,4,49,6,28,15,18,2,3,9,1
TCGA-S2-AA1A-01A-12R-A39D-07,152,71,508,5,854,4188,161,2079,1554,2,3,28,156,216,12,4942,1144,1165,25925,915,21,674,976,3,0,26,1024,9969,0,7630,39,6415,1974,956,319,870,1970,7,67,85,443,136,3,4,3527,681,164,306,1815,539,1691,3442,3529,736,29,3252,4964,54,7,97,110,6262,221,113,303,834,1065,15,12,323,302,234,308,3799,8462,54,65,667,349,1,1,821,2216,1426,2044,3146,44,149,429,786,61,1429,261,644,2047,80,153,1234,4166,470,631,313,92,579,1066,1095,77,104,24,307,477,19471,588,981,429,274,86,489,214,15,1557,17,1336,9,1623,3,5,493,409,710,38,12,36,659,7011,8,137,45,28,1198,138,40,1522,888,228,906,2870,5,767,21,874,28,32641,140,403,943,4218,98,1505,4,123,270,245,119,63,161,38,81,21,820,6619,271,614,177,1282,1108,94,107,594,244,765,1693,3810,657,136,8743,175,104,973,549,12,338,1457,17,206,460,40,136,503,2201,297,1551,660,41,95,4,769,149,97,1505,4826,1470,1362,74,603,8325,303,2,7,2446,910,0,0,368,7,104,2294,12,6639,4,7,42,40,5607,11,45,245,1,666,175,79,2470,3979,455,15,1436,125,3334,0,2010,677,1184,1042,1,1590,0,3281,2,194,0,713,31,0,111,28,1,3,2,9,7,6,51,0,45,1973,376,0,28,41,0,3,11,2,5,23,680,4,13,47,10867,12,110,7,1,423,188,355,2,84,5,1,105,0,44,22,89,1,2,61,1
TCGA-44-6774-01A-21R-1858-07,158,109,644,0,1697,1469,685,1326,1483,5,0,37,400,118,23,3871,1590,1637,49,411,34,652,1157,5,0,13,344,9282,3,4407,13,2895,1251,653,184,1096,440,13,75,43,374,18,0,9,581,338,214,125,522,481,1311,1726,152,125,1,2017,1089,22,163,1,123,5717,106,37,219,159,1287,0,4,34,286,95,8,11142,18869,191,59,694,381,0,4,596,1159,448,1000,820,41,208,223,662,37,2618,430,104,1689,46,61,391,3408,592,370,295,56,535,744,32,611,8,6,64,29,4940,143,263,349,206,85,443,68,2,340,46,1208,13,1403,0,0,274,177,59,3,2,34,479,3839,1401,28,22,7,2118,76,5,455,1079,59,660,576,14,506,2,1001,29,16230,14,67,2099,4493,42,1795,3,18,11,290,4,66,97,164,157,26,1,6265,74,444,51,1044,745,67,1,595,305,40,2756,1049,591,107,3216,53,11,10,139,3,108,517,0,72,24,42,58,386,613,53,910,506,22,110,3,144,74,19,1358,11855,804,952,152,144,15597,314,0,3,2737,1258,64,1,268,2,402,2530,88,8949,1,1,3,66,1129,17,96,109,3,155,132,256,121,3227,26,7,307,196,2557,0,889,536,778,1134,0,60,50,1814,1,223,1,853,3,1,128,0,0,0,2,5,2,0,41,0,9,1003,6,0,1,25,0,7,4,0,0,29,3,3,6,12,8573,0,16,5,9,29,206,86,2,40,3,0,179,0,68,23,58,0,9,9,1
TCGA-55-6982-01A-11R-1949-07,206,29,104,2,1572,953,3438,368,822,1,0,47,90,65,19,2870,318,341,8,290,21,300,485,23,1,5,1153,6884,42,6241,19,6161,822,287,329,1135,483,35,101,9,490,25,2,11,537,162,42,142,897,127,1990,2150,602,208,4,1144,732,5,2,1,58,5065,113,11,158,1659,830,0,1,104,312,35,19,2151,7236,37,58,94,90,1,4,635,2284,170,1372,71612,27,526,250,119,2,5447,922,576,619,48,27,2281,2461,130,306,127,27,298,372,2182,32,30,5,195,49,17374,223,287,242,239,50,119,109,1,630,123,19744,2,638,0,1,100,453,39,28,2,52,615,2573,1115,10,6,17,805,40,71,590,994,127,205,606,3,215,125,477,4,13459,0,23,173,2660,51,2993,0,27,17,496,1,89,21,65,26,6,3,5914,11,108,12,1291,253,61,5,360,65,14,698,643,124,4,2569,96,1,120,77,2,124,290,1,214,96,30,79,511,195,105,224,251,2,85,0,1129,61,17,337,2193,957,228,102,170,9114,448,2,12,510,2160,6,0,126,2,114,2517,203,2918,0,1,3,11,1769,0,142,47,4,20,108,1701,119,3014,795,4,533,115,16758,1,870,113,1407,179,1,197,40,5528,0,222,1,356,0,0,46,7,1,0,3,1,1,17,3,0,42,249,18,1,35,4,0,3,4,2,0,14,4,4,11,2,3420,0,31,0,0,25,53,25,0,49,0,0,15,0,9,13,23,13,32,2,1
TCGA-05-5423-01A-01R-1628-07,525,19,111,1,1424,2332,4613,1022,1727,1,4,158,504,136,71,2026,1280,360,2233,372,20,308,276,41,11,8,8557,3293,71,7669,89,7739,1486,359,361,913,655,43,176,28,688,79,12,17,1884,100,37,165,1039,292,3489,2244,69,363,9,1223,1661,24,111,4,127,5982,422,93,58,6579,230,3,3,144,278,926,207,6481,5787,75,69,305,161,4,46,526,8657,402,2413,566513,57,183,261,145,37,3267,591,103,3275,42,38,536,931,272,213,93,103,192,772,3141,119,809,415,89,144,5200,326,1038,283,568,275,217,72,16,439,36,14195,9,846,2,1,175,240,632,147,544,100,620,2470,414,129,246,16,2839,112,72,1163,1007,53,161,619,26,250,39,498,67,8212,3,624,442,1358,133,1533,25,50,464,208,20,123,39,91,26,4,10,3063,212,294,88,1642,523,76,194,724,84,83,931,899,380,301,3047,272,33,460,461,70,34327,663,2,550,112,12,424,718,354,385,563,285,58,175,4,10708,141,54,253,826,1586,605,81,161,2534,677,2,11,592,2489,6,0,457,2,51,2151,2279,1907,1,6,125,12,1987,1,59,65,83,165,206,598,2015,1898,3987,12,1100,169,2877,1,1217,111,800,323,31,3978,14,12419,3,622,7,235,22,0,62,12,1,3,2,76,2,41,19,0,8,738,122,0,75,60,2,29,8,47,1,130,15,3,473,7,4805,10,28,1,0,78,207,83,2,126,8,0,95,0,80,70,15,21,18,15,1
TCGA-55-A57B-01A-12R-A39D-07,320,187,807,17,4180,5930,2024,4628,4131,28,8,309,566,455,112,4949,1613,3202,1560,1567,48,3212,1163,74,12,132,2803,53343,145,15738,69,11671,820,2210,850,1377,2103,36,114,181,2274,160,17,74,6822,696,484,1689,3859,947,5037,10560,1279,196,29,4551,5865,141,390,7,214,13914,834,219,364,1843,1440,32,477,684,2121,1177,220,9858,31453,161,553,983,819,6,28,1467,6909,856,1992,22283,322,495,597,1175,195,4422,713,621,2624,185,350,3614,6985,1062,960,746,279,1679,1399,28738,313,973,450,291,1034,6271,1540,1429,949,716,119,1703,251,44,1356,61,5643,47,3187,9,25,1862,17,895,78,42,263,713,8411,197,79,1555,137,3861,362,327,1277,2788,563,3376,2934,270,652,105,1980,426,39859,18,974,1932,7795,268,4182,123,496,356,911,57,179,397,442,125,43,176,18773,488,967,1015,1764,1741,217,769,916,527,903,3856,1661,785,493,12866,340,332,220,1337,148,66447,4083,13,358,416,78,965,901,1489,615,2102,1731,352,337,77,4730,151,234,1607,4715,613,2617,586,999,17811,162,20,39,5895,3548,131,18,1777,21,311,3635,290,10723,7,178,84,49,3994,18,113,567,37,419,518,486,5999,10033,2281,23,2298,1136,7797,2,1359,1227,1928,2048,63,9452,9,17263,6,264,13,1110,20,2,209,31,2,9,5,23,11,14,141,1,220,3521,1084,19,44,121,11,32,15,3,37,63,118,23,44,331,17278,10,203,40,3,489,453,953,13,283,12,7,458,9,1839,79,130,13,9,51,1
TCGA-L9-A443-01A-12R-A24H-07,237,45,515,4,790,3482,168,1382,1306,4,4,11,293,189,32,1967,1681,1097,126,550,11,815,1675,7,2,41,1177,6471,168,9331,125,7344,967,533,251,1160,1044,32,47,97,656,63,11,2,1840,223,163,527,1766,468,1787,1563,332,89,78,1488,854,41,11,2,68,4852,156,77,183,193,2588,1,0,597,862,178,53,4988,12681,105,55,332,492,0,7,446,2812,610,952,246047,57,163,732,562,14,3981,600,78,1467,81,122,1243,1723,800,314,220,52,427,573,1427,102,580,22,91,195,13977,658,213,521,164,107,459,168,23,1371,30,3351,2,970,1,16,206,435,186,8,6,240,559,2369,2884,45,14,25,3470,114,29,743,783,143,626,743,22,582,21,645,1,9594,0,154,727,2411,64,9979,0,115,89,742,4,272,141,19,34,4,6,6921,131,760,160,1495,868,236,71,990,60,124,1304,905,646,4914,2365,62,10,60,349,3,600,808,0,4432,163,16,263,371,626,74,968,511,4,44,1,92,98,53,1130,1841,7156,792,277,180,8912,2150,0,61,1353,2819,0,0,192,0,84,3315,28,3202,0,3,2,47,2695,2,89,134,0,584,484,86,981,2922,593,11,367,154,6706,0,796,404,1139,368,0,251,177,10451,1,147,0,227,23,5,247,1,0,1,0,10,0,2,35,0,75,1359,18,35,5,5,0,6,3,1,3,2,11,1,69,6,5376,10,36,3,0,36,337,62,3,309,2,0,32,1,46,2,61,2,0,44,1
TCGA-05-4430-01A-02R-1206-07,495,241,910,7,4270,3720,3640,3416,3138,7,3,92,884,317,82,10683,5384,2959,4528,1460,176,1139,1907,53,18,27,20504,21964,348,15545,93,14722,4538,1845,2949,7121,1362,20,890,140,1395,2276,17,63,4715,1126,439,710,1573,1564,5721,8834,667,418,17,4938,5126,123,91,30,282,10983,313,288,383,3403,2382,17,56,247,1394,777,227,12770,30381,229,587,1045,1064,1,15,1768,8400,1416,3543,230585,173,823,648,1322,316,6240,1180,476,1499,166,160,1579,5838,1463,1039,637,242,1177,3084,11262,719,574,95,304,528,25093,935,2470,1259,777,286,1649,126,40,1737,72,8482,26,3799,10,30,874,722,1042,40,114,325,847,6315,7729,228,159,83,5471,275,229,1998,1923,327,1773,1351,292,1073,1698,1754,86,37545,14,1301,1826,5276,602,5068,107,225,190,608,47,542,194,135,108,59,26,15836,555,1649,1071,2116,1058,302,679,1354,362,305,3280,4364,1995,1022,9625,295,173,285,1026,459,119399,2830,4,807,298,66,533,1210,1620,317,2931,1808,108,321,25,11289,238,148,2538,7009,2466,3374,205,933,23431,764,3,55,5115,2916,34,9,1146,9,370,9586,873,7743,20,11,223,61,3060,24,248,289,23,713,779,1416,5493,8085,635,29,1492,720,6035,5,4135,990,5246,1877,47,13192,183,23569,15,662,7,1886,36,2,216,61,3,0,2,33,3,31,103,2,21,2626,464,12,400,57,3,59,19,20,3,34,90,20,273,47,20795,36,73,22,3,291,649,296,7,132,13,2,328,1,528,57,78,60,27,34,1
TCGA-55-A4DG-01A-11R-A24H-07,228,149,525,7,1463,6550,888,2249,1009,9,0,431,168,171,78,2577,527,390,1174,382,33,843,339,32,2,37,3478,13645,234,12590,34,5011,624,370,1252,1457,1811,9,71,29,499,73,3,33,2388,174,59,440,5590,196,3380,4005,313,244,4,1995,2222,85,6,10,51,11305,154,78,131,884,4559,9,9,70,662,532,247,5627,10499,82,385,226,189,11,95,428,4911,171,658,143831,149,237,788,300,41,3546,839,270,1776,83,61,2069,2003,137,266,78,189,982,592,8815,214,819,12,250,185,7318,1951,1147,230,230,82,500,132,45,2144,109,6443,57,546,3,2,712,1051,80,16,67,82,353,2494,4082,74,24,39,1515,70,108,725,1687,635,308,1349,11,213,3,301,37,7434,6,679,307,2384,314,6820,17,227,230,851,16,182,96,44,52,6,7,8122,49,282,408,1141,1015,286,253,1411,109,300,1678,1214,255,6123,4398,223,27,121,319,273,71233,2982,2,593,24,90,264,430,285,87,539,493,17,123,15,11259,74,142,412,1948,1856,331,55,143,4112,2300,1,2,657,2401,12,2,441,15,74,3164,23,2760,2,19,128,32,3040,2,33,94,2,262,105,1934,3254,4209,2975,10,505,576,4286,5,1559,156,1566,480,140,3976,155,9198,0,300,13,312,5,1,206,50,7,4,2,35,7,1,16,0,142,2281,179,0,19,30,0,9,6,1,0,44,83,8,10,128,4191,4,42,8,1,265,85,66,5,107,16,2,85,4,46,99,184,15,7,20,1
TCGA-55-8506-01A-11R-2403-07,292,13,215,0,7982,2073,259,157,635,2,0,25,54,60,13,7977,407,763,30,77,3,578,407,1,0,12,12439,17831,0,9333,13,5951,78,479,60,985,993,4,66,22,566,111,3,0,541,166,78,248,935,232,3534,2854,1525,27,7,1321,785,0,2,1,27,4047,76,12,32,543,1259,0,0,280,1717,230,10,1047,13562,21,31,179,163,0,0,525,5228,327,857,421896,11,518,939,242,30,4653,597,33,1414,18,60,1712,753,394,121,135,18,1044,498,8052,146,1287,10,39,9,15802,300,266,220,208,14,105,159,0,90,7,8485,1,700,1,4,17,1053,191,7,5,1333,232,887,11965,17,5,7,14848,64,1,928,191,95,365,101,243,113,0,416,0,18874,0,3,201,1187,433,4009,0,45,47,765,0,570,62,146,15,9,2,2050,31,147,82,1177,1580,24,3,729,38,64,299,534,183,35,548,49,11,114,56,2,57,362,2,538,13,3,156,89,221,22,418,333,6,146,0,5137,15,3,371,1524,1063,409,11,21,8030,571,0,5,842,3137,0,0,284,0,40,11813,113,648,0,1,2,4,666,12,130,124,1,9,65,292,7,3212,54,3,304,500,6573,0,560,140,448,1047,0,143,346,6225,0,464,0,103,3,0,36,0,0,1,1,0,1,7,37,0,7,88,61,5,1,9,0,5,4,0,0,15,10,0,3,7,4039,0,27,3,0,17,146,52,0,24,6,0,24,0,8,6,14,0,5,8,1
TCGA-05-5428-01A-01R-1628-07,594,19,35,0,1322,666,244,450,331,4,4,1,133,46,6,1715,963,257,242,48,11,180,109,0,1,11,214,2078,6,7452,12,1232,765,177,99,1792,218,0,16,21,454,13,3,8,1166,43,31,145,533,83,4728,1827,203,41,3,710,246,24,9,2,25,4291,65,49,29,60,936,1,4,116,248,956,10,2279,4110,31,27,115,154,0,0,238,2775,104,924,12708,22,336,216,146,7,5749,867,21,133,18,31,761,281,342,64,40,12,123,681,2441,248,87,6,41,14,2745,98,658,225,111,44,162,115,4,605,41,7207,0,497,0,2,46,1084,81,13,6,342,322,627,2965,36,13,1,721,82,16,555,769,59,120,163,3,132,1,176,8,11486,1,31,343,412,20,1927,11,14,36,479,4,113,26,17,22,5,2,2737,62,301,103,1211,294,27,51,310,19,25,173,331,204,143,829,67,18,16,44,6,4963,1210,0,461,29,1,22,52,221,74,283,177,22,76,1,845,34,13,136,333,1066,323,33,73,1228,782,0,0,385,4790,0,0,367,2,32,2365,217,956,1,0,43,11,997,3,55,37,2,77,238,459,502,1133,169,7,119,171,5327,0,1386,63,5859,184,20,513,53,5595,0,279,1,104,14,0,25,2,1,0,2,7,2,10,24,0,4,253,58,5,22,15,1,11,4,1,0,49,11,1,6,0,2888,2,15,1,0,15,177,27,0,27,1,0,40,0,59,5,5,1,1,4,1
TCGA-44-7672-01A-11R-2066-07,405,57,704,5,2766,3374,11539,1046,2635,0,0,60,184,213,26,6269,1824,1770,303,523,13,835,1299,18,6,17,3407,14447,215,10769,96,9796,1758,1374,875,1809,1218,36,343,79,1584,976,0,6,1938,680,249,542,2384,504,3275,4812,1062,303,1,4809,7745,26,14,2,123,11694,207,60,214,497,1115,4,1,161,550,70,45,3631,24078,94,107,669,472,1,0,1108,4071,1151,3235,67488,91,691,642,720,40,6316,788,506,2062,118,107,1072,3751,826,1006,475,81,712,2065,4458,485,234,28,275,87,23218,504,509,1028,841,194,698,276,5,951,127,3461,5,2888,3,7,262,762,441,48,11,148,1144,5366,6943,68,23,21,3000,133,27,1769,1432,52,1013,3036,15,669,182,1908,15,28132,0,51,956,8025,111,3810,1,106,38,1530,4,298,67,163,41,9,15,10285,175,529,175,2875,638,57,53,918,205,105,2041,3037,738,176,6954,331,66,617,591,21,3287,643,1,63,93,39,212,968,755,28,1507,1408,18,206,3,1179,272,86,1529,7559,3606,1498,164,148,19102,491,2,30,2499,2027,0,0,343,1,160,4423,647,5852,3,3,48,23,5448,13,328,200,2,64,257,521,980,5289,101,29,3149,360,26399,0,3805,517,2733,1621,0,966,96,20763,1,880,0,939,10,1,96,2,3,0,10,11,0,62,49,0,18,683,125,0,7,26,0,3,18,1,1,14,25,2,36,11,17215,3,51,10,4,50,296,159,6,128,5,0,132,2,98,27,48,4,98,16,1
TCGA-64-5781-01A-01R-1628-07,238,34,110,2,88,1529,69,621,349,0,0,18,204,44,0,3965,384,524,5,267,0,363,569,58,0,9,400,2559,0,12344,5,1442,478,397,8,1391,398,10,125,29,682,7,0,1,780,280,93,166,513,174,4030,3587,422,22,0,1806,1320,20,2,2,46,4168,15,73,60,179,291,0,2,29,238,39,1,9989,10190,61,42,100,195,0,1,648,1213,310,1143,744,41,533,403,238,42,4865,710,33,101,13,21,2108,1397,308,164,76,11,224,370,838,295,20,5,177,8,14038,54,79,258,237,18,143,151,5,50,68,7110,22,505,0,1,23,1916,99,0,0,217,152,1129,10853,15,61,11,671,54,2,758,720,10,283,127,12,309,64,240,8,17414,2,9,207,1868,1228,2173,0,88,7,345,2,202,28,17,13,4,0,2223,17,71,32,1515,52,14,4,1702,14,15,668,350,187,31,3106,32,2,122,36,22,27,264,0,34,14,19,35,115,258,101,835,219,26,26,1,10,70,20,261,1299,348,267,12,17,9294,255,5,12,533,2218,1,0,162,2,49,3000,14,4810,0,0,0,5,677,2,92,79,0,258,84,104,42,1928,461,5,424,28,6158,0,868,113,1513,201,0,69,301,2337,0,112,0,219,3,0,85,0,0,1,0,1,1,18,15,0,2,197,23,0,1,8,0,1,4,0,0,23,3,0,0,2,3135,0,50,2,0,0,148,24,0,30,19,0,4,0,8,2,103,5,0,7,1
TCGA-05-4422-01A-01R-1206-07,753,26,320,86,741,11144,127,503,1895,4,3,208,1206,150,64,21001,976,914,12410,278,1,1087,576,7,13,4,1677,18172,1344,15775,39,8607,604,1164,2892,2893,2639,4,133,61,1425,62,14,16,1405,262,127,656,11514,542,743,1426,393,1139,23,3085,5858,154,13,189,729,14457,752,141,47,17364,468,2,215,450,454,232,952,5453,29535,132,15,274,227,6,3,2722,9006,480,1685,14115,13,379,1344,323,127,13654,2032,1565,3700,29,109,4450,455,400,505,145,1778,967,2273,3822,93,395,29,65,67,28922,1120,232,745,614,7445,363,554,22,5027,255,5698,52,1150,1,96,319,2669,67,329,10,449,1588,7873,373,58,5,24,2648,103,158,961,2065,41,545,601,16,269,3,869,65,33654,0,7375,457,3166,32,9598,0,97,80,780,0,484,79,85,30,16,523,15166,158,334,57,3579,1145,167,91,1797,61,419,5967,16274,552,21,693,356,15,88,239,9,668,925,5,1740,39,2,190,228,590,15,893,1154,80,151,3,2854,623,118,1335,2208,2054,903,293,141,3170,2291,1,5,1549,2750,0,0,638,1,44,9430,8,6819,14,170,236,3,11553,7,164,96,3,130,92,105,646,1949,540,20,1741,262,8460,2,3698,353,10719,982,15,495,3,20952,4,353,6,305,8,18,69,23,0,8,1,246,1,4,39,1,220,468,78,0,11,10,0,44,10,6,124,910,176,53,7,16,9155,90,125,1,1,27,118,59,0,255,2,11,64,26,81,18,40,13,5,19,1
TCGA-44-2656-01A-02R-0946-07,689,38,535,12,2917,6471,5249,2606,4413,10,7,217,380,273,73,11483,2952,1914,4559,698,20,1374,1052,44,18,28,10742,15575,1424,19905,114,10941,2168,1370,1098,3076,1741,66,528,150,2158,115,14,39,4888,665,252,744,4939,577,6539,9817,695,423,20,5907,6840,103,389,17,190,16282,392,195,149,2716,908,2,7,388,1946,618,190,11578,32649,252,276,1962,696,0,15,1081,9820,1223,3984,734683,101,955,939,854,311,12562,2098,816,2707,172,156,2470,4978,792,695,400,166,1037,4170,8873,1002,951,89,187,452,24990,1353,1732,983,1447,219,1040,549,24,2606,143,22481,42,3519,26,28,611,345,919,133,45,260,2411,6742,20933,288,401,46,3096,294,162,1499,4103,364,1406,2413,55,999,126,2112,87,26357,13,614,1425,6372,262,11755,93,339,154,1571,23,323,280,154,55,38,14,19471,629,957,784,3972,1425,144,739,1119,240,230,1741,5248,1028,1962,5963,552,524,1125,1211,383,115548,4183,25,856,253,51,434,888,1413,1030,2538,2833,148,375,11,7116,330,263,1874,6436,1394,2333,329,413,10184,1742,2,24,3777,7938,36,8,1552,12,205,10655,990,4849,8,6,261,50,6132,15,157,166,54,356,267,1042,4874,5173,871,36,3584,368,25535,4,4876,730,2700,1581,74,8510,230,19001,4,1604,8,735,16,6,167,68,2,4,6,45,5,84,100,1,114,2399,299,20,28,72,6,147,16,8,6,72,139,11,25,108,21649,26,71,12,1,324,371,531,10,136,14,4,273,5,352,35,48,22,70,18,1
TCGA-78-7535-01A-11R-2066-07,305,260,352,1,3115,1914,207,633,1223,0,0,139,631,117,4,5570,645,1349,69,1582,4,441,648,1,27,9,900,26762,8,25292,11,20146,187,1521,80,1251,1485,12,108,122,1580,93,1,9,1069,340,249,488,3760,473,9105,3756,1248,252,0,5378,579,9,3,0,71,5130,112,45,114,1113,3975,0,0,178,527,579,4,7851,10951,12,62,161,356,0,0,1831,2645,655,1207,9104,23,680,611,505,32,11695,1100,167,1083,17,127,4672,1111,997,151,293,280,1106,1101,20651,373,17385,6,100,41,27258,653,147,959,392,20,192,885,3,99,8,11548,0,1721,0,0,47,1999,196,20,6,3173,937,1970,23080,15,2,3,1609,109,2,4013,647,137,550,96,12,327,0,1142,7,19546,0,105,379,1672,272,4618,3,31,64,3290,14,767,81,33,7,55,9,3471,106,425,3631,2065,563,98,6,1157,80,96,456,1967,605,10,1212,182,5,38,82,5,724,2241,0,603,21,3,298,336,537,36,498,901,19,293,4,8305,65,28,1069,1735,2301,1205,38,328,8748,1812,0,2,1385,24142,0,1,389,0,77,6480,25,2932,1,0,152,3,4984,8,104,259,2,900,359,233,122,6998,316,23,1023,1235,12649,0,4335,433,327,595,3,545,597,38459,0,2310,3,409,17,1,31,0,1,2,1,2,2,0,45,0,34,208,77,0,30,5,0,0,27,14,0,82,25,3,1,3,7564,0,117,4,0,8,206,33,0,317,31,0,52,0,96,68,35,0,0,12,1
TCGA-86-8358-01A-11R-2326-07,662,13,180,2,230,1440,263,682,493,2,0,84,190,77,70,1496,540,420,2970,373,2,179,241,11,1,232,659,5904,20,14928,57,3536,442,408,415,2628,650,0,47,146,1320,1940,1,17,481,213,754,161,1102,191,537,1218,1055,120,602,854,804,65,9,0,447,4518,650,71,566,257,821,4,4,57,144,13,16,1021,4109,25,38,182,144,2,2,215,1715,148,364,2329,105,2187,534,299,72,6991,1459,146,1094,17,62,1480,886,286,388,117,66,480,525,304,120,22,5,46,28,6124,41,497,168,175,51,242,477,11,269,207,884,25,777,0,6,62,580,80,15,17,124,324,2335,22,28,13,7,766,51,214,273,490,424,388,373,7,157,6,321,26,12986,14,50,308,2654,19,1757,8,96,59,2705,3,658,54,14,528,4,5,1557,19,169,35,2595,889,57,44,715,69,83,2158,1387,183,62,637,64,68,41,263,5,2289,311,11,339,268,6,37,178,330,24,482,331,67,33,0,144,429,198,377,1962,110,369,98,67,2865,602,8,16,907,2348,129,16,1898,129,100,3018,47,1391,0,0,2,126,2133,13,397,49,7,13,77,224,233,2303,56,12,277,410,2891,1,469,199,7584,542,8,333,3,3645,6,100,0,2323,5,2,74,1,0,3,0,9,0,3,15,5,24,96,42,3,2,9,0,4,5,1,0,2,2,18,19,26,3298,1,20,3,2,25,148,83,0,180,0,0,185,0,77,6,23,15,4,10,1
TCGA-62-8402-01A-11R-2326-07,345,5,262,10,325,2310,345,136,942,0,0,364,225,39,26,3975,510,477,14,197,0,2239,194,1,1,1,1930,2473,1,7927,8,1815,410,624,48,2519,393,0,305,31,1822,53,0,2,729,113,98,86,1100,1266,482,531,709,444,1,1331,4129,6,29,3,57,3577,88,2,1270,572,53,0,1,40,310,57,32,1228,10374,16,5,80,160,0,0,199,2246,441,1177,3316,8,707,559,219,165,9452,979,76,4274,3,61,1688,307,489,403,105,30,252,1044,55,70,0,0,27,19,38416,369,170,384,569,72,292,319,7,173,125,2058,0,785,0,2,8,440,46,26,47,62,798,1805,5679,9,6,329,746,63,9,995,1699,157,315,370,2,166,4,515,17,29579,4,8,354,2596,110,4302,3,137,243,1576,3,337,39,4,80,5,15,3974,6,156,5,1899,84,404,11,541,2565,53,1812,6118,255,190,342,71,4,28,92,2,101,81,0,183,81,4,98,97,198,13,483,674,8,49,2,41,75,2,564,1787,6226,505,96,19,1989,1213,0,0,2335,3082,164,2,397,1,12,2904,15,463,2,2,1,11,607,2,395,49,3,80,20,187,66,1788,26,9,1420,77,7512,0,854,230,473,2377,0,349,321,1900,2,469,0,33,2,0,37,0,2,0,0,6,0,18,19,0,60,42,12,0,0,3,0,10,0,2,1,1,7,7,1,12,3488,2,3,5,34,10,62,6,1,75,6,0,711,0,9,1,18,1,17,12,1
TCGA-MP-A4T7-01A-11R-A24X-07,378,41,340,38,1564,6195,8374,1718,1396,4,1,163,295,197,49,5508,784,1487,6719,614,14,982,1034,28,13,28,10910,11654,317,10189,67,5993,1483,1090,1657,1892,1496,27,331,98,705,91,27,24,4203,553,242,1042,3999,680,3637,11478,804,376,14,2724,5308,72,31,26,97,8320,461,88,168,3905,575,8,33,248,1024,585,362,3630,12845,61,186,492,390,4,15,803,4292,385,2061,280245,81,466,799,603,131,6290,530,537,1862,73,146,3663,2149,692,472,343,94,503,598,13358,276,1776,165,138,373,14146,1129,1460,487,770,191,818,306,35,2784,186,7504,43,1558,6,35,428,2143,709,214,78,250,738,3961,21386,114,100,37,3063,169,158,1526,1757,190,1007,1128,102,802,225,816,126,16623,2,1778,666,3058,316,3822,96,200,223,1598,20,378,148,66,70,47,79,7288,178,522,272,3203,682,178,241,1195,181,400,1601,15445,521,192,2996,363,203,237,756,756,241351,3625,5,999,365,15,248,761,713,545,983,656,69,331,8,8756,132,62,1124,2041,1477,2089,358,280,8520,968,1,19,2612,1519,22,1,2565,3,117,2888,462,4364,20,31,530,68,4380,5,119,379,20,2205,213,216,1967,4162,1035,68,1243,276,8485,3,3441,668,2190,2420,161,11946,541,11383,3,813,0,543,15,1,73,178,0,3,3,36,4,15,54,3,138,1491,409,15,136,23,6,19,29,6,2,67,64,9,20,173,8047,29,135,12,2,210,315,312,8,322,7,5,150,3,431,86,383,36,23,24,1
TCGA-50-8460-01A-11R-2326-07,126,81,789,3,1166,4312,1110,1772,2437,11,7,161,277,157,39,2891,1916,1419,2452,781,22,562,863,16,7,33,32564,9675,124,6911,94,13259,1396,1311,790,1314,2078,4,135,69,511,61,4,16,2771,474,257,1727,1146,477,1462,3167,177,257,21,2822,4644,52,239,7,90,10542,296,149,144,684,553,3,9,266,270,146,751,12663,16614,48,242,769,301,4,16,650,5077,1108,1021,94455,86,170,634,401,134,3768,343,409,1208,86,131,925,2902,778,665,433,105,399,971,97168,86,4598,17,125,442,3353,289,3117,492,265,86,1259,63,31,3428,34,4449,7,2003,1,5,298,582,1288,27,461,180,561,3035,279,246,33,29,5081,146,40,1222,696,141,1627,1520,20,511,62,903,80,15354,17,193,728,2942,157,2651,29,109,145,441,53,153,241,69,32,19,10,5396,316,1231,3344,1240,1121,65,323,457,240,408,2210,1370,675,579,5273,161,200,160,742,192,96270,7224,25,927,171,39,409,642,545,110,5315,776,64,319,9,8318,105,66,997,3801,1195,1455,100,511,7422,665,9,13,3788,1533,4,1,286,4,128,659,479,5087,3,6,73,49,4152,9,48,233,10,185,176,141,4401,4029,410,6,1375,225,2810,1,8177,658,854,931,20,3938,8,7464,0,237,3,331,23,2,121,48,2,3,1,21,6,3,68,2,20,1660,117,4,6,51,0,7,5,2,3,22,37,14,66,47,11508,5,64,9,2,61,224,360,4,331,2,2,146,0,152,130,56,37,7,13,1
TCGA-69-8253-01A-11R-2287-07,204,64,1502,21,1720,5421,2879,3305,1866,14,7,290,1062,299,78,6973,3602,2612,2933,1112,93,1559,1271,43,8,47,5994,22885,758,15402,74,9232,563,1935,3794,3243,2096,26,136,164,1092,104,27,45,6363,1035,385,2551,2498,939,5780,12430,1231,782,41,3158,3958,44,2146,15,189,13851,396,217,177,1813,876,13,31,313,684,447,173,3132,49373,55,318,1447,673,4,38,1846,7296,1841,1176,259942,170,262,1351,897,229,15184,1261,316,1332,101,245,6214,3055,1635,744,570,227,851,1173,29828,607,6833,71,225,548,25926,687,1606,639,490,225,2050,267,67,9698,89,8772,27,3436,17,22,600,2423,2165,339,73,422,1212,3947,9868,490,297,41,3803,293,235,1805,1739,182,1898,1604,63,1322,63,1203,330,48137,8,202,1279,5302,481,4552,113,256,169,550,205,173,343,80,63,16,27,12001,701,1518,584,5134,578,130,501,1151,225,1291,2635,2526,1247,1595,7781,263,350,206,3754,157,48895,5153,57,916,389,49,412,983,1454,569,3223,934,150,144,12,2788,139,109,2027,4331,6151,2568,308,433,12474,2060,64,24,5066,4815,54,32,1331,11,152,6172,363,3062,13,9,15029,97,3881,10,80,398,57,170,189,980,3173,5671,311,26,894,308,17835,5,10122,1118,4795,3454,136,11389,65,18359,7,484,13,682,83,0,120,95,16,4,5,7,12,13,109,0,58,2601,724,32,82,48,9,49,7,17,3,40,121,15,29,126,16699,23,205,10,8,211,406,669,16,299,8,1,391,3,1162,37,86,4,15,29,1
TCGA-49-6761-01A-31R-1949-07,210,13,199,2,446,1478,1226,907,992,3,0,32,63,44,39,3786,445,643,425,129,4,308,924,0,0,3,1535,3083,1,13933,26,1952,186,394,206,1534,426,8,195,20,797,18,2,1,759,195,103,433,992,269,1624,1790,452,46,3,1096,1358,11,22,4,54,5777,55,18,50,275,958,3,4,93,1119,60,23,1506,10078,21,42,253,209,1,3,305,1033,275,832,73887,44,461,750,264,18,5088,1063,62,342,10,26,612,557,257,116,133,91,230,388,1612,183,153,6,71,37,6615,348,164,217,226,81,164,152,3,704,71,2291,9,818,1,3,51,598,189,48,12,141,329,1069,25069,21,16,3,1002,67,40,387,117,33,292,603,5,211,122,286,10,8113,562,18,264,4091,44,2606,6,51,19,1387,14,188,49,26,7,11,6,2239,47,200,107,1957,482,107,40,594,87,39,1041,625,209,648,747,41,29,17,149,64,14356,213,5,134,89,7,57,132,254,49,481,364,8,62,1,648,470,36,1025,1494,1112,403,20,33,6064,669,2,2,737,1408,1,0,209,5,20,5023,83,781,1,0,18,10,745,2,241,67,1,406,47,225,232,1887,85,11,572,108,7003,1,780,186,271,555,0,878,368,2512,0,211,1,114,4,2,30,29,0,0,1,7,1,3,19,1,3,984,147,2,10,3,0,9,6,1,0,1,9,3,0,5,3463,3,23,2,1,27,135,56,0,62,1,0,42,0,66,9,12,10,9,9,1
TCGA-L9-A444-01A-21R-A24H-07,151,172,160,4,762,3286,639,504,1580,2,1,43,131,154,59,2238,1190,997,4,234,2,298,506,1,0,17,2461,3363,93,9444,19,3263,973,983,27,1611,1023,7,133,61,939,57,5,7,1349,197,140,404,1867,333,844,1315,335,131,0,2140,3844,18,7,0,56,4494,190,58,62,561,459,0,3,98,963,366,2,1963,10699,23,55,354,293,0,1,392,2468,669,1151,194406,16,242,615,375,60,3706,545,270,1187,20,116,1161,1251,379,256,181,32,425,1496,1356,73,146,2,85,40,3772,1084,453,423,521,13,332,269,7,311,10,3906,1,1107,1,0,78,572,103,42,18,177,502,2461,2900,41,7,25,1648,95,15,635,756,341,737,808,2,320,6,675,17,11193,0,4,546,2207,63,2411,0,82,26,1161,2,220,108,28,18,5,1,4916,47,510,635,1147,178,52,130,643,63,126,665,2002,301,46,1498,229,36,33,109,1,27,805,0,258,77,31,124,652,381,51,811,1057,12,79,3,1417,146,72,730,2068,4448,650,19,104,4569,660,0,4,1326,1478,0,1,206,1,63,3135,27,3554,4,0,0,3,1909,9,74,148,1,110,115,361,538,2144,440,16,1865,124,3518,0,1483,381,431,596,0,261,158,3018,0,291,0,119,11,0,106,0,1,0,0,8,2,1,36,0,46,214,38,0,0,8,0,3,7,0,0,13,4,3,8,14,7361,1,30,7,1,17,99,26,0,208,2,0,33,0,15,19,21,1,5,11,1
TCGA-55-7227-01A-11R-2039-07,187,41,275,1,2482,2102,2993,796,2734,0,4,68,191,196,29,3720,1554,966,505,734,7,831,696,25,4,11,4064,16442,30,6740,56,20280,1825,679,973,1697,1337,31,425,53,823,131,3,14,1857,438,136,513,1371,258,2958,2895,743,96,17,1875,2656,45,12,6,90,7146,115,87,186,1118,752,3,9,162,502,369,71,4261,15603,52,91,442,257,1,1,1090,2995,525,1687,139811,51,314,273,408,56,5278,616,205,4243,86,64,966,2983,451,554,205,57,507,1155,13637,100,234,17,161,290,9417,483,708,526,545,90,348,134,5,661,92,4832,10,1261,1,1,313,759,388,28,11,90,617,4836,7436,106,26,26,1222,87,25,865,1143,67,608,1101,3,489,31,999,5,8726,2,137,821,2726,85,3204,0,26,21,448,6,103,104,49,22,11,9,8124,129,695,746,2132,1165,96,42,676,155,98,1348,656,567,189,3304,148,15,272,217,14,5572,2067,1,485,58,12,68,351,565,33,786,753,30,132,4,3080,134,79,985,3346,1617,956,62,234,8809,566,0,6,1502,2933,0,0,274,1,92,1494,227,3841,1,6,19,22,2653,4,93,123,4,73,278,158,1947,4073,356,19,1970,260,6929,0,2082,448,809,627,5,479,366,16825,1,566,3,673,11,2,181,17,0,0,4,10,2,10,18,0,99,1098,44,0,10,28,0,2,4,2,1,18,23,12,15,17,7002,0,46,5,0,103,188,112,2,98,6,0,154,2,31,47,62,14,14,23,1
TCGA-44-7669-01A-21R-2066-07,1262,56,559,16,685,5171,1735,1859,2425,11,2,462,1068,254,44,5188,1841,2226,4113,950,23,1042,824,108,6,435,9564,12709,210,23412,52,16476,2051,943,1631,4546,1067,10,256,89,1791,354,49,23,2620,450,300,301,2290,467,3472,8771,920,1090,656,3132,4467,52,185,35,1524,12860,758,182,243,3577,3674,10,38,172,1843,371,535,5023,17426,130,125,887,581,63,88,667,5960,447,1905,77474,253,2042,1075,885,131,20775,3864,367,3699,92,143,2388,2868,566,777,323,431,1109,1500,7553,1498,630,127,80,403,12391,548,3417,551,1147,185,1186,677,30,3671,166,9284,101,2832,16,20,652,996,101,17,37,35,947,8761,533,175,175,29,2842,219,2972,1069,3223,1098,1639,3240,36,550,76,1520,121,26828,8,596,2039,10895,294,3817,28,220,212,2592,26,974,207,96,1220,190,22,8905,281,480,655,11244,2704,246,372,839,166,382,2314,5634,900,213,3177,378,129,134,1922,494,74154,2836,3,1126,349,44,304,1068,1367,377,2855,1253,142,168,9,11456,767,91,2006,5679,350,2443,1212,464,8965,1333,3,17,5047,5784,163,31,2332,125,86,6247,97,3952,11,21,299,51,5008,57,797,194,13,395,132,389,2361,3510,699,38,1398,1301,5413,4,2628,650,6006,3173,24,6803,21,13769,13,1195,6,3995,17,4,200,36,2,11,1,55,5,8,66,2,148,1046,702,4,53,58,2,58,23,6,2,91,75,52,11,67,18496,37,61,16,15,309,338,334,3,197,4,0,1174,1,963,101,25,38,36,20,1
TCGA-75-7031-01A-11R-1949-07,178,23,179,7,415,1744,1065,245,366,0,0,30,149,42,1,2767,407,272,855,120,1,180,146,10,5,5,2528,2759,147,3098,8,2460,373,197,956,1075,328,3,43,10,803,39,4,2,3391,88,38,195,2736,146,878,1199,147,151,13,1119,1767,9,42,3,99,4312,54,25,46,443,452,4,1,57,444,75,60,679,5124,510,39,97,74,10,3,157,2195,176,497,33354,44,185,236,98,29,4582,626,77,778,12,23,703,496,129,111,66,51,194,398,2597,38,355,20,35,49,24657,123,322,133,241,47,164,210,8,653,95,2442,18,498,0,6,132,156,247,20,17,32,315,1930,11813,33,115,4,470,27,85,371,612,125,167,249,13,108,4,199,8,15571,6,706,182,1912,118,3081,15,55,63,1183,16,254,32,18,41,2,10,4977,77,121,156,1393,305,151,62,251,37,61,642,9140,118,86,582,54,37,47,253,160,36809,779,1,344,37,3,106,279,136,48,330,256,14,31,0,1200,82,16,226,739,136,292,120,43,1610,649,1,4,516,1575,2,2,351,1,12,4961,56,790,2,0,70,11,3252,2,95,32,2,131,30,57,273,698,245,2,356,112,7034,0,872,70,3614,937,5,2135,266,7874,3,244,3,132,4,2,32,76,1,1,0,10,0,8,14,0,28,392,65,1,9,12,1,22,3,5,2,22,41,3,24,2,2357,5,29,2,0,22,45,48,0,50,0,1,33,0,39,17,6,188,8,0,1
TCGA-78-7143-01A-11R-2039-07,568,15,219,6,1394,3720,3684,1295,1451,0,0,322,485,114,20,4223,791,539,287,809,34,1148,476,24,6,23,5119,16170,66,25218,44,8832,485,570,1397,2136,1327,13,409,35,1612,107,2,7,1105,250,84,514,2481,167,2887,2697,1032,281,26,2115,2291,26,10,3,46,9467,262,25,149,821,568,0,13,211,983,368,114,5184,12927,56,110,176,206,9,24,855,3732,140,1736,139289,67,1238,680,263,52,7681,1316,159,1656,71,63,2287,1511,258,170,105,186,415,531,3767,66,389,295,113,357,19105,622,738,460,327,30,214,490,2,1524,102,7321,3,748,3,0,310,377,71,64,65,140,972,3576,1379,52,2,69,889,61,116,825,742,151,421,1442,4,224,109,623,131,18726,0,1792,378,2378,58,3779,1,41,48,2048,11,551,42,79,27,10,7,6400,77,274,75,2800,504,167,175,788,100,144,2547,1316,340,196,2691,202,10,203,86,53,18477,1444,2,1572,98,19,669,429,389,75,498,443,22,150,3,1569,59,96,604,1191,3756,608,51,366,4401,1196,0,38,961,5080,1,9,474,1,71,3163,338,3110,1,1,45,25,2934,10,399,124,4,22,188,1125,2014,4933,659,19,1459,440,9233,2,1778,246,827,553,12,325,48,17336,3,408,1,300,5,1,161,34,1,2,5,18,3,19,30,0,82,1092,207,18,7,33,0,71,4,12,0,48,36,16,36,33,4697,0,76,7,3,102,86,122,0,155,2,0,74,0,100,23,39,13,9,23,1
TCGA-55-8092-01A-11R-2241-07,881,30,222,14,248,12144,1223,532,1099,1,0,23,445,226,6,9371,1001,890,31,338,10,1927,531,2,3,22,1067,14712,19,26561,15,4151,3258,1029,60,3287,2040,3,632,58,2215,139,0,11,2279,346,127,273,3182,333,3411,3146,589,1156,0,4668,3993,48,11,73,165,15987,175,52,112,836,351,0,22,133,451,167,452,6072,15248,156,86,180,307,0,3,780,5044,436,1315,2718,49,819,813,454,55,9696,1706,482,745,51,100,4564,3529,202,464,179,46,518,1218,1030,348,28,5,119,56,27728,24,716,441,516,44,333,788,3,432,146,3828,10,1392,2,0,198,2138,140,49,6,564,751,6051,4380,35,40,13,1249,96,54,2127,956,38,588,2232,13,550,5,579,34,31896,0,0,513,6297,42,5560,0,260,16,1016,2,388,106,63,153,21,7,8646,98,172,18,2715,1786,192,59,948,145,137,1579,8361,422,121,5553,141,32,196,257,3,205,1612,1,63,110,27,145,259,465,75,673,906,271,101,2,141,623,60,944,3892,2396,929,11,112,8016,2359,0,5,1526,4668,0,1,500,8,53,4629,17,4598,6,1,1,1,7176,1,167,178,8,185,160,335,1363,3847,366,25,1401,177,7716,1,5872,327,1246,794,0,396,144,5762,0,307,0,392,7,0,100,5,0,0,3,58,2,4,33,1,40,308,205,0,4,33,0,0,16,0,1,10,9,12,8,12,10913,1,114,3,0,22,200,52,1,91,32,0,65,3,114,10,25,4,5,27,1
TCGA-49-4507-01A-01R-1206-07,270,11,234,5,334,5267,499,558,564,3,0,42,203,79,4,7671,1274,983,17,405,2,451,790,0,25,3,1179,4297,10,16532,34,1695,229,1260,18,2631,341,59,727,89,954,42,0,1,928,218,186,331,1903,356,6297,15899,1201,46,15,3559,5565,11,13,2,42,5921,30,42,64,322,237,16,0,121,76,25,57,2548,16364,926,59,193,362,2,6,883,999,1047,2259,952,112,1040,1128,487,25,15772,1791,61,210,24,93,2443,812,1077,128,318,20,325,1227,903,226,10,1,106,41,17497,25,225,613,608,210,345,1176,1,486,105,6132,0,1183,0,9,12,1539,502,127,2,498,556,1467,54405,21,12,11,1399,102,21,1741,753,33,1060,237,11,408,10,381,2,25273,1,12,391,3735,687,4619,0,301,36,2147,3,993,49,38,7,69,13,3803,112,393,4,2674,548,58,24,2605,25,50,1257,3172,623,24,990,75,2,131,59,168,1264,1765,45,59,16,11,53,307,354,33,1272,705,9,49,1,46,315,95,693,3227,1624,650,94,37,12543,763,0,35,1232,6332,0,0,344,0,26,6910,20,2941,7,7,6,1,1617,3,412,166,4,169,229,233,15,1877,483,6,1020,136,16674,1,2016,314,159402,249,2,572,1207,13975,2,358,0,112,20,0,48,3,0,0,1,4,1,1,101,0,7,215,66,0,2,10,0,2,2,0,2,20,15,0,10,9,7436,0,234,4,0,8,245,14,0,81,4,4,23,5,39,16,27,0,9,9,1
TCGA-73-4666-01A-01R-1206-07,1540,12,254,7,1409,6196,6383,643,1535,4,0,112,257,102,64,5714,1197,1118,1137,279,7,1383,447,10,21,17,5493,4104,31,15125,62,4539,585,1026,260,6118,1668,7,874,37,2918,41,4,9,2005,304,147,464,2865,315,18760,59255,5531,155,7,4243,5866,31,50,4,78,12544,203,43,76,857,273,60,4,67,595,133,90,10596,12080,58,48,432,413,3,5,3741,4660,797,3323,70121,32,2449,1153,502,41,20918,3086,106,790,35,68,3016,1142,356,266,245,71,1218,3325,3995,604,170,47,80,115,34727,212,948,625,1681,67,569,1238,77,478,248,12952,9,1829,2,5,148,981,203,13,20,238,755,5434,11943,44,140,13,1599,282,303,2619,1289,55,676,922,28,358,23,849,29,92377,2,66,461,4050,166,3578,7,132,24,3365,3,1221,78,44,37,22,3,11184,99,373,173,5700,389,68,126,900,45,110,972,2641,559,389,1065,213,101,47,590,128,28570,1298,3,258,405,18,111,241,501,48,1547,1683,79,218,10,1508,164,44,922,3889,1372,1140,99,42,6338,1905,0,8,2264,12924,5,2,620,2,108,7710,76,1881,4,5,94,11,2129,7,1314,125,4,92,44,399,517,4843,482,5,2385,139,34929,0,2383,327,724,1099,3,2465,210,14422,1,1998,4,194,10,1,54,6,0,5,4,11,2,60,65,0,26,285,639,0,2,15,0,38,4,1,3,61,39,1,8,8,11285,7,52,2,0,37,174,212,4,80,2,2,129,1,100,32,17,7,31,6,1
TCGA-91-8499-01A-11R-2403-07,624,9,139,0,1640,1952,496,1167,349,0,2,5,2486,63,30,2103,1098,842,128,164,476,150,1195,780,2,464,529,1410,1,8154,20,2223,947,350,125,3218,283,0,63,138,1611,346,0,441,1276,123,63,43,554,460,704,1310,145,447,35,874,1513,21,54,0,385,6879,95,82,287,820,535,353,26,23,200,93,28,652,2169,20,9,209,289,0,10,175,2392,614,3107,1378,168,701,252,268,532,9296,1576,263,288,95,55,564,422,1005,84,105,23,280,764,431,82,66,20,31,8,4899,166,1523,260,282,5,188,601,14,82,227,1856,14,1017,1,11,25,308,359,4,3,358,238,1530,26,29,55,14,990,91,3731,470,316,50,340,288,1,185,5,281,2,16375,3,20,199,4281,23,2042,8,16,38,1212,4,437,211,4,215,4247,3,1583,96,310,932,1980,1849,47,67,381,432,54,2629,3313,221,198,754,104,85,18,123,2,1755,343,4,149,307,2,18,198,247,63,803,277,59,26,1,931,117,383,330,605,1578,688,125,316,2070,585,419,2,995,4724,3,7,322,2,19,3694,47,1608,5,2,11,710,4376,8,200,79,0,127,60,9213,157,1747,72,4,322,409,3932,0,759,150,306,906,2,469,0,5679,1,338,0,57,3,0,67,2,0,3,0,6,0,21,29,1,6,144,24,0,3,18,0,12,0,14,0,7,9,30,2,1,4938,18,74,3,1,28,102,31,4,37,5,0,795,0,13,2,8,2,28,2,1
TCGA-86-8359-01A-11R-2326-07,227,26,192,3,306,1987,263,520,381,1,1,26,559,80,13,11144,340,435,48,197,17,223,483,1,1,3,444,12997,11,13631,3,2423,633,629,82,2406,385,5,101,21,717,24,1,2,1169,587,69,265,2072,152,1732,1833,1994,188,1,1275,2649,8,6,1,97,3676,140,215,60,231,771,0,0,69,205,17,15,1086,26796,28,54,147,122,0,0,404,6440,211,750,7706,19,381,687,224,74,4132,682,50,696,5,58,2058,854,195,173,85,42,248,493,337,123,198,1,53,56,19935,133,221,289,196,38,391,250,19,698,28,2955,0,687,0,0,80,1156,248,112,14,151,210,2446,7369,60,19,5,875,42,3,841,985,17,312,171,11,157,4,187,6,17088,0,9,281,3537,48,3735,3,67,20,807,1,197,37,37,19,6,12,2732,86,145,8,1596,82,65,39,477,41,53,728,7594,225,41,2138,49,30,33,112,7,994,391,2,151,40,3,15,148,316,26,371,210,24,97,1,247,83,143,299,1537,2571,496,245,154,4705,360,0,2,1202,2186,0,5,115,3,191,7033,172,1384,12,0,187,3,781,11,116,74,2,279,101,70,186,2988,21,4,844,170,8439,1,3049,127,315,610,0,243,270,1820,0,1179,0,179,2,0,74,3,0,1,2,2,2,0,14,0,25,328,22,0,3,2,0,6,5,1,0,4,2,0,3,1,3498,2,65,2,0,121,109,141,1,61,4,0,66,0,29,6,20,3,8,13,1
TCGA-50-6595-01A-12R-1858-07,320,45,227,0,792,1240,551,959,1568,2,0,22,911,137,5,3624,1976,2287,7,367,10,701,617,466,3,10,2151,4942,0,11124,15,4202,510,1074,9,2105,188,4,273,70,717,25,0,3,980,319,294,109,787,651,8941,24609,712,27,4,2410,1385,19,3,0,124,7125,71,38,179,125,1003,1,0,25,366,13,5,5559,10598,111,57,646,851,0,1,812,1474,496,1619,1284,27,630,300,744,30,5547,734,89,302,23,70,572,1820,764,262,430,53,974,895,68,726,8,7,108,49,15767,83,976,944,301,23,284,180,10,248,86,1470,0,1912,0,14,77,536,144,6,12,66,437,3349,4539,114,1398,9,2625,156,22,631,1038,16,2245,245,8,410,818,873,19,18685,0,8,836,9841,210,2179,1,31,16,367,3,268,96,51,34,5,4,10483,38,871,365,1854,141,31,3,530,77,9,2451,945,833,12,2955,56,0,6,99,5,104,363,0,10,25,3,405,603,647,65,1285,887,19,76,1,20,166,41,2044,5935,693,1474,41,72,19567,205,1,10,4785,2179,0,0,187,0,76,1539,97,7487,0,1,4,16,1058,2,437,132,0,120,138,1117,273,2964,156,8,349,335,19702,1,601,770,712,758,0,62,42,4061,0,177,0,268,6,1,45,0,1,0,4,3,1,91,106,0,9,184,703,0,26,15,1,3,7,0,2,15,0,4,2,1,10662,0,31,11,0,12,343,47,0,50,1,1,107,1,37,11,36,0,11,10,1
TCGA-44-7667-01A-31R-2066-07,1011,353,613,2,102,2497,710,189,706,0,2,0,338,89,5,12907,1001,1575,14,550,6,122,439,15,1,46,906,7621,49,22318,12,5870,227,789,67,4068,200,7,195,62,2858,438,17,2,1035,102,220,194,1205,8178,429,1654,587,43,1457,1343,643,17,8,0,115,11608,70,17,128,28,499,5,1,74,161,471,42,927,28936,32,15,310,365,1,0,254,3155,555,1344,5741,397,1597,640,466,39,24005,2283,110,3709,7,65,2480,990,895,130,380,353,306,537,1167,369,9,2,61,8,7330,37,1587,332,215,13,90,509,1,135,66,3155,23,1420,0,1,29,907,137,0,19,115,289,1594,4513,5,14,5,1626,76,11,841,165,125,932,103,14,306,0,605,7,21431,0,1,464,5000,73,4427,2,93,7,6066,4,1185,45,53,329,6,2,3360,271,343,9,5013,1346,1362,7,306,42,16,2172,3279,489,4,508,49,3,22,167,0,39,478,0,73,2201,1,17,298,384,116,1804,1016,12,46,1,26,1646,4,1292,2858,5830,908,3518,104,6466,1204,1,1,2465,7046,0,0,2359,0,56,11232,105,1419,10,0,7,71,2992,0,883,198,0,35,136,1906,6,2955,35,1,230,487,4584,0,445,415,364,7370,0,49,97,5101,0,708,2,496,4,0,27,4,0,0,1,16,1,0,44,1,32,31,2,0,2,10,0,14,0,0,0,6,1,43,7,5,7522,0,31,5,5,1376,167,14,0,38,1,0,445,0,36,9,13,10,14,3,1
TCGA-99-8033-01A-11R-2241-07,1144,17,551,41,432,5516,2946,514,1021,11,0,39,349,152,19,8891,1081,1313,270,1066,6,1100,534,4,4,9,2632,31295,5,18977,18,4733,651,979,787,5105,1308,4,467,86,1613,81,3,7,1934,301,219,543,2934,541,9783,17533,1576,537,11,3085,9242,21,10,13,103,9653,195,46,80,589,367,1,1,129,1141,354,160,3232,16027,261,112,332,472,4,0,2049,6755,634,1863,21455,131,1230,1154,558,52,11717,1479,164,738,50,93,4290,2172,397,256,287,54,599,1357,22706,400,292,7,102,98,10840,61,376,423,688,137,461,838,13,702,135,9014,4,1789,3,0,91,1019,532,85,8,844,668,4359,55701,42,318,7,1312,136,6,1820,2752,52,717,911,24,435,5,663,9,19800,3,134,893,3778,303,5847,0,290,24,2346,2,880,138,167,51,9,24,6098,135,250,72,5777,956,133,13,394,127,76,1089,3638,369,97,1795,120,21,273,87,26,561,1523,1,86,31,13,111,500,551,90,1004,1015,19,148,5,844,152,23,1300,4087,1103,914,9,58,25271,1830,16,1,1772,4929,0,4,491,3,103,4896,126,5594,4,3,652,29,1267,3,165,213,3,81,229,724,397,4190,414,11,1426,211,25682,2,2044,487,7393,824,3,589,983,20425,0,630,1,560,16,2,154,6,1,2,0,28,0,3,42,0,38,207,135,0,469,20,0,8,10,15,0,377,49,14,4,19,9294,0,99,5,3,41,311,55,5,119,10,0,49,0,13,19,745,2,25,14,1
TCGA-62-8397-01A-11R-2326-07,34,13,79,2,383,2326,1083,127,1328,1,2,8,21,36,5,1126,298,274,13,370,5,304,219,14,0,5,2373,2654,197,3238,126,9764,254,219,96,511,802,10,62,16,269,26,0,2,308,55,30,172,662,102,637,289,88,69,10,818,375,3,0,28,19,3057,275,10,35,178,105,0,0,37,272,194,6,887,2963,9,18,104,61,1,3,130,1983,128,311,818,5,85,136,89,8,1374,134,267,781,6,30,804,610,122,134,51,21,114,175,1336,13,4446,16,28,26,2015,255,5488,169,53,44,96,20,0,757,6,2805,1,292,1,1,50,154,23,36,9,53,145,1120,169,29,0,2,826,22,0,624,609,9,157,318,5,115,35,233,2,4364,102,30,171,556,23,777,1,4,4,222,4,30,37,31,5,1,2,3655,31,98,7,521,282,24,33,187,30,60,543,1040,149,11,1160,62,6,133,59,4,165,171,0,1086,9,11,110,50,123,21,149,124,6,73,0,102,28,5,262,591,1112,260,16,63,2720,192,5,0,403,922,0,0,34,1,24,339,255,2044,0,0,0,1,3519,0,13,44,18,53,47,54,384,1022,459,0,465,111,2342,0,5652,111,3647,103,0,234,8,1890,0,293,0,115,4,1,14,2,0,0,0,1,0,13,12,0,16,282,33,2,13,4,0,7,0,3,0,3,10,3,39,4,2743,1,4,1,0,18,21,11,0,173,0,0,21,0,10,9,15,9,2,4,1
TCGA-MP-A4TA-01A-21R-A24X-07,960,26,261,18,215,3244,1353,370,535,14,0,13,151,81,30,3554,865,1118,9,530,1,1003,490,6,2,45,1805,3597,201,15531,19,1732,367,604,43,2672,709,7,363,68,1535,51,0,0,566,191,135,469,2492,565,1674,1571,706,694,1,4602,1684,45,12,1,61,6481,92,22,53,432,207,180,4,123,490,299,48,2407,21583,48,31,270,201,0,1,460,2923,621,1053,149,23,1183,909,378,16,8213,1416,135,298,25,102,4926,1396,385,217,288,35,443,471,2642,246,5,6,75,96,18634,113,495,334,262,39,272,936,3,849,351,1541,39,913,0,1,326,3604,129,53,7,169,1019,5600,14049,149,32,105,907,68,105,1026,1075,41,523,577,73,263,54,529,11,37255,0,9,309,2293,848,6261,2,37,7,3393,3,605,56,22,109,13,3,4831,33,247,9,3896,1744,71,29,689,90,182,1644,4391,398,31,1936,184,5,59,134,2,78,365,4,58,52,6,37,238,361,43,595,303,46,99,1,14,118,25,1033,2121,2396,576,157,67,5084,1467,0,7,1401,6001,2,2,421,0,61,7358,80,2346,6,18,8,25,1531,5,217,178,0,31,160,279,240,3299,338,7,483,137,13268,0,1291,325,6337,524,3,207,390,6197,0,481,1,235,5,5,64,0,2,4,0,17,1,1,26,1,42,371,501,0,7,2,0,2,7,0,5,6,16,0,22,9,5926,2,52,4,0,29,328,10,0,92,33,0,27,3,80,3,32,0,4,9,1
TCGA-55-8510-01A-11R-2403-07,332,88,579,37,1733,3658,7113,1858,1793,5,3,106,235,268,32,2521,1405,1623,2045,476,16,1154,846,42,8,26,4516,9896,114,9302,75,5574,1619,1192,1336,974,1164,40,639,75,936,87,25,52,1958,592,255,806,2535,487,5012,8418,492,168,14,2828,8187,60,179,20,138,6920,234,140,112,2337,456,14,24,278,1390,611,147,4129,14253,73,269,525,385,9,31,1004,4781,695,1826,113719,72,370,612,514,241,3877,596,578,1450,81,170,1507,3346,765,520,366,81,712,1428,7511,210,796,199,169,476,8821,1075,969,671,647,145,746,199,27,1436,77,6163,43,2341,50,27,552,534,1222,53,60,127,758,2998,1948,157,198,46,2521,156,141,837,1523,164,1227,1680,83,606,228,1149,86,16820,12,302,915,4312,205,2585,151,231,138,1050,25,272,134,64,38,30,77,7279,260,485,611,1161,516,102,543,565,242,311,1243,1079,522,332,6613,449,218,475,210,259,74113,1247,10,326,146,42,193,1370,605,299,1058,916,76,240,14,5805,105,174,1096,2922,1048,1491,209,393,8457,976,7,14,2972,3379,42,9,1863,16,145,3808,309,5530,33,16,123,21,2189,12,117,289,23,335,221,820,1525,4420,830,45,1656,244,5984,10,1531,802,2223,1049,23,6559,96,8227,8,969,14,527,24,3,69,132,7,4,3,11,2,41,52,2,82,965,1226,24,172,34,4,36,19,2,3,75,41,13,61,97,7847,11,150,13,1,284,214,424,14,132,5,3,192,2,510,85,43,59,17,21,1
TCGA-50-6591-01A-11R-1755-07,823,90,172,8,6444,1063,33,1288,2350,0,0,11,1247,1030,54,3779,174,228,7,1600,709,1298,224,16,0,149,212,5268,45,11780,75,7096,3,708,263,2325,196,36,16,6,573,18,1,11,1832,45,48,567,257,391,596,1779,188,70,26,269,205,4,7,1,4239,6708,450,12,1647,504,1115,61,1,6,433,10,48,87,2563,16,1,1126,111,0,3,86,1268,21,2597,1,123,1714,581,1484,97,9114,1366,1228,518,2,47,419,119,2194,42,216,697,2724,115,32,43,11,4,36,12,7208,230,441,2708,32,78,200,379,4,136,40,1775,0,443,0,80,43,37,8,9,383,118,166,839,322,25,23,21,507,8,516,416,1855,3443,284,118,0,1101,0,641,2,19510,1389,1115,202,4169,147,1956,1,4,21,1855,2,432,39,18,266,314,0,1263,16,92,17,3930,869,225,3,244,435,34,7693,1777,391,514,1405,6,2,4,30,0,1,89,1,5,706,1,163,107,129,34,342,87,155,12,1,28,1011,380,302,1421,8266,224,30,33,2593,637,0,2,850,3427,4,27,481,5,22,3057,14,1770,19,1,0,53,461,19,419,115,2,40,29,275,2,2701,20,109,30,202,4886,0,112,105,17,330,0,167,8,1437,0,48,0,2943,0,6,61,0,0,0,1,13,46,0,21,0,25,14,11,0,1,0,0,11,41,0,0,3,7,27,2,31,2823,0,12,2,2,18,47,8,0,152,1,0,1064,0,47,4,153,0,82,0,1
TCGA-05-5425-01A-02R-1628-07,468,99,249,8,699,1812,992,772,1271,5,0,29,185,90,22,7472,1608,883,2105,263,7,332,317,5,11,8,5201,5202,66,13486,36,2261,859,480,1124,4234,506,3,521,21,922,49,12,9,2355,263,67,269,1449,513,1786,2630,189,774,2,2252,8226,58,10,13,94,5785,273,138,88,1154,228,1,15,69,301,392,184,8305,18412,123,68,368,305,2,4,445,4850,566,2002,98372,116,607,482,367,213,6126,985,333,733,32,47,1804,1033,474,248,168,76,449,1200,8738,461,1138,19,70,105,18127,207,1633,338,949,898,632,175,12,1388,63,4842,15,1176,0,8,203,2422,573,47,23,197,520,5044,4876,69,59,10,1382,120,70,1139,826,62,411,656,16,355,36,521,21,33771,3,3766,511,2849,317,5252,12,82,28,708,2,358,139,47,49,5,242,5926,222,324,175,1404,729,61,123,710,89,114,931,2209,564,243,1936,226,87,957,782,275,70892,1336,0,347,141,13,146,412,542,117,1429,458,44,120,2,4875,177,33,762,1655,954,1165,37,127,3458,398,0,6,1517,2649,0,3,345,3,46,5365,131,1691,13,6,330,27,1965,2,123,130,4,129,126,91,1392,1821,690,16,668,202,5741,1,2544,207,1224,836,11,2519,88,4916,7,820,0,262,4,0,72,4,1,1,1,59,5,19,31,1,26,424,253,1,20,24,0,12,9,9,3,6,24,3,18,21,8438,15,73,5,1,56,758,86,0,81,1,1,95,1,175,29,26,35,13,8,1
TCGA-49-AARR-01A-11R-A41B-07,123,727,1881,30,1815,6493,9146,7963,2381,92,3,567,847,595,58,2992,2936,3136,5003,2191,146,1552,2678,119,15,406,10799,22990,645,5874,97,7589,5343,2715,2618,851,2872,70,243,243,709,203,12,49,6897,1161,643,3123,2628,2030,3960,13907,395,972,11,3540,5534,181,1694,35,233,6961,428,437,1043,3332,1586,16,71,637,1215,533,414,7335,45535,255,331,1736,1679,5,45,1460,6109,3052,5018,170575,225,332,408,1350,313,1923,280,951,2476,210,396,1055,9175,2186,1087,1167,338,1138,1577,13979,801,1848,103,385,1668,9289,1493,2989,1593,944,378,2223,118,95,12794,71,7069,52,4336,5,108,1152,421,2796,170,153,33,971,6500,420,348,459,265,4715,465,253,2464,1181,1795,3618,2927,301,1379,106,2166,190,10648,24,693,1691,7402,628,2258,163,1113,941,277,312,70,659,173,140,42,120,10267,1046,1699,723,990,1083,514,735,1427,504,1807,2786,1295,1258,1509,11353,506,641,991,4766,696,193866,2913,71,727,867,113,574,2171,1522,2201,3569,1683,204,193,52,5627,201,325,2755,6068,258,2481,387,1270,19215,255,254,483,6810,1224,78,35,2170,20,470,631,951,7826,30,50,210,234,11801,19,35,996,47,1521,1063,749,4955,6387,635,48,1582,763,2174,17,6910,1734,7618,1859,79,17349,20,9500,29,1146,13,2191,104,6,468,128,4,9,7,61,16,64,88,2,126,3787,1577,35,45,139,9,24,24,11,10,51,229,17,547,328,19571,36,182,37,10,321,1572,1153,21,311,25,4,551,7,1442,133,179,62,36,48,1
TCGA-55-7574-01A-11R-2039-07,275,81,229,6,1526,2858,443,1238,1819,0,1,42,266,240,28,3058,2492,1643,1350,1102,40,546,1261,20,1,20,9245,9404,141,4403,43,5604,803,1148,2093,1075,1199,15,91,106,506,64,8,4,2113,358,298,495,2390,534,1676,3228,246,263,1,2322,3927,70,37,18,137,5475,289,184,212,594,1077,2,12,100,645,83,379,4233,16770,156,190,769,622,2,17,720,2580,921,943,145231,293,229,376,877,45,2238,414,404,1040,105,142,957,2693,709,470,422,132,756,1164,9209,250,1035,34,178,94,4599,503,1413,479,300,218,1204,171,9,3214,26,4949,19,1436,0,6,380,591,297,52,40,63,576,4649,10805,93,230,27,2045,269,114,915,851,151,1070,1840,24,433,53,988,38,7152,2,153,912,3935,252,1958,37,120,104,503,50,77,255,59,77,7,15,7946,131,860,933,1430,1062,100,195,659,175,442,1522,1622,933,120,3714,319,45,24,1359,485,62356,2343,2,682,93,30,247,977,922,123,1909,1109,38,86,8,3301,104,49,1559,4320,610,1141,165,207,8062,313,0,5,2628,914,5,1,626,0,168,1151,29,2985,23,25,72,19,4666,7,124,197,2,240,146,77,1719,3529,363,62,774,218,3698,4,2649,700,961,1028,46,2051,744,5367,2,278,3,653,20,2,111,56,0,3,3,34,3,2,48,0,82,1496,141,8,21,22,2,16,15,3,7,24,45,7,5,53,9754,11,42,10,0,87,271,147,3,117,7,3,126,2,193,64,70,31,3,13,1
TCGA-44-7662-01A-11R-2066-07,1794,87,562,15,2173,3797,4578,1668,2651,3,0,455,1265,229,33,7047,1975,2397,27,493,16,1929,2625,3,1,26,1171,15233,6,18496,43,7000,3219,1398,20,3160,868,9,167,148,1611,86,0,6,1788,535,404,392,2899,1069,46123,50144,2655,111,5,5146,13643,31,4,1,181,14220,189,93,485,3826,1716,0,1,54,876,342,0,7052,20968,180,125,549,691,0,0,1562,2525,1174,2124,580,86,1426,1078,1155,36,10942,1657,296,1823,33,195,1762,3280,1009,874,805,130,1945,1602,29,671,21,5,198,35,30214,781,940,978,518,55,432,620,12,248,255,4482,3,3329,0,1,46,888,586,8,6,642,930,5669,21942,36,156,20,3458,223,5,1371,2282,120,1857,279,2,824,355,2310,6,27223,1,5,897,11847,299,6362,2,99,42,4645,1,1108,151,134,92,6,2,14009,86,712,8,3196,204,33,7,803,137,65,5185,6375,1163,565,3826,146,17,38,173,6,144,821,0,91,51,36,724,467,1001,105,1586,1117,29,271,5,13,103,35,2226,10537,2309,1291,82,138,33135,1705,1,2,4459,6829,0,1,1337,1,263,6518,286,10942,1,1,3,3,2180,7,357,216,4,1102,211,1645,14,7579,228,10,965,1071,13852,0,1402,977,2319,1857,2,356,496,11314,3,981,0,751,11,1,192,1,0,1,7,5,2,14,100,0,50,149,990,1,202,57,0,29,9,0,0,37,5,8,7,5,12894,0,68,5,3,22,300,51,0,105,4,0,96,0,51,5,57,2,39,20,1
TCGA-69-7979-01A-11R-2187-07,1233,45,334,3,2648,5857,189,726,749,3,1,457,300,97,273,5960,655,635,29,232,58,2886,2576,0,0,14,38301,18741,4,27898,16,7364,1145,599,37,3041,1187,2,354,33,1078,53,1,1,3091,261,115,565,4256,296,3839,2714,3034,436,14,2250,738,8,5,2,51,8459,184,48,197,455,753,10,8,63,2792,721,14,5345,13672,46,64,197,189,5,2,2145,4666,473,1471,1283,38,961,1597,338,33,39486,6870,92,1673,30,95,5749,2017,372,348,247,43,697,590,148,132,129,22,125,126,13081,2383,377,290,244,26,271,788,6,656,41,3632,1,1055,25,5,92,1277,93,16,1,706,1007,3176,4082,108,37,20,1144,57,8,1262,1695,2226,414,136,11,274,3,709,6,24835,3,81,911,1704,1393,5114,0,74,35,3446,0,1182,43,179,25,18,10,6318,45,163,25,1560,832,102,10,860,64,71,1362,1513,274,26,2175,125,2,75,200,97,1277,1094,4,443,21,28,58,194,309,36,483,445,5,87,1,10446,71,6,636,4270,1032,493,22,57,17621,935,2,28,945,5339,2,0,515,3,229,9366,36,5904,0,0,548,73,2822,3,236,237,1,193,97,471,292,8617,1335,10,253,859,11216,0,989,480,1419,727,1,232,53,7007,0,593,3,3426,2,2,357,1,0,3,0,4,1,2,32,1,52,303,171,0,5,17,0,29,6,7,0,129,1,19,20,4,4760,3,6,5,0,16,100,51,1,83,36,2,66,1,26,132,180,4,5,8,1
TCGA-55-8614-01A-11R-2403-07,289,103,288,4,4540,3026,199,5457,931,2,0,170,188,96,92,2707,651,822,257,513,8,790,838,4,1,77,2902,10497,41,4724,47,2395,1253,404,3547,1235,1079,18,110,25,963,69,3,62,1039,611,103,492,1351,1419,2249,3921,412,92,326,1538,1774,22,15,5,47,6086,140,61,1471,350,474,15,17,142,352,110,197,4673,15208,26,35,183,209,4,1,695,2643,300,695,37587,117,415,420,333,47,2782,536,1431,1168,35,42,2048,1215,499,412,321,54,422,310,3244,114,665,41,89,247,2095,1337,554,1551,206,102,463,75,9,2909,40,1327,7,693,2,11,201,1184,73,5,15,309,752,6275,1025,19,156,17,1394,52,19,821,813,499,281,449,462,333,34,431,48,17568,0,37,1162,2257,748,1986,6,146,89,1904,0,375,73,133,40,11,20,3981,48,195,113,1094,780,89,39,328,74,79,3174,1235,581,78,2867,113,13,54,249,5,854,2270,0,62,49,2,191,464,374,44,470,308,11,88,2,2791,70,38,586,5244,909,699,293,494,9169,393,1,19,980,2678,1,0,250,0,151,1900,34,3414,1,66,39,229,2649,8,92,94,2,218,92,205,596,2387,158,14,326,607,5494,2,1099,251,1357,961,0,917,19,3975,0,139,0,915,13,2,1304,122,2,1,1,11,52,0,16,6,43,281,102,0,30,20,0,8,4,2,19,61,81,72,9,14,3791,4,11,1,1,60,216,149,7,94,5,8,69,11,46,64,30,13,4,10,1
TCGA-69-7980-01A-11R-2187-07,670,292,425,47,2863,11042,1097,2004,1925,6,0,236,444,207,21,8476,1173,1267,1377,640,16,2202,2312,32,20,45,2422,23942,125,24097,65,12936,871,1020,332,5446,1016,17,282,71,1382,110,10,30,3036,432,232,1211,2140,529,1837,2317,1118,244,10,3748,4268,99,94,1,82,15237,209,118,208,8790,563,7,9,272,520,466,87,9087,23605,230,444,450,317,0,4,656,4611,746,1728,17074,61,942,835,606,143,9303,932,195,4157,114,129,2713,3890,564,1292,308,84,498,1694,1601,305,504,43,202,322,24879,1332,440,664,655,240,587,486,9,1273,407,1587,95,1710,5,4,395,1955,1113,147,20,135,696,6087,2466,71,86,40,1474,119,79,2055,2530,467,934,2192,25,389,226,826,50,25348,0,488,899,5257,1596,8791,12,118,35,1048,9,961,119,65,65,10,31,18018,124,366,818,2331,2459,136,311,848,235,252,1589,4597,497,280,9344,303,102,123,889,139,21055,2878,10,308,179,36,136,624,754,193,1137,1144,41,192,5,1056,226,103,1825,3333,10293,1263,148,272,13960,483,0,21,2102,4638,6,17,419,2,138,4439,46,3223,1,153,61,20,5266,1,221,186,10,225,373,661,2840,7069,712,33,1426,294,15165,7,2051,443,1491,961,7,4730,91,24312,3,357,1,642,20,2,330,43,0,2,3,22,26,11,88,0,93,1529,242,26,198,34,0,36,24,9,32,20,83,9,22,26,9695,10,148,13,0,238,257,152,6,156,3,20,148,18,243,16,35,17,15,52,1
TCGA-55-A494-01A-11R-A24X-07,344,78,536,3,4761,1854,63,118,414,2,0,69,778,45,77,5627,729,966,4,239,0,250,697,0,4,1,965,9313,46,18791,16,8913,9,502,42,2701,722,2,9,52,1119,293,0,6,725,174,128,332,5073,625,584,949,2480,100,0,367,251,0,7,3,49,4584,46,20,25,74,404,0,8,55,575,16,5,1646,38392,37,14,251,300,0,0,1489,7941,413,185,13291,9,625,972,312,109,8602,1661,34,1970,1,90,1965,81,392,117,158,51,272,290,103,92,72,0,2,29,34471,349,64,480,35,12,118,837,0,380,127,1720,63,918,13,0,21,2245,109,156,0,101,118,5910,12359,7,0,104,4802,64,2,700,1767,15,676,88,9,136,62,421,3,81401,0,2,284,1227,39,5132,0,55,73,2928,2,431,80,34,5,12,0,5173,12,312,162,3191,1491,201,12,765,11,120,982,5448,451,8,416,13,1,34,59,21,47,166,78,1433,16,4,2,759,462,0,398,193,34,26,0,9,65,8,1032,1795,7850,866,59,55,2672,2627,0,0,2284,3809,2,0,253,0,12,10405,25,1080,1,0,11,0,172,0,260,78,1,381,25,331,0,2942,33,6,115,128,8473,0,346,367,80,539,0,494,944,5156,0,74,0,116,11,1,34,0,1,0,1,5,1,0,45,0,178,155,106,13,48,8,0,181,4,0,0,5,12,0,14,7,2794,1,32,6,8,4,202,15,0,63,9,0,57,0,18,8,16,1,2,22,1
TCGA-73-4675-01A-01R-1206-07,254,190,428,13,739,6202,6316,1067,1101,3,0,38,669,215,19,11296,886,1661,38,688,21,562,872,32,11,14,1253,43811,5,20585,73,8070,844,869,5434,2003,3943,59,422,68,1309,2478,0,9,2336,557,203,1956,3422,486,13053,17135,1289,434,0,2981,1913,35,18,0,140,12117,162,68,249,75,793,1,3,364,603,158,32,3626,53783,50,124,238,475,1,0,4152,4650,491,2344,1070,28,311,1333,658,45,7810,802,594,4475,86,100,3970,4320,690,437,241,124,523,685,29599,251,906,11,176,136,65547,1132,774,555,341,355,626,272,7,5252,46,1106,5,1817,1,6,429,2460,145,34,4,496,1063,2631,6052,20,7,35,1949,145,7,1315,1329,93,864,428,55,453,0,940,68,38166,0,752,723,2220,58,6273,1,72,61,1122,1,395,121,209,28,14,77,11954,137,232,15,2518,333,72,89,1037,87,164,1139,411,541,85,6063,312,26,1256,139,13,49,1797,1,2982,112,28,70,503,817,203,751,644,31,193,4,146,144,48,1117,2949,6697,1223,34,445,18423,409,1,29,2038,3797,0,1,191,3,342,6497,1121,5256,0,5,2386,10,2659,17,234,295,33,81,433,596,610,9996,27,11,1379,388,12665,1,1501,289,1623,757,0,355,156,31476,1,1225,1,765,5,1,134,12,0,3,17,16,6,64,50,1,26,953,97,8,6,30,0,11,10,15,0,217,74,5,59,14,8703,3,247,18,0,198,195,172,0,108,2,0,70,0,247,15,69,0,135,34,1
TCGA-05-4390-01A-02R-1755-07,499,48,163,1,175,1064,708,226,544,1,0,21,70,70,12,3442,480,451,6,59,0,177,374,2,1,7,1599,4842,2,12384,5,2820,614,263,5,1864,388,1,231,16,1345,49,0,1,788,113,58,95,1346,297,278,597,341,176,8,1062,687,5,4,7,148,4496,82,40,69,38,155,0,0,31,494,35,0,2120,15350,20,17,89,108,5,1,345,1315,62,773,14667,55,496,410,180,7,4802,673,205,543,12,38,1313,1435,329,127,92,191,192,390,164,277,2,1,56,7,9821,312,426,174,116,343,99,508,1,543,128,3719,0,639,0,2,37,1681,54,5,3,74,180,1442,9783,6,5,3,1792,43,3,424,457,14,262,76,1,122,0,424,28,45420,1,114,282,2329,97,3057,4,9,8,2303,0,425,109,28,28,3,19,3090,637,93,1,1892,402,51,5,184,45,38,968,6328,209,205,792,69,4,14,64,1,6,183,0,48,18,3,364,99,203,14,437,136,19,61,0,3983,79,9,441,1795,4315,342,1382,113,3346,411,0,0,899,1906,4,1,530,0,34,6091,244,1321,1,0,4,2,733,19,288,69,0,48,42,698,28,1419,8,6,214,83,12164,1,639,153,463,655,0,68,260,4124,0,381,0,350,2,5,28,0,3,0,7,0,0,5,23,0,54,426,4,0,0,9,0,1,2,0,0,8,1,1,1,3,3887,0,11,1,0,43,59,19,0,27,0,0,15,0,22,11,39,3,8,4,1
TCGA-97-7941-01A-11R-2187-07,232,210,619,32,2529,8040,3800,4188,3038,9,45,305,665,1445,64,8859,2573,3422,16079,4303,45,1490,2038,33,13,77,10656,25653,426,11897,118,22749,3109,2460,5212,2063,3799,7,113,236,2653,246,9,66,3700,732,632,1752,3802,1213,6462,12521,1436,1854,29,6513,8352,162,186,114,181,13442,496,276,315,5854,1436,24,24,543,1208,1248,566,14296,24127,165,724,1057,694,3,41,1799,10359,1397,1701,277889,490,672,1019,1113,326,5481,439,7014,3643,190,301,4260,7740,1660,1389,743,187,1412,1962,14226,765,2279,185,429,956,23784,1533,2232,900,508,298,1493,242,39,6760,311,15462,135,3091,12,62,1201,2402,1349,16695,288,273,1090,14256,4005,381,616,86,5020,260,317,2625,2977,1101,2478,2898,85,1220,326,2429,380,14599,4,1499,1737,6614,529,5042,245,463,438,457,59,114,301,112,167,110,900,33329,692,1300,1184,2523,935,320,884,1273,629,886,3185,5512,1318,584,11431,242,748,76,1297,430,59412,2103,470,462,569,74,641,2132,1643,77,2033,1645,109,289,17,9357,266,216,2690,4947,4327,3788,402,1002,15973,744,96,101,5423,2652,72,1,2416,30,244,2193,97,11725,25,54,647,63,10859,179,77,710,3,137,820,284,7679,8395,819,62,1468,564,8020,22,3276,1609,5533,4860,336,15910,122,23039,14,648,8,1613,53,3,162,179,13,12,3,56,9,3,126,5,169,4533,6682,24,530,70,1,68,33,13,9,75,5937,16,77,280,16564,27,209,39,1,715,672,479,10,261,12,8,319,12,960,181,110,84,5,40,1
TCGA-05-4433-01A-22R-1858-07,184,28,309,10,691,2527,6683,1348,1582,4,2,74,141,236,34,4065,1277,937,112732,1133,24,1337,388,14,3,20,9270,8079,43,6474,42,5946,961,649,1890,1425,1028,16,462,46,707,55,6,10,1181,241,147,783,1503,232,2907,3904,665,1164,17,2823,3503,43,155,21,99,7945,326,58,155,2113,706,24,28,142,352,174,188,1994,11556,68,141,557,238,0,16,514,4163,342,1132,192555,175,274,265,233,114,2511,433,1371,1206,73,63,2606,1803,353,296,164,105,618,907,6322,227,859,72,140,307,19378,373,1849,589,503,103,624,201,26,2224,137,5229,30,1132,0,14,375,1186,900,239,65,37,515,6934,184,129,240,29,1408,83,112,867,1197,362,634,1217,49,376,68,1277,128,13640,5,202,486,3095,83,2521,79,218,39,291,90,71,75,33,57,29,474,14534,161,338,1117,1337,555,69,203,705,141,574,1431,2031,395,204,2539,320,164,454,487,220,34743,804,7,530,514,23,236,309,409,26,820,669,54,158,12,3736,970,132,693,2422,1956,829,222,198,4054,214,4,17,1900,1627,19,7,1636,8,50,2214,339,1744,8,18,254,34,3251,230,138,136,3,120,144,126,2201,1774,452,24,1747,228,5781,5,1769,411,2545,1653,13,5069,5,7068,7,803,7,466,12,1,43,6,0,2,1,15,0,22,17,2,95,1101,751,8,59,33,0,18,6,0,9,18,387,7,31,35,6437,8,125,11,0,141,72,205,3,88,1,3,137,2,427,59,27,23,4,6,1
TCGA-69-7765-01A-11R-2170-07,251,71,176,4,1710,1393,409,885,1403,2,0,21,319,161,9,8516,2381,1231,242,720,157,375,473,9,4,20,3109,9911,47,11591,10,11622,1308,751,418,2121,887,3,270,74,548,19,2,10,1364,304,244,265,1298,373,5480,4662,135,262,3,1655,1378,53,22,3,99,10063,195,71,142,659,2975,0,5,215,284,156,33,5014,16060,76,91,539,614,0,8,605,3226,431,894,247628,101,303,620,627,114,7001,1358,170,830,69,47,589,2820,496,494,212,199,834,772,3640,188,378,23,219,337,12882,508,1111,408,345,90,947,127,15,720,81,7996,6,1410,2,1,231,635,177,14,17,183,607,3838,2474,83,7,30,2388,120,10,548,726,250,937,891,3,725,3,795,29,18191,11,117,1156,4190,52,2742,4,74,43,196,11,49,95,36,41,12,4,7617,119,621,399,1719,914,161,61,1011,151,179,1581,375,689,167,4686,117,43,52,301,76,18468,705,5,219,105,23,67,476,815,122,1130,558,47,133,4,2273,76,61,1229,3348,681,1294,41,155,6956,1098,0,7,2734,1132,4,3,258,4,83,2453,115,2881,3,2,7,31,1696,10,155,76,5,34,78,923,838,2818,124,15,715,294,10773,0,1653,607,1774,754,69,521,39,7938,2,725,3,804,4,0,98,12,2,0,2,6,0,13,66,0,42,315,49,3,27,13,0,9,7,3,0,50,12,5,23,9,10258,0,37,7,0,62,195,110,2,129,3,1,109,0,54,12,31,11,13,26,1
TCGA-86-8672-01A-21R-2403-07,190,46,171,3,449,3020,2945,613,480,0,0,13,51,108,3,6156,363,683,9,149,6,431,796,0,0,8,456,3596,4,6632,22,1643,958,563,51,1381,519,6,273,33,605,21,0,4,667,186,140,199,1062,1644,12078,7582,1489,44,1,1330,1877,11,7,0,38,5139,26,20,73,203,179,0,4,38,101,25,5,1632,3807,58,55,101,152,0,2,615,1727,301,771,8312,21,419,360,302,3,6617,594,96,293,22,47,1489,2006,308,214,145,8,239,534,964,99,4,5,104,16,7982,16,92,249,314,10,102,195,2,108,65,1851,0,856,0,0,17,496,78,24,0,93,234,1044,11768,2,34,5,587,61,8,910,395,13,371,184,1,199,36,455,0,12324,1,1480,406,2223,88,1674,0,57,3,1257,0,369,58,46,11,4,9,3084,12,92,2,2065,692,32,16,242,49,21,400,2547,210,13,890,115,2,24,46,5,68,419,0,134,9,12,27,123,254,14,435,317,3,45,0,5,35,52,446,1872,1531,308,10,33,8218,145,1,1,686,2707,0,0,250,0,91,4090,8,4061,0,0,44,4,822,5,50,126,0,106,82,68,1,2719,44,4,481,93,7194,0,1701,212,4570,465,0,238,189,3302,0,338,0,268,2,3,38,0,0,2,1,2,1,11,18,1,13,128,171,2,229,11,0,1,2,0,0,18,8,1,4,6,3017,0,95,3,4,13,96,8,0,44,3,0,9,0,8,2,25,0,0,4,1
TCGA-49-4506-01A-01R-1206-07,665,15,258,6,268,1082,614,323,576,0,0,0,482,74,4,9064,1506,1037,13,206,4,278,313,2,17,6,947,1797,16,14642,17,1351,1055,560,44,4326,347,46,1089,55,1051,24,0,2,1762,223,104,207,1875,371,1285,1656,1114,554,0,2120,2616,23,5,2,70,7060,69,33,66,232,398,1,0,30,118,42,25,1504,37687,95,21,243,365,0,4,588,5723,1255,1961,1478,26,519,955,360,1,10601,1905,85,193,26,70,2970,810,525,127,193,71,485,1257,620,493,60,4,48,7,13535,184,408,945,644,27,606,321,15,195,33,2561,2,1370,2,4,28,3160,593,58,7,470,212,1134,48397,21,37,4,1208,133,35,1215,711,5,597,641,4,261,140,433,5,22459,0,7,341,1458,36,4504,1,253,18,1016,2,500,44,58,19,5,3,3261,86,207,6,4992,88,30,17,1831,19,29,1321,735,586,63,575,115,9,1447,128,59,114,1087,0,827,64,1,61,208,407,116,1459,403,39,48,0,583,1128,29,674,1275,254,878,13,48,3439,44,0,3,1392,4257,0,0,141,0,18,14890,62,2194,2,0,22,0,789,1,277,117,4,220,209,224,109,1441,242,16,527,447,14960,0,1368,255,292,357,0,286,2295,786,1,194,0,255,11,0,22,0,0,0,2,8,10,104,52,0,35,135,32,0,5,12,0,0,7,1,0,10,10,2,4,2,6520,2,135,5,1,23,180,18,0,64,15,0,24,1,17,5,86,6,21,3,1
TCGA-MP-A4TE-01A-22R-A466-07,295,32,416,1,48,3913,568,249,244,18,0,20,239,97,7,7491,349,619,211,79,3,387,211,3,0,7,438,3841,172,17164,4,5758,130,327,21,3029,169,5,87,31,1487,3722,0,0,702,96,88,107,1674,655,165,385,932,170,0,896,1214,6,6,0,173,3416,166,12,336,48,140,0,0,650,559,34,33,1037,36813,24,18,123,148,0,4,169,2610,243,327,8791,13,320,627,200,52,6826,786,96,1219,29,72,1522,705,326,82,154,50,149,200,352,102,42,0,31,5,17754,30,447,177,89,430,111,456,5,1986,3,1604,2,605,1,0,41,1304,105,2,0,99,264,1622,22154,5,0,2,1078,32,1,539,1112,89,293,71,0,182,0,311,0,44621,0,3,354,1929,78,3858,4807,25,39,1577,13,433,79,19,21,1,8,3529,67,121,8,3157,464,83,40,287,14,86,852,16167,265,13,258,44,10,311,66,0,0,170,0,1752,3,8,58,135,241,468,295,160,5,66,0,0,59,8,857,1813,9746,589,1434,56,2302,1183,0,0,1071,1607,0,0,284,0,17,10493,210,1403,0,1,212,2,1604,5,141,86,1,26,106,62,290,1935,7,3,124,112,7698,64,891,193,234,4043,0,120,422,9326,0,556,0,150,5,0,45,0,26,0,6,4,0,1,15,1,23,187,5,0,0,2,0,3,1,10,0,8,4,2,5,3,3949,0,21,1,2,6,82,5,0,39,1,0,13,0,47,7,28,58,4,4,1
TCGA-55-8508-01A-11R-2403-07,258,23,157,2,286,2585,518,256,391,8,0,38,409,75,14,2630,511,692,8,146,8,141,398,1,1,2,286,8099,1,6018,6,3853,226,551,11912,1112,472,2,68,38,650,154,0,5,642,203,116,149,977,248,480,819,948,186,1,2206,1076,18,7,0,39,2786,154,40,96,115,234,0,3,39,141,23,63,993,9954,22,44,162,152,0,2,221,1525,323,710,2559,8,291,585,238,38,2007,315,244,432,17,67,484,1396,298,187,187,495,187,390,411,144,9,0,50,49,7814,383,318,211,148,45,190,174,26,104,25,796,5,739,0,0,163,568,34,20,3,50,208,1473,4952,32,4,3,864,45,8,485,367,116,400,277,6,181,3,437,16,27647,3,31,387,2440,35,1354,12,39,17,444,1,213,44,33,40,6,1,2380,271,147,6,1318,131,543,0,419,43,53,467,4762,253,36,1813,52,7,13,151,1,106,412,0,45,57,17,153,191,273,28,443,205,26,55,0,85,61,9,650,1847,3083,757,389,117,3582,800,0,0,2346,983,2,1,192,0,89,2828,97,3489,4,0,3,3,1654,0,83,92,6,1184,91,134,139,1983,8,3,240,142,3366,0,2279,311,540,665,0,107,156,3078,0,390,1,247,6,1,33,0,3,2,13,4,0,7,24,0,13,345,52,1,0,2,0,58,3,0,0,2,2,4,0,6,6669,0,8,1,2,56,52,49,1,75,3,0,69,0,20,5,17,8,7,8,1
TCGA-44-2668-01B-02R-A277-07,577,9,84,9,294,1621,667,223,4124,2,0,21,449,199,5,2242,2346,412,296,563,7,730,167,4,3,8,1525,6399,19,2248,10,3038,79,291,144,3918,601,24,486,25,323,27,8,8,461,232,141,77,8493,131,2139,2672,632,158,1,1742,1273,23,8,0,257,4264,579,54,151,410,540,4,37,13,524,5,57,764,7250,1240,21,299,297,6,0,362,813,96,592,2604,122,1153,256,421,26,2983,810,96,485,51,29,452,402,49,74,91,19,943,674,191,420,27,14,24,22,3620,115,701,247,535,95,385,292,3,756,106,5127,15,995,1,3,133,581,57,23,2,35,450,6672,15516,46,41,19,295,112,50,639,1740,63,271,1648,4,152,6,715,9,5929,3,28,385,6194,79,1911,0,70,22,429,0,54,155,48,156,7,3,4213,1,201,109,2220,801,84,10,492,158,50,1630,676,205,40,376,228,15,18,88,3,124,250,0,76,99,3,84,388,425,10,805,769,8,217,205,821,269,299,263,4170,305,197,57,130,2296,521,2,5,856,553,3,0,652,1,34,441,351,893,34,6,17,0,690,15,287,50,60,25,133,893,16,989,263,39,902,356,25717,2,1663,194,95,573,1,169,4296,3704,5,1237,14,349,2,4,559,6,0,6,22,77,8,10,21,0,141,81,26,0,5,19,0,27,7,0,11,30,16,45,54,14,5113,0,17,5,10,9,233,133,2,136,0,1,92,1,12,10,80,0,101,593,1
TCGA-75-6206-01A-11R-1755-07,146,78,327,32,1276,3301,3097,785,2076,1,1,807,133,137,59,7246,1343,784,76,330,12,777,487,8,0,8,5449,20410,291,7046,42,12825,791,428,998,2135,915,6,160,56,382,52,11,2,1532,231,131,458,1745,292,3456,2656,155,274,5,1050,1290,30,1,0,75,6258,638,149,51,5727,529,0,3,42,469,378,474,4376,33850,43,78,457,227,0,3,543,4826,621,926,16006,12,82,397,321,93,3884,449,66,1669,39,66,1836,1484,388,504,169,120,563,660,19307,70,11866,298,98,81,5686,415,367,343,371,7,487,77,6,5195,3,3383,1,1093,1,0,430,530,96,6,8,64,787,4903,941,103,2,9,1192,53,9,925,1132,38,508,850,2,366,3,615,30,14806,0,9558,805,1734,87,2808,0,17,9,160,3,41,68,91,39,22,18,9145,124,602,34,1098,1022,36,53,633,104,145,2100,2116,516,177,2526,195,23,32,208,452,90,639,4,1005,31,24,36,1563,551,7,747,539,34,85,1,3833,84,39,975,3549,1838,910,34,368,4690,979,1,1,1640,2120,0,2,573,5,101,2497,37,2250,0,2,1977,4,2730,10,20,101,0,35,148,135,1455,3262,526,5,586,179,2277,0,2791,373,7433,498,1,1103,32,18334,0,341,2,917,12,0,79,0,0,0,1,52,1,19,13,0,12,1021,18,0,40,34,0,45,4,4,3,396,48,2,1,9,6493,1,36,3,0,81,86,57,3,222,5,1,74,0,30,70,34,3,11,14,1
TCGA-50-5946-01A-11R-1755-07,1075,155,411,4,2765,6178,425,485,1218,0,0,1359,110,70,20,6929,890,1354,39,1305,3,644,536,2,0,6,2209,13991,63,31866,33,5159,116,330,29,3585,618,4,131,37,1700,168,6,0,1179,36,127,313,1177,375,2353,2521,1048,245,0,928,2465,12,27,3,61,7370,78,26,421,1334,484,41,28,80,1456,1693,4,6462,23935,202,30,344,239,0,0,475,3738,419,760,172,23,3286,1445,289,12,8031,1793,91,4242,14,110,3518,599,624,128,211,41,532,479,292,364,5,59,362,6,29441,1040,248,355,222,15,590,1844,11,1609,237,1423,99,654,16,0,329,8,186,11,0,531,917,2751,6405,41,205,33,1358,57,23,837,5481,1840,547,255,13,150,47,481,1,45053,1,0,409,2263,709,6198,0,88,7,5130,0,876,59,77,34,7,4,10108,25,295,20,3029,2426,156,8,1467,43,69,4976,3828,568,882,661,46,2,44,48,3,22,801,0,1084,1520,0,487,205,434,7,540,370,763,79,10,225,74,146,1119,3341,9330,556,4,89,5838,2509,0,17,1470,9570,1,0,2009,1,72,5031,35,1812,5,4,1,104,6706,19,534,627,2,37,265,975,184,7939,814,7,265,243,10587,0,1000,315,61,782,0,567,301,5512,2,222,0,568,13,0,285,1,0,1,0,14,1,4,44,2,59,266,54,0,7,2,0,20,11,0,5,12,9,5,0,3,4435,3,23,3,22,5,163,0,0,99,14,2,31,2,42,3,142,0,1,40,1
TCGA-97-A4M1-01A-11R-A24X-07,246,190,708,26,3967,7211,8102,7840,2753,44,26,416,785,594,70,2607,2757,2919,8229,1713,231,1776,3026,229,12,136,7853,22598,1523,10568,243,12417,3780,2598,4067,1006,2837,135,661,276,971,362,43,189,4296,1842,528,2807,4905,1550,5732,19959,318,486,98,4199,9593,195,2173,49,492,12931,466,158,319,4368,1760,47,22,1139,1666,1995,788,5726,35176,323,746,1544,630,86,58,1633,6912,3083,2132,209251,366,231,737,1338,187,1980,310,1189,4625,293,594,3084,6321,2767,1101,1122,293,1207,1593,27313,1407,6177,356,453,1583,2533,2819,3589,1161,841,1011,3858,103,47,5684,263,12118,129,4609,21,65,995,494,1457,159,572,170,989,5877,353,261,1258,123,5924,340,803,1912,2094,569,2692,3080,331,1061,216,1659,588,11762,61,2836,1614,6684,704,2959,415,768,3365,549,65,146,449,108,136,45,108,12702,931,1581,969,1401,1033,323,1413,849,720,2351,2941,2488,1124,1860,15881,527,1120,981,1308,1969,676567,4312,94,1180,721,169,707,6046,2089,1023,2658,1695,249,417,98,11124,227,439,1953,3244,1941,3895,554,1381,17927,674,20,63,4492,2569,233,67,5001,97,305,3060,2112,7453,12,57,862,282,5186,59,42,1097,226,1193,720,1770,10643,8921,1859,125,2525,544,2078,43,1945,1528,11810,2259,1801,40868,10,20234,31,2425,21,1858,131,21,154,294,9,21,18,81,37,37,149,7,193,9884,3400,60,194,87,9,48,37,12,3,330,274,30,770,688,18815,56,396,40,5,1232,658,2198,28,557,28,7,427,5,1067,194,189,151,16,86,1
TCGA-55-6972-01A-11R-1949-07,173,16,78,33,73,2377,30,495,287,0,4,556,1123,47,5,5757,758,264,209,101,0,466,144,2,1,2,1018,2221,13,5909,12,1102,393,222,252,786,371,1,13,25,251,79,36,5,679,108,32,581,589,103,2106,1400,83,2000,1,196,302,20,67,2,12,3882,351,35,13,1827,66,1,11,63,384,126,103,240,6536,16,58,137,83,1,1,236,4881,271,95,19062,19,46,326,91,42,3009,301,14,178,12,34,1030,302,298,226,86,29,122,190,13696,59,232,20,17,69,2948,1111,440,70,22,8,522,116,35,1552,29,2943,2,356,1,1,545,518,416,3,7,70,687,378,304,81,2,2,520,26,9,448,399,47,180,199,6,158,2,87,96,5494,0,7341,128,295,125,1530,0,5,177,228,54,86,20,58,1,24,4,3065,165,643,15,1161,238,48,116,569,27,138,327,678,146,242,520,14,262,14,214,23,9638,1064,4,895,76,0,19,120,143,12,304,107,28,8,0,8561,26,19,110,193,477,288,21,43,886,976,0,1,522,2328,1,2,119,1,19,3060,4,481,4,9,478,8,1651,3,81,50,0,82,69,73,989,581,206,0,38,67,900,2,1084,102,6377,137,19,1273,9,6391,0,26,4,121,19,0,56,14,0,1,1,101,0,1,21,0,10,868,27,0,11,18,1,8,2,12,0,407,17,1,0,16,1707,0,40,3,0,18,70,99,3,320,11,0,71,0,66,38,14,0,0,10,1
TCGA-64-1681-01A-11R-2066-07,419,80,350,11,5092,4335,3009,2624,5070,26,3,948,433,292,56,5449,2684,1880,20172,2249,90,1571,1130,25,23,59,18029,21545,312,21290,56,9892,1584,860,3006,1742,1298,16,196,81,1501,238,25,31,3639,569,235,502,2555,581,9485,13539,253,234,3,3902,2844,63,66,10,189,13350,375,418,297,3033,882,2,22,284,1683,443,193,5785,22148,258,212,766,784,3,3,592,6407,695,2198,50849,119,570,465,865,230,4312,501,189,2770,108,123,2604,5298,861,656,289,413,1039,1052,30139,763,826,255,151,656,8490,839,1716,743,893,244,1598,123,12,2949,25,10075,6,1626,4,23,479,549,244,44,1051,361,1118,9689,694,92,152,39,6046,352,92,4062,1337,315,1045,2269,75,747,35,1061,81,33542,3,1896,1520,6003,897,4144,15,267,2280,442,33,383,179,106,50,18,14,13446,272,916,572,1268,2201,191,197,983,190,207,1857,4413,1146,488,7586,190,35,187,1385,688,145685,5906,2,1440,205,29,747,13255,1277,176,2432,1098,83,169,31,11899,168,62,1659,3845,4400,1952,131,775,11191,799,6,94,3305,7872,1,17,311,17,264,2297,365,8098,0,32,59,61,9671,6,207,120,9,109,350,571,2385,5472,2885,31,1207,270,11782,2,2401,497,4666,957,256,6047,21,29039,2,600,4,1093,11,2,233,17,3,7,1,87,7,26,68,0,61,2370,331,39,84,67,1,61,8,17,7,97,35,13,127,10,14796,11,54,10,1,219,338,194,4,369,5,9,271,11,514,34,93,21,25,44,1
TCGA-97-A4M7-01A-11R-A24X-07,344,72,908,14,1233,5866,2807,2007,4246,12,4,101,303,371,22,4600,2138,2249,5848,1196,27,1260,1210,31,30,60,4844,18341,4550,14002,46,8595,2189,1563,300,1966,1662,11,201,120,951,114,7,16,2628,1122,285,1081,2771,797,1883,3129,2743,390,2,3671,6063,124,78,9,143,9039,535,122,262,1310,819,4,9,353,416,333,243,5260,20180,127,165,658,637,0,14,711,4794,1170,2202,50029,189,480,818,828,135,3199,546,339,2385,92,192,2821,2440,888,615,418,153,928,1143,31094,268,242,28,174,482,6143,639,534,736,638,254,1184,145,24,1542,24,2088,30,2981,0,20,808,626,880,69,75,80,615,6547,948,161,195,39,2879,215,67,2635,1394,438,1380,1834,31,654,24,1832,160,31000,3,2960,1083,4939,280,3149,72,152,949,374,21,346,238,66,69,24,13,7574,162,1021,328,2104,1085,176,423,945,307,378,2552,2967,783,498,6313,308,156,700,459,78,19386,1180,8,377,210,15,351,579,1005,218,1623,814,112,358,12,1326,187,130,1661,4624,4687,1824,110,510,9823,817,6,105,3695,1845,11,3,560,5,188,3580,399,5201,5,9,143,50,5374,17,92,280,19,391,269,181,3920,5365,1068,55,3124,424,5508,8,3299,829,2832,1520,128,6192,28,4862,1,567,3,882,25,1,114,30,10,16,2,43,3,11,66,2,126,1370,210,6,12,25,5,11,38,2,4,18,81,17,144,77,13776,14,95,8,4,189,537,497,8,331,7,0,269,0,161,45,153,12,10,25,1
TCGA-44-2662-01A-01R-A278-07,959,5,279,1,854,2027,9387,149,1911,2,0,18,191,156,14,4746,1204,533,92,164,5,391,48,1,39,7,202,5709,4,4872,7,5516,795,322,167,5162,259,10,71,25,1556,24,0,21,817,72,25,759,3986,111,7818,4228,1851,92,0,2376,790,12,4,1,70,13536,431,23,28,76,399,0,3,36,390,2,7,2513,7950,182,23,233,182,1,4,350,3651,42,1184,143,106,2083,350,201,46,5438,1457,79,1204,38,59,1702,768,82,39,133,31,549,1435,183,2065,5,4,34,3,15714,242,1979,532,449,51,294,232,1,389,51,6069,0,1568,0,2,82,518,54,11,0,85,693,3892,5808,20,32,8,450,71,2,722,3268,93,123,222,9,211,5,1375,19,54600,623,1,259,7516,166,3586,0,7,31,1102,1,471,33,64,79,7,2,9003,22,184,319,4796,146,15,3,466,64,66,1211,2090,211,24,231,113,9,41,22,0,37,224,0,114,14,4,342,406,355,16,633,1026,31,157,45,49,145,152,676,2557,411,578,131,30,9353,543,0,4,1149,3399,1,1,289,1,26,2061,407,760,5,1,4,3,998,4,722,52,1,18,61,3704,12,2444,259,10,763,322,23593,0,2638,78,305,587,39,63,210,6239,2,736,0,353,4,0,66,3,0,1,8,14,0,26,26,0,53,157,80,0,98,33,0,26,10,0,1,12,2,4,7,2,7021,0,48,4,6,16,71,31,0,48,1,0,44,0,38,1,20,1,8,115,1
TCGA-38-4628-01A-01R-1206-07,913,220,311,1,5015,3575,11949,1849,3703,5,1,764,2836,256,23,6346,2086,874,362,152,170,1006,1831,268,14,5,2928,8601,6,29672,497,4855,1508,639,646,2237,637,139,1117,53,1772,93,1,34,3898,229,81,214,1367,317,7918,4132,129,98,0,2956,537,10,17,3,216,19322,306,118,160,5138,524,0,1,1268,1173,2476,9,7933,12112,126,132,379,247,2,31,1291,21345,1431,8272,25954,40,637,698,317,22,4846,1448,48,2180,95,52,2997,3481,1561,637,290,353,448,1102,564,153,1565,61,325,67,29205,1411,1977,655,556,470,440,171,14,930,157,7391,1,2618,1,0,137,1401,274,292,50,130,1540,12232,5337,45,19,53,6987,106,4,1320,4448,139,600,454,15,593,290,772,2,39290,0,2583,881,2237,671,5140,31,38,27,994,12,557,155,129,37,7,5,8387,435,516,73,2096,406,79,29,1506,130,45,2372,2235,659,147,2781,383,29,2679,195,2,111,2112,5,674,50,23,408,2021,585,3088,738,355,27,247,9,9,41,43,1615,3402,11686,1197,299,319,11748,745,1,20,1320,8564,0,0,458,3,245,18996,4714,6118,0,2,1,32,2297,5,306,136,127,650,1274,2218,996,4783,3173,9,1074,513,5057,2,1181,330,2838,2100,0,721,54,7982,1,1663,2,526,15,1,395,1,21,1,18,4,11,208,42,0,6,952,7,5,86,48,4,17,2,14,1,36,2,63,899,15,12316,0,34,4,0,57,361,37,0,140,1,4,77,3,132,206,59,17,48,12,1
TCGA-55-7283-01A-11R-2039-07,316,80,866,18,1700,2056,1605,3493,2052,4,2,170,376,161,43,8320,2530,985,5621,941,78,884,1174,43,7,42,9823,21025,497,12957,48,16203,2333,850,1547,3258,1001,4,100,100,925,111,20,42,2612,481,221,2076,1191,387,5240,8791,245,552,13,2152,4263,78,874,17,129,10351,227,128,92,5061,923,8,32,381,791,535,330,6245,40018,116,309,974,415,3,29,884,8035,1218,905,474463,122,358,855,368,254,9638,1455,353,2044,146,112,1134,3980,826,421,331,111,707,1436,7986,321,2275,109,234,1038,12949,920,1255,571,448,100,1676,119,58,1372,227,22072,25,1898,7,54,559,1582,2137,8,103,96,693,5491,3175,289,196,61,1871,98,247,1403,1434,471,1156,1627,95,638,56,761,176,27863,16,381,1087,4710,211,4473,223,386,78,334,172,157,93,84,34,28,44,10207,392,694,1403,2046,1116,177,543,817,326,343,1704,700,612,1080,6817,125,347,37,1202,558,102631,2741,49,534,313,95,527,871,579,41,1582,1074,90,153,13,14287,149,181,979,3675,2707,1279,257,524,7323,1482,20,17,3310,2268,106,20,1419,22,156,3784,57,2866,50,10,261,60,2621,20,135,205,0,243,268,540,6176,4682,765,17,1001,260,3687,7,2061,557,1423,1031,23,17166,58,21441,21,346,8,628,29,5,282,159,5,2,2,19,9,6,56,0,32,3532,1526,20,61,33,4,62,9,19,5,29,117,16,6,32,8054,20,78,8,8,358,182,413,9,107,23,0,221,1,617,45,50,57,7,21,1
TCGA-44-2662-01A-01R-0946-07,1221,46,509,5,930,4042,18445,560,2706,1,0,15,218,190,9,6583,983,932,14,155,0,654,490,0,35,13,656,9887,5,17558,46,6992,1236,592,236,6268,667,8,412,32,2354,54,1,34,1429,223,118,1206,4532,218,10252,7378,5323,94,0,4843,1543,15,6,0,99,17250,380,25,73,94,512,0,2,51,524,13,9,4694,18495,59,110,272,340,0,0,786,4913,97,2241,566,97,2948,886,593,78,16125,1605,170,1589,64,134,2557,2583,256,206,213,56,659,1994,376,3548,8,5,172,8,30681,651,2462,911,671,59,347,492,3,712,91,7540,1,2368,1,0,121,855,72,22,4,316,1207,4331,16315,18,30,8,1567,179,2,1361,3404,144,518,639,4,500,5,2185,10,82218,843,1,507,9115,209,6173,0,5,31,1913,3,789,52,68,58,33,1,16608,54,283,379,6392,163,18,2,531,198,71,1342,3607,500,50,1086,171,9,56,90,1,33,400,0,268,22,6,344,771,588,39,972,1230,32,559,0,41,125,24,962,5623,1117,845,140,61,16926,1303,1,4,2035,6326,0,2,382,0,47,3929,1259,1556,2,2,1,6,1953,7,773,51,1,41,52,4391,15,3938,322,10,1430,461,35971,0,5673,279,653,941,80,175,347,10298,1,2997,1,545,6,2,63,1,0,0,17,4,4,30,26,0,52,220,300,1,163,40,0,29,11,1,0,36,8,17,2,9,11690,0,71,6,3,23,156,62,0,115,1,0,87,0,115,5,19,0,24,6,1
TCGA-49-4488-01A-01R-1755-07,172,10,87,1,1935,781,251,290,1289,0,0,91,67,59,115,2911,490,358,56,87,6,560,164,1,1,2,989,1338,0,11303,14,2802,385,220,74,2229,516,2,90,9,587,29,0,3,1094,75,33,121,725,85,5735,4888,303,46,0,965,794,8,1,0,34,3419,33,19,37,1510,260,1,1,57,612,1886,15,8938,7287,37,31,81,138,0,0,401,2592,195,823,75123,14,323,526,110,26,3556,609,17,334,19,19,862,468,250,129,55,22,293,429,882,64,30,1,32,22,4092,439,163,175,196,8,203,140,7,412,2,4611,0,446,0,1,27,461,118,6,1,220,344,3199,6849,22,11,5,1156,27,3,435,380,35,172,262,6,130,2,218,1,9453,0,7,218,794,50,4577,1,17,111,444,3,85,19,111,6,3,4,6999,55,143,24,2253,66,16,6,646,29,35,491,975,188,29,816,41,11,31,91,5,369,293,0,533,18,5,62,873,162,5,285,175,7,33,1,12513,50,17,260,631,974,326,7,80,1845,606,1,4,477,1817,0,2,93,1,39,3237,64,5882,5,0,10,4,691,6,77,36,0,51,103,369,298,1117,13,4,398,75,9148,0,579,73,321,172,3,274,82,5128,0,67,0,80,2,1,32,6,0,0,1,2,0,5,11,0,8,114,10,0,9,8,0,89,3,1,1,1,1,1,6,2,2493,1,7,0,1,10,70,10,1,28,4,0,14,0,21,10,8,0,16,1,1
TCGA-50-8457-01A-11R-2326-07,263,252,523,3,4236,8266,899,5348,3434,58,23,114,647,373,39,4218,1577,1732,18,1704,99,939,1021,76,5,103,2411,26379,189,8178,110,17968,3652,1307,2158,1359,4225,19,143,94,963,126,0,57,2762,295,188,883,2217,551,2533,4837,288,368,2,3565,3702,164,12,1,152,13380,615,180,217,995,853,10,2,512,605,85,75,4633,25240,202,659,729,423,4,36,820,6100,842,1342,158010,53,128,496,798,91,4689,571,463,6358,204,129,1369,8689,550,875,256,133,877,1856,17523,153,2761,8,564,1117,8995,605,2303,678,499,58,1409,69,12,714,44,7798,24,1451,0,7,1579,663,94,31,18,92,781,6008,1708,193,7,150,3344,182,186,2317,1566,700,1154,4024,3,1116,32,1706,162,9791,0,323,1366,5151,179,2868,0,366,40,273,227,123,196,78,62,14,15,14771,231,945,1285,1658,1240,141,529,1224,471,798,1758,2359,835,175,22215,293,23,133,732,3,114,3941,1,1047,56,109,666,468,1261,567,1982,1067,28,289,9,541,285,174,1939,3698,3598,1455,230,1129,13039,1923,1,9,2776,2371,0,0,158,17,325,2666,172,7891,2,1,1,68,5476,9,38,381,8,273,366,584,8546,7762,200,17,1914,335,3149,0,3837,765,1883,1326,1,816,71,16783,3,391,0,940,22,1,149,7,0,0,4,5,16,4,28,2,36,2018,41,0,25,62,0,12,15,2,0,124,53,7,18,300,11258,1,26,11,0,577,138,96,0,183,10,0,173,1,291,40,132,31,12,74,1
TCGA-86-6562-01A-11R-1755-07,531,83,533,2,2933,2296,1438,1393,1290,3,0,80,241,131,43,3890,1339,1244,2002,401,39,1090,797,25,8,14,2206,12741,195,13194,29,8394,1116,591,748,1364,781,28,284,51,1036,76,5,12,1471,286,169,458,881,1170,10014,6960,845,114,4,1520,2147,15,170,7,107,7153,120,77,128,886,1178,0,7,118,659,318,100,7693,16664,87,136,595,397,3,6,558,3612,386,1189,51382,99,300,763,552,36,3095,557,204,2031,73,53,1009,3069,437,628,221,143,790,734,3714,293,381,114,143,121,22391,519,1102,334,358,74,747,157,36,504,140,4017,15,1484,2,10,209,319,273,12,7,264,416,3984,7264,107,48,13,1542,110,108,618,1536,128,607,729,26,543,16,858,31,24471,11,191,731,4423,153,4133,57,52,132,426,27,187,85,85,36,17,18,5676,117,462,291,1171,874,50,172,926,175,140,1325,1268,581,253,2766,111,80,129,434,122,40444,929,5,316,125,28,135,402,626,273,1054,566,58,122,9,2977,90,65,1004,4136,3076,1122,380,159,10610,1059,1,17,2289,1978,21,2,1214,4,119,3079,220,4896,11,2,70,17,1853,5,213,192,5,117,138,524,1321,4364,378,21,591,377,15987,2,1517,407,1538,989,20,2695,195,7871,4,550,0,486,7,3,62,10,8,1,1,31,2,11,24,1,31,793,545,5,18,21,2,21,5,6,2,23,39,6,33,30,8335,6,66,7,2,55,167,122,1,75,4,0,529,0,281,50,45,3,9,13,1
TCGA-75-7030-01A-11R-1949-07,69,76,202,7,1000,2545,201,1524,1598,4,1,48,550,293,38,2029,1326,1036,16150,1139,12,754,849,16,2,34,4141,9817,51,3940,26,6286,2416,480,2554,592,942,5,29,47,296,37,6,9,1843,365,94,374,991,366,4796,6041,666,425,16,1968,2755,48,31,477,100,7453,135,96,166,1048,1371,18,7,160,464,133,187,2870,11633,86,207,400,351,1,5,747,2596,453,978,59236,111,80,149,511,91,1348,174,577,957,55,48,889,2749,394,704,184,113,794,623,5155,253,555,49,113,432,6771,421,401,349,272,123,611,55,10,2599,55,2262,25,800,2,16,396,426,172,49,25,83,467,4983,2585,80,211,24,1206,115,162,762,1064,256,567,1474,33,426,1253,818,172,6340,0,103,589,3699,360,1088,21,131,66,100,19,29,107,99,70,9,376,9953,70,456,985,663,612,78,382,557,192,212,1532,736,558,172,6084,59,48,54,1326,116,22652,1511,4,156,321,23,220,911,681,60,1410,449,32,93,2,2598,222,57,954,3709,487,881,94,232,10744,111,77,49,1504,661,9,13,464,8,152,745,8,5823,2,7,119,46,5370,144,15,146,2,184,128,679,2645,3445,235,16,603,125,3857,0,1829,342,1790,607,12,2993,62,4514,5,98,4,820,15,3,95,110,1,2,0,19,4,4,24,0,31,2489,277,2,30,100,1,9,7,2,7,31,87,2,65,55,5728,8,64,3,1,267,176,131,3,75,7,5,172,4,126,30,52,10,3,17,1
TCGA-55-7815-01A-11R-2170-07,172,2,122,0,484,1177,549,265,741,0,0,8,132,54,1,2606,646,159,31,400,9,251,60,14,2,1,502,3494,1231,6188,8,2787,760,77,154,1216,204,13,196,11,800,1114,0,4,491,103,31,13,292,29,370,660,23,52,22,266,953,6,4,0,92,7876,105,13,77,155,599,0,0,5,351,1,3,2614,10027,40,24,125,184,0,2,100,1677,8,534,324347,19,275,218,190,18,3728,478,48,1341,43,15,75,822,178,200,20,118,309,499,414,104,0,0,23,2,11922,145,740,213,150,57,223,84,3,298,35,5473,0,304,0,0,57,52,27,4,122,81,424,3674,1461,26,36,3,686,71,1,483,346,43,62,532,0,273,2,429,6,10910,0,12,354,3621,4,1956,0,0,21,7,1,18,30,24,148,5,0,12519,10,142,73,1402,1217,29,7,722,21,54,484,2725,365,28,363,35,0,42,31,1,19,228,0,105,14,4,47,125,354,27,477,425,10,32,0,31,108,18,311,2571,592,253,97,32,2513,370,0,0,546,686,0,0,330,0,16,194,111,297,0,0,195,1,1335,12,97,1,5,0,8,207,40,1073,5,5,600,91,11449,0,882,64,378,237,0,23,48,2046,0,191,0,652,0,1,56,0,0,0,4,2,0,30,9,0,15,214,1,0,0,16,0,7,3,0,0,4,1,14,5,0,3998,0,3,5,1,4,73,15,0,163,0,0,27,0,18,4,25,37,22,3,1
TCGA-J2-A4AG-01A-11R-A24H-07,284,111,284,3,3172,3138,879,1823,1051,50,0,56,538,171,12,4175,1214,1076,1228,984,40,537,376,18,3,14,2407,16542,30,6640,20,11127,582,611,242,1612,1308,11,208,71,580,91,3,13,3387,491,129,526,1516,425,3868,4237,1198,291,4,1905,3453,63,91,6,103,11226,283,79,114,811,534,4,3,283,673,139,60,3044,19743,128,118,424,402,8,7,634,3182,421,1295,28250,49,237,476,556,49,5933,907,136,1857,89,76,1858,2547,463,374,214,71,490,623,4167,401,2126,24,233,242,11582,569,457,360,465,51,649,106,38,490,46,8689,9,1100,0,15,471,430,686,33,38,270,460,4219,2465,60,141,13,2580,130,51,1493,792,132,755,2031,15,442,21,907,71,9200,1,299,732,4467,377,2760,13,92,58,312,24,309,99,39,69,16,1,7971,184,462,138,1406,721,141,367,1026,210,357,1070,7658,682,194,5723,215,47,155,983,59,22931,2303,2,810,111,31,598,404,714,223,1254,540,49,90,9,999,84,59,948,2677,1780,1060,113,246,7826,1929,0,12,1845,2133,9,0,612,12,51,3208,125,2239,6,6,106,12,2033,10,56,203,6,1883,281,140,2836,2739,90,17,1062,189,3697,2,1424,393,933,1049,5,3081,110,17962,0,266,1,323,12,0,71,6,0,0,5,10,6,16,24,1,44,1253,78,2,18,16,0,33,10,1,0,46,50,8,29,37,6947,1,64,6,0,89,245,140,3,172,1,0,165,5,185,26,76,11,17,18,1
TCGA-44-2666-01B-02R-A277-07,377,11,80,6,383,1492,42,1879,1888,4,0,160,799,361,41,1835,1841,305,1148,1491,131,640,438,70,3,54,1891,15586,21,2193,45,10018,1787,186,508,2091,1211,4,20,36,331,29,5,18,516,288,143,237,2933,64,1677,2116,605,336,22,438,333,135,44,0,250,3977,596,228,277,828,3742,3,67,82,719,48,214,4974,6575,503,702,334,214,2,11,647,1041,164,190,57137,226,427,189,348,87,2767,783,248,622,54,41,365,1200,74,166,62,101,700,316,1955,353,52,14,95,214,4852,699,491,270,107,139,665,97,0,1300,149,5838,15,332,0,3,1508,227,98,14,10,12,236,7958,437,209,14,71,362,91,56,333,2111,455,194,1528,6,470,29,479,188,2610,0,46,627,3238,37,2007,7,221,81,151,8,16,238,77,436,15,25,6594,27,560,2066,1318,464,306,107,642,212,290,2777,681,386,259,2099,43,33,30,286,6,380,1294,2,918,91,20,528,234,888,334,481,341,66,65,133,2871,253,837,347,2891,327,361,140,327,1846,746,0,11,607,502,0,47,755,25,94,284,17,1517,45,19,13,8,1820,263,332,37,33,19,198,435,3338,2795,550,57,257,284,2732,1,982,122,377,576,5,261,132,4879,0,64,83,755,6,6,469,385,0,14,2,147,3,4,74,2,169,1300,64,4,6,35,0,26,16,1,16,38,38,30,15,129,3897,2,19,11,8,554,139,443,7,141,3,0,187,1,23,41,237,2,7,1500,1
TCGA-78-7542-01A-21R-2066-07,1208,5,153,0,294,3125,844,1484,915,0,0,6,162,87,13,4267,608,1654,117,189,1,2510,125,1293,1,6,4817,3125,1,16156,15,6356,325,749,631,5073,400,10,75,56,3738,77,2,3,915,218,247,278,3406,384,40372,53370,2957,77,6,2128,1340,5,5,1,24,9817,82,17,71,148,655,27,4,93,435,33,103,6963,7595,22,19,192,654,0,0,714,3099,368,1102,81640,51,2261,1002,522,39,42313,3387,39,1450,9,85,6322,284,254,147,247,16,1221,701,3615,199,641,15,31,32,46990,106,746,640,411,26,200,562,7,1372,613,6623,0,838,0,1,37,2043,62,100,50,191,542,8902,33397,40,76,9,2825,97,170,1309,3962,34,945,1298,2,82,1764,620,2,46863,2,22,421,15396,1732,6102,1,50,18,2780,0,977,154,81,13,11,6,6975,19,219,488,4130,691,42,0,268,16,17,843,8016,169,33,103,47,19,18,34,12,2228,491,1,89,38,1,309,467,422,178,467,475,95,69,4,1608,47,52,396,9006,1725,519,40,66,44287,852,1,3,1260,7665,6,0,974,1,24,3476,106,3165,3,6,147,5,1026,7,874,157,1,36,35,765,19,5459,387,6,728,471,38236,1,1242,277,313,579,2,439,374,22915,0,761,0,46,3,0,43,16,0,5,2,7,30,8,20,1,43,82,351,0,4,5,4,3,9,2,0,8,27,10,3,1,4789,1,240,21,0,46,232,127,2,84,6,0,36,1,3,16,11,16,12,13,1
TCGA-62-A472-01A-11R-A24H-07,113,7,79,13,452,1948,1201,235,846,2,3,138,108,48,36,2071,375,312,416,140,1,300,152,15,7,4,1654,3413,70,5174,13,2332,246,256,210,880,490,4,130,26,551,33,2,11,710,133,51,272,1440,120,1540,1550,330,55,3,720,1247,12,26,0,40,3473,52,27,30,248,168,0,5,166,393,133,47,5712,5226,20,43,285,152,0,0,394,921,139,563,80467,29,371,342,149,23,3781,629,194,443,8,35,593,564,174,72,70,21,257,375,1655,100,137,8,30,45,6681,486,334,195,173,59,220,119,14,423,57,2123,7,478,2,1,82,402,117,56,25,71,448,1080,1453,36,49,2,782,46,15,321,215,39,299,356,13,125,7,263,10,3593,3,170,201,780,24,4378,7,27,32,1658,5,170,38,26,11,4,7,5458,52,195,138,1635,723,133,47,397,44,71,746,546,175,206,483,84,52,116,66,42,9064,617,1,496,64,5,79,120,185,188,196,304,18,54,1,608,17,47,250,830,793,377,39,60,2802,490,0,6,616,1727,8,6,361,1,18,752,107,537,7,8,55,4,1729,4,155,54,13,12,71,115,443,1582,218,5,513,68,5451,0,580,148,191,211,51,848,39,5859,0,181,0,128,3,2,52,18,1,0,2,7,1,10,24,0,53,436,263,6,113,10,0,15,2,1,0,2,13,6,15,26,2287,1,37,0,1,33,86,173,1,57,3,0,48,0,51,13,7,2,10,8,1
TCGA-69-8254-01A-11R-2287-07,505,100,477,35,1861,7463,1937,3531,4710,29,4,242,394,306,97,11471,1678,1527,6794,3849,25,1223,1001,25,11,66,13219,24666,17159,16592,71,27265,4280,1616,3278,3820,4127,8,114,86,2575,124,36,20,5681,637,263,1219,4533,620,5149,9945,2103,2810,19,8061,7163,375,79,56,188,14261,1241,145,339,3741,1122,52,11,364,1221,735,543,37002,28928,117,508,957,537,1,12,1789,12180,1120,1849,1980581,303,674,2241,800,126,7503,805,7985,11159,192,150,4820,4462,537,1074,266,445,1868,1816,13405,410,2278,131,158,922,60502,1987,2868,663,826,288,639,350,41,6590,268,16697,81,2029,1,39,1083,1472,2123,12607,121,40,1053,18407,12043,226,369,66,2428,220,287,3490,4727,755,1606,2768,43,832,161,1215,522,29324,33,11186,1265,7640,455,7350,89,359,300,617,167,57,356,242,111,89,3122,46271,412,888,2580,3955,873,158,1420,1496,318,724,2436,6399,983,1412,8245,228,219,217,2396,485,70542,4640,73,1700,1279,50,675,663,963,82,2002,1359,85,269,12,8661,292,106,1298,4523,12317,1366,352,689,12388,771,9,83,3563,2920,49,3,1962,26,181,3178,222,8079,15,37,532,87,10985,192,107,285,9,6189,364,249,7941,9561,2409,46,1954,462,13022,3,4785,774,6056,7649,5,8144,363,23714,4,713,11,1333,15,4,174,93,24,7,6,49,9,15,83,11,134,3229,472,8,67,168,3,100,20,11,4,57,8948,14,119,133,14188,29,144,12,0,228,504,338,6,431,6,3,278,9,544,77,98,58,30,47,1
TCGA-55-6712-01A-11R-1858-07,186,12,145,6,108,1968,2026,422,781,2,1,205,124,111,13,2168,614,569,30,558,15,610,227,3,2,7,1064,2747,3,13030,23,2426,797,356,26,1491,979,12,95,26,635,32,1,3,1623,131,78,317,1662,134,6228,13676,684,185,0,1987,2715,8,4,1,54,7378,53,39,73,2942,663,6,0,55,477,76,8,2328,6907,62,84,184,187,2,0,747,1632,241,797,15818,19,407,286,247,115,4609,545,809,329,33,18,1313,1071,184,304,120,36,783,821,948,158,93,24,69,55,11234,238,236,235,328,21,273,93,10,140,280,2900,2,738,1,2,139,202,70,173,2,67,336,1400,6792,31,11,18,997,80,82,876,1437,14,315,1309,6,298,333,487,5,10565,1,255,319,5071,321,1228,6,29,7,641,5,95,54,14,59,8,1,7242,64,214,103,1338,198,50,34,356,58,72,479,554,264,114,2508,107,28,65,257,9,1657,896,0,13,53,36,522,146,237,37,718,555,25,88,1,371,157,25,544,1750,420,618,25,69,7029,237,0,6,1077,4528,0,0,397,0,45,2740,140,1675,1,0,19,6,1502,2,178,51,6,14,53,257,901,2376,43,11,818,184,12641,0,1217,150,468,708,6,267,76,11572,1,333,0,160,6,1,49,0,0,0,2,3,1,18,45,0,25,225,70,0,123,14,0,10,9,0,0,54,11,5,11,1,4980,1,41,8,0,23,77,44,3,29,1,0,67,0,56,3,25,0,17,6,1
TCGA-44-2657-01A-01R-1107-07,249,116,207,9,1851,2639,379,2951,1819,13,11,135,1169,180,18,2474,1270,917,3504,641,23,540,673,30,2,40,2941,12175,4,7135,52,6838,1976,1136,723,898,1839,14,148,43,687,74,7,17,2115,273,96,449,1853,308,2766,5171,318,528,4,2991,3894,107,10,21,122,6875,396,106,293,2307,548,44,24,224,273,433,24,3857,8188,113,278,351,256,0,34,717,4592,740,1903,68509,68,476,334,485,82,3523,701,486,1141,166,78,1535,3072,422,833,177,158,530,2103,17988,259,1241,27,262,505,3195,378,590,786,575,38,461,99,14,989,30,6503,10,1134,3,1,514,364,136,29,60,64,914,3810,777,125,56,37,1552,134,122,1108,1034,400,560,2185,158,525,17,627,94,13419,8,438,633,3547,250,2591,1,190,285,485,32,135,99,81,96,17,1,7118,211,551,182,1322,389,84,446,623,176,311,1135,783,500,241,9904,315,40,98,357,871,389218,2110,0,863,79,80,415,295,575,117,1035,834,42,125,6,1779,172,105,956,2234,1328,914,123,385,5065,457,2,15,1237,2559,3,2,284,14,107,2335,79,5027,0,21,44,195,5165,7,124,191,2,44,190,1065,5692,3292,549,16,1420,236,2786,1,3859,370,1861,1142,14,1810,18,7312,2,444,1,553,11,1,101,39,0,1,0,14,24,5,38,0,27,1547,119,0,203,54,0,6,16,8,5,73,9,8,14,60,9628,0,44,11,0,126,117,141,1,180,0,0,98,1,64,44,56,97,1,22,1
TCGA-MP-A4TI-01A-21R-A24X-07,456,43,264,11,735,4110,7090,1499,2181,6,2,57,232,234,36,2803,1327,1939,744,445,21,1017,976,60,12,48,5182,8047,9,6040,76,7537,1032,1862,791,1131,1266,5,694,86,1295,56,12,8,1436,358,306,458,2673,602,5162,13082,1727,133,12,3611,6686,83,20,5,114,6674,193,61,162,885,354,13,2,153,355,135,69,4020,7497,88,114,297,464,1,7,1085,2755,726,3987,69631,55,854,458,784,49,4819,696,206,971,61,179,1686,2257,518,446,391,49,778,2400,6606,210,481,31,91,262,7764,247,981,898,965,37,367,325,41,996,29,4839,14,2639,3,9,187,1055,568,54,25,61,864,4396,4414,66,141,9,1528,164,132,1238,946,109,1021,2127,12,420,386,1409,13,13379,6,384,908,5524,391,2308,9,169,49,1766,7,278,190,119,68,32,9,6448,58,412,224,2196,647,165,62,789,260,140,1719,670,496,119,2246,331,29,38,154,119,19080,529,1,198,72,22,271,517,710,147,1254,1573,19,400,3,2617,105,59,1179,3574,1173,1064,50,120,22021,214,1,3,1927,2351,8,13,1094,1,129,1069,428,6180,2,11,162,21,1952,4,343,255,4,30,217,792,984,3980,324,31,3348,271,11543,2,3157,637,774,1156,11,2534,109,3360,2,1113,0,645,4,5,116,24,0,3,8,19,3,37,62,4,72,613,478,0,16,31,2,3,9,1,4,22,17,19,14,73,8475,4,62,7,0,88,244,133,1,170,3,1,70,0,46,36,44,51,46,7,1
TCGA-55-8505-01A-11R-2403-07,282,58,246,5,240,2235,533,677,781,1,2,6,158,113,8,5132,807,1358,1719,408,13,846,782,4,0,7,587,7877,139,6982,19,2947,859,582,747,1716,678,6,57,64,1246,61,0,1,508,251,159,337,1168,394,4297,3772,685,188,1,1517,7129,26,8,21,54,6286,66,19,114,103,441,4,1,120,280,192,36,2549,11761,42,74,272,200,0,1,528,3075,261,494,1307,17,786,564,452,55,3701,324,337,557,13,63,3776,2647,333,322,263,8,413,430,1068,266,36,14,70,46,11780,133,288,322,105,143,191,176,7,360,93,1152,1,1050,0,0,120,1728,35,11,6,567,600,3734,10894,99,50,10,1269,56,9,629,962,56,602,538,95,235,115,761,14,26624,2,0,637,2248,181,4353,0,46,23,898,1,325,74,106,46,11,30,5598,45,148,13,1837,423,36,8,434,67,28,2702,5685,258,31,2862,62,3,279,124,3,49,522,10,285,36,10,41,599,318,32,547,333,17,64,2,332,76,5,938,2797,416,745,54,84,11178,525,1,3,1664,1840,0,4,154,1,128,4730,61,4086,1,1,0,3,1390,4,249,244,4,63,161,544,228,4269,151,8,237,198,33992,0,829,426,5677,536,1,163,313,2589,1,263,0,514,3,0,89,0,0,0,1,15,0,23,28,3,41,270,1014,1,18,21,0,1,5,0,1,6,7,3,6,14,5121,6,60,5,0,59,111,46,2,30,3,0,54,0,60,20,26,0,0,4,1
TCGA-49-4510-01A-01R-1206-07,300,134,593,11,1148,17439,306,2409,1323,4,12,482,530,530,46,7596,4397,1670,218,810,8,1204,2097,25,1,52,13375,24183,512,19605,111,9931,2432,1974,1909,2058,1444,1,71,119,903,129,47,9,10032,906,379,2933,5314,1292,4028,5993,534,1452,1,2806,2195,72,214,4,284,10298,294,561,93,552,500,2,10,262,340,305,380,7597,59585,100,336,772,945,14,15,1340,4646,1630,1375,79210,54,277,639,768,321,3559,613,144,2593,60,261,2691,3635,1888,816,645,321,596,1839,4258,389,27930,44,179,512,10295,754,939,700,505,1053,2907,185,66,4606,14,10030,6,3655,4,6,856,1735,3007,10,42,461,2033,6368,2933,280,37,43,3232,530,53,1735,1926,253,3191,1139,28,793,21,862,92,32545,1,253,1534,2978,1633,3925,3,53,134,782,210,164,329,203,39,44,6,14120,981,3312,169,1771,621,205,1153,1529,218,1838,1287,12782,1043,1669,3396,325,1243,99,1536,5561,702192,8526,12,2245,407,34,155,4598,832,54,2939,748,134,116,3,13743,105,135,1792,2883,3850,3278,78,434,11724,678,14,27,5410,7227,0,2,433,13,295,4309,258,4146,1,12,12623,14,21253,26,164,523,4,1017,432,410,7644,4867,336,5,364,545,5277,0,3119,815,4996,1761,62,1380,103,27267,0,609,0,965,70,3,134,19,0,1,1,27,10,4,79,0,83,3019,268,1,881,129,2,222,1,8,10,37,20,12,40,49,17279,3,189,12,3,318,2581,715,13,157,31,2,452,2,450,13,88,5,1,27,1
TCGA-64-1676-01A-01R-0946-07,252,18,23,0,1477,962,2419,352,413,3,0,16,72,113,11,2272,751,234,70,99,8,222,294,0,4,4,1941,1194,15,5044,6,1926,368,215,138,837,234,1,142,29,1031,24,3,12,1070,113,35,33,964,127,7405,2585,666,90,2,1622,557,2,2,0,19,6096,21,50,28,198,152,0,0,42,210,61,26,1078,4509,29,12,434,137,0,1,745,4359,328,2471,2820,49,312,354,175,23,5659,1061,21,94,30,21,815,433,264,74,34,33,105,798,1014,116,458,5,38,12,6087,217,273,490,547,139,191,163,0,169,60,2967,1,625,1,0,25,462,202,26,3,345,214,728,2821,7,21,2,619,65,7,692,956,16,146,213,3,141,1,369,1,19421,3,12,237,2224,94,1449,0,121,76,405,2,184,18,33,10,9,3,2837,59,253,568,2611,63,14,2,964,98,9,139,575,227,2198,568,122,7,22,31,3,3622,948,0,58,18,0,30,341,212,121,357,260,26,107,0,4639,62,19,108,481,709,200,16,30,2427,551,0,1,399,5388,0,0,78,0,37,4823,995,1503,0,0,11,4,2090,6,168,44,6,77,113,155,59,1452,21,2,376,104,8197,0,444,58,205,209,1,324,90,3345,2,914,0,142,10,0,33,15,0,0,2,4,1,3,18,0,6,244,22,1,12,16,0,5,1,0,0,10,5,2,24,1,4034,0,82,0,0,13,192,12,2,45,6,0,27,0,11,2,15,3,7,4,1
TCGA-44-2665-01A-01R-0946-07,376,36,342,2,1603,4997,1363,1592,2978,4,0,13,393,172,56,9296,1025,1061,45,406,483,1134,1334,17,24,15,1427,9886,2,8354,30,8925,1889,666,210,2384,1035,21,272,80,1040,116,0,19,3435,552,149,233,1379,272,3825,5799,1037,109,4,1454,2508,59,6,1,256,14495,223,30,223,610,4414,6,2,207,333,23,26,2634,11332,102,92,618,367,1,8,1463,3166,306,2707,29412,85,540,939,580,37,9016,896,115,1244,170,95,1265,2982,515,1406,423,69,1172,907,379,224,26,9,641,18,27248,234,243,514,320,136,527,182,17,342,78,2650,3,2122,0,10,324,508,41,28,75,216,1098,5780,3251,32,54,21,2001,305,248,1138,1258,75,802,740,20,1089,397,1415,12,29398,5,14,1427,4829,571,2229,0,48,335,447,2,196,69,327,113,333,0,14143,70,447,1242,3322,280,49,2,887,80,56,2641,1671,735,227,11885,204,1,184,80,4,117,679,0,56,152,29,155,205,1228,42,1224,430,156,316,6,209,50,47,696,7632,1428,976,338,180,18978,1589,1,1,1947,1913,1,1,226,1,266,4339,278,8495,4,2,3,40,1731,22,113,46,19,310,341,2495,44,8771,97,14,807,202,11399,0,1903,362,2835,390,5,292,120,8723,1,412,0,1507,8,2,185,3,0,0,16,8,1,100,41,0,11,498,17,1,187,134,1,116,13,0,0,119,13,15,16,9,9577,1,55,0,0,52,242,198,1,72,11,0,78,0,31,9,24,0,27,17,1
TCGA-97-7937-01A-11R-2170-07,625,113,71,1,4541,2700,485,411,463,4,0,676,476,257,34,5055,437,312,23,295,23,604,610,0,3,2,1745,19452,2,23788,18,15576,478,202,64,2120,608,8,70,13,1673,45,4,5,1349,92,60,298,2369,212,16829,18194,653,20,1,1642,448,6,6,0,28,9759,182,5,74,3189,267,0,10,38,1255,873,3,8770,11083,29,39,81,96,2,1,1079,5232,84,653,263,27,569,825,153,4,10281,2047,57,725,30,57,2584,1476,121,161,76,33,908,352,3306,83,153,181,75,20,14576,2210,144,194,164,13,183,229,4,66,18,4135,0,525,4,1,284,1202,23,2,502,487,286,6005,4216,14,12,19,4796,45,0,2319,1872,601,267,224,4,213,0,462,13,25281,0,4881,314,1945,433,4462,1,20,22,936,2,317,39,32,29,14,3,7851,12,82,243,1964,245,69,2,849,41,35,497,1165,159,15,1077,65,2,25,44,3,118,1701,1,402,17,6,281,128,163,5,274,306,0,87,1,4651,44,14,297,3423,4266,232,176,36,7857,2208,0,2,638,6576,0,4,1265,2,50,5541,65,1192,1,1,797,4,2372,4,165,29,4,6,165,351,66,8070,851,6,273,404,12993,0,349,189,538,249,2,877,161,16820,0,247,1,321,0,4,65,0,0,0,0,6,4,1,25,0,47,128,45,1,219,17,0,5,4,0,1,136,24,1,1,1,2911,0,18,3,0,18,56,12,0,98,17,0,34,0,22,79,29,2,1,25,1
TCGA-05-4418-01A-01R-1206-07,424,21,209,6,495,3903,3822,747,990,0,0,9,331,84,11,6012,1105,1384,180,557,16,622,492,4,2,9,5068,7178,84,13654,41,2276,960,877,212,5320,951,23,483,52,1610,92,1,5,1265,266,120,406,8909,352,4211,2881,959,217,0,3841,3754,20,10,7,92,13030,130,58,76,375,822,2,7,84,161,101,72,3644,37033,254,62,277,397,0,0,571,6755,427,1842,12017,366,740,703,500,143,9410,1159,132,503,120,98,8514,1674,487,328,238,49,360,1656,2985,1144,107,10,75,24,25916,103,664,467,703,44,1241,252,13,238,211,2743,3,1620,0,7,70,5111,149,26,11,353,664,3139,73133,831,67,17,1063,166,41,878,1799,29,724,482,11,370,1100,556,15,39635,2,49,545,2676,82,6586,3,342,24,1378,7,542,97,102,43,5,11,7720,105,142,79,5360,842,37,29,732,30,76,1809,2711,372,192,1899,159,36,351,150,14,976,2400,1,88,226,4,63,261,1020,241,1184,883,33,103,2,700,151,35,514,1958,1776,882,36,42,5691,403,0,7,1546,8571,0,1,340,0,44,4733,248,4099,1,2,36,8,2563,4,307,230,5,145,131,293,129,2989,54,25,892,239,76273,0,2261,250,971,1562,2,551,2199,1481,1,892,0,774,17,0,57,4,0,3,2,9,5,34,32,1,20,443,1793,0,12,23,0,1,9,0,1,9,14,8,17,6,8573,2,223,7,0,50,243,58,0,53,2,0,40,2,54,7,110,2,14,9,1
TCGA-86-8076-01A-31R-2241-07,318,82,716,6,1377,5627,3444,1745,2203,4,1,125,460,250,29,9304,2160,1814,1934,1017,40,801,538,35,8,11,8566,25737,53,11685,55,7865,2267,1631,8356,2977,1546,16,376,94,1017,84,15,7,1856,535,218,507,2619,617,2496,4514,401,950,22,3707,7438,56,53,12,135,11615,368,160,254,1595,794,48,25,212,479,200,185,3953,18432,147,219,636,611,0,7,955,7125,790,2564,131267,108,328,709,814,91,7333,1296,361,2094,61,136,1831,2253,698,696,410,137,648,1753,22016,622,1125,52,122,208,10982,368,889,828,689,108,934,104,12,3010,235,6049,9,1905,25,21,481,1016,407,100,22,257,1023,5309,5594,106,23,107,2448,182,87,2326,1360,298,752,3269,47,824,28,1262,107,26855,5,645,1140,4869,287,3862,52,380,196,502,6,153,181,64,49,67,41,8700,247,654,69,2589,1023,120,94,1029,198,123,1800,3161,829,358,4620,277,80,190,784,406,42826,1533,2,384,107,44,537,610,905,156,1542,1354,69,214,4,7433,165,146,1932,5015,682,2125,117,438,7542,883,2,158,2937,3067,9,3,479,10,99,2555,140,3051,26,8,386,22,6426,6,58,217,5,363,266,109,2733,4359,575,17,2679,341,8394,1,6665,667,2750,1169,3,3149,133,6144,3,852,0,891,18,1,112,160,0,1,0,27,2,136,39,0,33,571,84,10,47,16,1,26,8,4,8,72,79,10,130,24,16772,10,79,4,1,171,966,190,4,227,6,1,185,6,153,78,48,57,11,20,1
TCGA-55-8091-01A-11R-2241-07,228,84,417,6,2440,4622,3636,957,2679,3,1,71,649,305,44,4645,1977,1988,34,1048,76,1151,885,3,1,19,3790,11386,2,10020,57,13812,2370,1051,354,1556,2237,2,292,103,1198,86,2,10,1852,524,320,609,2576,592,4516,4637,1322,160,6,2867,2219,49,9,1,154,10504,364,59,319,525,2723,1,5,177,480,33,183,8351,22398,56,80,690,639,3,32,863,4526,739,2032,17734,89,441,496,761,106,5819,1011,259,1636,76,111,1500,2041,713,2463,394,101,1116,1605,1509,256,51,10,180,251,17195,249,992,887,947,58,472,97,8,846,100,3938,12,1802,0,9,333,360,168,29,47,193,910,7342,896,61,9,32,1954,230,47,2299,1458,233,1036,1725,22,610,60,1721,28,17069,0,62,1184,6017,448,2421,0,201,187,449,4,140,155,116,79,15,10,13299,141,793,306,3042,1161,53,38,983,81,118,2159,913,835,1762,5039,154,9,77,233,5,346,1985,3,120,126,17,604,484,1130,146,1311,1095,22,242,2,919,163,29,1567,6588,962,1441,122,337,20285,563,0,79,2786,1976,2,1,161,1,158,1312,112,8243,6,7,1,39,6126,27,122,214,7,286,255,3576,668,5620,119,17,1389,368,15145,0,3321,576,13312,1174,1,268,36,4915,1,369,0,1105,14,0,219,18,0,0,12,12,3,49,44,0,24,379,73,0,2,17,0,9,16,0,4,10,13,6,61,4,12572,0,24,4,0,48,319,172,4,223,5,0,129,0,108,20,59,1,11,20,1
TCGA-38-4631-01A-01R-1755-07,488,32,39,7,85,1682,56,215,244,0,0,31,161,16,2,2760,472,155,1,357,17,277,169,19,0,1,745,968,2,7111,15,539,592,102,6,1042,388,1,60,88,722,215,0,11,1496,103,350,151,520,266,31283,27384,611,96,3,1216,927,4,4,0,56,3378,90,21,20,232,68,57,3,91,111,148,4,1048,7075,13,8,48,45,1,0,212,1462,260,618,85,25,673,169,83,15,6650,1182,204,106,140,22,1538,560,334,132,23,12,138,212,32,66,4,0,51,6,8927,11,113,394,153,35,94,285,5,159,111,1286,2,331,2,6,47,2297,55,10,2,110,209,958,9,582,34,13,349,32,64,537,908,43,75,77,4,72,28,111,3,15160,2,7,124,655,233,3131,8,11,71,818,0,473,6,22,209,41,2,3047,49,75,41,1918,134,28,37,681,11,102,269,2729,135,43,755,74,18,14,76,0,31,107,1,70,43,4,15,44,102,9,213,53,9,42,0,10,25,3,133,537,1844,184,18,40,1149,440,1,200,240,2619,4,0,233,0,21,1753,280,1254,0,1,0,60,801,1,425,39,0,767,55,118,40,1278,110,41,65,64,28789,0,555,41,4604,143,0,113,0,1050,3,112,0,134,3,0,22,1,0,1,0,1,0,4,17,0,13,199,15,3,1,8,1,0,42,0,0,54,5,2,2,1,2068,3,3,0,0,14,882,33,0,25,0,0,59,0,20,3,5,0,6,3,1
TCGA-44-2659-01A-01R-0946-07,293,69,756,200,537,6636,1775,2469,9647,2,7,624,255,325,183,7494,2395,1784,429,1104,25,1165,911,24,6,43,4830,20581,1965,38360,263,12816,3926,1509,1225,2275,2547,33,175,113,2213,83,2,25,4123,446,312,1549,3223,541,4284,6813,438,226,8,3841,6044,183,167,2,142,12114,2274,233,1291,1652,3876,5,5,268,1384,744,109,7119,24307,175,383,957,616,6,306,1348,9150,909,2726,435511,115,370,729,1125,87,10412,1460,871,3256,271,194,2671,6124,977,955,428,124,1854,2610,1402,199,3732,302,520,262,12765,2807,1035,849,551,120,1062,111,27,212,43,19134,21,2715,8,7,935,693,555,76,1085,149,1146,7582,2786,236,57,38,4137,594,72,2101,3969,191,1575,2610,6,4273,17,1864,68,13803,0,143,2119,5163,152,6025,16,478,130,455,85,119,199,280,83,26,9,20194,323,1364,142,4547,1281,117,175,1359,494,870,2582,3080,1284,1257,16523,206,221,220,3487,19,6617,2122,10,519,805,76,341,3011,1235,196,1719,1455,88,230,104,12556,544,242,1788,6241,3593,2196,104,992,14678,1083,3,11,4164,4724,122,13,352,7,402,6292,180,6281,3,3,12,251,5461,12,169,183,4,435,302,596,7206,9643,2610,25,2323,1076,4311,1,3012,994,1986,1547,13,1932,124,15812,0,398,1,1033,6,1,144,8,2,2,6,7,10,23,54,4,81,3914,124,1,255,60,0,14,8,0,1,26,16,6,7,75,14401,3,44,15,2,315,280,254,7,865,5,0,218,0,471,49,201,1,10,52,1
TCGA-55-7725-01A-11R-2170-07,150,6,152,2,916,1699,1233,1244,2193,8,3,151,262,115,7,2572,941,180,2617,469,24,277,159,42,4,21,2834,2873,3152,4981,42,5512,575,177,182,929,549,6,157,24,352,23,3,14,1259,214,78,130,1029,58,2658,5139,42,110,4,581,966,29,331,3,75,3733,206,43,52,1323,477,2,4,63,414,185,661,8660,7003,53,80,425,175,0,122,310,2903,61,668,502231,211,162,638,209,131,4005,628,377,932,81,33,125,976,290,136,47,77,354,582,2209,99,413,25,80,118,4208,759,963,308,318,308,482,51,24,734,13,5488,16,493,0,11,275,175,392,77,345,34,623,3937,42,186,81,5,577,78,133,1263,1269,287,221,1032,4,359,19,310,212,4594,5,241,298,2643,26,3169,7,62,113,23,86,11,85,14,26,14,0,4765,53,392,109,1192,983,72,341,556,69,352,857,404,325,493,1265,109,108,204,434,31,10161,885,8,326,142,12,214,261,379,251,632,518,50,59,1,4135,111,119,288,1353,1260,446,90,153,2533,760,6,9,993,700,13,1,715,2,18,189,386,329,5,10,91,11,2591,1,33,7,31,8,57,205,2215,1363,937,61,1007,258,4092,1,747,156,1562,271,84,1881,2,7779,0,343,0,185,3,2,101,32,3,3,3,11,0,38,26,0,44,849,75,4,15,49,1,6,27,0,0,23,112,12,9,3,4901,1,54,10,0,53,134,143,3,175,2,0,181,2,103,17,38,0,17,31,1
TCGA-38-4629-01A-02R-1206-07,643,42,68,0,2831,1992,13523,2393,2792,7,1,30,245,284,67,6595,1700,2017,80,370,5,1132,929,735,6,15,1343,8829,15,13950,93,4317,446,877,128,2672,649,4,553,60,1617,74,2,22,4543,282,214,256,2579,610,32395,63091,835,81,4,5133,2511,20,5,4,320,14895,160,24,78,461,1297,6,3,67,1115,57,6,2946,10319,61,57,337,498,0,7,1353,4714,512,4883,18254,72,701,1057,688,6,17931,1880,159,1259,51,73,1527,3241,614,454,265,32,713,3328,1196,310,71,9,430,56,22465,242,722,1285,1153,24,339,310,35,107,183,10986,2,2630,0,9,144,2042,97,59,1,257,926,7844,31685,15,26,255,2182,194,250,1534,2600,39,1235,548,4,456,1192,1527,2,35122,95,20,1021,11540,835,4943,2,31,26,1635,1,487,94,116,53,34,3,11457,52,396,17,5017,796,22,12,1795,89,8,1418,1836,556,83,2039,252,7,43,108,11,3476,557,0,60,96,16,106,614,1085,384,1301,856,60,334,0,623,196,35,906,5814,1664,965,118,68,33710,315,1,7,2222,5976,0,1,676,0,170,7228,406,4890,5,0,23,5,1339,3,675,137,8,2892,205,1685,137,4454,366,4,1376,381,24454,0,2634,366,1190,1109,9,130,546,11155,5,2083,0,538,14,1,74,0,1,0,12,4,21,175,61,0,12,235,126,0,48,31,0,0,9,0,0,17,5,12,2,14,11729,5,132,8,0,19,346,29,0,87,3,0,65,0,55,6,21,2,29,5,1
TCGA-05-4382-01A-01R-1206-07,724,83,195,5,4308,7141,22635,2651,3604,4,0,302,381,594,76,8238,2119,2104,24,940,58,2228,2193,49,11,53,815,55233,31,29065,151,21815,4885,1628,413,2722,2300,8,601,122,2062,175,2,84,4577,737,365,423,4536,729,4661,5603,1169,323,2,7656,22821,91,197,0,327,22679,598,89,208,1033,2244,77,18,230,658,2482,44,9917,16615,165,167,418,522,1,2,2818,5236,562,4234,209,146,729,1575,1148,59,6432,1153,525,1977,103,147,2575,8309,600,1059,562,46,1196,2576,4547,685,17,14,319,131,45935,648,2121,1237,1185,515,568,432,15,1149,324,4850,44,4275,572,0,92,4285,213,27,3,866,2426,7879,4076,12,790,23,5209,216,5,2562,3087,309,1776,1295,25,1106,1054,2719,70,78682,1,370,1592,8928,709,8666,10,35,24,973,3,412,131,174,115,24,6,19837,47,308,35,2486,3306,42,30,2569,211,119,6440,3625,722,52,5065,597,5,83,202,6,41,1060,0,104,110,58,185,597,911,120,1654,1503,33,542,4,8,247,25,1881,8483,6760,965,317,420,29831,1248,1,10,3497,5576,0,1,814,1,304,6399,309,13760,17,9,10,18,3711,10,274,319,5,176,374,2896,388,9187,1577,54,1225,862,32858,5,3406,925,4044,1556,11,714,118,37908,3,3347,11,903,10,8,174,0,4,19,15,8,11,159,103,17,88,870,272,2,121,87,3,16,21,0,3,34,27,18,59,27,21205,1,106,9,26,77,286,157,0,200,6,2,113,1,170,24,47,4,54,19,1
TCGA-44-6146-01B-04R-A277-07,343,3,100,2,1225,1656,2,2621,1310,0,4,62,1091,431,12,2262,3102,343,44741,3412,69,1498,180,54,3,54,2481,9172,52,2601,19,5680,3330,148,319,1945,491,10,24,38,261,18,4,27,925,562,133,174,2442,66,5105,3441,267,2271,13,432,561,188,95,41,288,8160,295,296,326,1616,2375,5,54,116,659,31,386,1679,8433,771,220,553,388,1,53,307,1685,81,222,23855,443,322,63,672,40,1348,449,629,1119,84,27,765,1224,93,345,65,136,869,441,505,192,46,59,63,203,15030,637,1024,171,147,128,1713,263,7,1489,150,3606,125,255,0,13,1085,145,96,18,14,27,226,10022,129,387,80,12,352,111,192,536,2321,494,226,2187,6,740,40,592,337,2852,4,113,929,3789,32,1769,19,74,67,28,15,6,229,24,411,14,216,16064,17,1068,3552,854,1839,339,467,800,188,816,2876,622,477,332,1206,46,56,51,202,14,1740,1672,11,149,538,17,133,260,1332,47,764,451,140,37,161,4306,613,660,327,3488,112,444,421,360,1344,354,0,10,1213,333,42,45,1999,12,34,91,2,619,23,80,313,4,2391,25,228,26,11,2,163,344,3458,2020,360,60,187,212,5513,8,394,184,396,700,7,322,40,5017,3,32,34,804,5,8,503,125,0,103,3,107,2,4,49,3,371,1650,23,2,28,91,6,46,17,2,99,78,45,57,37,45,4096,5,236,9,5,47,217,1301,16,89,0,17,516,17,13,56,265,3,0,1402,1
TCGA-38-6178-01A-11R-1755-07,142,78,221,10,2464,1378,419,590,835,2,0,97,84,269,20,3426,833,813,184,527,23,595,462,5,3,16,1758,8523,23,9075,22,3993,1012,302,394,1884,489,2,40,28,794,33,0,6,1116,242,101,235,1608,199,3374,4350,233,284,2,1628,1086,18,6,4,74,5478,170,64,120,1016,471,1,2,65,329,134,64,3339,9754,68,70,258,147,0,1,324,1985,204,651,4267,19,300,392,356,21,4709,820,265,496,31,33,1062,1728,271,268,120,73,339,452,864,231,39,74,69,136,4085,350,205,155,131,61,489,53,10,281,46,1625,5,763,1,3,331,547,66,7,23,185,319,3963,1211,25,34,13,931,76,28,745,626,150,354,688,9,268,3,491,22,21349,0,643,700,2141,232,2178,1,51,20,105,1,148,72,46,34,2,0,5608,46,184,75,1480,415,45,37,280,68,91,886,1402,287,61,3060,60,7,87,509,20,3521,863,0,447,220,21,187,355,310,18,672,360,8,53,3,2012,66,11,794,2797,923,656,36,99,4708,714,0,6,1228,3003,6,0,160,2,90,1865,27,2291,1,1,19,11,2102,4,117,81,1,7,55,868,588,2548,159,8,216,225,4875,0,1237,217,740,471,0,514,36,6479,0,70,0,938,3,0,75,3,0,0,2,4,4,1,19,0,13,582,30,0,75,23,0,7,1,6,1,20,3,1,7,4,5269,0,5,2,0,41,80,72,0,46,2,0,51,0,108,13,23,3,2,12,1
TCGA-55-7573-01A-11R-2039-07,276,87,260,8,2806,3430,1196,2202,2544,23,5,287,416,175,19,2855,1079,972,559,1645,118,848,481,50,6,38,6134,31247,134,7379,35,10475,2218,801,1350,1426,1776,18,82,50,711,138,0,10,1035,279,161,378,1267,266,2120,2896,181,167,4,1800,2452,91,20,21,81,10470,432,65,230,1057,974,6,46,184,565,172,91,2686,14740,84,205,401,373,6,9,583,3463,424,1176,24848,266,183,416,457,30,2323,373,306,3137,96,89,1765,3118,399,616,182,71,468,929,49155,78,889,14,307,441,4487,530,702,508,296,135,500,52,5,4291,27,7028,8,685,1,18,879,240,205,17,776,84,393,4117,133,93,81,36,2345,80,78,1493,1188,595,398,1715,35,566,30,768,132,13835,5,403,612,2830,410,2190,9,118,174,156,75,81,112,45,44,12,26,7763,104,502,1050,1804,981,89,204,752,191,266,1663,756,441,133,6724,128,75,159,406,115,19503,1253,3,1805,104,69,391,473,427,199,742,768,30,160,21,5366,97,116,806,2430,1421,838,127,567,6520,520,0,51,1234,1505,15,7,466,15,120,1273,149,2607,2,4,530,506,4003,0,29,124,10,85,172,168,3845,4328,932,24,1641,651,3360,1,2034,444,3760,652,41,1630,8,8042,3,151,0,880,7,0,98,10,0,0,2,27,6,6,12,1,51,1315,26,4,79,23,1,8,17,3,2,18,111,15,76,146,5859,9,35,4,0,239,118,138,3,163,4,2,117,3,84,196,107,7,1,34,1
TCGA-50-5935-01A-11R-1755-07,357,19,129,4,1543,2595,1054,592,2399,5,0,88,232,109,130,3135,773,728,628,246,5,574,636,7,4,11,9004,15372,666,7313,31,5731,837,652,1123,1241,911,5,232,60,965,68,16,8,1270,107,125,309,1060,305,2121,2530,204,170,49,1434,2321,34,10,0,76,6136,522,53,142,1388,1477,0,2,78,535,80,23,4436,16987,30,59,208,237,6,22,421,4520,296,914,355024,29,112,617,301,30,3904,618,83,2214,34,58,681,2128,390,796,146,437,339,560,3553,50,928,13,126,124,6384,937,465,312,186,436,625,54,25,838,54,5859,4,911,0,2,150,369,33,55,724,255,344,3839,2480,20,6,9,4347,127,58,471,1618,37,612,775,12,229,30,578,18,15916,0,51,560,2282,176,3418,8,33,230,121,16,97,56,31,12,59,3,5115,72,261,1851,1478,934,73,198,857,144,161,761,1238,296,1055,1593,85,4,61,175,128,20060,982,1,385,46,10,244,2302,356,68,837,362,11,60,0,1285,198,26,945,1492,4616,818,138,235,4218,1218,0,1,1428,1255,3,0,180,5,76,2024,183,2358,0,0,2,65,1025,1,64,53,4,197,134,138,962,3849,510,6,1068,213,11744,1,664,375,922,400,11,1462,82,6449,0,175,0,397,4,1,37,2,10,3,0,5,2,19,69,0,27,1481,21,0,23,26,0,20,4,0,0,5,278,7,10,17,6224,0,5,4,1,90,90,15,0,312,7,0,68,0,138,65,45,4,16,7,1
TCGA-55-8207-01A-11R-2241-07,416,325,569,3,3227,5487,8227,4586,5410,39,44,28,774,582,66,3622,2895,1612,17,2009,111,1111,1707,151,4,115,4241,27014,377,11526,83,11355,6348,945,809,3328,3190,84,738,125,1797,287,6,42,6999,653,199,897,2997,567,2280,4883,381,93,8,2423,2258,120,26,1,208,18516,975,562,286,483,2652,6,3,518,868,304,84,22030,32745,450,394,929,636,0,45,926,5418,914,2009,810116,110,179,1046,1046,121,5853,775,77,4459,186,125,1741,11079,595,1363,408,163,1156,1111,12380,352,39,11,404,788,5655,599,1896,767,430,85,2237,92,15,2627,120,8498,16,1744,0,3,1701,6,222,85,12,101,1193,7734,2251,267,17,72,2910,203,53,1734,4598,608,1152,4429,4,1163,161,1646,67,13495,3,194,1440,5395,238,4983,1,312,266,307,21,106,184,126,117,97,8,16234,354,1028,1051,2692,2631,375,560,1023,325,516,2033,906,1010,583,24479,499,39,614,1152,7,634,7662,4,1883,604,73,250,569,1319,284,2571,945,70,365,9,4006,327,173,1957,5228,7075,2005,124,836,17411,2015,1,12,3131,2455,10,6,136,12,393,2193,890,5421,2,0,3,572,4584,7,44,312,12,1496,496,790,9606,10198,1566,15,2205,329,6865,3,3908,600,12325,1102,1,628,137,16053,2,862,1,1138,24,4,529,28,2,0,11,12,22,30,40,0,53,4688,27,7,40,233,0,2,22,11,0,150,46,19,60,179,14772,3,25,10,0,467,263,143,3,356,2,0,250,0,123,9,173,0,31,130,1
TCGA-50-5051-01A-21R-1858-07,171,23,319,2,259,3375,87,377,476,1,0,17,223,85,9,4922,632,772,310,210,14,265,508,5,1,28,7749,6516,9,7767,12,6898,472,521,861,779,467,1,95,55,806,54,2,4,1042,274,147,93,882,340,587,1431,254,142,43,771,971,42,7,3,180,3003,148,114,83,161,226,5,4,201,237,37,197,1136,17494,17,46,282,266,0,1,542,2749,321,408,34249,35,192,405,316,32,3395,394,69,1212,21,94,684,968,440,188,143,75,192,247,1656,166,248,12,32,78,7903,400,174,297,114,84,386,353,4,819,33,1129,5,655,1,3,79,539,125,9,22,111,218,1999,2906,19,47,9,1285,66,17,373,292,100,500,188,8,259,6,402,5,11623,0,61,445,1617,62,2481,5,59,54,684,3,182,80,46,21,4,6,3136,96,273,81,1616,148,203,186,419,68,102,485,7231,504,56,1027,53,20,37,272,148,7877,1469,2,659,34,12,146,279,388,25,602,266,32,51,0,770,80,10,805,1719,3664,952,425,201,3463,832,3,3,1621,1599,0,66,463,2,30,2317,28,2117,1,3,1103,17,2551,2,114,73,3,74,156,172,446,1715,56,9,268,137,3053,2,897,304,956,527,3,658,116,13632,0,400,1,236,10,0,62,60,2,1,2,11,0,1,26,1,28,563,66,0,19,6,0,29,3,8,1,34,21,1,6,9,4653,1,21,4,3,39,163,69,2,138,4,1,57,1,112,16,29,84,2,7,1
TCGA-44-3917-01B-02R-A277-07,777,11,122,1,771,527,9,114,844,2,0,504,518,92,66,2452,1332,163,167,356,3,614,96,1040,3,9,890,5743,78,5328,7,4322,212,146,40,2062,260,11,126,9,221,17,7,6,385,74,39,31,2443,213,288,529,250,139,0,586,506,11,32,1,2882,4246,191,49,81,297,456,0,18,35,808,15,351,668,8941,855,12,184,125,3,0,168,2396,66,171,3584,43,1508,208,206,16,4490,1698,40,458,18,39,794,153,39,19,52,442,570,648,1684,119,5,5,10,8,2458,251,290,220,330,13,215,234,0,148,87,2674,26,296,6,5,230,203,27,3,2,18,216,3539,1622,43,31,4,170,58,749,211,1927,558,114,435,3,153,0,227,4,6426,1,25,246,1886,62,2749,0,69,16,900,0,179,47,11,2405,11,0,3967,6,217,191,2159,1439,1589,21,276,25,29,513,1538,285,23,72,58,0,48,22,30,334,348,0,48,22,0,161,56,439,3,335,581,20,40,175,1470,116,926,208,2240,255,137,1403,34,539,1301,0,1,371,625,1,0,1716,0,6,983,3,343,5,7,6,0,1119,3,296,25,55,1,67,158,115,684,314,41,264,174,5947,1,443,50,43,468,9,71,563,1575,0,57,16,76,1,9,571,13,0,10,0,143,8,2,19,0,81,289,25,1,0,13,1,55,12,6,6,81,12,34,36,3,2322,0,3,10,13,14,93,51,0,98,1,3,914,5,3,3,127,6,1,1198,1
TCGA-78-7540-01A-11R-2066-07,262,12,706,15,1380,5705,5993,1183,1609,9,4,67,202,313,25,4301,2183,2542,101724,3793,26,2881,1176,16,0,18,9254,8248,244,21225,65,13614,501,1188,3023,1898,2642,30,339,121,1233,102,6,13,2438,670,335,457,3970,611,19799,11021,3557,1553,67,6225,3715,24,103,228,103,12105,213,115,212,3182,604,26,41,295,827,593,368,3341,18829,122,62,932,750,5,1,1435,6791,1679,1207,185669,168,425,396,861,1243,4399,324,9187,2004,53,125,9841,1413,1184,1537,324,194,785,790,9162,518,1472,103,94,225,50511,1028,1846,856,433,141,911,163,54,3534,399,6047,25,2037,6,19,363,2358,3056,2027,52,274,719,3760,4419,124,732,11,5813,217,279,1793,1681,107,889,1801,48,948,2511,2068,40,33497,2,383,831,4451,134,5868,89,162,138,343,35,99,87,13,63,14,4931,24190,369,1170,660,2560,381,166,101,1009,121,259,1946,2014,1270,272,1853,324,86,601,509,99,34608,1232,10,532,865,8,187,969,973,64,1198,914,89,71,30,8289,796,67,1585,2569,903,3138,707,367,8857,376,6,46,3598,2494,28,1,2434,12,59,4786,221,4397,3,26,623,40,7093,7,105,215,3,130,211,53,1078,4863,764,41,1513,323,22444,7,2026,946,1354,1303,153,10063,206,10778,4,1024,1,729,25,2,101,10,12,33,6,13,0,13,50,1,96,1065,511,2,80,23,0,34,15,5,29,85,100,41,245,25,10588,20,1362,13,0,287,388,348,3,234,6,1,198,5,410,140,46,44,2,23,1
TCGA-NJ-A7XG-01A-12R-A39D-07,244,4,190,6,335,5669,63,572,665,1,0,173,117,109,102,3806,513,911,75,253,7,656,747,1,5,8,7529,7480,40,7697,36,12310,94,488,198,1667,1532,4,2,44,1636,51,2,0,1116,371,88,970,2592,223,3951,2699,1024,163,5,802,885,10,17,3,22,5419,174,53,45,534,427,0,6,256,452,108,154,32071,18448,24,20,292,140,4,27,877,2489,495,168,720277,59,104,818,171,20,4912,691,43,1618,19,74,2041,451,393,584,261,37,296,261,1005,33,550,179,30,125,25856,608,162,182,218,60,578,222,8,5067,61,13182,3,563,1,1,81,1604,259,3,274,270,287,3854,3926,46,0,8,1119,100,19,1242,604,35,576,246,2,277,105,281,48,12729,1,26,326,759,252,3520,1,27,94,535,7,216,76,37,22,3,3,5190,149,607,140,2825,814,75,173,501,56,271,1506,925,186,108,1687,46,172,15,105,17,1447,794,1,473,64,16,212,267,267,5,423,224,23,47,1,7662,38,7,301,687,3146,677,50,220,4844,718,4,2,1191,1872,4,2,95,1,62,3043,13,4931,1,0,9,8,2179,6,51,134,1,61,153,146,338,8723,1545,3,296,125,4646,0,3322,294,298,261,5,1565,101,15523,0,24,2,458,9,1,52,0,1,0,0,3,7,0,5,0,86,605,277,0,58,3,0,8,2,8,1,0,31,5,0,43,3291,0,56,4,0,6,96,329,2,145,3,0,70,0,51,11,19,0,0,14,1
TCGA-55-7576-01A-11R-2066-07,1106,109,550,3,4053,3361,4189,1869,3023,4,6,125,300,272,197,11985,2650,2060,2344,1113,55,1714,899,64,12,20,6616,23947,115,27998,87,15480,838,1363,1321,4081,1376,41,373,115,1662,122,8,19,2044,369,313,766,3020,483,8852,6051,968,352,28,4247,3997,48,59,7,193,18048,348,144,318,8430,1152,6,11,230,2773,1009,132,11395,32546,91,152,903,539,3,12,773,7354,816,1819,59515,78,1861,1412,804,43,17980,4069,309,2345,56,110,4643,3642,737,683,486,171,1221,1673,5177,879,923,172,117,202,34321,2108,1778,870,578,314,751,274,18,1392,627,6348,10,2179,29,2,516,1907,295,103,30,361,1986,6176,15366,149,91,24,4043,199,141,1459,1733,421,1149,1976,18,764,27,1679,33,35974,7,542,1173,11950,210,7268,25,99,99,1164,7,372,170,150,88,21,3,22630,241,753,2050,6178,1908,180,197,1440,203,228,4337,2975,1086,519,5337,332,96,745,565,241,51464,4668,11,966,550,46,248,725,1031,504,1629,1445,54,292,3,12294,258,120,2000,6527,6275,2026,367,454,14756,1468,0,5,3501,10430,23,1,1344,11,244,13477,754,4352,6,11,37,16,3709,10,370,360,43,45,194,2307,1632,7339,1438,13,2209,735,13237,3,2268,770,1439,1306,20,2901,284,18106,3,1133,5,1731,24,1,317,19,1,1,19,28,7,106,41,1,57,768,534,6,106,26,0,35,11,2,7,35,42,24,185,21,14725,4,117,6,0,50,286,119,1,161,9,1,212,2,457,59,67,20,48,39,1
TCGA-64-5775-01A-01R-1628-07,172,40,502,10,442,2661,2065,9234,1552,0,0,15,3198,87,4,6126,6182,3175,19,339,17,1783,147,3244,16,4,98,3066,0,5794,18,4414,109,380,33,4041,307,11,39,43,1607,13,0,11,590,20,189,179,1241,249,4392,50418,1760,17,0,717,310,15,5,0,488,10911,243,22,326,54,7941,148,0,24,49,2,2,573,5495,25,1,618,215,0,9,217,3506,287,5370,1,13,564,343,236,7,11882,2166,40,35,38,35,10,1057,318,63,196,28,1470,810,14,1557,36,14,11,7,5698,6,1734,507,208,187,877,253,8,601,4,1183,1754,954,2,54,84,4,114,4,2,75,359,8478,2807,17,9,0,993,98,34,584,1059,5,999,221,1,220,5,523,232,15207,107,966,507,15997,271,1752,2,4,1,1582,39,341,63,109,41,30,22,19171,25,319,2215,3460,713,35,2,524,10,119,7736,1313,410,363,1247,37,5,186,120,4,2,383,0,1,293,1,100,584,297,3783,1176,544,2,133,2,0,360,5,998,4537,2614,584,46,52,39501,327,1,0,1227,4984,0,0,1060,0,80,1697,129,2025,0,0,0,9,928,7,1014,62,0,80,71,3989,2606,5422,1147,3,237,119,14792,0,1691,371,58,863,0,51,43,5284,0,710,0,1804,3,0,62,0,4,0,7,5,11,380,38,0,3,42,1,0,0,11,5,31,5,0,1,7,10,93,1,4,4365,0,16,4,0,4,151,1,0,115,1,0,51,0,78,4,18,0,7,2,1
TCGA-55-8203-01A-11R-2241-07,670,32,757,5,1705,5466,2866,782,1672,4,0,27,397,162,32,14069,1789,1491,610,391,3,560,811,4,2,18,3764,15579,10,16441,31,15309,2559,1270,1396,4404,1416,6,117,81,1619,254,9,2,1619,395,233,440,2729,528,1177,2387,853,773,6,3702,5103,23,7,3,143,8999,151,80,123,892,1034,25,9,62,536,132,157,3125,28816,50,104,620,456,0,3,853,7945,915,1540,225529,88,641,1522,632,92,11233,1538,711,2466,61,140,2788,2844,616,585,425,229,552,1568,3159,279,368,32,118,84,30536,618,622,664,483,191,359,646,24,779,23,6171,5,2107,3,2,225,1559,723,215,37,311,672,6041,18430,93,18,7,2047,129,81,1339,750,62,707,1589,6,509,39,1170,17,68442,0,269,980,5529,261,7366,11,70,57,1218,11,467,105,67,59,15,41,7926,1499,557,204,3762,838,231,49,1323,150,153,1412,8433,799,229,3058,147,51,107,254,9,2332,696,0,444,47,28,338,373,838,51,1257,1195,54,98,3,2266,158,117,1759,5847,8644,1923,2018,197,9784,2192,0,2,2624,2839,5,2,959,4,97,8843,134,4203,1,3,55,22,3391,14,274,149,10,181,106,972,1486,3583,85,22,1880,305,13950,3,4825,498,879,1911,3,1536,737,11190,1,373,2,1614,9,3,92,9,1,1,3,15,1,10,48,2,49,488,97,3,30,14,2,14,21,2,3,15,18,7,5,16,13003,5,42,7,3,76,275,97,1,113,7,0,110,1,142,42,59,8,17,25,1
TCGA-55-6986-01A-11R-1949-07,107,36,182,9,1372,3102,2343,923,845,9,2,43,264,104,36,4457,780,712,4086,399,9,455,450,20,0,14,4196,8308,72,6182,31,11287,987,471,1482,2024,738,11,42,39,869,47,6,20,839,222,97,514,866,211,1750,4507,2865,189,38,1122,2938,30,38,5,60,4963,326,56,82,1386,534,4,6,142,423,200,153,5423,11388,42,126,313,276,1,11,430,2446,238,557,145837,68,196,323,295,55,6785,1261,171,1205,36,50,960,1311,328,366,149,58,296,632,5397,169,682,48,81,173,10996,497,1340,290,262,130,433,75,7,1266,137,12077,31,791,1,10,435,1297,345,70,42,30,361,2775,2258,99,75,14,963,55,173,941,1046,227,497,710,35,286,123,598,38,13559,4,199,362,2339,129,2165,59,81,44,395,87,29,56,23,37,20,14,7220,127,420,1099,1902,401,109,218,542,115,279,2743,1588,391,251,2437,123,75,88,292,166,38669,1631,6,1031,75,53,190,416,398,120,674,547,49,86,9,3533,83,64,526,1605,1668,825,150,185,5109,298,1,5,1212,2273,52,3,966,17,56,1778,128,2164,8,9,110,54,2742,42,77,109,1,19,144,101,2750,3713,205,13,715,112,5137,2,2731,321,522,642,120,5075,92,5948,0,236,5,520,10,2,62,7,1,3,1,18,1,2,27,1,49,1165,616,0,53,13,0,37,5,4,1,37,59,9,45,21,4133,12,50,3,2,53,127,109,2,172,3,1,106,1,271,52,73,28,14,21,1
TCGA-86-6851-01A-11R-1949-07,781,38,488,20,6063,10064,860,712,3300,3,1,155,649,355,26,6840,1467,1407,151,409,11,1240,952,6,1,19,2899,35453,3,15734,66,5443,2241,2034,367,3490,2386,10,628,67,2079,99,4,15,1969,305,174,952,5331,366,1688,2433,879,969,1,6555,9044,137,7,2,166,18353,434,71,149,2219,370,1,6,387,418,205,25,4466,10233,140,83,670,331,0,5,757,5081,498,2663,5495,53,930,1266,436,200,7234,1408,1213,7209,67,153,3303,2523,304,722,279,118,946,3680,5025,269,562,8,145,187,9563,1157,235,680,1156,53,523,350,9,1807,214,3043,2,2333,12,0,190,725,448,113,12,152,2083,5745,6985,139,34,133,1386,125,28,2234,1626,208,488,5225,14,598,176,1414,7,36858,0,40,663,9374,268,6491,0,500,18,927,12,258,111,44,42,24,9,13686,120,335,9125,3187,1694,77,116,1606,195,387,1690,2926,491,293,4904,443,143,130,378,10,1859,696,2,512,83,40,315,263,616,9,1004,2239,60,258,1,251,224,176,1459,4535,6570,1593,511,129,7744,1352,44,13,2025,4921,0,1,678,1,110,3860,16,7175,0,9,15,6,7612,2,188,164,1,88,126,3199,2074,5117,436,7,4558,378,11243,2,8156,538,777,1729,15,596,208,13815,10,423,0,6317,9,3,78,1,2,3,2,24,1,13,38,1,95,474,99,25,160,22,0,8,7,13,5,43,23,11,5,37,17750,1,58,11,1,45,163,131,1,121,1,0,124,0,127,89,49,373,10,11,1
TCGA-49-4505-01A-01R-1206-07,203,135,499,25,1944,3487,5667,1827,2962,5,7,63,411,365,43,7408,3033,3025,677,873,85,1208,786,37,31,25,5425,18499,68,23740,103,10820,1697,1269,1126,2415,2189,43,269,147,1192,105,3,35,5755,556,455,864,1921,964,9744,6996,675,182,8,5201,3898,56,18,5,185,15381,265,207,174,2117,1245,5,2,302,557,690,71,9102,18344,207,210,684,1070,1,10,1454,6567,1367,4642,112792,75,305,753,1108,281,10928,2229,240,1199,95,111,3242,3998,1261,731,512,139,943,2348,5374,409,525,330,260,285,11200,907,822,1277,1252,90,1313,134,41,576,29,10419,12,3542,3,2,353,1155,458,86,69,429,1683,5633,6390,191,93,88,4061,186,233,3845,1253,132,1601,1184,27,762,20,1513,15,30338,2,156,2460,5750,311,5743,12,362,69,781,11,306,206,80,50,29,15,13365,390,1062,187,6897,1464,161,119,1414,244,294,2181,2818,1180,800,4448,291,57,296,626,99,34222,2781,3,566,234,41,274,947,1473,321,2554,969,46,430,1,6993,203,76,2302,3351,2656,3425,48,605,13189,1103,0,21,3371,5830,4,0,426,8,232,8894,1161,5234,4,1,65,52,3483,16,97,270,5,1455,888,1690,2666,5216,441,32,1860,951,26060,2,3709,826,1526,1409,6,1363,180,16994,0,1058,3,849,30,3,317,78,1,4,7,14,4,15,73,0,25,645,38,2,39,30,1,63,22,27,1,15,40,4,115,8,18788,3,31,16,0,120,664,183,2,317,3,0,211,2,353,19,82,14,61,43,1
TCGA-73-4662-01A-01R-1206-07,1865,167,541,2,14299,10423,6331,2956,4147,4,16,490,569,317,402,6340,2810,1619,641,1354,40,1329,1207,88,14,22,6551,23926,21,27640,118,20963,2851,1348,432,5235,2927,58,471,100,3394,144,4,43,3921,490,238,1337,3892,483,6497,3624,275,851,3,4048,8062,67,64,1,275,34646,949,154,198,2787,1730,5,10,313,2540,348,78,22287,47246,181,381,1001,545,7,43,835,14381,1366,3096,777550,49,560,1532,774,103,12451,1951,372,7646,149,162,3855,6321,785,887,417,102,892,2855,1191,390,131,158,292,372,16755,3534,969,762,794,440,1096,196,11,2232,100,37260,20,2384,0,4,807,535,558,110,124,338,1201,8267,1338,290,15,168,4282,185,71,1906,3164,311,1114,3464,7,808,64,1996,122,23550,0,2855,1057,5422,265,7658,3,42,62,1011,43,448,166,111,51,17,2,25535,282,1015,55,4030,1860,130,582,2420,484,407,2982,2815,963,475,10104,382,121,576,1197,16,4583,5765,9,1494,113,65,1605,954,1005,295,2261,1469,90,297,8,1615,522,164,1719,5823,8549,1864,62,602,11569,2767,2,11,3028,4041,86,4,391,9,115,5687,1594,9090,2,0,24,14,5541,7,300,213,78,239,424,1992,7759,9434,760,26,4357,347,6906,1,3233,651,2184,1219,11,1068,62,23248,1,1223,0,536,20,4,262,27,1,0,7,25,4,113,72,0,68,3589,52,2,34,121,2,191,14,3,1,77,23,18,111,58,15066,5,22,9,2,163,258,142,1,253,19,0,186,1,146,47,88,2,66,59,1
TCGA-38-4625-01A-01R-1206-07,2088,126,174,6,3350,3952,1926,12244,1812,6,1,25,338,196,131,12895,2211,975,3695,732,24,930,620,21,58,35,10204,5598,461,19507,63,9818,958,875,1869,7682,1919,14,475,88,4214,237,11,11,2184,501,148,329,3273,465,12394,16477,1187,324,9,4129,3038,99,55,31,142,22127,312,163,164,637,520,6,6,151,228,225,205,43295,27512,258,224,606,502,2,8,942,15408,942,3872,237718,123,2992,1391,626,62,15056,2269,147,730,91,122,1176,2894,569,361,342,121,708,1801,11062,984,1728,23,339,184,26915,112,3373,655,978,124,1449,610,11,3468,162,18304,10,2143,3,10,396,3719,912,45,34,217,1193,24763,25146,108,127,30,2292,182,136,2464,1763,215,863,3559,25,423,242,791,53,68630,5,303,734,11374,1347,7136,39,312,293,5279,6,1566,99,156,93,21,31,15947,298,510,1895,3515,1946,90,337,747,166,319,4423,13250,864,249,5272,348,152,245,1491,1031,280662,10177,0,697,128,72,204,907,794,174,1580,1165,56,274,18,3081,172,53,2757,4402,3647,1048,91,1834,30150,411,3,5,2306,10805,4,2684,634,6,381,11873,319,7232,7,22,259,32,3554,7,1375,194,5,624,196,429,4210,7200,563,15,789,398,15844,3,3500,489,2243,1694,86,3530,375,8703,4,1306,0,370,22,0,333,211,1,3,2,81,11,312,55,0,33,1489,269,3,152,57,3,12,20,4,36,12,63,0,32,25,13494,8,58,7,2,116,241,113,2,104,5,7,104,7,289,83,32,190,83,15,1
TCGA-55-7284-01B-11R-2241-07,307,121,1735,84,4409,8757,8683,6329,4198,11,24,170,857,2103,174,7304,5505,3652,173236,3410,31,3169,2121,584,14,120,14404,33055,565,15892,204,13112,3429,2349,3251,2956,2937,125,1181,293,1490,434,40,102,6294,1553,498,3264,3965,1032,14655,21169,3232,2533,58,5801,12621,143,846,212,303,21443,734,309,363,7014,2867,47,98,651,2575,1302,1067,10803,43196,333,765,2418,930,5,64,2215,9996,1914,2054,277116,511,515,482,1271,228,3133,497,4483,3948,287,420,6935,9210,1900,3052,1220,319,2243,2666,23091,577,2200,368,368,727,33887,1971,5396,1095,1189,383,3165,293,135,8355,569,16703,286,4150,19,108,1640,1594,1866,370,70,179,1487,10966,3034,667,3442,79,5724,419,753,4371,5097,1168,2356,5174,146,1740,978,3676,611,23485,48,778,2266,12288,619,4176,562,802,472,295,188,90,348,166,315,129,3247,29282,1057,2369,3498,1716,1890,364,1690,1802,902,1337,3647,3755,1943,1227,12870,721,685,1583,2314,799,97067,5278,52,2000,1807,109,667,2138,1718,220,3588,2343,294,310,40,19352,641,490,2959,9646,1528,4510,1300,808,16519,834,72,70,7735,2043,164,14,7284,21,211,1549,404,8921,14,61,2550,115,14607,56,155,579,10,127,556,1536,11916,9728,1628,97,3259,590,10234,31,3073,1745,4388,3885,38,34362,84,29852,42,1861,15,1827,70,8,190,47,6,26,2,118,15,78,127,24,298,6725,1750,58,302,313,24,108,32,38,15,193,118,40,355,262,21784,123,464,26,6,651,567,999,22,303,21,13,721,21,1204,185,162,163,26,70,1
TCGA-55-8089-01A-11R-2241-07,819,31,701,21,1212,4640,5154,3169,3095,2,0,107,362,211,20,5231,2150,1838,13041,3554,12,1337,659,23,17,15,10190,7560,33,15691,55,12893,1370,1677,555,2445,1278,28,1290,91,2358,98,13,12,2414,622,284,642,3518,481,15012,32053,931,304,8,8284,5358,72,35,28,197,14339,259,98,146,1729,482,12,17,125,615,216,179,30172,21686,194,153,766,700,3,9,1687,4186,799,4446,134488,109,1011,490,939,62,9115,1520,386,1723,72,107,2611,2527,554,612,365,107,1598,3527,13177,1007,1025,59,139,132,16432,207,2041,886,1656,121,687,424,23,1644,1016,8590,10,3146,3,16,266,1299,1579,20,31,104,1406,7321,49748,1000,329,23,1675,259,183,3080,3345,268,792,8592,539,648,2229,1495,36,30416,6,267,943,7359,832,3347,9,653,60,716,18,220,174,103,75,35,11,16373,217,497,589,3254,910,99,173,1205,252,138,3862,2282,742,501,2066,344,79,150,759,323,65852,4167,6,322,115,14,404,618,961,308,2103,2806,66,277,2,5273,1206,99,1268,6024,216,1418,73,115,20101,703,0,4,2756,3022,0,3,710,1,60,2745,253,3115,1,12,372,40,4024,16,567,204,12,719,119,332,1637,4325,709,37,3643,257,23479,2,5104,493,940,1546,4,4259,751,3427,0,905,5,536,19,1,121,3,1,3,0,38,1,77,69,0,84,745,854,2,80,42,0,11,29,5,5,29,26,32,45,28,16221,6,376,6,1,86,299,215,8,148,6,0,178,3,120,46,53,33,26,14,1
TCGA-38-4626-01A-01R-1206-07,318,754,1418,137,6181,11779,62726,10497,11235,21,35,508,1579,923,172,7308,4783,5744,42506,4406,213,2333,3056,175,15,130,129702,60563,764,15599,339,43780,3959,3963,11679,2259,2479,43,1648,320,1452,496,356,42,13005,2851,972,1529,7026,2300,16958,50999,440,4622,26,11218,6802,447,250,121,797,27277,3050,1086,1014,15754,2393,22,251,768,3978,1999,1994,29767,83013,424,1443,3425,2512,20,85,6171,23903,1195,12759,2597584,550,497,777,2592,1037,6261,882,1171,9752,200,591,1876,12434,1788,1897,1179,703,3884,4244,74870,4708,13068,499,414,2177,11130,2043,22927,2069,3531,488,5799,246,32,31168,470,80223,106,12625,10,33,2089,746,8921,90,239,89,3914,29433,861,325,262,140,16733,857,449,6293,7306,1790,8000,4101,287,1570,174,4325,202,33156,6,6889,4639,21532,2619,4628,178,3404,645,687,81,207,823,545,240,126,116,41721,1616,1823,15807,2922,9161,387,2427,2856,966,3226,8165,1697,3599,3241,16541,533,588,195,6015,8579,1005225,14522,11,9955,1121,192,1420,7932,4549,728,8603,4178,509,1358,146,97733,432,264,5786,17420,677,9327,742,1383,43046,730,2,84,18685,4378,27,14,1965,12,370,3488,2422,14833,68,215,4137,245,14742,7,144,923,5,4103,579,699,14153,12784,8168,183,2903,2217,8014,11,15045,2507,8643,5377,127,27290,40,48806,55,6563,47,7249,59,11,576,459,10,14,14,264,107,36,180,7,257,7495,1127,12,297,96,4,195,74,44,46,117,158,38,47,336,49660,107,302,85,7,926,1145,1198,29,1079,28,18,1378,49,4844,678,101,874,171,33,1
TCGA-44-5644-01A-21R-2039-07,318,32,359,1,93,3009,163,78,296,0,0,329,33,38,10,7040,363,398,20,99,0,393,151,2,0,8,924,8827,199,12137,10,4466,142,193,1521,744,556,13,92,26,651,3753,0,4,441,153,89,85,1515,211,453,495,1423,94,2,841,532,9,9,0,404,4817,81,47,708,63,519,0,3,36,914,24,8,810,10176,19,10,149,161,0,0,126,663,151,332,59,16,549,651,164,86,2920,582,844,1477,17,39,2296,392,171,62,103,5563,143,169,101,50,5,0,30,10,13317,58,556,90,74,19,115,617,31,54,179,1038,7,627,0,0,22,448,45,6,1,66,115,3925,5268,44,71,9,1148,30,3,234,318,980,241,87,2,221,1,216,2,25993,5,73,335,1152,103,3172,2,38,20,1899,0,237,25,24,122,5,2238,2486,81,86,104,1780,1523,150,14,436,15,247,391,3531,271,91,321,31,54,12,101,2,34,276,0,930,11,3,12,91,256,18,360,191,14,21,0,16,151,34,550,1067,1334,444,1605,76,1753,392,0,1,783,1715,6,0,283,0,31,4028,62,463,0,2,0,1,432,0,188,39,1,150,34,45,16,1441,4,1,138,564,6419,0,253,144,126,1137,0,221,190,4336,0,90,0,640,3,0,42,0,1,0,0,13,0,0,10,0,34,267,4,0,3,2,0,5,0,2,0,4,1,6,0,31,3101,1,11,5,6,14,341,23,0,39,0,0,442,0,47,5,14,0,3,10,1
TCGA-91-6835-01A-11R-1858-07,563,79,534,9,3635,3166,1042,2481,3975,7,14,245,419,246,85,3408,2339,1330,1547,1282,55,1172,675,70,4,33,4444,15104,66,12475,58,7982,2908,1883,352,2785,2108,29,395,102,1191,217,7,26,1773,426,545,665,2807,363,1968,3157,503,331,29,2995,8853,85,58,6,219,12400,331,133,235,4135,2062,28,3,142,1130,106,74,3868,23125,201,177,900,431,11,30,843,2977,737,2304,55934,72,765,763,635,196,4160,991,326,1983,118,111,1375,3554,611,972,363,119,898,3108,3870,392,203,137,144,479,21705,435,994,827,826,148,1194,137,21,1268,104,7852,34,2050,1,8,905,392,433,39,34,136,1307,7586,1672,183,105,71,2683,135,224,1396,1639,702,904,6432,33,710,407,1476,63,35750,4,2279,857,7452,119,3524,29,218,82,613,29,231,120,90,96,48,15,11183,166,722,316,2188,1624,131,285,859,253,163,3081,1111,731,250,7816,438,50,94,682,235,44525,1447,21,380,188,59,386,509,761,81,1587,2027,52,252,45,3322,188,164,1506,7966,1755,1183,888,359,5971,734,1,45,2999,2540,29,1,857,11,153,2476,71,2400,6,5,47,56,4249,19,254,131,2,335,134,1389,4817,5195,1177,49,3573,433,6797,2,3384,525,1634,1171,14,3073,54,5569,1,636,2,2180,15,0,309,24,1,1,1,19,2,39,15,1,92,1004,143,10,4,63,0,127,36,0,1,99,38,21,53,35,12539,8,74,8,1,159,311,330,4,82,6,0,233,0,119,41,54,15,19,23,1
TCGA-L4-A4E6-01A-11R-A24H-07,136,177,1304,74,2921,8892,28775,6104,4050,40,11,288,545,474,95,1593,4644,3388,33468,1665,52,1835,2498,83,5,115,30555,29564,750,4770,132,13454,4908,2330,4136,622,2307,30,1725,305,476,162,94,93,7003,1490,718,2027,5550,1425,9911,28376,308,614,102,3823,13699,325,1203,79,493,11725,1251,373,398,10985,2466,35,166,769,3450,1102,1380,8053,34620,266,520,1803,898,17,62,1995,10779,2149,8641,716424,313,133,351,1503,662,1583,246,1100,4364,206,521,649,5853,2110,967,1069,520,1581,1883,40978,1440,2127,478,225,675,2512,2970,15423,1408,1799,471,4165,80,70,13187,145,24976,162,4677,11,108,2157,120,1871,84,129,46,1905,10263,283,400,536,67,7418,412,630,1829,2611,850,3568,4704,370,1191,235,2641,511,6557,54,2346,1902,8747,560,1893,718,1252,2382,255,86,61,576,110,147,157,349,13917,818,1957,1461,782,2087,392,1315,2013,573,2080,3505,395,1469,2072,7484,1943,793,325,1205,1983,487665,3548,67,1568,694,98,734,1593,2357,1159,2520,2226,219,492,71,28246,173,289,2589,6838,217,3245,1040,1184,16113,225,7,80,7429,1052,180,21,8578,15,210,244,896,9623,24,174,913,141,6639,40,34,782,13,3816,434,1233,10302,5748,2270,186,2228,779,2934,41,3060,1964,6465,2838,1211,52600,11,29188,35,3228,79,1911,120,21,245,54,18,33,6,159,6,72,157,1,382,4691,5203,158,255,110,16,131,47,10,32,259,357,40,11,593,23735,81,434,40,5,358,910,2392,25,924,25,16,454,15,692,356,143,156,22,55,1
TCGA-05-4398-01A-01R-1206-07,1243,186,467,23,3231,6747,5919,1015,3246,2,2,36,241,325,63,15989,1509,2295,503,409,24,1310,1157,3,12,18,3373,29531,6,33083,76,8456,2019,1487,240,6355,1593,10,325,68,2985,105,3,23,3081,634,252,992,5727,756,10532,6775,3202,212,3,4964,4630,36,28,3,175,15252,539,62,181,702,628,2,7,264,958,146,26,8469,29638,116,98,503,557,1,5,1333,7510,753,4420,13426,40,2286,1804,861,230,13387,2063,279,1909,64,160,3538,3162,906,481,379,132,961,3064,1414,502,202,22,204,109,33265,220,1305,1344,1194,219,916,1272,12,1620,80,5775,4,3094,6,3,266,3746,201,41,3,544,2341,5803,32449,98,79,21,2960,234,25,1308,2325,97,1264,1028,28,591,232,2167,13,38694,6,53,1091,10933,99,9616,7,189,54,6121,5,1161,186,168,54,27,5,16353,180,681,74,3949,1500,670,44,1801,174,121,3824,3913,690,168,3211,263,84,77,234,44,6381,929,0,212,105,19,186,1181,918,70,1581,1537,74,398,5,1662,130,91,1428,6403,2291,1356,170,317,14560,1525,29,10,3082,12309,2,2,708,3,234,24177,873,8000,3,11,37,20,3022,29,480,382,3,152,244,397,490,5690,208,14,2577,283,48494,3,2947,603,1503,1386,55,1108,704,8894,3,2175,0,665,23,1,109,6,1,2,11,14,3,35,65,3,88,530,128,5,27,31,1,6,11,5,4,15,32,9,17,20,16755,3,84,10,2,60,478,323,5,195,4,1,137,4,94,24,42,0,26,20,1
TCGA-97-A4M6-01A-11R-A24X-07,332,76,379,4,2320,6771,5798,2140,1491,8,9,207,225,462,17,3373,1042,1210,1060,1103,30,887,1449,87,15,42,2508,15049,31,9740,64,8349,2011,1166,912,1505,2893,35,296,67,2272,97,2,22,1971,441,156,806,2583,449,2141,4474,261,279,11,3545,5165,50,332,1,110,12209,213,64,221,2150,685,0,8,344,424,162,226,3246,17276,90,193,383,262,2,14,943,6083,790,1990,16067,61,446,798,589,80,3771,418,330,1370,187,154,2730,4919,541,916,208,106,542,1378,2614,155,281,148,280,609,7612,1225,611,613,458,254,595,174,31,1886,50,12567,17,1640,2,72,706,620,775,121,55,174,629,6227,378,107,30,33,1758,145,170,1567,1330,202,797,2605,47,476,31,1049,228,10361,5,378,1229,3023,215,3913,60,163,125,412,30,154,96,52,36,2,15,6616,147,351,459,1617,886,191,345,1201,257,306,1148,3884,391,455,12112,329,72,430,434,60,19816,1800,23,867,157,46,630,512,589,419,979,1146,53,194,11,1754,104,138,889,2530,3943,952,236,447,8760,823,4,22,1885,3868,18,3,926,3,182,1958,917,4866,7,14,27,35,3418,12,134,235,42,164,380,585,3260,3884,316,15,2073,284,9333,6,3187,439,2869,1147,33,4925,8,7175,1,826,0,725,35,10,112,60,3,0,3,17,8,30,53,0,121,2459,265,4,47,53,0,39,10,1,6,23,65,6,189,158,8525,15,50,15,4,384,219,334,12,184,4,0,122,0,360,124,90,9,36,28,1
TCGA-49-AAR9-01A-21R-A41B-07,759,28,119,1,164,2076,3,219,698,0,1,297,45,35,2,7810,334,482,265,17,2,390,116,1139,0,2,631,2098,0,10934,4,972,1,234,41,2071,231,10,32,16,977,41,0,4,422,38,272,636,1282,308,8433,9164,2732,5,0,3001,211,15,5,0,23,3680,20,7,41,40,236,0,0,10,746,419,1,1248,13389,66,0,132,111,0,1,554,1176,361,505,14,15,1378,590,235,43,5802,933,34,897,28,30,3657,359,156,44,123,3,300,201,54,18,2,4,33,6,34732,67,70,116,81,23,77,245,2,1060,90,2673,0,693,0,2,18,3182,38,5,2,315,363,4085,19843,347,198,5,825,30,8,378,2034,357,405,521,10,115,3680,389,0,68166,0,14,209,1347,591,4486,0,17,17,894,1,616,26,21,10,4,3,3711,6,78,1,3061,237,17,31,1302,5,11,2294,4331,142,3,92,18,1,11,19,2,69,29,2,197,3,0,2,188,163,11,222,147,12,12,1,0,75,29,613,644,955,298,13,29,10011,621,0,0,527,4115,0,0,1657,0,22,5677,3,439,0,3,1,0,98,12,484,60,0,6,75,81,3,3510,71,2,145,44,53268,0,188,181,196,384,0,142,803,2442,0,46,0,56,2,0,49,0,0,0,0,2,0,2,15,0,118,39,543,0,2,1,0,0,0,0,0,0,1,5,0,7,2074,0,47,5,2,58,61,0,0,32,7,0,6,0,8,18,17,0,1,4,1
TCGA-75-7027-01A-11R-1949-07,1258,53,1029,6,1515,4693,262,1986,2171,0,0,19,229,231,21,22999,2516,2287,96,451,29,1011,1570,3,1,10,1073,18923,67,21310,28,5037,1044,730,297,4778,480,11,95,64,2871,74,1,4,1484,1085,252,318,3014,481,4537,2960,2305,310,1,1845,23206,31,11,2,118,14034,145,73,149,344,803,0,16,83,395,31,48,7303,44969,137,179,696,639,3,3,1003,4211,556,1466,5913,92,777,1165,1037,159,14750,1712,138,1659,55,76,5631,7084,588,436,366,95,1025,854,724,410,49,14,257,32,25281,155,457,382,417,50,705,409,7,938,261,2423,3,2499,1,2,76,2022,381,20,6,545,874,6065,13212,190,41,8,2375,151,19,683,2035,36,753,623,20,790,9,1325,11,32744,2,28,1191,6664,114,9817,5,1283,50,2671,3,582,142,212,77,24,46,9423,159,313,107,3740,398,91,19,1043,168,84,4813,14517,957,179,4142,130,66,76,256,27,1346,2363,4,327,55,8,68,382,1189,115,2304,711,36,120,1,839,110,27,2346,8338,8399,1855,253,83,17685,1693,2,3,3498,3571,1,0,983,4,222,7193,100,4593,3,2,9,12,1848,11,390,177,1,936,167,381,58,5278,92,13,558,271,16202,2,1693,388,6716,1412,1,406,421,4564,1,273,0,1412,8,3,152,9,0,3,4,25,0,4,35,0,139,457,66,0,78,22,0,2,9,5,1,13,12,44,28,20,15566,1,275,10,0,133,406,215,2,93,4,1,107,1,40,10,96,2,2,37,1
TCGA-49-AARO-01A-12R-A41B-07,255,46,480,9,2497,3235,4085,1298,2022,4,2,74,198,198,16,2976,722,1840,133,326,18,849,938,10,17,59,1929,6539,2,9035,80,5302,664,1028,176,1040,1150,21,170,77,748,72,1,12,2297,482,274,481,2356,586,2914,4136,1184,144,3,2507,2591,26,17,0,63,4111,130,64,196,309,777,5,3,166,1529,74,40,5168,11991,42,104,287,513,1,0,1023,1670,656,2456,6278,35,327,571,673,368,4936,430,166,691,104,148,1347,1933,674,313,284,55,456,773,690,122,73,8,162,241,13002,1693,354,859,376,88,531,220,41,1322,82,2339,4,2364,1,11,153,646,256,43,8,169,620,2222,4579,83,48,44,1758,131,21,1100,737,247,1522,911,89,453,614,1222,4,18558,2,46,899,3607,118,3339,7,256,268,866,4,449,163,64,70,16,12,6474,126,588,80,1031,892,145,20,520,158,295,831,2040,366,246,3555,242,126,249,154,13,4159,773,4,32,130,16,193,354,684,48,780,636,30,254,4,206,71,70,1070,2056,2196,1017,34,234,14114,561,7,102,1962,2305,1,0,289,5,124,2432,836,3498,0,18,15,55,3001,41,145,148,9,71,248,727,989,3132,93,11,1854,191,16935,2,1871,566,1599,686,10,1196,243,11082,3,937,0,539,6,3,119,17,0,0,15,3,3,39,36,0,148,388,148,1,4,12,0,4,5,0,5,1,19,6,56,12,8048,9,130,3,1,117,354,401,7,137,9,0,82,1,39,14,48,0,37,24,1
TCGA-69-8255-01A-11R-2287-07,689,71,409,10,322,3131,1537,924,1176,4,37,66,103,82,19,8963,963,715,1269,409,5,755,432,14,18,99,4962,5595,4960,15533,33,3277,763,1165,673,5442,1422,5,595,68,1598,856,6,13,1805,280,165,861,2183,486,2410,3960,502,216,10,2758,8039,147,103,7,1476,9492,152,93,599,945,321,6,10,58,3792,959,73,3514,28797,81,69,314,233,1,5,578,6539,788,1734,114973,52,1207,2082,402,336,35516,3312,413,916,628,97,2948,1463,323,223,209,51,469,2782,4999,396,515,41,54,157,14061,132,682,488,969,776,410,2062,34,1055,50,4317,10,1905,9,4,486,997,1244,15,32,479,602,12154,78,98,79,10,1294,125,58,1953,2269,111,912,838,47,338,32,511,56,111624,4,634,560,4138,243,18576,45,459,83,8198,11,922,86,50,1224,15,48,11082,305,313,799,6314,1380,141,269,737,71,168,1398,20523,504,428,1394,179,270,124,418,268,72710,1083,8,324,81,21,151,254,495,243,1135,1615,51,171,3,2041,159,60,783,2852,2878,930,136,103,4514,1742,1,3,2751,12488,12,2,826,3,71,30262,95,2016,2,1,154,32,14372,3,1036,135,9,830,89,208,1447,5071,535,17,2580,161,74114,1,3219,374,8192,1055,46,5317,6,4434,7,816,11,722,18,4,89,37,2,2,0,42,6,39,46,2,262,576,243,4,21,22,1,8,16,4,3,24,91,3,2,52,10004,7,57,6,2,61,166,162,2,129,85,1,132,0,243,19,22,37,38,11,1
TCGA-55-7816-01A-11R-2170-07,236,326,1321,14,2836,8790,9254,11892,3695,994,13,90,434,1424,116,4593,3881,2189,82,3166,311,2674,2108,89,6,382,578,16965,4,8007,127,18552,3895,1250,247,1279,2752,17,993,177,827,71,1,19,624,103,407,359,2784,880,6015,23756,167,880,8,16143,10626,487,209,2,149,18985,1115,293,307,18554,10405,5,7,119,579,71,51,73642,23600,2326,20,2468,1180,0,320,922,4806,1386,3199,65584,1123,263,528,1040,183,5669,767,411,6612,246,291,302,3200,1716,1161,534,162,874,4218,2295,7124,24,63,324,63,11414,446,2612,1623,2688,1384,772,132,24,582,101,42888,4296,1839,6,119,7744,79,29,30,29,61,1110,12546,1028,112,2,11,1800,342,4740,1673,6242,1950,4088,26221,7,2242,5,1696,142,16741,1,129,1580,8797,271,2217,1605,27,224,201,293,54,353,368,5776,154,2,31448,570,2330,3344,2062,1952,4642,28,1673,438,575,4338,1088,1680,396,3420,575,2,604,895,16,172,5361,3,179,493,8648,186,4929,1645,2679,2640,3376,8,824,131,432,563,65,4356,46341,416,1360,91,329,37119,436,2,53,4307,1929,8224,1,88,1522,447,1452,43,7071,26,7,4,771,21560,13,58,177,6,2981,600,206,34543,6873,90,30,1198,934,3365,213,7744,1055,246,1796,2,357,44,5792,0,1373,1,3621,11,4,288,0,7,1,0,14,0,6,43,0,131,12863,63863,1,4,55,1,2,19,0,3,757,11,25,8,13,22103,30,129,26,45,106,419,53,0,297,13,0,288,0,100,79,423,1,65,7,1
TCGA-86-A4D0-01A-11R-A24H-07,813,9,340,7,205,2291,194,179,386,0,1,54,234,46,35,8071,657,310,1161,87,0,436,188,2,3,8,1215,6484,827,10966,35,3823,171,278,130,3610,1762,2,81,15,1631,949,1,2,649,201,57,224,856,354,342,570,289,218,231,649,1255,12,16,0,954,5563,85,52,168,179,183,1,9,502,507,67,48,726,13212,127,38,149,133,2,0,194,2034,197,418,5490,25,1335,653,197,150,16200,1947,55,1523,16,35,1700,412,206,109,59,64,172,408,498,63,25,7,40,17,22901,103,267,177,137,23,134,887,20,147,309,1531,1,562,0,7,62,570,64,24,17,130,318,8821,1471,53,51,1,549,22,1654,256,1899,247,267,118,6,163,4,265,0,24543,2,86,257,2289,171,5391,23,212,222,4306,0,693,34,37,122,143,1165,3902,45,201,65,3691,470,623,130,647,94,57,511,29373,259,38,389,40,31,32,37,2,491,247,1,923,45,2,81,70,212,13,231,294,26,39,0,311,56,21,276,1393,4668,383,497,64,1864,2244,2,3,619,4326,2,0,1500,0,23,11469,30,4666,3,3,47,2,987,17,538,52,0,10,45,58,65,1325,35,4,390,151,6382,0,503,163,27917,486,3,519,35,7291,1,145,3,169,8,1,40,0,10,2,2,8,8,3,8,0,29,250,25,0,1,2,2,13,2,1,1,12,7,10,4,1,2635,3,29,7,4,37,198,112,1,74,1,1,278,0,28,10,14,2,0,8,1
TCGA-NJ-A4YQ-01A-11R-A262-07,310,18,208,14,497,3409,1823,599,868,2,0,132,155,110,45,3819,612,736,1052,230,6,289,513,6,2,19,1714,3188,6,8315,57,2120,611,1021,338,845,1300,7,171,63,1079,134,5,11,897,227,128,538,1564,303,1566,3162,587,141,3,2684,4444,42,173,5,92,6890,102,29,54,533,304,6,17,180,318,147,551,2856,9653,36,63,291,174,2,5,455,1982,429,1175,30246,45,377,670,251,42,5551,618,472,783,57,131,814,1216,293,266,174,34,348,1278,3727,351,294,25,55,100,28206,247,398,363,413,77,248,201,16,753,595,1949,17,1272,2,10,176,402,558,31,24,147,671,3132,18158,200,33,21,765,69,59,952,973,135,446,2775,64,275,17,566,42,15823,0,119,349,2354,96,2591,39,82,58,894,5,402,78,17,19,14,15,3607,116,132,141,2909,1367,68,153,642,88,424,1100,2204,287,302,2621,312,111,60,216,96,28936,335,14,135,233,49,208,218,417,104,639,967,35,89,4,996,72,66,571,1375,409,752,179,99,3140,1080,4,12,1089,1465,9,0,945,3,48,7316,42,2113,1,7,49,11,1943,5,168,130,6,34,130,119,1052,1868,159,20,1517,303,17997,4,2120,345,50454,708,122,3646,500,5048,5,494,11,1137,11,2,51,31,0,1,0,18,2,9,20,1,66,430,149,13,15,25,0,7,7,0,0,33,23,3,3,29,5811,9,48,6,3,67,148,240,0,133,6,0,71,1,193,56,29,10,9,11,1
TCGA-78-8648-01A-11R-2403-07,142,419,418,6,1211,3080,1860,1623,2230,7,0,20,367,206,18,3228,2013,3467,2042,1250,75,569,1079,18,4,33,6320,11615,31,4246,38,6639,701,1244,2273,704,994,17,375,137,403,136,13,8,3219,898,295,304,1508,898,1506,5388,188,363,45,4604,3115,92,7,19,167,6686,222,234,309,644,848,21,37,112,485,120,207,8534,17115,271,445,762,620,3,5,713,3557,646,2137,90002,150,249,212,1144,125,1984,337,252,1201,134,172,375,5957,924,673,557,137,1166,1333,13284,899,923,39,418,112,3078,192,2374,543,737,210,1117,135,8,2970,41,3275,14,2241,4,3,485,111,191,21,23,23,953,5455,179,30,36,55,2628,166,62,1214,930,219,1276,1980,24,741,37,1476,49,12600,3,87,854,5274,144,1125,26,191,56,331,17,96,191,87,53,59,22,8824,175,747,717,1001,1120,70,1141,781,324,134,2180,942,961,149,16703,561,25,40,710,558,133255,1834,1,595,59,35,163,788,1374,143,1840,1153,48,202,38,3547,140,89,1747,5942,274,1828,98,356,15821,176,3,11,3947,1281,9,1,326,4,83,1451,62,7665,4,13,95,24,4619,3,34,359,1,108,209,747,2765,3811,486,17,1346,324,2085,0,3287,759,3574,1700,246,2629,7,2231,4,1693,0,1326,16,4,96,33,2,1,2,17,7,2,34,1,26,867,177,0,27,35,0,19,12,2,9,11,37,5,30,25,16803,12,38,13,1,108,306,150,4,139,1,1,200,2,491,141,52,78,11,7,1
TCGA-L9-A7SV-01A-11R-A39D-07,385,13,972,3,185,4452,208,365,2221,1,0,1166,131,138,35,5492,824,1160,404,149,6,1050,1267,4,2,9,1756,26717,255,18800,31,5458,225,715,12,2054,1994,4,80,90,1447,266,7,16,1737,376,176,995,4456,1715,6855,4584,439,55,13,1902,1674,16,19,7,45,8126,426,59,54,9798,226,2,12,162,3006,798,15,2916,19013,30,28,370,265,3,3,469,3962,926,450,229,6,1059,2271,262,69,5285,990,84,1713,189,146,4890,1811,643,165,305,87,612,621,101,120,77,313,57,78,36820,9266,107,493,237,333,1169,394,18,88,20,5402,3,1164,1,0,70,842,213,4,250,867,277,5358,674,30,56,34,7275,97,3,851,4070,61,1140,370,17,295,1,770,1,14269,2,52,536,1936,616,3582,12,32,153,2267,9,626,91,20,10,13,0,6325,211,729,9,1405,1036,132,112,1656,71,704,2396,1981,414,58,525,119,55,182,310,1,111,2226,5,293,89,5,275,1171,488,16,806,486,63,58,2,4106,75,23,960,2630,650,931,1415,165,3438,4264,0,10,2050,12096,0,1,898,4,57,16026,21,2634,5,1,1,8,957,16,369,237,2,66,386,1380,248,5324,291,5,443,336,3831,4,717,480,216,738,0,1079,19,7291,0,109,0,344,7,2,231,0,10,9,0,20,2,4,46,1,130,501,107,13,232,3,0,21,2,2,0,24,70,2,38,12,6283,1,19,8,0,23,108,176,4,203,30,0,57,0,38,902,37,2,5,19,1
TCGA-49-AAR3-01A-11R-A41B-07,307,59,182,4,888,1468,2477,1025,816,0,0,40,119,127,1,1683,1082,1186,4,120,1,436,533,18,2,8,513,2515,0,4580,22,1502,378,726,10,1245,507,6,136,35,575,34,0,2,613,133,179,90,1111,511,5826,11541,1079,31,0,1283,1730,7,11,0,27,3340,37,20,79,187,254,0,1,64,188,9,2,679,5220,33,32,205,287,1,0,531,752,409,1500,263,19,496,463,396,7,4351,528,100,317,9,85,754,919,462,123,221,10,313,745,51,129,6,0,20,7,6457,71,188,360,406,11,86,170,3,54,43,1557,6,986,1,32,14,377,86,9,4,29,390,2036,3475,13,26,7,597,72,12,936,474,16,624,336,12,212,0,691,1,9345,0,5,296,3136,168,1900,1,52,8,1428,0,550,93,21,13,6,1,3308,26,155,3,688,100,27,21,245,37,43,404,725,231,39,835,120,0,9,91,0,180,113,1,49,18,5,45,269,269,22,363,569,7,53,1,14,53,43,481,1413,1068,386,12,17,7351,476,0,1,1248,2257,0,0,289,0,39,1686,25,1856,0,0,0,0,937,2,241,129,1,16,84,281,69,1734,46,6,1015,143,4359,0,1027,280,1733,381,0,240,116,2870,0,250,3,91,4,1,37,1,0,0,1,3,2,7,20,0,26,99,31,0,56,8,0,6,4,0,0,22,5,6,3,7,4479,0,40,4,1,12,216,8,0,58,3,0,12,0,6,3,35,0,12,2,1
TCGA-91-6830-01A-11R-1949-07,222,160,825,223,1159,3126,2778,7085,2188,53,16,168,943,357,42,3120,4558,1465,2889,1817,66,758,833,145,17,227,6153,14350,102,8036,70,6984,3892,935,917,1240,993,31,382,106,679,125,10,74,2412,795,272,804,1317,518,4737,9174,117,475,5,2770,27518,170,1080,10,117,11535,185,259,164,4675,1031,14,16,250,745,944,165,4164,22366,155,631,1361,732,2,75,664,3878,1174,1253,53699,118,345,266,723,222,2277,358,331,882,207,116,833,5554,857,507,452,219,866,1382,3990,518,651,55,214,1223,7903,282,1004,804,506,248,1770,63,30,900,104,4724,120,2269,185,20,1268,291,1617,42,60,91,1389,5164,2447,477,151,113,2067,196,228,700,1538,453,1406,2954,55,913,129,973,388,23403,9,485,1159,6402,218,2868,67,318,152,162,51,95,171,101,75,60,17,9001,368,1238,906,1316,988,199,1139,764,414,323,2243,790,794,939,10648,162,286,374,569,175,45859,2448,66,342,506,124,290,715,1036,896,1954,1197,141,117,18,5097,194,392,1806,5599,419,1588,295,350,12134,609,27,12,3436,1981,81,30,1750,21,224,1763,265,3679,5,70,122,62,4139,7,110,299,19,906,185,1204,9376,4542,1333,19,894,272,7351,9,1654,776,11261,1283,281,6778,160,9464,5,407,21,677,29,8,174,94,0,7,2,20,5,22,54,2,84,1849,873,21,86,89,3,17,1,5,27,118,64,22,57,116,10821,20,192,11,12,642,268,538,11,67,18,12,468,8,294,65,121,44,26,48,1
TCGA-MP-A4T6-01A-32R-A262-07,486,9,360,4,1344,7285,2894,822,1950,3,0,215,1191,71,30,3792,461,829,2306,192,3,643,559,15,1,23,3641,10563,62,21176,49,10616,543,840,1170,1605,1827,11,176,47,1124,251,18,14,1786,196,103,871,2969,324,2148,2441,2274,151,13,1913,3925,42,56,8,30,6112,191,40,92,1057,168,6,14,122,526,200,321,1212,10642,23,78,278,151,9,27,1360,7222,448,1022,56695,42,548,1535,224,17,5622,727,172,5508,46,127,7131,1158,354,252,192,85,467,622,8218,87,456,59,65,202,15393,2110,573,248,373,110,230,476,30,4206,187,5576,13,888,6,10,170,866,952,30,31,362,624,8020,1201,76,117,42,2599,88,45,2211,1876,144,541,710,80,361,18,525,50,30010,13,173,379,1845,246,3746,120,425,785,1363,30,412,204,103,26,10,28,4053,140,311,273,1949,2768,151,136,496,96,431,623,2128,250,130,1974,312,118,220,314,223,51705,581,10,1873,99,18,217,720,263,135,576,589,30,105,14,1697,44,52,436,1217,11882,878,124,109,2938,2458,0,8,2680,4836,18,4,566,4,44,2812,105,2256,8,105,610,14,2776,1,163,271,9,46,86,57,908,3620,278,15,1407,289,5420,25,1211,361,533,975,28,4124,68,10442,2,448,2,344,21,2,129,23,35,5,0,42,10,42,43,0,262,854,334,1,15,16,2,21,4,6,10,247,74,7,46,122,5056,9,54,10,8,55,104,150,2,113,12,12,63,23,233,37,26,9,15,17,1
TCGA-91-8496-01A-11R-2403-07,209,62,161,4,2283,2993,7995,5401,1652,60,9,50,438,179,53,1735,3422,718,5494,578,109,396,631,168,24,27,6398,5817,144,5429,151,9186,988,658,1031,554,652,131,857,40,727,134,16,51,3118,430,48,401,1028,190,5501,8319,246,197,32,1815,2164,93,440,100,257,7378,378,242,125,2312,229,11,28,268,333,882,512,4809,9393,224,236,473,315,10,35,805,11485,873,3605,436470,228,140,225,378,78,1614,267,164,809,172,98,1175,2275,736,394,158,239,437,1155,43350,294,10752,65,224,241,2933,444,2235,462,662,472,1304,30,77,675,66,9827,22,1282,1,34,511,230,1053,483,55,95,419,2922,89,317,336,19,2392,163,290,1159,898,136,303,892,46,538,63,538,259,7118,28,1125,700,1449,229,1329,208,88,2765,87,150,131,76,125,72,16,29,7808,410,985,505,971,585,206,678,495,154,280,1061,886,481,1099,5603,452,287,2090,371,1105,847798,1613,19,723,269,36,234,582,493,2071,872,407,77,151,66,7674,86,96,250,731,1349,921,166,571,4893,309,15,34,1061,3179,132,16,1025,13,75,1861,5793,2901,9,7,601,23,3059,9,19,197,127,992,368,614,6900,3640,3016,32,1426,153,2847,11,1028,258,4103,525,1501,11876,2,11173,7,1930,0,529,37,0,57,58,5,4,7,145,15,197,50,3,28,3122,635,37,44,98,7,38,10,12,5,81,159,4,775,72,10191,35,79,8,1,137,240,538,3,99,7,1,148,7,182,25,40,41,29,22,1
TCGA-55-8085-01A-11R-2241-07,919,26,647,29,1186,4885,2963,533,2175,3,3,33,1616,99,36,7286,1388,1106,429,363,1,523,376,4,1,18,2832,9634,136,24793,42,4476,922,1170,414,5533,1180,13,422,70,1359,64,13,7,937,158,190,412,2651,478,1733,3613,322,291,11,2520,3550,39,10,14,163,6786,402,73,94,677,497,3,7,331,480,302,45,2657,13072,61,45,359,378,0,10,562,7828,704,1391,18260,37,652,1153,437,48,15252,1529,340,1429,36,98,2513,1070,551,335,339,482,551,1530,10009,136,339,183,53,71,6468,114,772,665,590,673,468,636,9,2733,110,3051,15,1611,3,0,124,753,203,49,5,853,1111,3623,869,43,16,20,2019,141,57,1787,634,55,699,1195,18,336,7,1040,11,70939,3,80821,555,3784,288,4579,4,44,25,2164,7,736,75,45,83,16,10,7783,118,413,44,3063,1104,70,72,860,93,141,1624,7668,501,62,1730,191,24,56,211,27,8957,778,2,993,58,21,159,327,607,77,794,918,28,98,3,3966,138,185,1392,3095,2480,819,45,74,4748,1635,2,7,1855,3879,2,0,1481,0,66,11874,141,1912,41,7,91,8,4981,10,615,140,7,88,157,110,701,2176,300,10,1476,216,29292,0,2445,511,12287,797,9,1084,40,7513,2,618,1,220,10,2,85,4,0,2,3,28,0,9,35,3,46,446,102,0,15,4,0,35,4,5,0,18,26,41,8,31,9301,5,24,6,0,38,232,55,1,309,3,1,37,0,70,22,54,20,12,9,1
TCGA-55-7281-01A-11R-2039-07,186,32,594,2,1464,2815,2588,442,1975,1,0,62,244,104,7,2996,1112,1001,44,263,18,390,875,6,19,12,1665,12758,16,7877,61,12741,548,730,60,1018,779,23,378,48,1056,76,3,14,2283,300,115,386,1621,326,4095,2116,364,155,0,2981,1632,15,6,2,71,7625,199,54,90,1781,490,3,0,187,261,1399,4,2320,8944,40,59,268,251,1,1,1213,2888,462,1804,57253,59,209,359,311,13,3728,445,140,2797,40,42,1460,1332,519,385,291,22,557,748,25372,51,252,70,136,119,10196,481,147,651,478,24,413,79,7,218,26,4078,2,1121,0,0,77,885,121,97,15,212,619,2534,5210,48,43,14,1587,92,26,1990,891,34,504,616,5,471,494,1123,11,11404,1,78,379,2968,659,2424,9,21,24,347,2,148,53,53,24,14,1,7103,98,294,120,811,218,73,50,553,56,17,1067,560,426,144,2685,135,4,290,454,4,900,3167,2,1125,28,36,555,242,388,22,672,480,20,222,3,672,72,53,831,2346,1463,776,63,92,13487,407,0,1,1393,2609,14,1,140,2,92,2183,495,10676,0,0,5,20,2285,7,97,93,3,121,157,142,375,3482,510,13,1752,176,6061,0,1080,335,563,369,6,419,262,9591,0,883,0,220,12,1,83,29,0,0,1,6,2,13,40,0,29,555,422,2,10,14,1,4,6,1,0,89,3,6,24,2,6000,0,39,2,1,11,144,52,2,297,5,0,33,0,53,52,33,152,48,11,1
TCGA-05-5429-01A-01R-1628-07,298,27,59,2,245,1389,36,527,339,0,42,3,94,165,8,2344,981,361,58959,1037,33,406,300,91,0,6,213,1796,0,5131,9,2274,1087,133,15,1848,448,127,11,15,601,35,0,20,947,133,29,39,474,434,2543,1228,365,935,2,1243,346,49,2,87,60,3672,27,69,32,106,288,1,27,42,27,267,15,975,4791,70,17,165,143,0,0,566,9599,196,545,21,32,841,165,196,207,3025,399,483,209,17,13,2737,618,195,192,71,10,204,229,9,57,4,3,60,39,11172,51,139,246,92,112,156,238,5,278,128,437,2,397,0,1,72,2294,43,5031,0,165,196,1009,378,16,30,1,1551,54,3,460,622,59,140,1413,10,112,676,1236,1,11045,0,23,258,1270,22,2154,2,22,49,162,1,105,21,31,9,2,1713,6480,54,244,173,1548,294,20,6,472,20,32,478,1072,171,45,1847,26,2,813,35,0,2,297,0,126,161,3,28,72,269,44,270,91,6,19,0,20,263,23,243,578,718,310,24,51,3246,341,0,11,332,1084,0,0,222,0,35,1798,42,1286,0,1,0,6,4600,0,114,63,1,184,126,307,348,1787,46,1,91,90,14060,1,494,78,683,280,0,36,15,3751,2,64,0,292,5,0,73,2,0,4,0,0,0,0,10,0,10,425,90,0,2,8,0,0,2,0,7,0,1,2,43,7,2066,0,121,3,0,15,69,51,0,6,1,0,946,0,10,3,8,0,1,4,1
TCGA-44-3919-01A-02R-1107-07,541,68,313,15,3499,5654,1133,2857,3035,7,10,63,1085,272,57,5401,2381,1454,1031,880,45,1403,1141,23,25,28,7326,25276,86,14041,54,10502,2908,1113,133,2645,2703,6,435,85,1806,145,2,26,2956,385,206,819,2777,405,4491,5213,958,367,9,4554,5855,93,66,5,124,15484,474,129,200,2072,1070,4,22,469,1065,525,79,6122,18190,172,291,526,353,1,15,1016,6984,1001,3108,377581,60,866,757,676,148,7069,1252,1440,2537,134,107,2085,5017,726,737,354,122,862,3108,21890,309,1553,36,347,833,16458,515,736,751,698,38,818,348,14,1146,164,12528,6,1857,3,7,677,559,413,40,24,166,1581,6509,4638,122,13,36,2249,137,127,2188,1534,364,789,2353,8,550,129,1431,108,27750,1,188,1026,5236,134,6237,20,188,55,1196,17,413,139,113,120,43,25,12647,249,573,132,3542,764,161,234,926,276,296,3349,2396,699,328,7686,270,91,92,396,220,74926,1860,9,1488,129,84,726,440,722,102,1496,1585,52,263,6,3129,274,100,1248,4191,3416,1477,114,613,13424,935,0,3,2038,4836,6,10,522,15,144,3062,115,5298,9,10,85,47,4145,9,251,209,3,37,304,1551,6073,9018,523,29,2253,546,11106,3,3656,518,2438,1332,5,2735,164,17770,2,685,0,712,23,3,248,2,1,1,2,13,5,16,45,2,90,1673,78,4,7,81,0,29,9,7,9,39,22,12,22,69,12004,3,35,2,3,177,248,220,2,201,6,1,146,1,154,15,59,50,12,45,1
TCGA-75-7025-01A-12R-1949-07,294,622,630,6,3634,9959,3899,7405,3698,227,13,352,837,416,21,5240,1947,1645,6000,3123,248,1399,1534,163,6,278,5561,26107,9,16103,215,15146,5661,1238,676,1428,3417,42,382,132,1728,160,4,43,2845,711,268,662,2795,858,2900,5090,1709,396,6,3264,3337,210,37,1,232,16826,372,251,634,1745,1872,12,8,599,1076,155,291,7436,21942,463,540,972,822,1,17,1521,5914,686,1823,7251,313,450,587,1101,165,2208,449,383,2284,176,196,1789,6347,790,2231,434,227,1045,1301,51933,597,177,14,419,1155,8826,829,617,1199,440,92,1106,112,20,3400,34,7598,30,2139,1,44,2544,956,319,68,71,144,912,12035,187,233,14,82,2107,302,142,2760,1369,1492,888,4674,534,1431,258,1523,312,14258,0,417,1177,4893,229,5540,0,531,2901,342,115,78,202,214,137,14,55,18390,351,938,532,2301,1306,417,573,1117,451,710,2183,2200,1145,378,16523,287,28,176,1387,58,14469,2338,6,1843,151,121,415,889,1428,135,1712,1197,67,245,34,1893,303,332,2164,4873,2580,1791,110,847,15580,627,7,204,2457,2847,1,4,192,9,464,1522,477,8750,9,17,24,277,13252,20,146,429,32,219,596,509,13758,9563,167,43,1960,594,5353,1,4447,665,4327,1374,4,981,11,24099,4,529,1,1763,36,3,330,12,0,3,2,29,12,2,65,3,101,3871,116,13,42,87,0,24,12,2,2,8,40,21,167,130,13065,14,57,13,2,504,462,185,7,219,8,0,249,1,296,105,306,7,8,86,1
TCGA-55-8514-01A-11R-2403-07,162,99,187,16,582,1781,1458,745,398,38,2,127,99,82,4,3912,335,669,495,193,7,271,334,17,2,18,801,5327,24,9850,26,8387,209,561,276,1000,1242,17,179,46,830,792,7,6,967,191,83,846,1617,284,2464,1926,955,365,0,1295,1031,29,37,4,34,6607,57,26,49,661,139,4,5,94,222,228,31,2324,10968,28,66,219,117,1,2,809,2761,327,725,12069,14,168,2558,195,9,2740,498,89,772,28,79,3104,1101,249,133,207,43,366,332,6931,207,2860,121,92,147,13488,983,174,261,230,33,152,222,16,267,4,6051,6,702,7,3,190,385,538,16,310,644,222,3434,3103,47,43,25,7483,48,44,1781,268,164,418,403,10,199,7,347,45,12777,1,122,273,1378,218,2882,16,77,77,884,7,363,68,14,15,5,4,2758,89,168,437,1031,426,89,150,367,73,137,289,2948,196,57,2684,187,72,126,556,41,15902,950,6,256,54,29,223,276,297,147,465,271,22,109,15,3506,53,18,515,1008,3719,694,241,136,6244,382,2,4,1158,4152,2,3,148,3,52,6750,159,2027,0,1,77,9,2103,0,43,163,1,117,95,139,1456,2185,135,5,401,1181,1857,3,429,259,896,1064,10,1743,118,3137,2,398,0,129,12,2,30,149,2,1,0,5,3,5,28,0,50,755,940,0,169,9,1,9,4,2,0,29,47,8,8,59,3683,5,35,0,1,59,69,74,1,64,43,0,54,0,260,27,29,26,7,6,1
TCGA-78-7537-01A-11R-2066-07,226,285,994,18,1172,5552,683,407,1304,6,0,52,1486,161,32,8011,2248,2086,3674,757,60,1261,1035,5,4,8,8871,21854,2,15088,394,8152,563,1210,309,1273,1518,3,43,144,741,468,9,25,1165,490,403,502,1485,799,3761,5285,516,848,3,2099,2989,39,17,32,162,10242,609,50,64,4375,1534,38,31,945,297,697,3,9566,35286,56,24,825,611,0,3,2186,4966,1731,819,78477,44,226,791,682,642,6620,530,235,3605,109,184,3157,481,1281,586,576,1510,422,790,99413,179,2998,5,162,69,50543,701,1226,1530,148,27,664,122,24,14053,6,4477,11,2104,0,0,676,1161,272,12,8,168,845,5660,1307,39,2,21,2502,171,10,1722,1160,92,1446,1207,84,488,1,1211,230,38127,0,2896,780,2647,116,4003,0,88,50,325,10,185,124,139,31,23,44,9541,121,759,563,1341,539,132,31,898,16,316,3030,2655,1348,52,4682,133,15,67,222,6,241,1198,0,575,57,1,71,543,818,78,1246,525,130,126,2,7250,145,50,2370,5813,1968,2653,86,417,10160,465,1,0,3856,2678,0,1,232,0,226,4414,45,5551,0,39,41744,7,5151,1,56,230,1,135,191,98,784,8584,375,14,947,381,8338,0,6380,874,283,457,7,936,38,18884,0,241,1,507,12,0,93,1711,0,2,0,9,0,0,52,0,55,545,40,2,3,20,2,30,8,9,10,818,53,4,1,9,13042,6,90,7,0,193,245,102,2,674,29,2,201,4,38,7,63,2,5,16,1
TCGA-69-A59K-01A-11R-A262-07,620,12,457,38,728,5245,2058,892,3471,0,1,31,198,188,109,2512,1297,806,684,316,5,438,556,8,2,13,4212,9283,48,10800,36,7740,621,666,395,1364,2677,23,124,82,1566,84,8,0,3218,543,481,674,2516,292,2207,3558,447,216,85,2840,2632,21,13,5,181,11645,140,103,61,1075,231,33,10,545,12591,205,92,6192,10855,43,82,660,263,15,10,949,4382,495,1984,334227,27,1040,746,256,90,5774,1285,472,826,72,107,3227,2685,217,267,210,136,730,544,3375,385,259,20,71,101,1230,263,76,289,568,109,465,538,2,1267,4,3702,15,1559,3,3,174,27,308,45,19,205,1832,4438,1513,44,315,33,1135,132,47,1326,824,188,578,989,46,357,35,580,23,10876,1,75,419,3023,360,3185,7,159,474,2103,16,636,131,137,67,21,9,8612,135,410,66,3889,494,78,47,759,60,428,1495,1223,398,222,1668,248,129,57,1196,62,7120,1730,5,288,126,15,155,448,396,160,1224,905,32,129,1,5065,101,45,1062,3462,1548,1152,71,101,4957,1623,3,17,1794,3565,2,4,297,4,94,3321,88,3991,4,9,26,657,4291,16,341,307,2,19,44,946,649,2320,333,6,828,225,6612,2,2213,328,1139,869,1,1043,26,7784,1,405,2,1242,11,0,53,38,0,6,8,25,15,20,234,5,115,386,214,0,14,17,0,24,6,1,3,268,7,6,12,12,12370,10,16,6,9,36,172,389,3,58,2,0,57,0,267,74,25,3,25,15,1
TCGA-95-8494-01A-11R-2326-07,302,12,104,10,188,2291,3830,209,1517,1,1,20,59,46,75,5692,277,442,42,548,1,469,206,0,18,3,1100,7234,3,10530,53,3886,99,427,52,739,488,16,87,28,613,36,0,10,487,77,57,222,1876,154,5453,4085,618,30,0,1244,645,7,8,0,30,2915,35,13,13,601,120,0,3,113,5181,41,6,15662,5269,7,23,67,85,0,1,400,1501,339,942,235737,9,558,465,129,29,7889,1013,20,347,6,44,2414,473,204,72,64,8,118,180,1489,30,23,203,29,19,7586,534,242,214,246,45,141,352,0,112,46,2095,2,539,0,0,14,288,278,46,0,118,518,659,5117,22,14,4,613,33,14,497,951,43,306,146,2,95,1,290,0,17262,0,3,152,1706,47,2114,0,7,15,2577,1,562,42,41,31,18,0,4156,63,177,5,3017,77,39,3,388,22,83,184,966,117,16,334,41,9,44,44,1,57,909,0,90,8,2,77,111,189,17,231,134,13,148,2,5021,33,7,327,809,768,304,12,104,6653,615,1,3,478,4141,0,0,249,1,43,8062,948,1148,0,1,2,8,487,4,209,61,4,106,91,15,89,3057,148,7,782,76,8183,0,421,121,363,327,0,238,200,4788,0,540,0,71,4,1,21,0,0,0,5,4,0,3,32,0,37,94,50,3,1,3,0,0,1,0,1,75,3,1,38,5,2749,0,14,1,4,2,57,18,0,39,2,0,22,0,8,9,8,0,5,19,1
TCGA-MN-A4N1-01A-11R-A24X-07,440,441,190,7,812,2509,759,336,740,0,0,198,322,70,15,7208,389,589,46,68,1,647,1150,3,1,3,2011,13046,16,41773,16,5284,213,364,195,1337,657,10,105,39,1120,85,0,9,1572,213,108,451,1210,290,2934,1350,3455,21,2,1240,1577,14,661,0,25,2916,69,11,79,667,359,2,6,277,665,420,13,1059,11824,20,33,124,103,0,1,1038,1552,309,1053,579,19,846,1281,206,22,6016,728,36,3380,12,74,5084,1167,633,414,134,345,828,194,874,67,487,102,85,26,33066,728,202,244,100,60,90,449,3,363,64,2544,1,705,9,0,83,838,52,8,4,277,590,1406,4447,33,104,58,1545,37,2,586,1426,253,321,171,64,155,81,400,2,16101,0,226,377,1764,214,4752,4,30,19,4530,2,913,34,65,18,6,4,2751,35,165,21,1419,184,41,34,784,100,49,1150,2094,190,159,1869,86,14,73,34,15,73,255,0,126,5,1,288,525,170,25,297,159,11,60,1,1459,84,8,555,1840,5023,451,29,124,6965,1140,0,12,1246,6510,8,0,1051,0,73,11696,151,2742,1,0,1,5,765,0,289,193,6,107,149,309,58,2745,239,5,319,299,8031,0,503,214,495,1996,4,655,110,2927,10,328,1,226,12,5,42,0,3,2,2,11,4,0,21,0,37,305,172,0,28,7,0,4,8,5,0,40,10,5,3,12,2361,0,8,3,36,20,87,32,0,134,3,0,204,0,49,5,29,0,4,17,1
TCGA-MP-A4SV-01A-11R-A24X-07,672,29,697,7,2032,4898,1898,562,1258,2,0,129,300,124,18,6640,1031,1021,470,548,14,701,635,0,1,20,3945,10829,33,9075,35,4304,943,765,429,3490,1198,16,326,56,1136,92,1,11,1049,307,131,423,2924,336,1788,2387,1370,117,19,2240,4038,27,13,2,76,7660,127,52,349,641,475,2,7,194,2034,132,49,2695,13355,49,66,271,296,1,9,704,3726,608,1158,40475,28,1006,1121,339,98,9691,2087,210,1556,25,87,1787,1254,294,420,265,82,442,1066,3074,172,181,11,43,113,12555,610,445,379,456,48,508,409,14,914,24,3961,11,1474,1,1,98,1032,340,26,9,229,378,2505,6892,65,13,18,2996,82,16,1034,2105,94,642,1452,6,343,9,715,6,27938,2,69,421,3303,215,6555,4,156,48,3552,8,649,106,43,43,14,39,7749,81,329,272,3632,820,118,46,695,61,243,1008,3455,461,169,1638,205,81,81,283,44,8365,1303,0,673,53,41,147,323,499,36,1000,749,42,136,1,2302,91,123,929,2758,3889,1107,37,87,7939,1621,4,20,1746,5014,0,2,602,3,63,4684,55,3193,1,7,25,10,5262,3,444,134,5,44,124,174,492,3756,235,19,1364,154,10617,0,1615,396,901,702,4,1153,400,7308,2,394,3,196,8,0,96,9,0,1,1,20,2,20,46,0,85,249,58,0,27,7,0,77,8,1,3,18,25,9,12,12,7847,1,50,1,1,22,179,126,2,93,2,0,81,0,71,19,25,10,13,26,1
TCGA-50-5942-01A-21R-1755-07,133,212,155,0,922,5043,102,2973,5399,46,8,108,443,253,49,2803,1455,973,4159,1418,25,831,565,39,0,73,8080,21717,4988,5505,75,12958,1297,545,979,937,2624,6,30,53,562,55,1,30,2275,188,142,680,1175,214,1738,3353,310,173,10,1495,1515,61,10,4,63,7972,583,142,250,593,894,1,2,177,444,92,305,16491,21194,81,397,491,299,0,1,711,7289,457,565,755840,351,116,327,414,67,3262,436,349,7813,108,56,808,4772,355,750,180,175,865,989,18390,130,454,9,218,191,7074,314,908,634,190,167,734,35,12,2219,22,10908,18,751,0,6,1199,586,119,17,609,30,398,7517,814,232,8,24,2025,97,82,1448,2788,397,518,2448,9,693,14,644,232,7201,0,4220,873,3304,40,2755,7,112,235,110,14,29,141,140,69,6,304,14769,261,614,4234,990,2514,91,507,812,304,172,2603,694,588,265,8838,69,37,39,368,190,55852,1834,4,1084,106,30,250,1643,648,53,899,700,40,169,2,5474,144,152,906,2542,3439,1077,77,662,9837,462,3,37,1500,1750,3,11,147,20,123,992,64,3399,0,3,52,29,7683,9,31,125,0,53,271,59,4567,8236,1409,60,844,503,3086,1,2836,355,1741,746,991,901,11,8342,2,56,0,733,9,0,126,57,5,0,0,19,14,0,18,1,18,3781,38,0,12,65,0,9,32,0,0,4,895,9,41,33,7140,5,20,12,3,634,95,65,1,131,3,0,183,0,99,22,118,1,1,23,1
TCGA-55-7903-01A-11R-2170-07,574,15,109,7,1156,3032,753,347,824,4,0,147,150,79,64,4706,761,647,1268,289,16,700,254,3,4,7,5678,11428,74,12403,27,3630,502,578,545,3515,1012,1,111,39,1164,30,4,6,802,135,112,655,1857,279,2618,2163,594,38,6,1988,1613,25,26,2,50,6627,148,29,29,496,446,1,9,91,662,203,126,3532,8198,21,71,323,282,2,2,419,2223,262,716,115293,30,821,1372,257,87,11510,1565,78,834,21,55,1965,890,202,168,104,43,400,725,4385,210,452,66,43,101,6759,1447,378,369,280,190,209,373,4,838,64,5216,8,859,1,7,91,770,104,28,18,459,312,2307,4249,34,61,10,2466,58,23,967,499,50,389,387,15,211,21,420,7,11477,2,54,549,1752,51,7325,14,124,55,1342,2,292,88,20,24,20,12,7747,69,225,418,3188,233,57,51,811,48,91,537,1221,404,46,768,90,10,75,105,30,12955,542,1,522,30,17,90,223,444,60,378,520,18,142,6,4900,74,45,552,1382,6136,837,36,52,3260,1790,1,1,1041,4411,11,3,575,5,20,3710,164,1840,4,10,30,7,1150,4,226,70,3,155,93,122,294,3643,362,10,925,211,7317,4,973,260,457,515,4,1642,247,7272,0,355,6,172,10,2,272,9,2,0,2,21,6,5,28,0,52,339,190,2,10,7,0,15,7,1,0,64,13,6,3,27,4418,5,21,3,0,20,136,53,1,111,55,0,57,1,95,24,16,23,4,27,1
TCGA-55-8208-01A-11R-2241-07,762,27,702,22,7775,4937,9555,1315,3136,3,4,98,400,285,23,6288,3164,3025,1658,752,27,858,1325,10,12,55,7376,12231,15,10316,92,6738,2426,1952,1572,2030,2235,8,563,184,1341,1211,18,17,2122,692,454,584,3899,1276,2323,4979,913,574,11,5320,7383,49,18,26,191,11217,373,105,310,1915,650,8,20,164,636,360,132,7345,14609,163,205,1168,778,1,6,1155,5821,1880,4563,88499,141,574,687,1236,2281,4339,819,950,2146,32,170,966,2549,1180,740,791,151,900,3026,8018,1434,689,86,217,160,10894,520,2080,1383,1286,215,643,253,122,2497,110,5371,32,3881,2,21,331,743,1892,187,37,127,1563,6441,3601,129,98,46,3549,299,94,2266,1050,296,1478,3128,33,1029,181,2375,31,15355,2,414,1375,7809,249,4799,21,142,183,774,14,222,240,97,89,58,25,13303,255,889,487,1943,640,116,91,1179,239,231,2579,1706,1260,209,3667,521,163,83,530,155,31583,1079,12,199,127,45,377,538,1185,191,2463,2528,114,297,7,5779,136,83,2404,7725,1321,2606,90,293,14232,278,2,44,3950,2146,11,4,1092,4,89,3435,280,6072,4,12,266,37,5521,13,219,354,3,79,243,1278,1215,4713,777,49,2576,522,11056,1,5359,1011,10758,1679,29,4035,127,7899,3,1276,3,930,19,3,152,21,2,9,1,24,0,35,64,4,52,538,864,6,62,23,0,78,28,8,1,54,30,15,20,24,21369,8,109,16,2,68,764,219,5,287,11,3,188,2,176,144,83,13,52,21,1
TCGA-05-4395-01A-01R-1206-07,483,8,245,8,550,4309,671,676,886,0,0,15,98,134,13,10871,1487,1567,5,346,1,479,227,2,0,5,1454,4714,4,33445,26,1495,273,602,106,4670,824,9,1122,43,1466,28,0,3,1480,132,132,330,1262,292,11250,24627,2041,56,1,2445,1440,10,5,0,36,11992,75,58,26,95,271,1,2,109,129,29,30,4312,53813,30,21,321,455,0,15,418,6225,284,1527,1088,34,955,952,519,175,13320,1426,58,609,14,81,6940,1206,413,147,275,37,501,1282,1353,535,5,3,55,45,48530,61,464,477,692,45,497,528,4,75,404,5646,0,1131,0,2,24,3804,668,134,1,324,432,1440,165006,22,19,3,1056,124,74,1760,1526,34,569,240,4,211,127,647,1,44212,0,3,602,8036,121,8657,2,78,32,1184,2,444,107,42,16,15,0,3031,60,199,5,5407,169,27,1,2167,31,92,1990,1191,311,68,844,107,41,137,103,13,12,1986,0,218,30,1,45,301,3006,242,1138,530,19,91,2,96,895,8,1821,2120,3610,905,162,41,9925,1385,0,1,1720,9176,0,1,141,1,57,15272,73,2445,2,0,3,2,1443,11,156,215,8,45,119,1166,81,2209,93,5,608,148,43380,1,2654,221,319,510,0,97,6709,7797,0,690,1,146,15,1,32,0,0,1,0,3,4,3,41,0,15,106,108,0,0,14,1,11,5,0,0,4,6,3,5,6,9621,0,231,10,0,41,233,29,0,22,7,0,34,0,64,2,18,4,4,5,1
TCGA-49-AAR4-01A-12R-A41B-07,320,29,265,21,939,3533,1432,521,559,6,2,117,190,82,10,2012,329,625,23,375,14,821,590,5,2,29,502,4966,5,6576,23,2449,562,821,179,791,1198,6,60,30,753,88,1,9,1514,184,93,439,1997,330,2329,3103,1451,115,1,2238,3607,19,9,0,59,4574,51,26,135,1344,251,0,1,94,1157,105,10,3395,5610,35,63,124,231,0,0,766,883,529,1357,94,73,606,522,300,49,3261,454,191,921,42,87,1477,538,330,224,192,26,377,860,102,123,12,150,124,199,8371,535,163,397,351,39,93,240,28,897,32,1868,3,887,3,11,128,1314,40,38,3,52,805,2174,5775,63,202,29,562,138,4,833,433,205,409,900,19,260,131,541,2,12274,14,8,320,1580,307,2587,1,123,72,1705,1,247,71,44,28,11,5,3593,113,156,10,1299,1035,98,9,381,61,39,864,1084,273,122,1660,143,16,94,242,1,6,399,1,176,56,19,269,203,340,39,422,555,23,84,4,416,57,28,511,1507,914,532,24,84,8823,608,0,37,1151,3636,0,2,510,0,79,1815,148,2686,15,6,0,21,2526,1,144,79,6,81,272,409,571,2517,184,9,1366,188,6506,0,2242,214,744,630,14,542,245,3863,2,340,0,230,2,1,71,3,0,0,0,8,0,7,28,2,52,211,102,9,34,7,0,36,5,12,1,7,18,10,30,4,4976,4,33,2,4,16,160,97,3,76,9,0,31,1,58,13,32,0,6,5,1
TCGA-75-5122-01A-01R-1755-07,260,5,176,4,571,2203,3141,1456,2587,0,0,62,94,147,13,1941,1135,495,5,298,3,349,329,0,16,6,1724,1711,0,9731,76,5097,161,844,2,1729,823,4,285,45,783,47,1,15,3419,132,84,136,3357,206,2243,2259,648,121,0,4232,3161,10,6,0,66,9153,233,91,139,564,304,1,1,30,194,67,0,5373,9511,15,16,824,212,0,0,423,4954,496,3214,8550,10,436,278,242,15,4374,776,72,413,16,65,391,276,406,77,140,48,764,4582,301,1182,93,1,2,29,7110,236,1765,1339,1970,11,414,156,21,103,9,5019,0,1488,0,0,157,21,89,13,3,30,1101,4914,1957,28,271,5,1038,168,16,1430,1230,53,621,118,0,136,5,927,0,15982,0,31,355,5217,62,1622,2,42,15,957,10,268,46,46,13,7,1,16324,62,303,311,1786,64,17,8,1239,17,26,626,1605,504,1214,248,431,1,36,147,9,82,1532,1,0,17,2,482,235,334,3,1002,2385,33,563,1,846,127,20,709,3954,447,677,70,44,6874,159,0,0,1224,1375,0,0,230,0,68,2119,271,8238,1,0,4,1,2746,9,140,74,6,1005,44,123,101,1810,78,17,1996,309,3249,2,4574,264,198,766,1,206,28,3296,1,1297,0,81,8,2,46,0,1,1,15,7,0,12,37,0,25,112,5,0,3,41,0,11,9,7,0,14,8,6,6,2,10686,0,8,1,0,36,97,24,2,103,5,0,46,0,20,6,18,0,71,3,1
TCGA-73-7499-01A-11R-2187-07,1038,73,291,0,3359,3464,2182,1950,1128,3,0,51,544,119,16,3113,1583,819,22,335,19,813,931,8,9,446,5050,3332,114,19686,35,5262,1898,797,15,3220,1030,4,159,91,2302,94,1,19,2722,185,109,113,1251,267,1755,1851,357,455,5,2173,3582,28,6,0,106,6981,97,95,188,712,355,6,3,287,408,1201,245,4798,5746,58,54,351,398,0,7,861,4022,992,3369,12179,47,1288,1115,394,40,7675,1047,119,833,43,72,2078,597,996,514,161,91,373,1651,2767,83,44,8,171,52,6035,427,465,769,694,14,478,687,21,493,131,4297,1,1178,0,12,45,461,395,79,32,375,963,2181,3449,83,8,38,1480,190,186,2415,1176,355,406,1291,228,500,11,824,4,27838,1,17,576,2303,156,5898,1,75,89,1314,4,680,59,57,108,7,11,2839,130,618,31,5770,626,120,23,782,58,137,460,2359,560,56,2186,230,5,164,247,23,648,524,18,431,111,15,275,204,651,158,779,710,24,37,7,435,166,96,556,1385,3615,771,147,72,4887,1385,0,104,1280,8700,3,3,926,4,49,5617,39,2636,0,0,2,14,4139,7,428,91,3,240,200,449,191,3003,1386,6,1065,152,7512,0,2037,243,1870,459,0,231,81,9790,5,387,0,488,18,1,120,2,1,4,0,9,0,33,28,1,16,272,11,0,3,29,0,160,4,1,0,33,3,8,57,4,7899,2,46,5,0,33,558,34,1,96,8,2,65,0,39,8,29,10,26,14,1
TCGA-NJ-A55R-01A-11R-A262-07,545,173,762,196,609,9374,347,2391,1664,9,17,12,655,339,44,10146,2551,3390,121,1972,97,1679,1743,54,0,90,1071,24393,179,19361,49,15147,1276,1404,1192,4341,3842,29,144,260,1811,3178,1,6,2807,492,439,660,3092,968,2337,4699,4820,1922,6,4422,3106,117,49,0,609,22116,734,196,1034,290,3152,11,19,606,744,114,232,4803,27406,150,183,801,758,1,9,902,8003,1089,1232,9801,84,716,1702,1471,155,9665,1407,921,1122,240,370,6071,4896,901,2496,501,409,1000,1294,39002,264,70,44,264,610,46124,577,743,721,313,263,1065,1423,487,3251,336,3771,62,2268,2,25,712,1625,120,30,25,327,1497,8367,1029,89,8,73,2880,271,124,1310,1849,262,1885,1632,73,973,2,1545,89,85062,1,264,1487,9699,324,6678,153,745,349,1716,28,608,302,208,121,22,932,8977,222,1266,135,10353,909,278,531,1487,214,839,1903,6772,966,168,11811,326,5,291,488,23,6271,1185,0,1630,365,81,194,1123,1628,326,2183,1740,25,157,1,166,308,57,2738,5330,7924,2456,1031,590,12561,3966,1,3,4300,3159,2,4,336,29,171,8365,24,10362,8,52,6733,65,6218,85,198,407,68,130,456,386,1725,5890,74,38,564,1270,17354,21,4866,995,11459,2497,1,917,38,12014,1,371,4,3212,48,2,224,4,16,6,3,82,19,5,96,1,84,1533,174,19,1,10,0,11,11,5,8,82,210,18,8,58,17365,12,38,18,5,360,313,233,0,349,5,1,226,6,299,22,142,16,3,33,1
TCGA-NJ-A4YG-01A-22R-A262-07,219,16,167,5,540,4999,3475,742,1167,3,16,38,305,96,8,3211,679,650,2150,237,19,673,882,64,16,15,4595,8965,212,6782,50,13072,869,571,526,1748,1013,37,232,44,544,114,6,11,1649,338,100,301,2379,243,1589,3113,838,120,6,1135,1878,17,66,7,81,5308,137,26,85,762,561,3,11,243,245,203,211,1033,12061,24,56,301,207,2,33,643,4538,559,1577,430590,57,178,769,278,24,4597,520,140,1430,40,72,1408,1290,438,289,179,54,345,423,18305,126,1218,21,94,169,5253,622,585,442,273,366,279,166,7,1409,19,3316,8,1189,12,5,190,1047,488,120,36,129,372,3169,7023,53,84,7,1506,107,46,897,649,52,449,446,155,278,119,761,28,11333,12,139,375,1909,100,3617,29,50,215,772,7,214,106,46,20,9,6,4833,116,274,254,1546,265,106,157,577,73,299,1170,2778,285,243,2394,253,101,715,264,172,51318,843,7,507,51,20,233,286,400,431,467,480,44,191,4,917,52,62,388,1521,3702,556,80,129,10330,786,6,6,1076,1644,14,4,794,2,56,2622,812,2054,6,8,76,17,1351,3,50,83,49,388,174,173,540,2422,178,22,1555,111,4095,4,1982,296,1038,541,99,4319,236,18690,0,657,5,294,16,3,95,114,2,0,3,20,1,24,25,0,40,1159,170,6,21,15,1,50,3,20,0,26,27,9,105,36,5498,3,56,3,2,95,156,183,3,160,12,0,61,3,180,28,36,20,32,9,1
TCGA-53-A4EZ-01A-12R-A24X-07,354,11,47,1,501,3835,366,316,328,0,1,6,118,73,2,11656,611,441,429,180,5,98,609,1,2,9,2295,10153,130,14385,23,2296,310,489,2608,3370,978,0,120,45,1322,113,5,6,502,84,72,294,3877,949,2893,4804,940,57,0,1032,987,58,9,0,2287,4266,559,27,56,76,218,0,1,404,2768,39,8,540,9049,36,9,130,123,0,0,212,3181,399,553,5774,17,1106,631,195,36,7811,1089,48,1901,12,72,3738,451,389,102,102,32,250,276,1094,58,8,7,34,21,10428,329,11541,236,178,237,272,746,3,468,16,4306,1,480,1,0,52,1446,115,9,16,221,1033,1541,4173,44,9,0,676,39,10,891,440,490,230,401,1,122,1,329,0,29798,0,49,185,5379,67,7426,0,104,200,4592,6,630,56,18,32,3,5,6313,31,203,6,2556,1591,82,42,867,27,224,548,4989,219,5,622,92,4,56,85,1,19,833,5,3022,6,3,11,603,268,15,228,240,14,36,3,3,97,7,587,1042,3630,391,310,123,1842,488,0,5,614,3618,0,0,675,1,44,5335,25,1044,2,5,1,4,1137,5,439,63,3,333,79,632,191,1781,277,3,463,89,15435,1,459,207,56059,363,0,547,119,2445,0,216,0,119,6,1,58,1,5,1,1,12,0,3,42,1,62,179,42,0,0,4,0,13,4,1,0,47,46,2,13,6,2882,0,81,3,5,8,100,8,0,503,3,0,30,0,11,118,31,1829,0,11,1
TCGA-78-7156-01A-11R-2039-07,141,76,399,176,1037,3887,96,1217,3153,3,40,1359,892,398,27,3231,3125,1381,80,562,13,1342,590,6,0,14,636,14359,1230,8020,49,8632,1391,821,316,1207,628,0,46,92,552,67,222,4,1790,366,174,1002,1912,390,4258,7747,72,626,6,822,2953,75,11,0,79,8323,724,221,83,1687,881,3,11,276,388,555,552,4750,24572,78,316,781,515,1,0,1045,15647,1125,223,18638,24,109,299,558,276,4181,314,31,1331,85,128,1049,3099,562,479,404,172,863,1131,53972,248,11741,397,44,213,5218,482,1348,430,113,6,1710,41,25,10212,120,2965,5,1181,0,2,3724,238,118,7,15,49,1324,2345,894,464,4,24,1515,149,18,599,1528,181,1034,1733,4,872,0,657,237,18139,0,3033,619,2243,186,1872,0,56,50,174,27,113,126,236,6,8,1,11059,286,2482,8,887,1555,50,190,623,230,554,1456,1134,737,289,3290,55,530,33,771,289,380,3572,7,471,263,4,118,571,821,15,1567,785,151,38,1,21282,188,70,1349,2502,90,1620,55,653,5304,775,0,0,3006,4726,0,6,157,5,87,2069,4,1220,1,2,14374,8,7283,25,54,134,2,198,108,507,2928,2427,966,4,294,251,2551,0,2612,655,50662,484,23,2942,34,19167,1,58,0,319,6,1,135,14,0,0,0,152,4,2,27,1,40,1379,51,0,11,53,1,109,2,29,2,733,14,4,21,65,9767,0,59,7,0,51,162,137,3,406,3,0,266,0,59,13,83,0,0,55,1
TCGA-55-6970-01A-11R-1949-07,863,67,1007,16,2364,5030,1782,2175,3085,10,7,199,667,275,84,13286,3753,1652,6758,819,12,1791,641,30,30,21,15232,23459,791,14018,69,14078,2287,1305,1704,7927,1082,9,372,89,1618,86,20,20,4272,691,227,1397,2995,515,5278,7762,207,526,11,2444,7039,93,761,40,204,18835,480,157,206,3346,4090,18,23,141,1095,261,309,4675,46608,117,310,1167,606,3,28,622,6771,1072,1478,182841,227,811,928,727,428,10407,1341,386,1937,121,116,3229,2662,688,652,442,325,1152,1729,11836,400,1115,121,97,353,25152,575,2636,606,1008,195,2268,204,36,2285,208,17147,56,2437,1,33,682,1297,954,50,52,364,953,8268,35497,307,544,34,2937,196,243,1142,2527,304,1671,2478,123,767,80,1184,134,24176,28,517,1019,7079,236,6229,52,338,141,979,61,256,213,103,63,39,47,14282,322,1378,1470,4055,1560,200,431,1597,269,250,2708,9990,1026,639,3025,272,128,141,1394,574,73995,6198,16,600,310,24,256,654,930,177,2141,1483,135,150,28,15367,239,202,1603,7739,1663,1422,373,413,8531,2409,3,12,4301,3122,35,7,2595,16,91,4231,68,3224,98,21,406,56,4418,18,200,246,2,452,134,190,2737,5001,1073,20,1538,377,14346,2,4580,723,1248,1394,11,7549,1045,9660,5,715,9,919,27,5,157,91,4,5,1,46,3,5,77,1,70,1794,638,5,81,56,1,24,13,4,3,59,138,26,12,43,15805,20,103,6,2,234,362,494,20,123,4,2,249,9,169,171,112,97,8,31,1
TCGA-NJ-A55O-01A-11R-A262-07,234,50,480,33,1562,3792,7426,1873,1612,24,4,62,399,192,38,6198,1055,1490,11265,637,20,1073,1112,17,47,34,19850,12903,43,8036,57,7821,1283,1093,2221,1420,1709,3,351,94,657,88,23,27,4294,519,242,972,2563,626,3259,11847,717,711,30,2295,17740,48,106,19,100,6255,657,104,139,3791,1235,13,23,241,1067,622,592,3788,17733,82,174,549,411,9,9,1162,4128,567,1486,463146,131,340,468,559,131,3651,300,381,1684,52,178,4689,2032,692,1065,335,172,748,685,12959,392,2846,157,114,395,23511,1264,3451,465,523,137,930,332,5,5831,137,12107,85,1631,0,32,674,1293,546,402,133,93,555,4543,2201,194,69,49,2277,178,158,1215,1610,145,1067,924,71,501,122,1223,107,11755,4,642,740,3885,344,3299,104,177,154,261,17,158,147,62,72,15,111,8453,315,612,554,2195,1234,86,370,770,187,583,2699,6402,677,339,3054,313,253,148,574,538,166153,1712,21,613,277,15,262,807,768,78,1552,803,96,163,7,9447,148,90,977,2300,1528,1979,384,355,9307,678,4,13,2573,1827,31,5,1926,6,103,3728,97,5062,14,43,2921,87,3341,23,111,263,6,140,199,305,2436,3106,1024,42,921,265,3477,2,1831,723,1099,6395,96,13267,71,11951,5,942,3,685,24,1,134,89,6,5,6,68,6,11,70,1,101,1542,1796,7,111,31,5,50,20,10,7,98,45,21,7,112,8271,30,181,6,1,115,243,343,15,462,17,10,194,9,443,99,42,74,9,17,1
TCGA-99-8025-01A-11R-2241-07,450,234,790,9,1320,3336,730,1154,1446,4,1,79,704,288,8,7971,2612,2991,25,887,22,1027,1823,11,0,12,1085,23633,4,20346,29,9892,1453,1482,95,2117,1314,10,62,98,1090,114,6,9,1736,272,392,1104,2824,905,7825,5458,2112,287,7,2301,3278,42,13,1,105,7947,160,83,464,413,1222,3,1,172,1356,592,60,5120,34733,75,70,764,908,0,7,605,4231,1320,2711,208,59,603,1006,883,39,9253,1400,360,822,85,193,2850,3319,1139,603,631,71,904,1034,3546,321,2913,19,155,346,19198,1792,544,1159,268,180,470,486,15,2493,26,2613,13,1844,5,45,187,1604,258,20,6,710,603,3142,31113,30,12,39,3173,149,20,1433,1476,241,1232,704,51,705,10,1314,7,32927,1,77,1409,3445,157,7186,1,201,159,1821,8,551,144,73,54,20,49,8838,224,1249,105,2355,1211,173,17,981,132,131,1429,4172,1092,451,2968,226,1,54,299,3,38,1600,0,249,95,8,175,650,1012,84,1500,873,11,84,8,98,127,52,2451,4819,5925,1674,54,570,14215,1306,0,151,3412,4759,0,0,323,11,191,8675,83,5198,1,19,1,74,8336,18,267,252,10,498,442,237,582,6546,491,7,444,358,8197,1,2714,1014,4578,1456,0,210,723,17429,0,649,2,638,19,2,112,3,0,0,1,11,1,7,29,1,42,330,52,1,350,11,0,10,6,2,1,265,25,7,258,5,11668,13,107,4,1,31,571,29,1,97,19,2,122,1,136,8,80,3,5,24,1
TCGA-50-6594-01A-11R-1755-07,449,569,110,2,145,1549,620,210,1074,0,0,1,76,42,37,5631,457,475,7,124,1,123,169,1,84,6,438,1331,4,9526,2,868,160,333,15,613,854,34,24,21,804,12,1,5,403,38,58,260,604,238,1196,495,328,14,2,1068,413,10,0,0,32,4791,39,9,40,56,112,1,0,32,1080,24,1,1704,7391,11,7,105,124,0,0,606,1961,125,480,316,2,440,388,149,10,8423,1423,57,518,8,29,1221,462,208,82,109,19,354,219,141,35,3,0,23,7,11526,17,84,151,86,17,53,376,6,1515,94,6831,0,397,0,10,12,415,53,31,1,92,404,1363,6608,3,3,14,502,32,223,408,1168,12,248,71,9,147,3,265,0,12220,1,0,1088,1103,59,2099,0,21,16,796,0,428,15,34,11,1,0,2383,7,172,0,4921,58,21,5,224,33,16,682,1218,168,24,149,26,0,112,18,23,8,55,0,175,323,4,49,70,131,19,219,105,5,36,0,3,23,4,415,1530,1253,166,174,26,2464,746,0,1,603,2221,4,0,183,0,12,6319,150,595,2,51,0,1,465,3,205,54,7,107,21,97,0,1567,54,3,362,37,11414,0,1106,145,236,250,23,96,318,3417,0,443,0,128,2,0,15,0,0,1,3,2,0,1,34,3,13,15,39,1,1,0,0,37,1,0,2,3,5,2,7,3,2016,0,8,3,0,2,72,1,0,18,1,3,5,13,7,3,7,0,5,7,1
TCGA-99-7458-01A-11R-2039-07,310,128,484,8,3031,4123,3074,3920,5074,36,14,159,779,410,89,6708,4383,2608,7207,1669,62,1787,1127,102,16,66,9509,25368,364,15650,92,15988,3998,1575,2133,2438,2597,66,356,161,1359,162,10,50,3924,737,542,1288,2320,708,6745,12359,323,334,40,3894,8594,138,276,22,265,15977,579,399,302,5101,2535,9,26,484,1441,333,376,6742,34820,168,515,2075,1105,11,30,943,7264,816,2662,370958,287,495,788,1111,444,10737,2007,723,5881,180,196,1482,6368,977,901,659,334,1226,3068,14136,961,2148,111,315,666,17899,1365,2469,1140,805,263,1930,224,34,3984,313,15967,92,3209,9,24,961,558,449,123,751,163,1335,8399,5725,426,457,87,5502,270,378,1352,2534,533,2081,4441,79,1308,220,2318,264,16045,13,776,3391,9433,148,5327,134,358,231,359,46,111,202,152,96,52,59,14573,521,1460,1992,4479,1582,188,665,1761,419,615,3190,1373,1946,2621,8404,245,234,380,853,360,78750,2906,11,1064,305,118,671,1176,1951,617,2423,2525,190,231,16,7534,516,368,2611,8404,2071,3496,379,1116,15339,2911,1,25,5272,3177,97,27,3609,76,278,1459,433,4437,20,18,146,79,6281,20,121,259,70,614,340,1031,8863,8012,724,42,4442,453,15422,4,2907,1116,3104,1586,135,9057,154,18415,8,725,0,1173,27,4,155,215,1,7,8,72,8,69,96,7,112,3000,582,7,156,95,5,50,18,2,10,91,140,24,149,93,19847,17,129,31,2,320,488,544,18,231,10,2,673,4,1140,149,154,46,15,57,1
TCGA-91-6828-01A-11R-1858-07,168,28,435,0,584,2376,1593,737,1448,1,1,92,168,117,36,2573,1748,691,1818,334,6,330,335,17,1,7,6605,10502,210,4955,23,9258,1065,544,1051,1447,477,4,240,40,666,469,4,14,1781,395,110,462,1660,248,895,2699,79,449,6,1278,2362,35,375,4,119,6600,167,115,95,1002,552,5,5,83,398,55,80,1477,18963,37,59,530,279,2,11,307,2895,418,674,102695,48,212,240,311,102,3373,577,131,2602,48,68,638,1130,248,191,164,94,391,1021,1328,240,188,29,39,90,6531,257,966,301,362,51,611,137,35,675,49,2538,18,1216,0,5,280,256,952,64,21,16,440,3258,7081,181,80,13,1079,73,44,418,972,174,600,920,15,406,19,740,50,11376,4,121,463,3768,67,2542,11,85,83,509,78,75,93,29,27,39,24,9460,128,717,222,1247,692,48,234,678,85,506,800,3279,471,505,1481,104,89,79,657,275,48778,1114,3,295,86,12,108,320,472,154,1219,898,73,119,7,1466,117,44,637,3021,2590,621,250,152,3029,687,0,6,2183,1131,18,3,315,5,36,1816,121,1126,4,5,108,12,1784,6,94,76,14,626,35,171,2071,1491,198,20,1029,134,6345,0,1108,308,391,473,11,1672,167,5984,3,311,1,442,8,0,58,0,0,3,2,15,2,7,25,1,55,461,141,4,5,33,0,11,8,0,1,18,26,5,20,22,7208,4,20,7,6,50,155,199,2,49,2,0,134,0,168,21,28,24,19,9,1
TCGA-MP-A4TJ-01A-51R-A262-07,226,30,388,10,1108,3199,1275,1131,1395,9,2,83,367,128,31,2734,1155,899,1706,548,33,479,485,21,3,17,7256,8394,32,5557,59,4100,1255,923,2696,1023,1184,11,412,51,639,141,16,5,1300,422,131,297,1893,411,1126,3164,209,533,2,2764,4842,54,89,6,156,5580,241,46,274,1146,591,7,13,81,441,130,195,2700,14260,72,82,440,503,2,13,627,3789,696,1783,137555,117,275,362,405,43,2348,419,461,1264,47,75,663,1839,316,474,212,271,479,1342,8126,289,905,42,107,266,7643,485,660,484,900,116,565,321,28,2308,120,4445,34,1730,9,21,237,471,683,72,23,26,621,3429,2823,104,43,40,1036,134,58,1154,716,241,715,2752,35,529,21,780,35,21299,6,249,443,4475,83,1946,23,251,138,313,15,103,115,57,37,9,31,5882,151,347,383,1481,874,67,142,851,121,216,1147,936,557,198,3469,224,100,147,681,87,29140,1239,5,236,161,48,288,260,513,247,1011,1049,39,151,4,3605,86,71,783,3796,1291,850,326,186,5649,293,5,83,1592,843,11,4,739,9,49,1367,72,2865,6,23,82,23,3019,10,68,153,17,111,77,347,1195,1713,429,38,1532,156,4186,0,2648,334,3555,875,61,2951,138,3012,6,399,8,507,7,2,96,143,6,2,2,27,1,18,24,3,58,517,507,3,11,34,0,14,24,1,6,26,33,4,80,47,7569,6,35,9,5,76,305,184,4,141,3,2,86,7,90,41,27,46,8,10,1
TCGA-99-8028-01A-11R-2241-07,163,60,1212,19,1245,4907,7348,1985,2070,4,2,60,397,395,24,5312,2430,3194,1271,821,36,577,1599,7,8,23,5703,8664,29,11792,93,9136,1973,1632,972,1599,1984,11,267,153,672,69,9,37,4588,1760,373,723,2909,963,3522,5244,451,276,12,5590,9260,101,36,11,236,10649,148,117,269,1181,841,3,1,359,706,299,71,9259,14309,123,289,799,864,2,11,1144,3616,1564,3157,163771,147,225,723,1175,437,3820,670,255,1889,182,164,865,4133,1558,1181,579,212,967,2024,7580,638,818,36,417,253,11036,604,775,1289,1507,153,805,252,26,2470,6,5398,18,3886,2,20,464,539,2137,59,41,142,1476,5544,9630,178,65,42,4225,329,63,2265,814,96,1293,4155,42,1510,406,1696,38,13870,1,160,1009,5756,210,3168,40,173,187,573,10,155,199,63,69,25,30,8762,565,932,347,2865,516,102,281,1660,166,326,1528,948,1414,4033,9799,486,170,61,805,79,28476,5445,5,942,189,78,269,687,1618,136,2483,1485,121,140,3,2472,210,116,2414,5155,1501,4150,112,201,16290,355,15,44,3979,2206,11,7,710,3,177,3774,174,5692,2,12,74,47,7500,13,86,346,5,326,287,449,2070,4826,184,18,2620,228,6940,4,3658,803,2972,1611,42,5488,551,8391,11,1241,8,827,46,3,109,29,0,0,2,7,4,22,96,4,40,1810,273,16,39,38,2,2,20,4,3,31,25,8,28,33,17991,13,140,5,1,225,662,298,8,267,5,0,254,1,455,67,73,7,38,34,1
TCGA-64-5778-01A-01R-1628-07,530,33,49,0,1011,2528,297,624,602,1,2,53,211,67,22,6960,502,403,902,245,5,280,314,5,2,11,3238,2420,28,10009,13,3714,761,633,196,1847,709,2,113,31,1647,63,2,2,2267,134,38,204,897,140,3114,1954,336,121,3,1489,3276,30,23,7,49,9262,86,38,39,1731,96,0,5,77,501,268,67,4052,5714,50,62,170,140,1,3,406,4279,392,1539,71309,54,349,526,186,20,5938,803,63,775,46,58,1368,797,376,253,59,102,189,798,6901,178,1001,4,81,164,18725,526,362,383,397,65,237,303,38,735,12,2733,0,531,2,1,129,1208,500,39,13,297,620,1062,2499,20,37,19,603,74,34,929,369,66,210,1465,16,206,69,226,12,13405,3,62,227,1747,46,3426,3,45,31,779,3,415,30,13,13,3,7,4455,169,242,96,1947,128,39,103,1012,42,73,393,900,306,306,2085,294,30,66,225,40,25855,1436,4,290,156,18,254,131,293,74,531,420,51,25,1,1663,68,80,190,460,3312,570,26,39,2995,260,0,18,559,3351,4,2,357,1,24,2457,34,1639,1,7,99,28,2434,2,177,131,2,82,138,822,1242,1892,505,13,757,111,3309,1,1610,111,528,252,18,1653,65,15390,4,216,0,153,13,0,115,5,8,0,0,16,1,15,24,0,16,571,26,3,7,24,0,3,9,33,1,24,17,2,8,17,3917,3,92,4,2,28,138,53,1,121,3,0,53,0,101,10,22,10,11,20,1
TCGA-91-6847-01A-11R-1949-07,1161,9,166,0,844,2841,28,156,339,2,0,12,1964,66,5,4322,2238,434,8,114,4,1607,210,1,4,0,223,2147,2,15910,5,6133,184,217,4,4195,737,0,22,18,1806,101,2,4,651,92,48,395,1766,111,1096,430,4155,1337,1220,338,481,4,7,428,99,16054,29,4,7205,119,1056,68,5,21,1022,10,63,279,9415,4,12,100,128,0,18,88,2501,117,6891,39,44,2124,657,981,13,11138,1892,15,553,6,46,2891,273,269,282,71,18,873,181,20,188,3,1,30,16,23312,987,32,171,48,15,154,350,9,64,68,4578,0,349,0,1,18,21,38,1,1,164,643,914,1305,745,25,1,634,26,15,1098,1329,16,186,51,0,220,3,1204,6,32886,10,161,338,9872,641,5232,0,4,12,2493,0,556,15,49,1,10,0,2904,18,76,77,3845,38,2095,25,673,12,68,4744,2771,218,184,627,3,20,36,3892,0,22,120,0,25,506,2,37,137,162,11,212,122,13,11,1,27,138,5,373,613,5300,474,497,103,3362,1528,0,47,646,6659,17,52,1391,0,10,3969,3,352,0,130,0,12,1339,7,788,38,1,5,36,72,80,7001,41,2,194,2225,8095,1,375,148,50,1105,0,227,38,546,7,82,0,820,3,1,70,0,0,2,1,15,22,0,16,0,148,42,7,0,0,0,0,298,2,0,18,11,2,60,0,2,2839,0,7,2,1,1,76,39,0,58,1,15,126,17,77,2,136,0,0,5,1
TCGA-49-AARQ-01A-11R-A41B-07,335,69,102,11,886,1976,67,96,645,0,0,54,185,31,3,2872,147,228,62,429,0,122,320,5,0,79,3043,5040,6,23868,53,2768,77,450,1689,1122,732,1,28,40,1074,63,1,5,354,104,71,167,1538,327,447,252,1247,77,267,595,687,7,8,1,131,1681,405,11,873,196,179,2,1,350,603,284,748,597,2969,4,7,28,52,0,11,404,1154,237,2410,3068,32,1190,932,100,25,5324,481,29,921,18,57,3061,195,425,99,63,30,232,266,1221,39,93,1,41,9,6605,364,55,247,168,63,90,1291,2,2060,1,4687,3,414,0,0,31,558,60,12,417,258,350,1652,207,14,17,6,333,84,50,948,546,122,178,513,1,254,2,182,3,10173,0,7,253,1860,113,3958,2,108,42,3268,0,1050,43,6,166,15,5,713,38,66,30,1488,386,46,22,438,50,71,171,4450,200,8,459,65,6,807,60,2,1000,50,0,89,68,4,90,125,90,8,182,245,2,54,0,329,66,19,150,524,1685,82,58,153,1702,692,2,34,264,5495,15,0,314,0,18,772,6,1134,8,3,11,20,2025,0,346,29,4,30,62,1733,70,3272,498,1,350,217,7699,0,1833,99,56,253,0,614,27,2667,10,426,0,996,16,1,33,1645,5,7,0,16,0,1,9,0,41,72,1318,0,1,8,0,91,0,2,0,15,13,3,2,0,2113,2,24,2,0,5,88,31,0,989,4,1,171,1,20,9,23,214,1,4,1
TCGA-55-8205-01A-11R-2241-07,567,66,727,6,1841,4113,26290,1646,3806,2,8,66,319,439,56,11642,3545,2637,1467,674,24,1074,463,22,17,26,7553,10897,34,12001,115,9071,1778,1838,531,5229,1114,9,1676,99,1880,104,4,15,2105,527,295,471,3331,509,19274,49754,1476,260,13,3516,4854,107,12,14,140,13714,301,110,172,2174,636,7,5,138,1793,170,161,5138,20458,156,308,971,875,1,6,1146,6658,685,4067,81002,66,1814,534,869,195,14098,1699,340,1472,50,167,1290,2505,550,492,518,117,1070,4539,5793,562,687,41,138,165,16381,145,2060,1305,1886,70,913,579,11,1574,46,6960,16,3257,0,3,630,984,1321,23,37,47,1160,7639,8524,185,46,26,2076,264,40,1661,2059,295,970,2876,8,748,24,2280,38,56787,1,343,1299,16477,128,5529,9,448,70,2170,37,743,201,158,104,75,14,19997,239,747,211,3492,1481,112,73,1092,157,388,1813,1621,853,321,3132,511,98,39,425,108,23261,3598,2,249,106,26,876,629,864,142,1719,3465,104,419,2,4797,356,198,1746,6312,431,2056,65,129,16327,493,1,7,3610,7455,2,3,624,13,111,3376,430,20074,3,12,310,61,3556,18,502,271,28,70,132,135,2935,4888,451,20,4133,355,17143,1,3294,889,944,3603,6,1980,168,8006,0,1065,0,605,13,2,157,26,0,4,0,50,7,43,65,2,58,378,88,2,13,30,1,10,16,4,3,23,40,11,11,23,18348,5,109,15,0,119,357,164,5,130,3,1,183,0,125,50,32,25,52,12,1
TCGA-49-AARN-01A-21R-A41B-07,204,41,213,1,756,3004,151,480,890,0,2,20,124,264,22,3284,680,902,6827,324,18,333,759,33,4,11,1527,4846,26,5367,14,4798,315,675,223,1078,1090,4,19,48,744,87,0,5,675,213,149,339,992,311,815,991,850,244,35,1369,918,15,6,29,36,3165,77,31,82,353,254,13,2,155,145,106,42,2994,6664,23,47,237,222,0,4,513,1958,466,598,36723,44,249,375,330,33,3260,413,227,524,32,110,1457,803,394,333,193,47,382,323,4172,87,320,23,121,123,8436,219,225,384,87,72,215,195,8,533,34,2687,1,743,0,4,121,937,140,55,14,308,277,2178,2389,23,18,25,1010,60,26,666,480,67,478,469,21,273,242,511,6,10067,1,51,377,1655,54,2594,3,40,85,487,10,147,106,51,21,15,179,4139,91,252,3031,1397,128,53,80,496,65,277,520,1008,351,212,2468,78,3,255,142,20,6974,2303,6,329,154,28,146,202,362,35,389,249,14,62,3,263,158,23,619,1111,3352,682,33,105,6475,541,3,13,1107,1775,0,0,244,1,30,1013,26,1960,1,2,3,199,1523,36,77,120,2,105,135,102,621,3121,71,13,427,146,4534,0,1197,310,432,594,23,470,64,3978,1,115,0,462,10,1,51,33,3,4,2,7,2,3,19,0,35,381,180,0,6,2,0,6,3,0,2,5,12,1,21,14,4168,2,39,1,1,15,150,59,1,82,7,3,49,0,83,15,38,4,1,10,1
TCGA-86-A4P7-01A-11R-A24X-07,229,357,1324,40,3243,4830,8006,6454,3027,12,8,1152,716,545,132,3965,3970,4458,8478,1580,75,1252,2608,81,13,133,11542,20959,309,9952,108,9320,3827,2876,2732,1710,1878,31,436,266,834,355,42,99,5730,1828,773,3112,3606,2056,5651,19609,534,587,17,3357,8476,220,679,30,332,8419,529,405,542,5491,1839,25,54,632,1407,681,595,4695,34242,273,746,1601,1042,8,64,1260,5898,1747,2974,310883,226,621,1301,1261,386,3987,640,1040,2348,244,543,2539,7242,1643,745,1051,360,927,2051,13657,953,1357,216,252,1253,8301,1865,4244,1000,980,418,3267,214,111,5008,135,8931,120,4232,11,62,1041,782,3143,91,155,233,883,9716,1353,408,568,83,10209,337,323,1667,2177,1121,2690,2665,243,1432,157,2168,340,17762,42,1474,2045,8360,387,3204,236,887,525,1050,290,306,484,135,102,25,187,10172,684,1873,1240,1609,1666,403,1169,1243,391,2672,2364,3813,1528,1848,9402,596,688,382,2582,1313,233218,3628,48,1600,606,108,563,1740,2425,1396,2713,2003,220,334,43,10356,206,337,2576,6437,3129,3996,534,1008,15275,947,18,28,8157,2478,62,28,3633,18,237,5791,548,6801,91,68,397,89,4843,15,119,865,17,273,573,848,6791,6595,1050,61,1769,795,4261,19,3209,1766,7437,2809,255,20468,51,10968,34,1247,25,1260,83,6,365,129,6,11,3,123,27,29,99,2,175,5285,1748,30,107,155,20,65,17,5,13,121,161,25,110,724,19161,43,134,41,3,554,708,1533,24,390,76,8,488,12,1277,198,146,35,17,48,1
TCGA-MP-A4TC-01A-11R-A24X-07,363,44,223,5,5327,2294,1997,735,1375,1,0,551,248,101,22,6246,658,1110,12,402,11,899,1958,1,12,23,780,6120,0,13210,24,7770,471,662,7,1582,897,3,323,28,1309,45,2,10,1168,255,127,505,2778,405,9883,15975,1564,85,2,4069,11633,11,8,0,113,7176,101,12,103,359,6075,0,4,113,712,519,0,11785,10356,21,66,386,239,1,0,1518,903,220,2272,27795,45,952,865,438,18,6765,1335,96,1256,28,85,1501,3200,351,558,256,22,1131,623,1224,172,10,69,173,20,27876,902,287,339,715,26,155,379,3,78,93,7205,9,1389,0,13,30,2880,86,24,4,127,666,2469,16194,5,313,11,1420,84,0,1105,1528,209,547,455,7,482,1,942,0,19937,0,447,296,4096,110,3270,6,38,8,2662,3,352,54,126,103,7,4,6978,23,184,1684,2423,173,50,16,1031,69,30,1877,2085,206,302,3924,102,5,14,53,1,53,747,0,473,135,37,185,237,352,38,469,527,40,180,0,20,72,45,655,3936,899,539,26,55,21934,1009,1,5,1330,2664,0,1,338,0,319,3946,109,12660,2,7,405,6,1241,2,301,130,3,222,211,1292,5,4758,309,5,690,304,10110,3,1322,299,1953,662,0,220,229,6766,0,237,1,561,4,5,84,0,4,0,1,8,1,41,45,0,90,195,326,0,6,34,0,17,5,0,1,34,12,17,1,21,5124,0,36,5,0,10,121,32,0,93,13,0,37,5,30,23,31,0,10,6,1
TCGA-50-8459-01A-11R-2326-07,96,64,407,6,2151,4806,9831,1930,2621,9,2,18,599,445,20,3304,1404,1406,3756,673,75,1255,2488,103,18,11,1023,19686,3,5538,82,7098,2238,964,308,787,1573,71,810,59,474,64,1,51,3553,1155,217,645,3510,404,4047,5243,1201,175,4,4931,3116,22,7,48,349,11243,166,158,342,460,2689,12,4,430,312,47,52,3077,11548,105,194,583,301,1,5,1305,3202,796,3781,2323,96,211,311,944,103,2135,277,1089,1534,89,89,1133,4963,614,981,327,61,1384,1101,503,395,50,19,349,302,5859,135,462,751,562,276,655,142,17,1484,31,855,4,2639,1,3,533,568,121,239,6,227,1050,7217,2057,50,159,27,1763,149,24,1755,967,265,688,1193,17,424,1024,3058,13,9352,2,37,1039,6451,182,1462,5,130,69,291,1,76,110,244,85,18,177,13284,94,267,444,1340,217,90,11,738,167,212,3183,692,654,185,7328,468,15,770,796,19,192,956,0,57,236,9,104,359,1241,62,1025,751,45,285,7,195,120,73,1303,6998,1042,1243,252,429,25194,143,2,60,1905,1238,0,0,341,2,372,1145,1161,10116,0,5,10,65,5542,241,38,172,63,53,328,861,1235,7970,58,27,2870,393,5120,0,2758,389,3354,1142,2,500,92,2895,3,1552,0,2074,12,2,174,9,0,1,10,8,1,22,28,3,31,940,71,0,17,42,0,6,9,0,1,20,7,12,224,40,12765,0,107,5,0,50,265,260,5,99,5,2,148,1,101,18,57,2,51,20,1
TCGA-55-6975-01A-11R-1949-07,307,58,353,2,393,1042,31,897,1317,1,0,0,185,149,5,3402,1903,2168,7,309,7,882,747,2,0,4,778,4943,8,8094,16,3799,1008,791,7,1494,304,8,43,75,657,32,0,4,1046,265,303,134,501,479,3263,6200,218,78,1,1466,802,15,2,0,78,6692,46,152,138,51,961,8,1,41,149,78,10,2816,16070,57,64,604,680,0,0,619,970,349,771,41,46,404,312,766,23,5245,572,92,591,32,89,1144,3952,625,322,449,48,556,705,75,256,5,7,157,18,9752,26,478,419,133,22,181,177,9,31,213,1237,3,1653,0,1,114,519,78,17,8,214,552,2805,7885,278,53,20,1869,128,3,367,1090,16,1569,295,9,435,106,919,28,11851,0,122,1080,3568,85,2398,2,138,14,375,2,113,96,51,30,13,3,4675,53,597,4,1199,484,18,12,332,77,24,3114,1636,670,24,3776,39,0,6,152,0,5,981,1,50,15,16,26,490,627,107,1110,516,6,33,1,0,143,13,1627,4697,323,1275,60,70,12839,270,0,0,3481,2328,0,0,194,0,138,3548,21,2083,0,0,0,1,1395,3,289,144,10,37,127,226,103,2965,127,5,174,159,11944,0,733,675,5107,768,0,31,240,3123,1,89,0,838,13,1,83,0,0,0,0,9,4,1,17,1,6,619,251,0,1,14,0,0,9,0,1,5,1,0,2,7,12208,0,23,7,0,59,228,36,0,25,1,0,125,0,188,2,64,0,2,6,1
TCGA-95-7039-01A-11R-1949-07,235,50,660,2,630,1347,727,881,966,4,5,54,82,104,36,2864,1283,1123,1042,305,11,391,679,13,4,16,2458,5132,51,13827,21,6565,609,681,477,1553,371,5,99,54,445,34,7,9,2064,514,192,761,1414,425,9373,11669,552,133,1,2123,2218,25,38,1,81,6988,77,119,74,512,537,3,5,117,758,675,50,4032,15567,77,88,505,366,0,4,360,4065,641,517,45362,38,303,387,403,124,5751,780,153,465,24,94,1443,1712,647,228,349,74,532,561,11020,176,353,31,56,113,14027,653,779,217,211,30,769,347,17,551,22,3823,8,1488,6,7,208,712,476,16,13,113,220,1731,3359,98,91,8,1663,103,46,938,1380,311,926,813,15,384,14,645,17,14499,2,277,546,2291,212,3845,12,71,33,877,10,326,99,40,22,16,7,7218,190,644,209,1541,225,48,155,364,77,185,592,677,500,280,1478,78,109,70,767,131,28245,1132,2,355,109,8,45,645,582,143,1297,493,44,48,1,2058,70,47,1121,2667,2836,1113,75,271,5927,479,3,5,2510,3629,0,6,601,6,68,4869,48,1953,16,3,42,23,1635,9,90,215,1,112,113,1394,850,3154,564,6,379,203,7603,3,848,444,490,711,8,1912,46,14823,3,161,1,327,3,3,61,25,1,1,0,8,4,13,36,1,36,515,107,7,20,15,1,11,2,13,1,32,19,1,6,18,6932,7,24,6,0,66,172,163,3,59,18,0,107,1,176,32,47,37,5,3,1
TCGA-44-7659-01A-11R-2066-07,127,21,111,4,403,4139,1030,494,2263,2,2,179,226,89,7,2068,508,377,349,419,8,379,299,5,3,19,2774,10443,7110,5121,27,7904,503,271,108,920,2107,17,79,23,538,70,1,4,753,94,49,540,1267,121,1149,1277,228,293,4,756,770,25,16,1,32,4133,581,21,107,417,914,1,0,132,524,74,45,3755,11657,28,46,126,184,0,33,738,2548,206,601,664660,24,91,368,177,9,3056,343,79,6705,16,31,1398,964,153,169,120,18,352,293,19637,38,547,3,76,116,6250,735,165,240,218,43,190,69,14,5149,3,7828,8,353,1,7,151,574,38,9,5,28,417,1344,1503,61,4,22,2518,41,34,691,2479,205,217,470,5,230,2,316,20,6101,6,118,256,1150,5,4804,2,48,68,120,5,58,46,44,21,4,7,7294,89,157,377,1112,752,42,75,493,65,150,286,452,188,125,1763,95,25,182,256,107,16019,3509,3,6925,104,20,213,141,276,28,298,207,20,74,3,6158,121,24,437,991,2268,465,16,184,4117,1354,3,57,559,1082,1,1,104,2,38,1113,120,2646,1,4,20,6,4338,3,27,72,1,330,107,74,965,2263,2408,6,599,298,6629,2,979,180,1054,252,7,645,76,7751,1,124,0,211,11,0,103,50,1,0,1,11,2,3,15,0,19,366,85,0,7,23,0,63,4,2,2,46,37,3,37,15,3325,3,12,2,1,31,101,38,0,331,5,1,46,0,27,28,27,2,5,23,1
TCGA-86-8673-01A-11R-2403-07,229,90,311,2,276,2656,796,402,356,10,0,11,165,107,14,7707,787,1062,8,212,1,390,845,0,1,6,3048,5234,0,17522,2,1598,414,733,81,1083,687,5,74,82,1001,53,0,1,780,131,178,536,1161,477,1353,1027,692,28,2,1672,1485,6,6,2,42,3664,72,22,56,92,2522,0,0,414,341,89,28,1661,7490,8,11,211,242,0,7,619,1804,673,863,27526,17,518,1101,335,8,7917,1118,128,400,5,109,1658,1159,568,128,249,19,241,317,326,128,144,0,39,11,9112,26,929,394,121,166,124,428,5,201,32,1801,0,942,1,0,202,1453,176,2,0,573,408,1021,4901,1,4,13,1126,67,115,586,179,5,566,76,17,158,0,412,30,27681,0,126,263,1087,99,3206,1,36,24,2535,0,564,43,41,39,8,2,2466,34,157,0,1959,659,44,5,479,38,51,969,1731,388,5,367,77,8,34,117,8,1,191,0,261,16,11,39,245,278,18,329,276,19,55,0,1260,23,36,744,1835,265,644,245,88,6241,1314,0,11,1613,3037,0,0,153,0,100,5329,55,2885,0,6,4,3,679,5,221,231,3,165,100,114,3,2214,377,3,321,135,6125,0,785,456,359,261,0,248,143,3184,1,496,0,177,13,0,38,0,0,1,0,0,1,0,30,0,5,171,24,3,8,3,0,9,3,4,1,37,8,1,12,7,4719,0,39,0,0,1,196,10,1,201,4,0,21,0,6,4,54,0,3,8,1
TCGA-49-4487-01A-21R-1858-07,479,25,95,4,374,1600,682,627,758,1,0,29,292,103,30,2386,585,603,356,263,3,507,372,0,2,5,3644,4690,31,8812,28,2521,454,578,660,1117,628,6,212,21,589,22,0,2,2925,212,66,122,1132,184,727,1218,165,118,17,1823,4259,19,5,1,73,3313,162,61,119,845,545,5,6,66,329,185,216,2521,13447,67,66,149,221,16,4,398,752,225,920,23663,61,603,460,335,13,3913,484,170,410,21,40,827,1411,275,284,118,398,272,611,5810,367,349,8,102,39,4790,173,215,302,323,1043,297,197,5,1108,11,1378,4,921,2,2,164,578,84,32,13,216,508,2428,624,44,122,19,856,75,22,840,740,54,343,1783,16,193,9,379,10,12713,1,225,473,3360,210,1686,5,34,17,389,0,243,41,31,23,5,8,2959,30,135,137,1019,381,36,15,566,105,64,1046,1225,307,28,1819,129,13,33,190,41,15485,418,1,69,84,12,112,195,354,57,654,462,8,36,0,1328,34,44,448,1756,430,600,129,41,4893,293,2,1,1370,1664,1,0,774,1,173,1932,18,1419,2,10,37,11,2673,4,221,59,2,87,40,105,277,2438,227,10,751,101,2674,0,1454,196,610,747,0,1695,14,5056,1,194,42,605,2,2,84,24,4,4,0,15,1,3,17,0,10,265,25,3,6,6,3,10,3,5,4,62,16,8,13,3,4905,1,12,2,0,27,239,25,0,205,3,1,42,1,52,23,17,10,16,6,1
TCGA-78-7153-01A-11R-2039-07,204,16,177,10,257,1690,692,376,341,3,1,146,1267,75,26,8360,800,636,104,209,8,348,514,2,1,7,2517,10188,61,10511,16,5291,393,415,5,1409,934,0,18,37,1004,75,0,4,806,266,79,291,2081,420,439,1169,115,170,18,1136,1360,18,34,22,332,6037,103,43,90,77,455,1,8,234,295,59,17,690,15379,22,29,230,190,0,5,525,5328,459,404,80113,21,165,553,198,43,11218,1189,388,1445,28,49,1673,861,362,198,146,57,441,430,5731,126,77,0,98,93,18017,77,93,297,98,9,493,246,16,2933,74,3274,0,536,0,0,325,691,51,29,7,63,273,1815,789,25,1,5,780,36,26,417,656,88,291,254,5,237,0,363,8,35693,42,594,333,3946,36,2696,2,32,111,922,1,224,51,32,15,10,578,6342,78,340,27,1954,272,1637,58,693,46,131,804,33550,412,42,794,45,16,15,199,5,426,901,2,411,60,1,81,170,384,11,473,292,41,17,1,166,35,26,685,1605,2394,745,210,103,3639,1034,0,1,1055,2095,0,1,197,3,57,5465,6,1969,1,0,38,5,3533,4,120,50,0,729,87,94,313,2295,9,1,490,100,4892,0,630,249,407,432,8,33,43,13645,0,248,0,226,5,0,85,2,3,1,0,1,0,1,14,1,19,497,4,0,1,3,0,17,0,2,0,29,17,8,2,2,4541,1,24,3,1,23,93,49,3,78,0,0,66,0,52,3,23,42,3,9,1
TCGA-44-A4SU-01A-11R-A24X-07,327,28,236,5,2745,4835,399,815,922,3,4,149,600,225,35,3804,683,622,9,335,30,1269,967,7,2,27,2102,11771,3,14284,33,3425,1949,723,499,1587,1671,4,23,32,2021,80,3,14,1481,232,118,401,2157,279,2874,2312,1556,268,0,2044,2078,27,12,3,54,7292,217,16,435,1336,569,39,5,104,698,90,218,3003,8203,45,54,169,175,3,21,627,2615,536,2813,137694,34,456,846,277,51,5205,1036,324,1412,50,87,1858,2167,265,421,147,78,435,572,244,48,110,130,111,222,11043,1197,506,268,173,27,385,259,11,406,21,2949,11,759,1,2,235,756,42,20,55,190,366,2696,2553,192,10,106,1003,80,6,712,1242,244,395,1120,49,272,44,522,3,26439,0,27,690,3324,163,3452,3,154,1690,1284,4,362,80,46,39,15,17,5807,90,257,54,2116,386,185,43,574,455,284,1219,2634,271,978,4031,106,11,64,136,5,77,539,2,229,128,22,233,207,346,16,533,428,20,108,1,399,62,24,724,1970,3876,807,105,190,6190,1497,1,4,1135,4134,2,2,309,4,113,4197,28,3589,5,2,5,71,2373,3,91,104,1,715,133,313,1276,3512,158,9,817,430,9225,2,1697,321,3896,563,15,705,119,4598,0,143,2,1299,10,2,170,17,0,2,3,15,7,1,55,0,51,488,119,1,0,10,0,67,0,0,0,8,21,8,5,25,5313,0,10,5,3,50,102,58,1,133,6,0,41,0,52,10,91,9,1,19,1
TCGA-44-2668-01A-01R-0946-07,806,30,340,5,1354,5276,11090,928,8307,3,0,36,551,199,13,10163,2660,2254,107,442,5,1428,927,3,9,19,5521,10340,1,12019,66,6559,628,987,421,7562,688,30,1328,63,1988,69,0,5,1577,452,286,374,5150,550,9916,15763,1446,92,0,4649,3956,16,7,0,241,13031,272,53,233,549,1043,1,1,54,447,34,9,4609,23662,180,76,667,541,2,1,1426,3562,479,4185,4584,60,2595,1281,1028,50,14451,1723,202,1477,70,67,2443,2976,477,465,396,39,1805,2012,1383,890,73,14,111,40,25346,295,717,635,1242,138,568,574,4,461,305,17751,0,3745,0,8,44,3126,238,60,3,246,1625,8052,95203,46,45,19,1833,282,134,2010,3384,48,1442,1221,31,434,70,2015,1,44439,0,18,916,17538,974,7215,0,104,9,2548,1,471,141,172,76,15,3,13318,74,449,28,4459,1391,30,2,1068,229,24,2696,3636,624,50,3312,214,33,60,312,11,1063,1083,3,310,42,15,144,925,696,38,1821,1469,16,475,3,450,195,96,1567,10555,2438,862,64,103,24641,989,3,5,3112,3752,0,0,540,0,213,5059,1207,4570,2,2,9,6,1967,9,561,146,20,266,82,3544,69,4752,400,12,2405,321,99190,1,6180,494,1013,1394,5,291,3101,12267,1,1811,0,792,2,3,170,1,0,0,13,3,0,27,61,0,54,140,37,0,29,37,0,3,11,0,1,21,3,23,36,12,15147,1,23,7,0,13,300,94,3,73,3,0,76,0,34,6,33,4,230,8,1
TCGA-49-4494-01A-01R-1206-07,283,32,306,15,850,1847,4773,838,1118,1,2,52,524,131,25,7403,1116,1062,2208,222,11,660,668,30,24,1,7149,4804,144,24047,34,13513,851,624,1250,3277,439,4,118,79,2123,71,14,8,2405,317,135,311,826,388,9704,5310,5835,152,7,2429,2593,24,54,13,77,6972,106,47,79,827,812,0,11,471,1107,518,135,9834,13155,47,98,253,333,1,1,1491,7385,1067,2801,644604,128,837,1102,328,69,9293,1364,87,1527,21,51,2527,1391,824,212,153,46,469,832,15076,364,1547,52,93,43,18012,371,1333,674,805,147,808,416,24,831,32,16355,8,1401,3,19,95,2021,747,134,25,340,973,2417,13976,25,730,3,3297,151,133,1748,784,175,831,544,52,277,34,549,13,65573,3,181,443,4034,325,4481,39,71,45,1121,2,742,21,166,47,15,32,6424,251,573,833,3597,325,32,44,1070,76,75,509,4513,595,246,930,109,54,277,250,163,67669,793,1,295,156,10,301,325,423,374,1205,390,43,112,2,8408,78,45,484,1231,3023,1323,269,136,12925,626,3,20,1657,4560,14,5,1674,2,73,12707,666,2683,4,9,445,6,2457,14,508,226,4,124,304,242,552,7354,609,12,722,231,16393,1,3330,203,593,435,11,7097,268,9301,4,488,3,312,16,3,75,17,1,0,2,17,5,14,37,0,12,1275,802,1,17,20,5,18,7,9,11,32,34,3,57,6,7889,24,211,1,0,48,1007,176,0,168,3,2,85,3,277,28,41,61,30,1,1
TCGA-78-7154-01A-11R-2039-07,508,52,469,71,585,1055,645,1838,836,6,4,189,254,133,27,7352,2478,943,55625,792,29,387,475,26,6,25,3654,4310,22,12627,36,4837,1328,575,347,1391,445,2,59,54,1828,338,13,38,1800,452,136,707,823,323,38686,131270,1036,843,8,1152,2443,54,436,4,122,6802,445,113,75,1291,463,1,11,169,616,162,69,6173,17523,78,247,818,383,0,21,414,1583,769,730,33530,65,967,426,476,273,7388,1118,145,1384,82,68,1372,2421,571,252,307,138,311,738,2137,627,352,76,86,386,2134,182,682,369,277,71,1476,392,25,424,510,2640,11,1484,0,14,333,1355,706,52,16,67,747,4642,52,629,293,21,1469,116,103,506,1432,692,889,1881,59,501,64,600,64,18617,3,186,588,4415,173,4317,24,180,61,741,24,561,118,77,615,23,28,7654,188,928,123,3308,646,68,551,670,248,177,2725,5044,692,537,2991,85,144,96,1235,40,12058,1755,17,181,375,30,114,408,625,223,1477,518,85,57,12,3480,116,99,1220,4226,4502,1113,358,235,4955,925,3,8,2643,4174,12,14,918,0,47,2783,68,1456,3,7,154,8,1645,17,195,140,14,266,116,176,2165,1961,327,7,406,377,8588,2,934,452,126604,581,0,4587,6,10532,1,164,7,325,13,3,77,8,2,3,0,14,1,5,36,2,50,1459,316,5,9,33,1,6,8,1,7,25,13,11,19,39,7112,8,71,7,4,166,242,370,2,225,22,0,209,1,64,19,38,7,4,14,1
TCGA-49-AARE-01A-11R-A41B-07,358,50,519,6,122,4029,282,639,1079,3,1,69,190,86,6,8532,402,706,177,125,13,712,886,5,1,20,1654,4092,10,24422,20,2978,410,727,110,1403,822,10,159,55,2529,337,4,1,2589,328,147,803,1351,747,996,1227,1921,249,1,1692,1902,17,23,2,46,3662,67,32,103,211,536,2,24,168,308,328,110,2415,11871,61,65,226,180,0,4,1299,1335,847,1980,4860,29,720,1120,362,36,5197,503,103,972,35,151,1769,1088,464,371,323,25,545,506,3984,105,256,10,163,90,37630,511,257,379,219,55,156,827,21,2751,34,3067,3,1226,0,5,39,7477,732,329,3,273,760,4787,5160,227,59,40,788,109,5,734,414,132,762,589,25,476,9,499,3,16530,1,15,331,2536,185,3778,7,59,118,2052,19,474,73,134,84,6,10,1961,188,199,23,2455,624,66,26,682,65,207,1275,4076,276,647,3186,182,38,45,402,34,10085,297,9,253,44,16,34,213,455,34,1207,367,13,53,6,244,34,11,701,1867,1023,564,20,138,9469,953,0,34,1353,4685,72,0,397,0,70,8564,24,2985,1,1,18,14,1264,3,587,181,1,418,233,249,267,6270,759,1,457,128,20732,0,840,338,19113,350,0,935,82,15480,2,253,2,270,7,1,94,4,1,2,0,9,1,16,40,5,76,309,477,1,4,16,0,3,1,2,0,15,17,1,72,17,4035,3,14,4,2,8,201,32,0,104,11,0,21,1,65,19,37,5,2,11,1
TCGA-95-A4VK-01A-11R-A262-07,285,76,444,1,696,6455,462,1077,829,1,2,50,287,141,21,5162,777,1245,329,465,10,1630,898,11,1,30,1156,7314,86,9877,33,2573,746,947,315,1322,1280,14,110,76,1223,107,4,5,3060,416,177,1132,3406,418,1628,2196,637,785,9,2032,3802,50,16,1,111,9896,162,109,99,325,561,5,7,135,202,1173,38,1481,31815,73,96,308,302,1,4,405,3612,608,871,9550,23,679,857,453,74,5249,445,188,1364,58,163,5074,1806,535,333,275,37,575,718,15685,188,196,9,108,180,35625,484,282,359,181,104,608,220,46,816,134,2000,3,1268,2,1,243,2870,262,180,12,260,518,4679,11399,37,58,20,1341,118,52,1045,1256,65,794,1127,23,354,123,602,141,13771,1,2586,617,2558,286,7770,7,64,45,405,6,609,124,56,24,19,24,6975,86,504,69,2482,399,75,140,497,121,497,771,18291,440,181,2714,211,55,63,464,29,9237,1537,1,104,96,25,67,410,620,191,891,598,24,151,9,1418,154,55,748,2125,1144,989,46,217,5838,1147,0,3,1702,1999,4,2,387,1,57,6090,37,2131,3,2,542,16,3882,9,117,217,6,1014,244,70,1254,4301,610,11,686,410,5737,0,2289,460,567,954,5,951,376,25104,1,156,0,336,13,0,78,19,1,0,0,13,5,2,40,0,115,1031,1797,2,131,29,0,28,7,3,0,32,38,4,20,40,5716,3,57,3,1,62,172,175,4,53,14,0,100,0,177,14,39,3,7,7,1
TCGA-99-AA5R-01A-11R-A39D-07,151,523,5943,48,4153,7531,4908,13934,4723,46,18,1306,1434,1064,197,1700,7979,7225,20342,2833,207,2006,6338,118,12,254,15363,33751,518,5629,212,15173,7691,5869,3812,604,3466,104,626,680,698,283,68,303,13294,3742,1193,7437,7137,3103,9147,40081,239,1023,47,6562,16151,240,7206,69,578,11009,580,876,448,8016,3148,60,106,1607,2668,2613,1153,7870,87305,252,1441,5499,1979,43,148,2017,7433,3922,2594,290504,495,164,374,1700,445,1850,266,1056,2815,527,941,956,14460,4413,1363,3280,403,1762,3269,28379,2209,4391,343,783,2712,4285,2724,10733,2046,1271,961,5028,162,185,7524,220,12548,401,8634,88,106,1662,800,9847,129,261,65,1501,9174,1286,1727,719,233,7339,1202,1015,2481,2671,1130,5942,4086,361,3326,270,3339,1075,7983,138,2071,2638,13707,1674,1624,864,630,2312,667,1526,113,1327,131,248,70,152,15801,3109,2616,3444,938,2116,543,3980,1741,931,8217,3331,682,2599,7419,34836,880,4160,1001,7686,1994,720181,20034,234,3316,1806,341,1286,3474,3758,1061,7339,4554,535,258,133,13366,334,785,4500,11462,663,7014,1149,1248,27998,343,240,117,16340,1983,246,48,9081,89,528,802,935,12116,34,78,151,205,9508,44,51,2410,55,3710,574,2321,16738,10976,1515,95,2001,572,2886,54,4391,3939,6879,4706,743,63796,33,29237,62,1332,20,1728,158,29,284,471,25,20,17,137,37,33,213,27,331,9785,5663,172,461,130,27,122,30,70,27,206,123,51,743,1522,32606,71,530,55,60,1958,1278,3080,53,457,55,8,815,13,6233,218,484,271,12,110,1
TCGA-97-7938-01A-11R-2170-07,212,109,252,10,1801,3930,755,2615,3841,3,8,359,308,138,102,4405,1354,533,2631,939,21,911,666,79,4,69,4961,20477,3305,8449,51,7200,1192,255,2688,2154,749,12,68,44,617,83,8,5,2032,216,79,317,2073,273,3879,5216,167,285,6,1836,3564,79,27,24,95,7950,444,198,133,5314,2823,12,8,111,1353,519,106,15633,23446,171,334,508,392,2,6,435,4641,389,725,87346,109,205,404,588,68,4357,514,77,2653,89,45,885,2989,307,328,121,64,704,406,12589,99,2275,1042,202,313,6842,739,1645,331,415,233,871,54,5,3182,132,8927,21,413,8,10,809,385,24,19,24,19,723,7050,4912,28,40,22,4549,85,193,1093,3690,969,457,2095,14,369,58,639,138,10641,16,867,963,3607,348,5266,10,80,280,128,99,35,79,66,45,11,39,15642,100,669,1400,1273,1948,120,465,819,201,296,1597,1320,566,253,5426,78,2,117,822,397,75762,3891,1,1440,53,42,219,2029,693,716,830,283,6,80,7,17642,153,92,924,2471,1965,562,101,390,6443,864,5,7,1306,1828,5,24,361,4,60,1244,103,2201,11,9,102,97,2979,2,32,74,15,361,199,391,6057,4845,5042,10,664,202,3672,5,1432,479,2834,640,62,4696,174,14859,2,161,2,613,14,0,239,202,2,0,2,26,4,9,42,0,58,2777,53,6,111,77,0,47,4,7,2,41,126,5,85,38,5846,9,32,7,1,156,141,62,1,185,1,0,127,4,59,35,95,60,6,40,1
TCGA-J2-A4AE-01A-21R-A24H-07,184,63,267,11,504,4401,3938,2990,1250,5,2,403,494,216,15,3057,857,782,1219,1077,12,1000,958,31,8,73,6191,11131,208,11364,70,6637,1659,661,929,1202,2594,14,73,65,689,72,6,10,5060,268,127,724,3189,359,3260,4542,372,431,97,2101,2104,133,94,3,93,11445,504,85,134,3218,277,8,135,319,842,705,1102,5214,14077,125,186,453,266,6,11,916,3786,604,1315,224426,134,319,370,460,77,3286,538,419,1604,93,95,2411,3034,431,283,211,185,488,453,6121,286,2258,256,121,756,5797,1339,822,290,576,75,705,264,17,6914,16,6677,13,564,1,4,629,493,875,26,15,41,1012,7640,167,127,16,44,2033,167,33,1664,1198,392,659,2257,8,498,20,588,290,6956,1,404,537,2205,308,2477,3,238,173,939,125,178,166,43,51,6,44,6395,127,630,30,1894,496,87,696,1002,208,1224,1420,2308,496,144,5622,318,154,187,2797,20,9433,2645,10,2460,112,76,1628,1354,632,152,1348,413,57,94,3,6214,141,76,680,2306,691,716,75,390,4425,645,2,44,1397,2064,10,5,468,7,90,936,187,8338,8,1,306,220,7055,5,63,190,4,462,242,175,4375,3361,1021,17,834,537,3447,1,1738,425,3112,487,9,2090,2,8593,1,351,4,596,8,1,188,201,4,4,8,84,12,11,37,0,105,2244,324,0,42,77,0,36,4,18,2,204,52,3,24,209,6868,4,65,8,1,132,324,208,3,402,10,3,89,2,244,60,114,121,26,28,1
TCGA-93-7347-01A-11R-2187-07,195,89,320,5,1465,4449,2835,1808,6241,7,19,147,305,197,37,4693,2141,1549,3248,1027,44,687,1106,77,8,37,4807,17701,3334,9445,101,12536,1691,1634,4173,1458,2341,27,227,90,1114,87,8,15,1733,295,235,583,3004,544,4106,4419,266,273,40,4688,8926,49,8,2,125,10609,571,108,251,2580,2938,5,4,282,731,1420,119,10814,16057,90,166,620,436,0,7,1122,6733,1162,2579,727949,97,349,540,637,89,4637,724,1477,5753,81,110,1393,3897,998,1102,324,140,784,2753,47094,109,2210,21,286,335,10582,1345,406,765,621,113,361,106,19,2287,26,5264,5,1992,0,2,504,984,55,149,540,88,1513,10066,3930,136,17,32,3486,200,60,2617,1747,304,897,3894,11,740,58,1669,28,16566,4,153,877,4710,225,6879,2,125,146,568,10,153,158,114,42,84,24,16860,201,695,175,1809,1029,128,178,1354,177,87,2699,1603,819,77,10229,279,3,290,284,12,4846,2337,1,2180,40,31,471,595,639,87,1645,1319,15,283,12,7502,149,118,1594,5456,2958,1333,107,543,15007,428,2,19,1904,2126,2,0,238,5,171,3376,629,10228,5,21,13,18,4575,3,119,177,26,309,369,252,3826,5156,2856,26,4290,289,3928,0,4884,559,7027,967,3,1254,101,17658,0,795,0,835,8,2,107,86,1,1,5,12,1,8,35,2,90,2195,62,7,6,37,1,17,14,1,12,35,9,16,137,40,12092,5,52,5,1,158,224,65,1,260,5,1,119,3,69,68,73,261,12,24,1
TCGA-62-A470-01A-11R-A24H-07,141,37,178,10,233,2034,1937,630,281,1,1,72,494,75,5,3438,531,313,2312,132,4,157,265,29,5,11,2736,5002,140,3831,11,2964,657,214,651,930,196,1,132,21,286,29,6,5,1449,202,66,254,495,750,1092,2065,119,127,5,333,792,18,135,8,111,2387,79,35,46,590,237,1,11,144,273,97,156,1268,6689,41,43,157,152,2,2,328,3425,198,408,61370,42,120,304,147,90,3429,410,82,840,35,68,786,667,199,79,115,33,124,254,4018,83,455,29,17,116,5718,168,1402,173,166,1238,332,214,10,1289,35,2338,11,461,0,12,102,282,188,25,13,99,197,1503,798,75,133,7,577,48,36,536,421,84,315,316,19,143,9,233,30,11006,3,701,176,844,48,1947,22,74,69,391,11,132,46,19,25,21,37,2548,79,333,248,594,335,133,151,309,48,335,424,4351,167,118,677,114,94,103,150,188,29418,458,5,868,62,8,67,172,204,286,259,232,27,47,2,1529,53,38,301,707,1361,400,115,176,1577,349,2,17,700,952,7,6,587,6,23,1908,62,833,1,8,868,13,1399,8,63,78,10,35,62,200,866,806,190,12,200,98,5120,0,380,170,3125,241,6,2097,30,4929,4,307,6,123,8,5,27,25,1,1,0,14,0,0,12,2,71,544,196,4,16,12,0,18,5,1,1,110,29,9,5,31,2632,2,45,0,0,75,92,98,0,92,4,1,34,2,61,17,14,168,1,6,1
TCGA-78-7148-01A-11R-2039-07,262,33,288,0,387,2394,692,522,1013,2,1,26,212,151,19,7242,1847,898,1845,389,3,510,357,2,2,11,6897,12717,698,9444,22,7091,734,621,1259,1892,614,4,60,56,1549,87,0,2,1600,322,167,806,1240,270,3159,3163,458,209,4,1004,2763,32,5,0,71,12623,108,109,126,622,673,14,0,83,456,63,185,3147,21034,38,91,377,342,0,0,390,2709,496,525,171186,78,384,452,330,188,6603,628,53,1574,33,41,2050,1375,415,356,242,227,449,743,7811,184,909,23,97,35,43215,266,869,371,227,99,808,183,32,1659,39,4111,5,1324,0,0,125,1977,115,857,34,163,675,4739,19268,119,6,7,1557,82,38,809,1322,42,894,620,2,431,9,561,28,24556,0,613,647,2757,62,3193,9,68,13,490,5,285,62,47,13,13,8,8306,123,694,405,2664,726,30,169,815,148,49,992,30223,508,128,1233,57,157,24,208,175,1385,1787,54,320,79,1,49,385,563,47,796,428,32,53,0,3470,203,84,1223,2649,1168,1260,90,347,4908,464,0,0,2168,2104,2,3,356,3,44,5331,55,1584,2,5,1911,8,2477,2,304,83,4,601,113,38,1872,3067,323,18,734,309,16501,3,2590,372,8969,701,9,618,353,11343,0,219,1,175,14,0,56,12,1,2,0,20,2,0,30,0,23,968,432,9,50,9,0,32,12,1,1,246,12,5,9,14,8144,0,104,4,0,79,134,104,2,60,2,0,133,2,46,75,32,4,3,15,1
TCGA-35-3615-01A-01R-0946-07,363,23,315,0,1115,3209,2237,1638,1462,2,10,338,872,200,51,8898,2459,1175,1461,385,19,1301,518,9,8,14,3132,8493,28,13544,60,4879,821,806,435,5530,2107,12,205,56,1411,171,17,10,2121,382,167,1177,2107,304,7094,6373,1195,498,12,1203,1774,42,30,2,119,9152,521,218,92,1163,505,3,4,230,748,292,77,3537,21248,115,112,549,419,1,1,1362,15979,1236,1587,643234,36,226,956,589,125,10137,781,139,1913,78,146,3665,1184,871,407,270,122,663,1825,17676,447,2554,20,108,77,17629,1081,347,694,315,41,852,147,14,5156,160,9125,3,1639,1,1,606,838,366,45,22,161,983,2965,5010,116,19,14,2057,141,34,979,1508,52,769,704,6,505,3,780,50,21865,0,11673,1046,2040,111,3338,18,45,50,451,3,118,132,78,103,20,13,9807,376,1151,211,3298,341,111,167,793,131,151,1139,1076,943,349,2098,223,95,133,236,12,2706,1277,6,327,87,3,143,369,1039,65,1070,644,70,148,0,10322,95,71,877,3126,4398,1384,84,287,5459,1217,0,5,1930,4916,2,19,387,6,73,9548,211,1997,1,2,20852,6,1787,17,64,123,11,227,595,62,1424,5319,1688,21,635,276,4277,2,5552,538,31195,750,110,3027,144,15016,1,713,1,522,30,1,148,128,0,3,2,12,4,14,29,0,42,1207,77,0,13,22,0,23,9,55,6,182,33,2,32,15,9518,1,39,10,0,354,365,272,9,205,12,0,143,1,67,45,73,2,9,34,1
TCGA-MP-A4TK-01A-11R-A24X-07,367,92,419,5,3718,3194,4411,2929,1645,1,2,274,348,256,42,3685,1191,1331,767,551,64,793,2010,109,10,34,1554,12501,59,12170,65,6360,1312,973,332,1125,1070,32,466,73,612,56,0,27,2707,352,181,626,2721,522,4643,6028,1678,173,4,3035,3043,61,36,2,167,8079,252,51,161,632,5581,3,10,135,1069,152,87,6977,16519,96,152,562,247,0,8,867,3594,608,3091,8972,116,472,669,568,34,7888,1693,247,1315,150,129,1465,4702,538,782,405,118,1041,748,2069,211,244,10,344,179,16598,728,1137,436,391,397,561,306,3,661,112,3525,13,1628,7,2,266,74,347,52,8,194,669,3374,12703,77,1233,51,1394,171,41,853,1870,169,730,1910,78,688,368,1140,49,22148,4,330,536,6194,170,2427,26,74,61,1777,52,359,114,100,58,5,4,9242,108,353,1377,1642,383,148,193,999,167,294,1787,1229,542,271,9120,261,84,863,493,106,22765,1251,0,174,144,42,530,527,722,405,1077,408,49,203,5,1144,97,86,928,3894,2839,853,65,188,18963,582,2,5,1675,2120,8,22,708,8,302,5943,779,8020,11,5,20,41,3374,10,155,444,37,218,282,1100,2008,6779,250,16,1278,158,13257,4,1667,466,2906,827,28,2132,606,4471,2,882,8,835,6,9,176,5,0,2,20,13,12,56,50,1,146,1542,308,1,5,38,0,28,3,3,0,15,17,17,78,71,8914,2,32,3,3,190,122,79,1,139,13,1,55,4,192,8,71,5,75,33,1
TCGA-97-8175-01A-11R-2287-07,451,14,305,17,1424,3293,3026,545,1959,2,1,51,549,172,22,6065,1244,1105,1045,207,13,1015,284,3,16,8,4211,12402,60,15469,34,14470,205,876,1472,3221,501,4,270,33,1863,78,2,8,1779,236,120,356,3268,313,5551,2636,4287,98,16,2419,2106,13,67,8,57,13930,522,72,35,718,900,1,7,144,476,161,116,2153,15111,41,53,315,387,4,3,743,4764,496,1909,286701,75,704,923,367,57,9247,760,100,1378,24,81,3054,663,643,230,170,59,386,1139,8511,276,494,129,85,58,32404,912,700,669,966,131,640,416,36,639,109,9412,6,1387,0,5,325,1308,1226,192,19,353,1221,2865,4553,80,243,8,3382,211,46,1185,1503,99,635,548,7,326,36,853,23,34086,3,143,523,6317,137,5007,20,30,151,1465,7,333,74,71,17,2,25,7968,134,617,590,2903,384,54,61,1164,86,79,1680,2558,405,765,890,130,60,88,95,28,12677,392,4,137,129,4,512,210,517,149,1004,581,49,232,8,1775,94,59,475,1293,2363,1177,208,235,9690,223,1,5,1598,2986,4,5,574,2,37,3285,632,1562,3,8,31,31,1472,13,257,95,11,74,144,1079,319,4196,488,23,1379,276,38194,1,2091,304,458,525,58,1965,200,5979,1,601,3,287,12,1,61,3,0,1,0,33,3,50,30,0,97,249,139,2,39,9,1,42,18,1,2,9,52,7,18,9,6873,6,151,6,1,96,355,139,3,278,2,2,76,1,91,39,33,13,29,8,1
TCGA-62-A46V-01A-11R-A24H-07,511,20,238,4,1177,5818,1321,766,3390,0,1,44,202,115,17,4263,582,527,30,292,31,661,904,22,11,16,7650,7031,258,10168,35,20844,1174,461,240,2809,1892,53,64,45,973,161,11,11,1169,200,113,723,1258,200,814,1369,200,29,34,949,548,28,8,13,86,7225,174,21,115,58,797,2,1,119,304,245,65,2618,6695,20,25,140,171,0,0,1049,7745,232,981,663980,59,799,873,339,4,4582,518,115,551,41,74,943,1821,273,357,234,18,470,325,9918,44,1602,6,84,43,4060,200,280,342,132,27,363,392,2,314,14,2000,0,745,1,3,26,923,71,37,7,181,547,2923,1194,17,8,4,1892,93,9,1332,700,51,450,333,37,346,17,602,13,18524,0,10,415,1121,96,5780,1,143,78,916,4,151,78,180,34,10,4,14741,39,211,27141,1988,498,130,9,570,32,378,567,5294,220,3,1651,162,3,648,41,13,34,1350,2,1629,45,37,62,255,287,67,240,295,8,126,3,9292,41,26,487,2152,2532,423,47,143,10495,1200,0,0,876,1590,1,2,116,8,206,2806,153,5819,0,2,0,21,3579,2,105,148,4,4,212,205,61,5729,1334,7,659,161,8816,0,1296,296,986,229,13,1634,83,4786,0,258,0,402,9,1,231,1,0,0,1,7,2,1,33,0,37,177,79,1,12,9,0,3,2,8,1,22,65,4,16,13,5108,0,12,6,0,5,133,43,0,153,12,0,30,0,83,3,48,0,3,22,1
TCGA-05-4250-01A-01R-1107-07,716,65,318,2,1423,2754,3087,990,1842,2,2,60,298,198,94,3992,2475,1584,1106,339,11,825,819,31,40,20,2435,6168,31,17436,40,9952,2202,756,547,2690,831,44,142,50,2458,87,3,11,1854,322,216,630,1978,442,7237,8882,1415,113,9,2566,2619,18,31,0,190,13948,140,120,101,1848,494,0,5,126,1264,99,101,10334,14427,120,100,411,562,0,6,1241,7533,510,1976,78636,137,1424,740,624,27,15741,2591,213,1147,66,76,2013,2811,513,345,343,58,578,1861,2851,589,318,14,87,62,19791,195,759,481,636,60,649,329,16,1686,58,4101,4,2320,0,13,182,5970,1092,532,10,143,981,4261,15608,88,89,11,1956,142,316,1436,2249,113,742,505,16,280,806,958,14,31349,5,95,674,8394,189,8190,4,82,16,1543,20,474,87,73,73,506,12,14408,118,457,246,4498,1567,33,60,907,205,135,1369,1825,736,111,1775,157,37,60,583,72,12026,1361,3,254,73,13,176,573,466,61,1273,825,23,132,10,1456,542,75,1069,3791,2895,1131,41,89,23919,597,2,3,2242,3460,2,1,477,2,164,6165,370,2593,1,0,166,8,2375,9,774,139,9,398,93,951,1156,4408,233,18,1294,395,19332,0,2988,437,1483,1055,7,994,562,12253,1,559,0,624,8,1,70,10,0,0,3,9,0,6,60,0,74,554,105,21,6,50,1,4,11,2,3,11,9,12,6,11,11587,1,108,5,17,49,367,98,2,49,3,0,148,0,95,11,16,15,12,9,1
TCGA-44-2665-01A-01R-A278-07,494,0,121,0,2420,2747,451,664,2279,3,1,17,498,158,56,9305,2483,493,138,517,315,767,123,21,47,5,561,4553,14,2204,8,7928,2118,179,129,2430,263,18,63,37,894,42,1,11,2825,112,11,106,1212,94,4953,4942,265,127,8,463,885,59,10,0,369,15522,204,42,119,623,5142,3,11,55,252,31,15,1950,4171,361,11,717,238,0,14,423,3634,86,1447,17380,151,758,465,273,32,4013,1143,44,914,105,57,590,968,92,179,141,65,1291,1049,187,169,12,26,115,8,9105,85,341,373,261,176,704,150,2,222,115,3057,26,1364,1,20,520,192,14,81,43,49,488,8082,1113,41,41,18,215,210,330,584,1524,68,157,446,1,671,107,761,6,18826,5,18,881,4969,279,1312,1,20,284,118,2,87,63,310,267,114,9,10040,14,557,1836,3030,398,76,6,1041,26,41,2878,991,349,183,1277,127,0,170,20,0,54,615,1,27,83,12,133,147,1013,64,1014,436,207,63,42,351,114,185,569,4920,323,477,278,123,6866,928,3,2,979,1120,0,0,364,6,88,1726,61,2573,18,0,0,13,1289,9,132,19,32,32,131,2933,83,4216,146,25,475,135,13149,1,1095,94,1878,306,0,62,80,5269,0,48,4,1172,1,0,196,17,0,0,3,21,0,71,11,0,8,627,0,0,96,165,4,279,11,0,2,74,15,3,14,0,6328,0,56,1,0,34,193,139,0,35,0,0,88,0,4,3,98,0,20,303,1
TCGA-44-2665-01B-06R-A277-07,102,8,36,0,390,474,62,306,680,2,0,13,306,65,4,758,454,82,344,261,35,242,54,18,10,8,443,1809,18,938,5,2524,608,105,29,896,146,5,64,16,72,14,2,3,189,66,57,17,467,14,848,1030,57,55,7,91,363,19,9,6,137,3130,117,42,54,296,1516,0,12,19,162,2,55,303,2241,238,18,152,97,2,17,82,322,11,172,4795,54,183,35,139,17,1437,258,7,299,17,15,32,265,32,86,19,30,299,144,77,86,9,10,33,18,3205,107,202,124,87,37,251,62,0,208,27,756,15,125,1,1,249,33,4,7,13,16,200,2777,252,39,20,5,91,76,59,87,425,93,57,496,0,195,21,184,37,1242,0,10,403,2170,18,351,1,17,17,27,1,7,31,25,43,65,1,3188,4,190,605,580,143,50,16,234,27,70,681,194,216,44,278,21,1,7,59,1,300,311,1,17,67,0,51,27,443,7,209,217,24,36,67,812,81,134,75,1764,51,155,181,20,749,353,1,1,247,163,1,5,451,3,16,78,19,121,8,4,2,3,518,20,67,26,17,19,33,354,348,703,79,15,174,41,3043,2,250,34,55,75,2,59,65,1125,0,43,20,132,2,5,289,7,2,7,0,41,0,2,17,0,75,184,3,0,35,18,1,69,0,0,10,34,8,39,8,3,1138,0,11,7,2,1,65,106,0,34,0,3,68,2,3,10,86,1,1,312,1
TCGA-50-5044-01A-21R-1858-07,164,487,248,4,132,1213,254,1031,981,0,0,31,188,194,0,2353,1142,3383,611,355,2,245,598,568,7,3,2745,4163,18,3762,25,3449,226,1147,406,928,212,12,21,87,360,20,0,7,849,445,376,157,643,477,5356,18793,936,64,10,837,1531,21,11,6,63,4267,44,85,227,219,313,18,25,195,423,63,207,1113,5101,34,36,240,630,0,0,488,951,391,2004,97591,90,348,355,856,60,4178,351,25,422,24,86,194,653,943,256,297,19,384,563,4548,704,644,24,71,31,6196,86,777,783,235,23,468,157,3,1892,13,2075,4,1229,1,24,39,35,493,11,24,61,386,3483,2045,22,91,3,969,134,40,619,519,4,1225,153,8,195,236,600,6,11178,1,57,585,3777,261,1280,3,23,17,544,2,149,222,85,15,268,12,5631,92,393,134,1421,319,50,23,263,54,98,577,550,296,168,914,36,33,10,139,152,21809,710,0,129,144,2,95,1142,509,230,657,760,9,48,2,1490,55,29,396,1264,217,921,28,104,26661,126,5,5,2521,1721,1,1,88,4,110,1287,20,5113,3,3,130,42,1624,8,161,259,0,52,103,143,113,2941,769,13,326,251,6968,0,1021,327,286,574,4,1208,68,5234,0,229,0,397,8,2,96,2,1,0,0,10,4,6,46,0,8,206,45,0,8,1,1,10,1,0,1,10,10,13,2,7,5540,1,114,21,0,55,267,75,2,143,5,2,37,0,48,24,20,8,2,2,1
TCGA-64-1678-01A-01R-0946-07,502,3,14,1,204,889,48,78,66,0,1,7,78,177,44,1749,368,67,28,55,1,50,69,1,0,4,527,1184,12,4383,0,1018,148,46,270,1191,77,2,3,26,680,70,0,0,1049,36,4,31,265,189,259,252,182,25,4,249,95,5,8,0,90,2110,37,37,24,37,84,0,0,39,116,149,7,890,3852,22,2,58,61,0,0,77,930,82,470,1854,31,562,124,46,10,5125,922,9,199,9,11,1265,162,84,68,4,2185,66,79,241,42,25,1,13,1,2379,438,89,43,20,260,126,141,0,45,22,640,1,157,1,0,34,491,70,3,1,81,62,358,765,1,17,0,245,19,26,236,552,5,39,41,10,44,2,37,14,13354,4,13,160,377,51,2496,69,2,17,484,0,201,7,4,22,1,1,1097,1037,94,6,3015,197,170,7,828,5,9,257,3019,122,77,140,11,35,10,16,1,34,189,0,42,43,1,57,26,94,38,157,46,6,7,0,63,52,1,52,220,1513,83,283,20,295,294,0,2,180,2910,19,0,1779,0,9,2370,56,440,1,0,17,6,1546,1,266,15,0,7,28,78,21,500,3,2,24,37,3495,4,227,8,1181,497,0,222,27,4032,2,41,2,80,1,0,3,1,9,2,0,3,0,0,11,0,5,232,10,0,0,2,0,25,2,2,0,0,6,0,0,0,1395,0,15,0,3,1331,13724,15,0,10,2,0,14,2,2,9,10,4,2,3,1
TCGA-78-7155-01A-11R-2039-07,814,21,102,9,2475,1315,74,282,1337,1,0,590,176,71,138,8685,287,231,2,683,0,551,79,0,1,2,1159,1557,15,8921,6,1934,104,151,26,5183,415,3,27,9,1145,21,2,24,216,77,36,297,1439,100,300,633,89,119,758,395,655,8,4330,0,70,7033,440,8,549,5132,305,106,0,50,2032,380,160,8804,4922,23,3,105,84,17,3,88,983,145,335,16,543,3337,496,112,111,13717,3881,700,674,190,26,2183,178,300,72,76,34,368,331,8,79,2,14,12,20,11345,1314,243,356,140,788,149,799,14,16,35,1407,0,329,1,0,275,120,16,2,0,245,161,1709,6,17,1423,4,269,44,3,602,2026,478,181,81,0,876,2,167,2,26666,2,175,189,7917,1145,3642,259,7,34,1767,0,868,125,4,12,334,72,3929,9,86,27,2015,2728,30,0,578,1,8,6065,888,125,13,68,10,46,8,50,0,4,135,0,18,80,1,8,59,185,10,345,186,31,29,0,15,1415,17,409,9067,34,236,8,2,1879,555,0,47,591,5481,8,6,1628,1062,261,3990,19,1032,36,0,0,3,311,4,1103,24,2,98,14,402,39,3157,93,120,235,83,4210,65,504,113,90,652,5,242,0,1082,1,99,0,94,1,0,31,0,94,36,1,11,1,2,9,0,10,71,2,0,205,0,0,2,84,7,0,28,1,2,2,14,2065,6,4,1,9,31,34,13,0,146,9,0,13,0,12,2,28,0,1,6,1
TCGA-78-7220-01A-11R-2039-07,760,51,522,9,264,2378,370,496,762,2,0,37,292,116,27,10665,1609,947,268,684,11,629,331,87,0,4,1868,10392,127,9815,93,1638,531,506,237,4698,285,5,513,64,1090,13,1,2,1205,291,171,440,1413,272,5040,4386,424,391,657,1275,10239,75,37,0,189,14046,88,169,75,413,683,2,8,72,700,67,344,1479,27133,298,65,598,400,0,1,231,3158,520,428,27568,33,924,535,434,1807,7407,968,60,538,17,90,3572,1120,479,230,206,115,382,695,709,608,53,18,65,69,49055,129,555,283,334,296,638,397,51,474,185,1679,26,1571,2,2,113,1854,116,35,16,63,566,4781,10970,180,44,5,1327,152,14,776,1535,162,621,654,6,569,43,744,18,23612,1,155,579,2853,96,5736,11,42,23,509,5,383,62,30,21,9,75,5375,203,662,132,2649,626,155,129,480,96,122,2657,5935,733,269,1327,37,194,444,268,20,5665,972,5,679,94,1,41,572,609,72,1056,591,71,46,0,1410,219,35,1017,2320,3238,1342,32,104,4326,721,1,1,2413,2922,15,4,604,6,39,1305,35,1619,15,1,36,3,4655,15,342,122,7,47,75,92,592,3618,207,9,377,160,17811,3,1007,382,22218,751,2,810,565,4162,0,138,0,480,10,0,50,12,0,1,3,42,1,4,42,6,43,234,107,0,36,7,34,4,2,1,0,16,19,3,55,22,10944,5,73,2,3,59,167,149,4,44,13,0,131,1,79,11,29,2,8,18,1
TCGA-80-5611-01A-01R-1628-07,556,2,67,0,349,1975,8636,78,763,0,0,106,74,247,11,2899,284,158,4,90,1,711,133,0,0,8,754,6652,2,12166,31,4343,203,290,190,1019,405,0,80,17,1508,180,1,10,1737,52,24,149,1578,94,1314,535,188,36,4,1568,1025,1,2,0,137,7328,145,3,76,678,118,0,2,21,175,156,299,2888,4765,8,8,37,31,0,0,610,3104,156,1920,19,10,1618,632,44,9,7331,814,21,664,5,28,1452,91,83,72,63,19,363,891,441,40,3,3,23,10,7933,305,588,595,836,218,35,365,3,2642,269,6469,6,706,0,0,45,337,55,22,29,365,360,8187,1117,6,1170,17,185,76,220,1110,759,958,149,560,2,88,1,776,0,18006,0,2,74,1377,695,2125,1,11,61,951,3,352,17,51,69,36,0,2981,17,41,3,2329,680,20,16,814,14,12,133,898,82,85,213,114,2,5,40,0,19,705,0,17,8,2,63,27,89,3,195,592,6,78,0,126,54,14,156,1223,721,137,9,5,1464,1206,0,3,629,14041,0,0,332,0,8,5330,63,446,3,0,0,0,1129,0,384,70,2,72,16,376,6,4362,557,4,543,353,17993,1,405,59,7470,203,0,42,21,3517,0,562,0,2113,2,3,90,0,0,0,2,7,1,14,7,0,15,22,372,0,4,8,0,42,5,1,1,73,0,3,6,0,1966,0,18,0,0,1,46,5,0,88,19,2,10,0,4,126,5,59,15,2,1
TCGA-93-8067-01A-11R-2287-07,765,70,606,8,866,8688,3578,1171,1247,7,1,51,233,193,58,11076,1272,2151,1830,539,13,530,636,27,8,34,4753,29906,914,18554,31,11823,772,997,724,6553,774,16,456,86,1631,67,6,11,2394,513,272,560,3520,454,3061,5602,3701,315,5,1750,2702,28,53,8,195,8901,161,118,129,975,733,2,3,195,1096,200,149,2264,45760,67,66,521,663,1,7,625,3923,725,1636,78826,82,1361,620,730,182,14749,1700,236,1345,39,125,5832,2063,729,502,344,78,542,715,3098,379,511,41,89,169,46470,319,842,602,511,104,720,649,122,1835,166,4016,21,1781,1,14,279,2135,657,401,38,169,616,3901,38981,86,248,13,2536,147,124,2048,2142,72,1250,734,41,459,32,1055,14,32474,9,1381,1011,4518,205,13657,35,169,86,3119,9,460,159,70,42,21,64,15407,177,670,495,4102,867,168,66,1237,97,187,1168,11778,661,53,2001,145,61,157,550,237,53588,1207,2,481,147,12,189,501,956,490,1180,568,68,86,19,3002,276,46,1262,3657,4627,1460,336,303,8807,859,2,43,3086,7668,16,4,771,3,78,4491,264,2225,5,19,229,28,2986,13,438,162,22,2903,228,160,440,5665,454,8,755,254,16760,4,1881,746,1275,1278,0,4311,445,14102,2,454,1,636,17,1,152,27,1,2,6,45,4,64,48,12,51,804,301,12,27,9,4,13,3,3,3,29,26,5,70,23,10474,12,126,13,0,95,290,251,1,135,3,1,166,2,171,37,33,21,26,27,1
TCGA-44-2661-11A-01R-1758-07,135,698,2259,107,13906,8503,21446,17612,8651,158,52,692,1308,909,328,2295,6148,5404,61697,3238,341,5848,5903,473,98,182,19109,65070,1745,6106,350,24715,14859,3620,4584,709,4011,326,2421,448,583,475,179,121,15006,2125,1279,2215,8581,2404,18472,75896,91,1119,327,7979,58252,237,4469,129,1210,19156,1230,689,731,20631,8066,203,151,1048,5498,4212,1066,22703,68399,652,1656,4405,1933,42,74,3825,15749,4709,7211,389177,459,109,263,2752,1450,1770,208,5778,11438,594,477,550,24230,3280,2399,1451,753,2748,3790,34085,3811,5247,941,1312,3044,1953,7713,5414,2277,3146,1556,4430,45,105,10005,833,24811,397,9128,89,242,3140,86,1001,780,304,37,1745,16199,31,492,5787,263,9160,618,3255,2779,8123,2194,7286,11201,1134,2210,871,5044,1631,8188,156,6908,4192,23757,1222,1720,1758,3107,674,138,197,29,574,318,603,251,363,26371,2079,2753,4276,939,2390,1033,4201,2173,1153,1208,6767,427,3551,3044,36824,751,810,3648,2746,2747,1013044,9995,81,1839,1186,519,1684,4114,4031,5077,5581,3475,320,754,384,30203,1059,587,6824,19107,258,7527,3054,4490,50871,153,14,176,13888,1549,1396,42,15562,314,703,423,3607,24597,470,78,1892,196,12918,88,25,1045,218,1169,1106,5564,22122,17879,2950,232,4975,1122,2482,98,4850,2458,14162,8212,132,163147,1,67116,94,3241,93,5361,116,24,538,131,26,32,60,139,31,349,375,33,708,12612,5845,237,600,672,21,309,63,63,39,523,786,57,859,441,41913,270,387,30,18,989,1001,2172,44,519,74,18,941,24,2331,299,291,459,66,98,0
TCGA-55-6986-11A-01R-1949-07,202,756,17655,141,18652,15255,14381,31503,11022,211,52,3393,3580,2158,483,2810,31284,10677,58272,13484,567,9286,13918,523,46,656,18486,108608,1765,10424,336,34349,27265,7780,4929,955,8711,315,1009,903,1097,676,171,519,22376,5781,2183,19477,13646,4633,34862,115474,200,2599,496,13062,60957,660,41254,146,2270,29822,1651,1384,1151,34396,10840,308,172,3338,11874,5836,1810,23200,304984,939,2431,10337,3937,34,289,4298,18307,11318,6838,388758,907,320,446,3003,1276,2627,461,5351,13403,914,1694,1197,24583,10803,3933,4889,1733,4159,8997,33915,742,6537,1282,1380,5054,7291,10056,17486,5036,6125,2709,16958,90,194,16353,997,40765,723,21109,75,638,4799,208,34300,533,788,37,3164,22604,255,3533,7042,387,12414,1256,4445,5352,10651,4417,11161,11515,1878,5217,1235,8051,1820,11169,193,10994,6549,38924,2818,3532,2256,5706,1484,352,3510,38,2080,413,633,368,675,38261,4650,8045,5007,1414,2920,1232,4762,10765,2154,9166,10890,696,3601,21587,43656,1260,3123,2261,17379,2010,720077,31427,778,4671,5016,719,4834,5411,9074,7360,11738,13194,1050,488,331,33721,1154,2131,7173,25149,170,9122,4936,3759,71758,326,534,1489,25010,1337,1445,186,36121,868,1334,235,2666,22675,91,232,3136,1179,45080,190,38,3411,85,5457,1789,6770,38457,24848,3540,178,5040,1376,3835,117,11064,6167,18589,13629,2198,238756,14,120955,171,2687,132,9991,753,72,723,1313,45,56,28,254,72,123,690,48,1404,31832,23263,421,761,501,42,508,60,66,83,1346,984,127,2028,1797,66971,345,2956,172,177,1656,4049,8261,152,999,125,48,1424,52,7451,380,1000,166,83,224,0
TCGA-49-6744-11A-01R-1858-07,106,235,3161,38,14943,5896,11300,14969,9078,123,16,882,1793,1252,241,1094,8137,3005,45842,7207,241,4368,3302,384,59,263,22603,55539,3600,4330,278,17777,17930,3774,5944,525,2329,264,1010,276,331,175,80,238,10894,2765,947,4576,5790,1842,15342,46123,36,1552,165,4000,22243,277,9123,106,1138,19007,1293,1365,474,13970,6142,101,119,949,4430,1373,1396,11715,151057,633,1520,5888,1361,31,352,1274,13055,3321,3102,458421,927,70,138,1692,1031,1126,172,2382,7163,490,340,294,15650,1981,1433,922,1205,3816,3517,21720,6209,2751,626,843,2067,1340,3174,11360,1343,2138,1324,8737,27,111,8962,413,23401,244,7333,181,153,3663,53,10252,611,299,13,1819,20525,14,1409,3490,210,6238,755,2911,1673,7896,3339,4944,11385,395,2227,447,3881,1361,4553,238,9198,2950,19974,1454,1111,856,1736,720,61,1050,11,1298,294,709,378,74,25553,1885,2225,5491,535,4493,745,3752,2000,890,3404,6538,214,3231,10858,26530,485,2989,2206,11004,3755,731364,26412,105,3962,2481,488,1719,3951,4791,3118,8811,4244,709,302,120,22247,873,749,4953,18351,86,4988,2913,2594,25405,154,18,139,11633,544,409,170,9248,164,1180,195,2480,7352,77,59,1568,192,15489,76,16,522,101,1245,446,4779,24449,11587,4546,55,3194,764,1746,60,5647,885,13913,5548,312,58625,1,44606,65,1753,4,4802,66,10,371,1086,26,15,23,385,26,223,165,42,554,19386,4295,129,293,589,24,358,40,31,71,528,558,88,181,203,40731,74,443,46,38,1947,749,2605,53,378,13,4,1084,17,2635,351,368,274,64,80,0
TCGA-44-6776-11A-01R-1858-07,70,90,3270,95,9930,6468,8124,9920,7398,115,85,1300,1013,803,200,1120,7766,3239,44751,4068,114,4399,5322,181,30,201,30955,40476,3635,4146,142,15576,7886,3454,8719,475,2555,188,987,292,371,216,151,116,14483,1829,878,6446,6591,1509,16140,56524,59,2571,193,3629,26231,218,17562,176,1044,14755,1238,685,422,15058,6447,133,121,574,5671,2885,1968,13478,108067,327,404,3761,1206,64,103,1314,14838,3328,2330,513731,1284,59,132,1075,518,1169,154,2410,6530,221,450,451,7269,2391,1339,1196,722,2359,2808,35497,3196,6703,892,302,1149,1686,4002,8504,1233,3050,1555,10203,30,173,10842,844,27688,690,7170,79,339,1137,82,10751,235,350,11,1574,15980,34,1195,7334,112,4710,568,3006,1889,9139,934,3568,4139,603,1563,465,2525,388,3512,277,5420,2253,19800,2773,1210,1395,1782,1600,43,908,10,1206,224,644,62,86,23418,1700,2160,8402,589,5510,1050,1124,3983,505,4289,4644,217,1490,8013,10047,335,2047,1287,13751,5752,886384,21326,195,6640,2239,199,2632,3696,3149,3683,4508,3043,472,190,103,28806,891,378,2667,10829,86,2773,3317,896,22145,158,111,301,8420,553,714,87,14705,209,571,164,1076,7057,178,64,1534,322,12942,140,10,624,74,2344,370,2822,9203,8165,4864,150,1782,564,1402,90,4211,1700,4718,4991,200,97239,2,57439,105,1006,34,4410,170,41,664,1135,28,22,15,385,21,356,201,52,622,10070,5278,82,314,143,32,394,60,63,75,636,610,40,579,471,29762,241,776,37,56,527,907,2661,62,561,58,16,1041,11,2104,343,299,464,105,49,0
TCGA-55-6979-11A-01R-1949-07,77,77,459,29,4951,3728,18469,3988,3255,12,6,244,430,311,51,736,1899,1226,29009,948,56,1536,1086,92,7,55,14653,17151,220,2844,147,8700,1242,1074,3128,332,1391,74,1213,104,221,119,40,70,6152,483,237,1099,2393,600,8073,27435,57,763,39,2400,8540,105,565,49,287,7568,833,175,239,8318,1773,18,13,323,1855,1258,799,5577,22328,124,460,852,424,33,33,1009,6816,612,4188,309475,374,51,80,617,229,745,100,1132,3996,150,98,262,3179,675,542,297,258,970,986,25777,302,2788,222,193,386,1009,2748,1328,479,2079,280,1537,25,10,4498,320,13455,102,1459,9,75,961,93,598,159,51,11,1087,6478,23,252,498,56,2389,239,621,1417,2718,777,1199,1686,198,612,237,1568,215,3476,48,2481,872,6906,727,907,224,313,615,61,43,13,281,146,142,24,114,8900,383,857,741,464,939,264,897,1743,247,341,2340,168,743,495,5315,550,308,1133,2740,1079,401710,5689,12,822,505,53,1166,1041,990,2141,1937,1176,167,212,39,17013,327,286,1060,4309,38,1259,1110,573,10015,100,3,64,2957,451,120,28,6050,39,158,146,1729,4269,118,40,1058,57,5748,37,14,225,6,2895,268,438,5346,4015,1627,116,2995,334,1392,12,1983,555,5658,1733,116,31711,0,23866,15,1420,9,1543,16,8,254,170,12,16,4,134,8,488,63,11,172,2924,1984,19,124,148,15,102,46,7,16,249,140,14,107,156,11445,106,115,12,3,275,320,551,15,522,15,9,303,9,648,199,56,97,153,26,0
TCGA-44-6146-11A-01R-1858-07,73,348,1257,26,5564,5160,9388,15188,5620,857,36,503,1302,794,241,970,4500,3110,52167,3262,345,3464,2439,191,61,204,22831,49691,906,3436,144,16211,10137,2526,5231,471,2524,66,572,258,367,149,113,335,8293,2038,697,4560,6217,1531,14896,48202,42,1454,78,4772,24165,389,1471,71,729,13438,1133,407,393,19435,4304,86,49,1131,3912,1637,1445,10014,54682,952,1503,2392,1077,42,367,2105,11640,1424,3390,499747,930,70,120,1422,311,864,173,1841,7743,624,321,364,14717,1713,1608,1129,655,1982,2555,18153,1928,2693,431,647,2655,1231,2659,5314,913,2434,710,6395,16,150,10026,435,20685,272,3357,12,99,2937,51,796,436,80,18,1217,16025,0,1242,283,189,4378,362,1851,1697,5772,3960,2747,6747,372,1783,366,2904,1563,3618,121,6150,1964,18107,984,977,874,1491,1388,65,284,12,598,220,208,110,120,21495,1419,2925,1908,639,2122,582,2289,2183,652,1975,5010,187,1589,2043,24355,343,1225,625,6601,2902,714219,12595,51,4479,1047,285,1327,2977,1929,1661,5014,2095,246,378,95,18234,1132,791,2847,14478,62,3801,2652,1514,26387,107,12,103,7795,586,950,141,6725,51,500,152,1548,6900,77,36,972,145,8576,84,9,725,30,2337,834,2563,21401,10315,1642,172,3107,548,1420,40,3370,1701,7757,4267,187,59664,0,42587,49,1004,59,4255,68,14,355,395,14,23,6,289,67,23,134,5,564,13793,3102,42,470,437,22,147,78,42,17,352,411,53,172,687,24837,115,298,21,14,1230,437,1192,31,327,16,6,764,12,1066,249,219,107,27,76,0
TCGA-50-5939-11A-01R-1628-07,93,686,1315,34,5401,6004,19861,15207,8051,68,80,831,1502,1036,288,1273,9804,4100,31239,3958,414,4391,4922,810,116,200,25621,56260,2952,3904,391,18372,11648,4122,7625,435,2817,436,1303,436,436,267,122,237,16892,3118,1034,4423,5453,2495,13700,45377,36,1231,215,4741,26915,289,7383,125,1220,15985,1259,935,549,13390,8371,68,45,1227,4108,2237,1086,11570,114834,536,1632,5550,1520,69,322,2276,13400,5012,4613,501051,757,74,123,2035,624,1081,156,4343,7344,599,346,321,17991,2803,1786,1625,893,2224,3185,26414,5138,4094,716,1086,2381,1256,3493,8421,1652,3429,1740,9247,4,3,9556,451,21296,388,7583,38,246,3533,30,1563,303,271,20,1870,15145,9,1735,8902,234,6539,606,2378,2016,8863,2002,7004,11213,484,2748,631,5578,711,4044,434,11183,3616,23753,1082,1112,669,2325,1011,60,62,12,998,263,741,197,205,24478,2651,4091,5007,538,3382,844,3232,3753,1239,2651,6440,201,3824,2693,33170,541,960,3358,14190,4389,831194,15660,208,3223,2178,307,1465,3875,4191,4981,7228,3352,484,483,130,17807,682,1037,5664,23870,95,5521,2924,2645,31298,138,16,161,12777,444,650,168,14554,272,592,176,3852,9931,84,48,1407,287,9015,155,11,1122,674,3482,1062,3462,20838,13636,3053,165,3962,783,1590,37,4730,2162,11702,4854,310,86408,1,45905,119,2236,46,4038,83,13,368,205,10,22,31,201,27,276,232,34,574,13482,9618,183,256,581,22,415,61,16,61,482,1203,55,311,341,42590,123,376,30,29,1531,886,2659,44,348,26,12,1155,10,2445,283,360,273,86,116,0
TCGA-91-6829-11A-01R-1858-07,146,132,1121,79,4726,5825,27758,6191,5263,27,21,500,607,710,75,956,3111,1131,21633,1014,64,1673,3132,289,124,92,11380,23126,595,4634,262,13965,5150,1920,2422,483,1541,965,2052,181,394,129,139,68,6270,1104,315,1633,3632,630,8822,25958,58,925,43,2633,11066,96,2245,47,448,10661,947,276,378,8669,1680,18,50,353,2294,1855,761,6891,35347,138,634,1463,520,9,32,1972,11874,1902,13738,412540,162,131,194,471,452,1303,214,2290,3748,115,217,387,4663,1461,737,679,224,987,1619,22477,1036,4023,408,114,771,1983,2096,3010,1509,2436,362,1860,65,75,8196,339,13437,86,4501,294,177,875,115,4723,1906,161,25,2206,7576,59,469,772,56,4093,300,521,2273,2909,610,1566,2815,348,943,297,4007,208,6021,11,1678,944,7541,871,1254,540,1144,622,140,244,49,238,178,149,116,81,11977,988,1209,2961,523,2248,357,626,1374,363,1613,2595,348,691,3115,6069,1179,968,11361,2746,3635,891401,3897,135,3276,579,88,654,1267,1161,9010,1565,1923,135,599,12,15924,259,274,1496,5558,155,1541,1159,499,12326,150,23,133,4027,785,207,18,6337,63,155,150,12162,6094,58,58,1714,88,7247,5,26,291,108,3343,342,4619,6317,4775,2813,107,11783,742,2377,51,2874,1058,6662,2203,962,49325,4,32813,47,6576,31,2558,50,19,210,636,20,21,34,145,14,584,85,13,256,3359,4692,23,249,104,6,80,30,36,59,319,150,36,88,279,31024,75,286,16,13,820,464,1292,28,709,26,8,193,8,463,170,89,130,260,46,0
TCGA-38-4626-11A-01R-1758-07,166,511,4789,117,6759,10461,66309,19987,6346,194,80,1260,1422,1087,221,1464,10681,2641,51248,2726,159,2276,6227,390,358,266,24713,27980,1386,7773,531,18438,8019,4016,8567,787,3564,953,3262,344,648,289,261,120,31458,2287,616,4724,5410,2097,17423,45598,173,2337,52,8157,11240,175,15401,75,751,19587,1339,437,618,11810,1465,36,56,629,2185,3614,1305,14685,117129,602,999,4000,1273,44,47,3762,23345,7351,28608,789264,421,191,287,1024,587,2052,275,2862,3896,207,572,742,10645,4260,1874,1821,524,1578,4658,32911,1570,10191,521,384,2010,3171,1918,8206,2644,7818,988,4331,68,230,13102,375,27155,155,12940,479,135,1922,172,37472,2264,292,31,3160,13193,70,1024,264,74,8964,649,1143,5401,4387,706,3710,3688,531,1537,384,4774,336,9974,13,2432,2355,11172,2167,2205,561,882,897,144,1350,31,495,345,369,173,175,21759,2321,1526,1727,817,2508,546,1452,5698,467,2784,3542,460,1832,15281,20170,1262,2425,12816,19206,5659,1355725,12317,299,4652,1762,164,2279,5474,2936,31911,5948,3008,447,1093,32,25979,453,499,2907,7797,178,3827,1107,1058,25549,120,245,319,7810,1531,177,30,4653,26,360,422,23308,11575,21,113,2787,201,14803,37,21,1068,207,17332,1262,5174,16898,7227,3765,177,15324,2131,3754,19,7812,1685,32809,4551,338,78159,3,49999,91,12189,46,3683,319,20,537,938,31,22,60,345,76,503,163,8,344,6014,3699,32,374,286,15,215,64,63,29,232,261,27,2555,369,50558,148,637,29,41,968,1336,2179,59,961,25,31,560,41,1716,297,194,441,780,33,0
TCGA-55-6980-11A-01R-1949-07,78,228,1312,26,3978,4749,9538,10059,3900,155,22,609,847,662,110,732,5160,3047,32990,2300,245,2276,2552,147,86,163,22304,32498,720,2689,95,10910,7984,2239,5084,272,2553,145,408,208,265,183,97,139,6450,1505,492,5853,4424,1243,10172,39619,70,932,70,4066,18815,315,2173,111,619,8614,659,257,284,12836,3656,30,38,1021,3002,1864,1464,7008,56414,326,889,1974,785,63,196,1660,7501,1428,3117,470891,830,48,129,983,124,774,119,2521,5443,415,430,299,10142,2277,970,1103,467,1477,2316,26600,808,3060,417,446,2146,938,2522,7821,697,1923,920,3932,33,90,8975,375,15764,297,3980,13,151,1833,54,2089,526,193,13,676,8350,11,1262,284,146,3823,296,1403,1237,3894,1488,2434,4097,314,1741,258,2190,989,3035,187,4475,1423,11067,768,848,1059,961,1686,88,860,11,561,152,387,68,71,13118,1179,2031,3672,462,2349,362,2039,1677,590,4008,3058,124,1083,2076,15476,382,2016,1141,3903,2680,877146,9187,77,4721,830,314,1219,1594,1727,1725,3644,2299,226,248,89,11832,731,575,1932,7003,52,2989,1900,1424,20297,102,71,207,6853,370,597,22,10052,203,421,112,1739,6449,156,66,781,275,8035,53,12,960,87,1621,604,2270,13745,7485,1238,71,2669,489,989,77,3178,1813,4490,2831,1214,64715,0,42257,47,1546,124,3533,144,20,200,58,15,16,11,250,44,181,120,43,355,9015,5530,46,369,178,16,138,30,37,23,346,223,29,641,1289,18408,64,383,30,19,788,518,1401,24,336,30,6,480,14,3611,175,229,84,79,67,0
TCGA-91-6835-11A-01R-1858-07,96,366,380,74,5477,5436,4773,11975,2481,616,36,533,866,447,67,1966,1881,1767,17764,3114,255,1852,1690,138,11,105,9176,28222,449,5483,58,15323,10794,1094,2851,578,2449,39,250,136,478,217,37,102,2309,528,358,709,2272,686,8644,28799,81,682,64,5403,10336,311,61,41,214,10779,544,377,508,12318,2284,124,31,416,1847,1582,507,16834,20979,793,404,1069,728,7,58,2027,6899,833,2737,205144,303,105,242,1097,590,1948,254,1148,4994,155,158,610,5347,954,1282,553,228,888,1713,14692,1684,3040,423,403,1162,3999,3234,1787,1245,1129,226,1018,30,30,7033,330,9087,525,1597,7,104,3648,166,295,191,52,26,814,10353,232,243,35,69,2056,151,1111,1893,2785,2617,1741,7040,199,1460,317,1670,239,7150,34,4894,1314,7392,763,1601,248,941,549,128,79,31,271,229,571,55,146,14690,1081,1694,943,842,993,304,504,1050,326,336,3269,697,1283,249,11548,207,94,221,1257,974,388955,4930,10,1908,332,757,516,2142,1405,641,1370,1630,56,198,93,20040,430,133,2441,9866,212,1941,1095,1604,18597,171,15,255,3142,975,1320,20,2400,248,414,321,577,8825,138,27,1074,278,12306,24,26,315,20,610,857,687,18083,6816,1392,142,1204,514,1769,13,4721,929,7134,2550,76,35222,7,32600,10,461,12,4239,19,8,318,268,8,9,1,74,21,15,37,14,193,4407,7540,14,243,105,5,72,50,44,12,321,75,17,305,147,12258,53,141,27,6,596,1025,285,4,254,26,3,371,5,361,114,222,193,18,40,0
TCGA-55-6982-11A-01R-1949-07,87,335,1581,31,12138,5704,11050,9029,4809,158,16,523,1182,801,263,1148,6242,2655,37282,3395,209,3154,2833,369,44,136,9534,34172,341,3569,179,13576,13044,2621,2897,432,2649,84,723,310,404,209,91,149,5611,1749,727,3560,5458,1366,15545,47157,70,959,111,4893,21964,291,8829,45,670,12396,812,304,390,18033,4824,38,33,1075,4304,1872,1128,9254,83713,399,1250,3880,951,51,196,2364,8768,4119,3830,248203,393,81,146,1260,252,1085,191,2489,5652,389,385,377,9649,2396,1138,1470,752,2068,3433,16547,1872,2154,555,640,2301,1349,3498,7795,1242,2119,693,4698,35,152,9523,756,16103,356,5535,11,121,2954,71,8248,97,159,15,1345,10079,53,768,1364,176,4607,325,1747,1803,5566,1851,3461,5026,491,1549,509,2895,1272,4172,95,4926,1902,17842,828,1163,270,1612,746,93,596,13,422,212,527,94,159,19897,1548,2302,1719,654,1051,616,1491,1488,591,3402,4473,306,1748,4005,12374,468,1308,663,3987,1367,400007,8853,162,1084,1604,310,1103,2159,3024,2050,3561,3927,414,357,106,21714,833,332,3090,11824,78,3211,2731,1265,23648,218,51,203,7216,646,865,51,14057,146,477,190,1553,7496,59,115,1154,209,10567,32,13,941,34,570,593,3072,14419,8535,2552,122,3505,385,1735,21,3487,1813,7159,3815,597,58399,1,50677,55,769,62,4223,103,25,272,180,17,50,10,111,27,31,189,26,640,6167,4644,36,482,266,34,291,48,30,29,279,180,44,83,595,26158,133,474,35,35,984,1020,3163,51,328,36,12,656,15,1209,274,260,121,36,102,0
TCGA-44-3396-11A-01R-1758-07,172,1628,5372,117,19490,12900,39921,38714,17037,284,109,3297,2019,1933,632,2999,19176,9745,80719,10520,219,5827,9291,477,188,424,42660,99066,1276,8746,692,43099,22559,9940,7494,1163,5395,687,2157,784,884,522,193,381,34220,5266,2216,12963,12909,5024,28021,88870,96,2143,338,12536,55536,546,11959,177,1365,32132,2460,1474,1095,28115,7593,283,273,1716,5453,3589,1520,29494,274539,1855,2431,10523,2768,51,267,4586,24441,8829,13865,933270,829,184,369,3145,3595,2527,364,5490,11526,774,743,862,32584,7633,3351,3496,1838,6340,8098,44215,13170,7486,1455,923,5386,3639,6869,12507,2495,6551,1234,14527,61,318,19378,470,37474,489,22923,289,280,7149,133,25313,1741,517,32,3804,36753,62,3199,3355,400,15059,1377,4635,4467,9186,4746,14403,20078,1435,4839,1055,9499,2095,12415,117,8974,5839,41394,2926,2396,1221,3441,821,181,617,25,2244,674,584,724,402,52240,4393,6709,3177,1171,4056,1338,3813,3927,1497,4714,12121,461,4677,18020,48245,1421,5395,5600,30985,3881,1242359,37939,357,5148,4046,627,2442,9522,8244,10216,20465,6860,865,1081,263,39861,1225,1244,11043,30725,173,8595,4434,5988,66640,231,86,296,31301,1137,711,236,12338,197,1947,514,9260,22490,370,127,2836,359,15926,156,30,2674,137,3650,2374,5621,26096,19966,2995,201,11658,1715,4220,52,9478,3294,24779,10320,448,147481,1,89673,114,5399,92,9381,254,26,725,1029,25,41,59,355,91,226,600,10,878,18403,5394,167,738,939,27,348,78,42,37,677,686,114,1122,593,94661,212,963,80,51,3960,1586,5965,105,775,44,18,2101,33,4754,668,468,229,395,113,0
TCGA-55-6983-11A-01R-1949-07,55,105,466,30,4284,4230,26394,4794,3804,3,5,348,726,237,94,1383,2073,849,35850,856,143,1975,1360,399,157,63,36161,20982,1266,3457,108,9909,5686,865,7866,461,1510,131,669,86,297,136,79,89,4661,307,195,1202,3668,563,9730,30980,58,1274,57,1934,12703,129,378,103,501,9317,653,76,351,9869,2547,38,51,194,2195,1168,1094,6482,26332,137,338,1008,354,6,51,1363,8259,530,4122,832055,976,91,128,365,122,1109,147,1593,3925,164,78,314,4164,664,676,365,388,962,1008,35121,583,4358,574,170,609,1956,1649,7851,351,1993,1539,2613,24,43,8242,82,23474,134,1732,24,103,1368,66,1031,555,153,4,916,8026,56,577,306,47,2434,126,967,1673,3379,731,645,2100,364,640,179,1706,205,3770,93,5307,560,8034,930,1078,435,632,736,64,392,18,163,149,195,220,81,13719,404,585,7448,590,4158,312,614,1730,115,938,2732,198,546,567,5406,475,536,2369,3075,3000,682026,3898,18,3957,344,70,1145,1127,751,4887,1650,1073,130,214,13,19488,280,212,1143,5040,49,1116,1390,265,10812,90,5,106,2632,536,354,22,5030,23,122,169,2633,4542,81,89,1306,108,7550,33,20,249,183,227,238,2957,5756,4056,2893,104,3777,393,1815,21,3667,480,7232,1730,3330,48899,0,30768,36,2286,57,1954,18,18,220,232,21,14,27,204,16,161,42,23,288,2275,3114,116,223,90,13,173,25,13,17,334,77,30,1941,127,13594,45,134,6,4,370,431,294,5,359,7,10,104,13,925,188,63,123,190,27,0
TCGA-49-4490-11A-01R-1858-07,99,266,703,30,7830,3833,5780,19422,3785,243,70,894,2398,731,115,1259,11144,3235,52191,4519,620,2197,3631,382,207,123,19963,17907,2821,3869,163,11190,21044,2677,3781,479,2020,283,1056,305,336,156,149,462,16402,2187,432,1821,1858,2549,27128,80714,33,1173,151,6781,16595,317,5522,236,1100,17690,364,799,238,12600,3065,98,199,1056,1855,7451,1170,12463,74151,1128,1039,4507,2714,31,182,1580,19178,8216,8004,817694,1133,68,93,1463,513,2116,343,1011,1994,472,247,192,11473,5838,1179,908,800,1544,6824,31946,6254,8414,508,847,2479,1381,1521,12688,2108,2656,853,10672,22,739,3067,612,29841,246,6402,32,492,1639,72,17157,525,377,19,1606,11042,129,1577,2246,121,7538,760,4695,1605,3817,770,3941,4307,320,2170,364,1808,861,3910,258,11784,2894,12377,1216,1125,1957,515,823,95,809,15,450,143,598,59,81,17179,4963,5330,3719,486,1816,1453,3410,2261,586,1324,2958,126,3883,11611,17359,576,3492,2728,5487,2652,1357755,13919,103,1615,2837,288,1210,2217,4780,12255,9375,2630,812,228,316,24216,837,718,2454,6177,114,7261,979,1068,23546,101,52,279,6286,601,1278,93,9588,246,469,197,6038,7125,63,44,5188,392,9409,52,27,743,156,7821,2675,4505,38612,6890,2362,115,1315,586,1319,100,5382,1070,9820,2818,491,127526,2,35172,64,1488,50,3130,209,11,267,128,39,11,20,525,82,124,347,52,162,32199,3319,19,174,978,41,191,44,54,38,423,200,37,2026,127,30201,233,669,33,19,1406,2029,2713,59,230,44,18,1188,29,3264,117,305,204,118,95,0
TCGA-50-5933-11A-01R-1755-07,74,645,3521,56,4627,8308,20005,16166,8123,243,35,1867,1561,987,290,1405,7175,3504,51564,4369,198,3320,2900,552,131,440,44239,45356,1300,4186,159,14553,15374,2443,10102,1222,2640,291,1919,208,351,239,161,200,16776,1087,510,5535,7140,1994,15662,55226,98,1886,79,6623,24738,318,4059,120,1051,17337,1981,398,516,19727,5349,43,67,671,4026,2104,1339,11915,127871,488,679,4371,1098,37,201,2335,11893,2763,5445,674420,1283,64,161,1627,321,1402,170,1217,6045,346,195,450,18397,2427,1909,1266,550,1967,2013,35239,1266,3842,826,683,3919,1651,2887,12426,936,6832,633,7202,23,176,14438,498,29318,459,5702,11,88,3497,56,10582,523,141,9,1763,18918,37,1461,724,274,6422,298,1859,1985,7029,2584,3801,6636,440,2595,358,3093,1532,4960,204,6889,2030,30972,2503,1392,512,1257,1046,81,1978,7,546,208,293,219,119,28736,1341,3966,3501,514,3882,827,2878,1786,556,3741,5472,172,1823,1469,36457,606,1514,2439,31054,2699,984211,15990,59,3811,1523,377,2508,3850,2665,4241,11463,1448,403,496,64,25818,894,420,3023,13054,86,2280,3378,1766,32643,105,162,235,10027,575,343,118,7179,54,393,139,2543,7560,91,94,1058,243,10372,74,7,1070,139,3323,571,6399,15747,9683,3028,78,3734,614,3158,13,5172,1604,11962,3727,500,79554,5,58355,111,2371,17,2686,70,16,450,434,11,15,39,242,59,187,168,39,598,5907,9635,234,238,278,28,234,41,35,63,373,562,54,1713,574,39737,83,387,27,35,980,1082,1986,32,562,18,11,827,14,1570,257,194,194,292,70,0
TCGA-55-6970-11A-01R-1949-07,72,170,4252,47,11176,5406,10384,11934,5518,42,26,1156,1122,626,203,1096,9544,2576,31532,2455,92,3058,2467,147,28,177,20177,27138,1766,3382,203,10787,8486,2759,4394,561,2166,22,553,316,340,218,57,193,10405,1302,692,4089,5461,1395,12804,40278,59,963,74,3953,26162,269,10513,98,815,13986,810,500,350,10334,4021,35,109,608,2786,1466,1163,9568,77021,349,1267,3219,1100,41,108,1382,11172,4063,3066,465804,877,105,118,1084,638,857,151,1899,4927,484,361,273,6930,2798,1262,1342,932,1923,3802,26038,746,2698,515,337,1064,1053,3409,7604,1236,1964,1019,8571,30,250,6905,478,19100,340,5647,39,157,2882,25,6409,147,208,15,1402,11228,62,1037,4422,135,4620,549,2131,1752,5161,1541,3688,5001,348,1981,382,2708,760,3539,188,3152,2100,16095,873,1239,621,1375,974,72,730,9,841,187,182,134,190,18088,1361,3491,3743,618,2825,698,1823,2431,773,2151,4023,229,1723,7040,12697,579,698,338,7728,2474,522933,12618,198,3014,1743,188,1052,1588,2694,1545,5105,3709,393,302,79,18562,571,707,2128,11362,50,2235,2221,1057,18893,107,103,140,7850,526,413,58,16512,57,486,110,775,6064,420,96,860,154,7248,96,16,754,44,1937,358,1532,10834,7530,2185,129,3049,584,1752,46,3537,1669,2641,3578,114,64379,3,34962,80,1377,56,2390,181,16,355,698,9,26,8,130,19,146,301,35,438,7976,5239,55,237,194,17,149,43,25,24,419,626,57,130,455,25615,134,402,62,54,512,941,2907,74,354,14,16,653,30,708,299,295,253,47,77,0
TCGA-44-6148-11A-01R-1858-07,166,859,3038,94,7511,10354,17512,28288,7649,1092,80,1301,2845,1393,231,1968,12670,4981,58457,6175,716,5799,5447,680,143,809,36497,73346,960,6979,353,23894,20148,3742,6733,784,5610,238,1098,346,705,611,184,458,11630,2070,953,7287,6963,1510,19155,76222,128,2074,203,7106,32082,563,7463,139,1254,22895,1482,910,936,24397,9277,201,132,1350,5177,2942,1900,17996,104082,1208,2834,4679,2037,35,398,2444,17654,3997,7207,661158,1093,158,219,1905,1171,1506,293,4311,11492,1096,622,536,22723,4137,2774,2019,737,3154,5034,33019,2892,6392,1017,1197,2319,4323,4300,9948,2275,3386,2066,9830,38,254,12861,668,26255,528,7402,33,315,5396,125,7546,582,439,29,2133,19058,108,2314,517,363,5815,473,3268,3156,9244,4990,3834,10860,726,3171,728,4551,1398,7083,259,12990,2928,24021,1549,1953,1453,2026,1889,130,692,20,817,368,781,345,173,30376,2602,4426,4454,974,3284,1415,3009,3995,938,2815,8028,471,1976,6875,38374,748,1853,2091,5281,2588,1017243,18094,186,4623,1902,354,1814,4032,3315,3221,5922,5159,438,726,122,24216,1479,1165,3249,15906,127,4768,3756,3407,43765,246,78,585,13049,873,694,111,17412,426,1396,227,4565,13188,101,150,2976,522,22008,134,20,1287,290,10618,1407,5769,25004,17406,3212,253,5459,1138,2478,95,8412,2936,13952,6559,601,100707,3,66717,138,3166,37,7376,135,16,551,461,15,35,69,388,29,393,213,42,870,13504,9432,311,655,450,33,346,110,54,48,646,395,89,425,1276,40753,169,616,66,46,1351,1294,3097,67,532,50,27,1623,30,1751,407,572,110,100,141,0
TCGA-49-6743-11A-01R-1858-07,94,349,1482,85,8943,4190,5853,17386,5481,91,15,290,1359,547,125,1150,4145,3556,45875,3466,298,3261,2330,364,129,145,24700,33216,3736,4103,210,15027,10927,1768,3898,516,2268,600,1588,269,316,167,171,246,11790,1463,553,371,3611,1730,15254,51637,32,1346,209,3844,18655,304,901,136,793,16417,1126,745,434,13399,2984,58,114,548,2693,2837,1005,14137,40424,661,801,2418,2310,9,80,1896,14924,1698,5018,773207,684,56,134,1973,876,1508,180,2220,6581,515,231,313,11217,1983,1242,580,525,1334,2935,28353,1265,6652,422,553,1602,1332,3335,8952,1967,2370,1152,3421,21,21,7049,588,21508,156,3098,40,226,1881,79,319,813,156,15,1878,12254,23,155,1082,100,6226,754,2963,1971,5113,1074,4454,4915,441,2014,580,3490,676,5020,148,7806,4177,17350,699,1204,826,974,823,44,1444,9,526,189,563,178,121,19415,1222,3911,2895,649,2786,710,3167,2397,582,1478,3710,147,4409,415,20311,408,182,3767,5774,3481,1292746,10336,7,2235,502,278,1466,2290,3590,12416,6177,1636,121,375,170,25990,1111,503,4852,8752,121,4474,2131,1806,25414,95,3,163,7066,662,806,30,8736,162,432,272,4700,7572,141,31,3608,92,6886,44,17,500,254,3512,1357,3467,25423,9600,2806,155,3066,720,1724,38,3930,1943,10784,3604,44,64249,1,30444,52,2263,96,2964,55,11,376,1340,19,22,51,290,56,140,207,23,383,13614,1824,167,235,506,28,234,52,22,21,338,567,47,42,194,34737,182,163,50,6,713,785,332,6,473,34,6,1060,14,1907,197,211,423,147,52,0
TCGA-44-2668-11A-01R-1758-07,135,649,2302,142,4611,7933,68046,12422,9851,168,8,1905,750,968,205,2239,4338,3481,44750,2593,70,2381,3988,217,188,96,48903,42953,412,6441,499,22897,4754,2698,8347,1081,2155,618,4954,174,657,334,182,116,13331,922,516,5485,6107,2916,13622,39674,143,2598,71,7768,17386,157,1011,131,571,18610,1851,484,456,13333,2205,99,29,389,1890,1989,1089,20994,89341,436,900,3556,892,34,19,5485,21062,2331,15837,1163770,535,177,298,1805,599,2443,374,4156,5779,217,126,624,13518,2042,1673,851,385,2370,3590,39664,5438,5078,532,462,2251,2437,2999,7513,1062,5705,464,2919,59,106,19297,277,27316,99,8951,267,123,1280,172,5440,3569,87,36,2829,22455,63,734,1180,149,9621,433,954,3545,4131,1050,5857,6000,332,1602,298,5064,322,10972,27,5424,3191,20748,1440,2090,252,1866,523,217,150,51,446,495,249,153,134,28290,1649,1558,908,1177,4145,411,801,2307,406,1326,5325,293,1289,4202,19060,1260,2200,7168,22226,8240,1791522,10524,22,6717,699,154,1717,5147,2717,5287,12132,2800,154,1055,24,30030,338,80,4117,11066,198,1477,1420,2001,36733,204,19,133,13716,1423,56,18,1546,6,381,555,12100,9805,144,67,2890,386,6713,64,37,675,86,3565,1372,4284,6499,7121,2828,89,13171,1273,3907,5,7929,972,19079,3401,31,32144,3,52381,33,5881,36,4136,28,7,441,394,11,19,45,382,24,104,90,15,225,4101,3652,67,357,115,9,161,37,13,23,160,232,34,984,142,50446,55,151,7,5,1284,715,1508,11,754,9,16,333,15,1678,126,103,351,696,32,0
TCGA-44-5645-11A-01R-1628-07,114,690,9693,68,14204,9036,12625,19995,9561,237,88,1311,1655,1281,386,1325,26679,7721,32909,5739,744,6213,8167,348,128,190,24936,58609,3654,5836,293,21778,8355,6993,7136,594,4955,276,648,983,675,459,215,532,12272,6368,1991,11024,6771,4164,23680,83256,80,1487,74,8710,44960,441,36905,272,1577,20445,1157,458,724,22961,8076,121,344,2442,5629,5066,1047,17063,214473,769,2057,9951,2510,127,154,3022,15631,17324,4626,535301,1087,100,229,2478,965,1266,253,7990,9175,752,1158,589,17285,10059,3171,4418,1274,2747,7821,56953,2720,7945,597,1224,4073,1744,5139,10538,4748,3196,1465,13046,43,389,7328,677,35410,464,17142,112,418,2180,90,13266,226,793,35,2094,14219,20,2098,3039,289,11060,879,4617,3471,8528,2230,10451,9346,1232,4803,1100,6268,1674,6054,373,10904,5365,25866,1247,1600,2529,1750,2509,171,1967,34,1052,286,546,239,572,26931,6003,6179,5774,592,3793,1245,3677,3505,1303,2454,7861,390,4102,15734,38525,1134,1932,3658,5848,5374,1520700,15207,887,3341,3617,705,2031,4108,7313,4961,9463,7910,743,529,489,23899,1163,1220,6599,18827,196,8620,4170,2523,56236,175,412,382,20562,848,1490,70,23983,308,1064,230,3249,16528,268,81,1216,869,11537,174,23,3011,274,6398,1746,5559,23188,17156,3260,332,5372,828,1844,132,7105,5874,10077,9611,2702,173739,2,67450,181,2955,72,5451,508,38,344,255,26,31,70,178,48,560,485,39,658,12421,15049,557,771,206,58,184,120,87,50,736,619,86,663,920,54145,303,2010,104,122,2288,1778,7191,162,698,106,13,1637,23,2876,583,568,328,113,158,0
TCGA-55-6984-11A-01R-1949-07,154,467,1500,261,27769,11416,47478,24489,8313,205,25,1222,2191,1001,343,2218,7967,3754,111865,3571,547,7726,4528,698,257,198,39413,73582,1830,7964,269,32118,16772,2256,8490,798,4879,216,2971,256,708,397,507,361,12745,1351,577,3173,11124,1241,45568,157179,116,2593,601,8128,70790,415,2187,240,1833,27489,1867,511,636,39605,11080,136,235,1205,9104,8152,1851,25979,69068,645,1535,2546,1648,67,232,5837,25427,1563,13538,1224964,1300,120,272,1493,303,1732,230,5963,13183,919,321,874,15166,2605,2545,929,989,3181,3404,37148,1730,15243,2114,552,2272,3062,13942,12014,1835,6455,2125,5518,26,141,15502,1098,58813,788,4331,32,544,5515,134,4605,2251,249,29,2560,17158,52,1621,757,157,5003,480,4186,3995,10929,2168,1810,6936,1670,2725,1558,3272,2048,7753,92,11192,2773,32661,2847,2532,3107,3734,1405,126,539,30,448,485,710,276,398,36772,1564,2061,4325,1164,3412,1730,2750,8005,589,2528,6558,543,1773,2582,21210,936,827,6205,2080,4008,1746356,16161,63,4301,1578,274,4443,1904,2271,19456,4017,2878,402,611,111,71320,1865,889,2434,14615,143,4589,5481,1459,41945,210,38,628,6679,1202,2111,19,40670,518,584,254,8013,24119,1441,160,5500,204,20323,211,19,1155,427,601,1382,6272,19653,16353,6381,344,6508,957,3337,171,5033,1833,20440,9886,2108,302089,0,134574,120,3985,254,6949,84,56,754,845,75,95,53,331,35,454,220,31,1188,9872,17074,720,1300,747,40,493,65,162,185,1076,626,65,1780,745,33102,555,835,39,22,876,1234,1318,41,1261,98,27,1188,33,1591,493,360,448,207,125,0
TCGA-49-6745-11A-01R-1858-07,87,270,514,34,5113,4663,9759,9644,3903,429,79,529,1125,498,231,1233,7455,2215,64090,2196,300,3107,3186,261,165,105,21051,27754,1795,4042,195,8603,17308,2143,3977,418,2050,203,643,302,490,333,178,140,8986,1285,384,2042,3483,1482,22097,56953,40,1548,223,4197,17369,219,1699,180,988,16732,765,639,272,18043,1964,106,370,669,2602,5677,951,13968,48621,662,587,2659,1921,20,71,2070,20412,3422,7255,903405,880,66,153,1379,319,1115,165,1464,4467,315,314,352,4755,3975,1423,1164,742,1603,5200,41438,1329,9584,659,443,925,1912,2681,16843,1192,2761,1495,5181,21,281,5099,592,25342,129,5563,14,349,1577,74,2675,421,204,30,1131,7363,40,1213,5141,66,6527,584,3429,2054,4471,566,2457,3940,461,2325,655,1837,493,4625,163,12947,3033,14469,1221,1150,1944,796,862,50,1066,30,369,223,1012,212,114,17656,3427,5298,3621,563,2133,314,1145,1628,291,2012,2853,156,3509,4213,10612,384,2842,2496,7328,2946,1767705,12231,35,2434,1545,189,1362,1438,3005,8403,6598,2500,632,254,415,22778,994,367,1854,5958,84,6510,1765,872,24833,95,42,343,5457,845,1016,89,7858,177,346,234,6417,8572,32,82,6074,312,10624,38,18,701,206,3940,1618,2400,19462,7345,2928,182,1975,406,1213,95,5586,1430,6827,3057,687,156542,4,40626,99,1721,2,2838,94,11,373,507,35,21,23,477,26,232,324,31,302,7785,11915,146,440,328,61,215,81,27,55,546,370,22,3207,138,25242,233,616,33,5,657,1907,969,41,287,45,13,720,32,2396,172,149,262,101,55,0
TCGA-50-5932-11A-01R-1755-07,79,386,2659,64,7635,4625,12252,15502,7251,496,29,954,1316,818,223,887,6260,4008,43049,4041,334,3610,4339,360,168,227,21534,43085,2187,3446,196,18337,12370,3521,3249,418,2182,432,1030,299,312,204,201,237,8192,2305,870,4367,5518,1600,15412,58454,28,1332,101,4214,27384,234,5835,57,727,14401,1005,625,366,22753,6177,97,413,953,3730,2269,946,11796,91112,806,1557,3965,1224,21,317,1842,10810,3548,4461,409126,555,42,107,1314,688,1045,124,2779,6105,605,377,290,12091,2889,1631,1596,783,2033,3337,15540,2230,2039,684,493,2637,1006,2956,6919,1190,2857,808,6107,18,338,6811,454,20679,256,6090,32,205,3174,49,6283,991,189,15,1485,15377,53,1519,1622,163,5213,294,2656,1575,5592,3452,3568,6742,510,2285,470,3367,1048,3510,160,4926,2097,21779,1203,881,1376,2263,1111,63,812,11,365,252,453,111,117,21599,2277,2948,2578,401,2470,703,2235,2193,655,2422,4506,149,1967,5141,22981,505,2005,2218,8599,2401,838899,10032,175,3707,1472,254,1641,3299,3448,2748,4787,3296,318,356,90,20666,967,724,3838,16386,105,4393,3169,1131,26351,88,58,159,9955,445,709,205,10485,151,335,98,2798,7857,90,71,2151,349,6395,63,17,854,180,1959,1037,2312,21409,9553,2598,141,3486,530,1443,85,3296,2466,10078,4965,1551,83954,0,34340,94,1970,92,3829,100,18,224,474,18,20,50,235,63,77,190,40,607,10818,7650,115,361,445,26,204,48,44,20,506,368,50,94,652,33553,145,505,28,31,1194,761,2360,50,378,25,10,531,19,1789,206,301,271,48,66,0
TCGA-55-6978-11A-01R-1949-07,89,260,3414,61,4552,6398,12741,10263,4752,52,46,1111,1241,669,156,1183,8942,2911,31670,3260,220,4093,3488,328,56,164,18514,34422,654,3984,117,13934,9582,2424,3672,433,2440,147,1125,226,376,195,115,118,9478,1173,576,5859,5069,1178,14601,49016,69,1200,55,4366,20985,138,6798,65,860,12360,684,468,385,15848,4449,47,119,843,4100,2668,1068,9504,75193,332,822,2672,1090,2,104,2289,9634,3070,4648,393793,510,95,151,881,504,1036,188,2385,5056,290,360,374,8020,2488,1249,1461,487,1525,3204,19869,484,4097,623,292,1746,2052,2665,3573,1182,2632,900,7163,29,379,6817,451,21139,317,5504,31,281,1874,67,5146,137,137,22,1324,12247,38,1091,4233,168,3848,300,2314,1829,6392,1184,2648,4117,494,1499,403,2852,660,3850,123,4520,1988,18043,1447,1214,927,1076,1027,75,640,18,417,204,697,76,147,17949,1399,3704,2206,500,1849,649,1436,2997,536,1943,4173,191,1170,5891,13257,542,1104,1485,6834,1807,535356,8816,127,2920,1471,238,1304,1914,2172,3799,3937,2790,270,338,58,17205,482,396,2674,10911,87,2472,2261,1134,19860,132,119,361,7856,425,423,59,13900,58,242,122,2061,9304,61,111,2227,239,10391,38,18,982,76,3687,627,2874,9851,8320,2000,135,2882,547,1649,63,4037,1499,5135,4281,555,68635,3,49972,190,1287,62,3024,149,22,357,273,18,21,16,179,32,61,76,58,486,7514,5692,103,237,396,42,239,34,16,23,491,441,37,390,592,24916,163,456,33,41,884,946,2477,50,354,42,12,462,12,582,171,178,63,72,66,0
TCGA-50-5930-11A-01R-1755-07,74,314,1310,36,5450,5749,19521,11171,4882,128,15,902,898,846,206,832,2877,2401,61178,3446,152,2960,3370,243,190,165,33097,37278,2274,3758,210,18368,11158,2303,8699,373,1879,501,1260,172,288,179,184,200,10746,1214,464,3361,5191,1138,12869,49624,49,2331,122,4682,26039,137,2713,64,666,12334,786,560,248,16598,4891,46,34,686,3277,2230,1441,10248,65355,529,1065,1984,757,30,192,2636,13564,1467,6346,801412,657,34,150,864,454,1026,176,1570,4482,250,234,320,12029,1921,1658,720,404,1895,2223,27749,1629,5735,562,473,1474,1360,2939,8452,734,2464,673,3837,27,94,13780,330,22486,224,5157,156,169,2194,37,4370,1202,103,32,1462,15208,14,842,3062,109,4806,257,1911,1763,4087,1332,2524,4818,445,1250,480,1609,727,3105,49,3926,1133,15454,1636,993,1158,880,707,52,634,10,339,273,428,425,126,20373,1865,1521,2736,438,2758,457,1479,1439,522,1973,3676,111,844,5932,15830,696,2045,2304,11152,4679,1177747,9795,47,4630,927,224,1151,5208,1540,5338,4551,2162,229,371,55,21915,609,417,2035,9608,69,2573,2470,910,22222,99,53,155,7658,514,203,141,3755,8,384,108,4863,7042,41,41,2637,103,7365,43,13,508,91,913,964,2060,9844,6741,2529,80,3429,634,1677,53,4685,1031,12883,3209,1050,80449,2,60278,65,2752,37,5841,20,15,208,178,18,13,17,322,65,143,170,16,371,12430,6051,20,395,175,9,224,32,31,20,288,203,24,44,381,26217,85,419,15,19,976,430,935,24,515,15,9,371,17,2660,196,209,91,131,55,0
TCGA-50-6595-11A-01R-1858-07,145,713,10229,72,20613,10674,22647,21120,14209,217,32,2734,2344,2089,601,1692,27075,7326,81802,10057,631,8286,12972,686,171,381,41035,95840,4709,7463,626,31051,10697,9594,8882,811,6058,226,2279,1094,735,573,207,380,17842,7399,2534,15445,12746,5031,34146,107222,111,2326,226,12038,57889,518,45047,230,2593,31693,1923,1383,626,26447,12643,323,196,2510,10024,4347,2465,18812,292740,1170,1799,11407,2963,45,170,4527,19643,14375,6156,873597,1404,100,262,2803,1622,1754,284,5211,11770,647,1243,714,23463,8968,3636,4635,1807,3995,10175,42232,6850,5416,1320,806,5775,1878,4874,9907,4272,5563,2210,23751,57,887,17991,1156,41813,808,18360,103,380,4262,77,20533,374,638,37,2551,24584,62,3076,9496,288,12730,967,5148,3873,12611,2003,11639,10336,1717,5233,1302,8352,1411,7155,464,14396,6078,43428,2188,2018,2775,5245,1631,147,1166,22,1465,469,1088,935,356,42528,4399,8450,10579,932,5119,1951,3899,6910,1350,5522,11774,362,5219,31013,33424,1159,2573,2189,15189,6036,1368551,25374,710,5468,4978,549,2741,6870,7649,5955,14087,11962,797,669,597,31110,1622,1065,9924,35321,113,10257,4784,2230,61359,199,195,523,23311,927,2442,264,23302,476,1094,204,3801,16532,86,169,2219,315,20437,263,25,2789,181,11456,1202,3809,31801,20294,4870,317,7681,1499,2703,175,8363,5865,14556,9953,1870,178698,3,115230,197,2309,43,7601,770,60,676,593,27,49,35,458,136,385,599,58,1274,21506,13309,135,854,501,54,444,100,85,39,727,1517,103,2347,1622,72726,219,1606,98,142,2018,2209,7378,193,806,87,20,1740,29,4034,761,719,374,102,137,0
TCGA-38-4632-11A-01R-1755-07,74,167,440,41,1623,2804,1867,3543,2843,34,10,332,596,241,36,925,2572,1438,21502,822,115,748,852,32,18,39,26693,10515,135,3094,62,7663,2454,1194,2209,436,1061,4,729,129,287,123,161,104,6337,717,258,820,1242,796,9662,25124,27,764,4,2946,3010,122,572,177,329,9739,643,149,179,6481,1117,4,64,396,887,1620,750,6454,20912,350,377,1276,801,17,51,892,11587,1245,3293,759251,822,69,117,610,350,1478,232,493,1943,201,94,239,4206,1437,546,376,434,1045,2682,24879,950,7501,251,365,992,1111,583,9828,859,1616,96,5384,22,168,4458,199,24430,94,3508,4,93,1059,36,2881,14,125,13,987,5852,11,554,11,64,3940,266,930,1441,1937,451,1538,1420,21,1053,168,636,302,4923,87,2792,908,5421,702,1036,228,121,373,49,514,18,190,78,100,51,58,9430,1341,1602,1834,521,1202,273,1351,609,279,910,1633,286,1050,1737,8037,605,927,18,3008,2185,587758,5937,29,1340,528,64,359,1006,1188,465,3569,1343,195,251,30,33511,209,223,1163,2957,29,2361,317,711,8045,100,172,27,3345,811,33,12,1056,1,138,311,71,6330,4,18,873,142,5475,4,19,304,0,5876,391,773,7164,2827,2403,85,664,329,1766,9,3937,524,2155,1058,104,21208,0,14929,25,3443,16,1532,20,10,158,103,18,5,2,125,10,129,70,5,85,3512,2931,10,103,143,6,61,22,19,6,123,62,14,17,69,11936,189,96,8,4,383,536,400,10,311,5,5,359,11,974,169,72,436,16,35,0
TCGA-55-6971-11A-01R-1949-07,104,230,1544,61,11776,6623,21032,10476,5220,159,74,532,1002,577,164,1085,6790,2919,42585,2676,168,3087,2635,282,146,101,38976,39973,598,4086,220,15171,11343,1801,9302,536,2351,577,1062,182,330,227,168,127,5464,1461,519,2768,7792,1164,14028,40681,70,1221,91,3523,22468,184,2268,101,997,13380,1239,343,448,19089,4390,94,109,617,3883,1878,1790,12424,51410,411,677,2283,1091,30,76,2282,12505,1527,5939,1094701,1098,63,157,1261,342,1062,169,2317,7346,311,337,503,9316,1687,1205,840,411,1730,1977,31851,2206,6020,279,401,1233,1466,4040,6751,1163,2843,823,4294,43,85,14780,367,29519,309,4728,72,169,2733,106,3116,1235,132,18,1443,11514,13,1529,1391,101,4468,268,1715,1795,4994,1363,2162,4752,583,2027,569,2689,658,4305,83,4089,1781,15204,650,1113,780,1025,2746,73,322,18,625,198,314,222,178,18283,949,1588,3648,658,3297,700,1428,2365,389,2303,5054,226,1170,3592,10455,792,1134,3500,2896,3493,1107673,6866,73,4170,985,176,1191,3408,1736,6732,3223,2480,253,479,182,25093,650,339,1966,9444,145,2338,2297,1202,21206,170,47,220,6789,674,855,18,12405,96,361,214,3845,6445,75,112,1852,171,6974,66,25,754,104,418,593,3832,11284,7517,3371,95,4562,577,1819,64,3608,1428,12324,3286,1299,47822,1,60019,64,2101,67,3100,73,20,255,3806,9,30,30,317,14,119,132,14,551,4384,5151,91,753,140,32,244,58,10,39,475,281,47,616,456,22890,123,329,29,12,660,525,1300,48,586,42,15,487,22,1710,653,215,127,117,43,0
TCGA-49-4512-11A-01R-1858-07,59,119,249,24,9389,2384,10961,10250,1876,87,24,357,1488,322,47,1233,4879,1334,55195,1982,185,1488,1956,194,104,58,19307,10312,797,3156,179,10764,7185,934,2852,439,1372,84,1718,154,282,182,125,142,4824,885,180,843,1690,806,24194,70389,18,820,101,3518,12681,116,975,145,754,14731,277,735,212,12247,2517,26,62,468,2084,5677,736,10419,24429,520,509,1112,1145,21,16,1214,12234,3235,8832,757691,1158,61,110,699,600,1319,220,901,2404,286,134,191,5578,3288,752,488,356,930,2698,33753,629,5133,431,349,477,1931,1432,4553,1296,2170,294,5699,24,227,2812,754,29460,106,3011,5,292,736,82,3055,723,172,19,1000,6969,112,316,2671,45,3750,259,3405,1642,2071,287,1410,2352,300,1131,359,861,420,3991,86,2556,1103,7226,1218,1075,1289,376,578,49,199,11,147,97,278,18,75,13237,2324,4924,1065,387,1383,1422,524,1891,149,472,1755,166,1432,2577,2534,533,1163,1906,962,1455,1200977,5582,32,912,1096,66,939,1346,1697,9475,2314,1255,193,128,114,35566,757,283,1312,2847,182,3415,834,575,16028,91,29,188,2676,841,721,38,7316,160,220,298,5373,6724,58,27,6239,94,6720,49,17,335,102,649,1816,1469,16710,3009,2238,89,1264,390,1350,71,2904,527,7786,1820,25,98558,4,34705,14,1196,33,2043,119,7,207,247,33,8,9,249,9,194,139,6,67,9325,5781,77,408,195,41,95,31,47,16,469,108,21,530,26,18268,245,511,6,10,510,1111,978,14,365,22,11,480,18,505,125,123,70,29,45,0
TCGA-55-6972-11A-01R-1949-07,68,274,7003,50,3854,5327,11924,10554,5980,78,31,1625,1035,810,297,865,10098,4978,26968,3361,144,3676,5895,279,79,181,20034,38078,1149,3091,246,12670,10932,4760,3602,374,2445,119,906,559,348,222,72,178,9793,3096,1194,7835,7048,2754,12627,46084,88,1225,133,4842,24843,253,17826,83,745,11375,881,398,386,13693,4072,113,116,1121,3925,2107,1345,7989,114945,406,933,5414,1371,30,101,1584,7444,5895,3351,384963,679,64,160,1305,600,789,123,2018,5581,360,778,365,8779,4300,1532,2500,1148,1969,4433,21719,2085,2436,629,390,1522,934,2910,6576,1546,2021,1449,6794,34,376,7794,257,16809,293,8542,49,124,1829,53,9788,366,316,14,1405,10275,13,1563,3522,120,6644,461,1930,1852,4897,1365,5010,4616,437,2730,516,3656,664,3111,72,3717,2586,16973,1039,1033,1230,1963,1474,102,1115,15,1033,184,190,100,132,14963,1987,2645,3037,446,2171,788,1362,2824,578,6179,4320,193,1803,10024,15949,429,2523,1366,7911,1991,472262,12831,335,3069,1931,197,2514,3013,3303,3762,7248,4529,477,291,98,14866,729,609,3742,13975,112,4427,2457,1152,28451,97,233,226,10040,445,727,25,10593,96,370,108,1780,8805,171,105,1138,285,7990,107,10,1720,78,2641,765,2381,13501,9620,1873,120,2753,624,1170,78,3808,3917,6243,4634,309,66350,1,39063,81,1236,100,2791,209,28,303,142,15,20,36,245,42,255,291,17,514,8258,1822,100,474,146,14,126,25,15,26,455,702,46,722,1365,33976,82,860,53,73,838,1143,3276,94,485,28,20,711,20,2045,319,306,43,76,81,0
TCGA-44-2662-11A-01R-1758-07,72,1011,4096,98,6296,9412,17659,24539,9420,302,84,1847,1994,1004,439,1830,7070,6050,47333,5443,329,4935,7727,476,54,431,35665,76149,3560,5628,359,27440,15746,4750,12660,616,4658,397,1680,440,505,428,177,501,30850,1355,1215,7141,8488,2806,15793,73106,78,1641,144,13892,49509,510,13833,174,1231,19786,1154,722,556,16971,7659,213,69,2082,5397,4344,1288,21426,143348,728,2639,6142,1589,48,270,4104,18211,8781,6220,1120781,808,76,209,2279,1172,1397,125,4356,11402,1384,595,877,26335,5188,3089,2260,816,2703,2984,57917,5320,7612,773,1821,5506,2085,8381,9085,2302,5325,1978,11430,37,324,14018,593,34059,501,11984,56,259,3981,56,15784,381,551,14,2503,18111,8,853,10148,429,11834,1165,3263,3681,7912,2997,11506,13036,1293,2610,1290,5159,1442,7428,500,9040,3586,25684,5974,1413,1083,3979,1009,149,386,28,1521,381,340,200,472,29048,2954,3097,4998,737,3994,526,5237,5049,1938,2368,6644,314,2505,3319,57364,891,1965,3413,29846,6526,1888023,28244,276,5587,2375,529,3455,4508,4093,2779,8709,3243,488,1032,250,21713,873,1232,5755,19125,201,5145,4078,3195,53167,112,96,350,16243,872,790,112,15278,381,1058,428,3392,16502,102,106,3090,352,11939,149,10,1843,210,6149,2369,4407,21826,17692,3974,175,4307,984,2258,41,7450,1901,15262,8829,457,159844,1,72234,145,3241,96,4738,193,23,456,605,15,36,39,279,51,246,304,61,659,24504,20383,228,335,683,38,192,82,17,29,517,987,42,1065,714,50141,212,708,64,55,2307,1083,3946,48,511,70,31,1077,48,1974,271,396,457,347,77,0
TCGA-91-6831-11A-02R-1858-07,38,86,3318,47,4307,3644,8748,8216,3978,154,13,765,895,590,123,562,9785,1970,24627,3441,183,2602,2219,153,47,85,13793,24936,1150,2298,142,11404,10379,1947,2294,374,1065,71,361,186,207,123,125,120,7894,1570,441,4316,3872,1267,13588,40359,37,876,64,2749,12336,199,8422,69,900,11516,498,484,157,12957,3711,63,156,601,3002,1735,732,6731,78815,375,361,3933,1250,12,82,1031,5601,2945,2266,261528,544,41,57,1135,372,601,106,931,4277,323,255,195,6788,1379,861,972,752,1471,1844,16060,2245,1773,542,185,1467,645,1611,2698,1098,2176,733,7170,19,71,3792,379,20952,344,4145,31,166,1916,18,7515,204,174,3,1060,11197,2,1321,2036,67,3590,500,2114,1359,6064,931,2592,4910,369,1985,395,1884,660,1756,65,2124,1939,19635,784,584,747,1024,577,28,302,3,457,104,535,186,76,13497,1708,2721,1974,287,1848,314,1349,2830,339,2633,2371,63,1704,6141,10176,294,1522,776,13264,966,327609,9877,86,1684,1821,125,1306,1571,2867,1712,6522,2449,394,173,60,14416,652,416,2788,9195,48,2203,2015,730,17376,49,44,156,6978,237,514,63,10626,48,179,54,1179,3800,36,64,1336,113,5511,55,3,512,60,1188,224,2381,9937,5193,1953,73,1786,391,1222,41,2247,1059,2263,2934,231,53198,0,37010,178,910,38,1196,130,8,229,479,9,19,14,130,18,143,143,27,418,4977,3031,90,209,139,30,176,34,12,71,548,347,38,340,462,23670,100,340,45,48,408,833,1866,45,251,15,15,727,18,1300,210,186,57,104,43,0
TCGA-38-4627-11A-01R-1758-07,122,610,3721,70,6342,4437,14733,28598,4741,116,73,1226,1959,775,244,1637,20200,3979,22709,2124,196,1781,4936,479,231,214,16504,19255,2230,4357,203,18180,9672,3828,2603,618,2122,348,1103,383,544,360,191,245,32450,2693,670,3206,2141,2246,18740,52934,61,870,128,5555,18975,431,8243,107,771,16660,524,1450,355,9313,2067,66,257,1092,1275,3644,532,17685,57817,946,1552,3579,2157,24,149,2917,15980,11819,12912,488809,539,74,156,1476,1775,1585,246,1259,2118,940,492,303,17970,8730,1834,2161,807,1373,6933,25207,746,4581,456,867,2720,1280,1567,8661,2697,2916,519,6208,30,344,3913,225,21885,82,12475,15,202,2640,116,19207,1116,282,20,1665,11168,10,1173,5666,158,11430,735,1857,2700,2473,947,5842,5001,517,2615,336,2238,749,7995,55,9459,2998,11616,1146,1314,633,765,630,93,1160,31,603,221,401,280,298,19471,2501,7824,2270,689,2213,905,3124,2282,1145,1029,3329,253,3036,19768,21268,898,831,5124,5391,1657,756297,10385,237,1368,2393,96,1058,2753,2708,31492,8534,3272,505,504,173,30972,390,846,2627,7771,208,6032,1193,1416,35290,89,250,126,11332,866,317,132,4389,43,442,717,6768,13090,121,45,3577,255,6993,73,12,1548,45,4705,3728,3055,24008,9898,2441,93,2660,871,1763,25,4201,2068,12728,3475,38,63655,0,28510,79,3608,23,2240,431,6,268,222,41,14,50,125,57,67,599,17,67,22423,1653,77,214,741,19,109,30,61,23,113,274,48,999,184,40443,189,656,40,20,2216,2037,3851,61,404,40,9,1138,11,757,81,170,416,453,89,0
TCGA-55-6985-11A-01R-1949-07,204,503,2881,129,15106,10035,30046,17575,7207,74,69,1388,2282,1614,219,2407,14766,5770,25169,5344,407,3699,4295,506,39,345,32727,52597,507,7247,469,22734,14202,3815,8555,964,3936,364,2690,630,678,382,144,513,15039,4536,1099,4535,7523,2805,19503,60442,115,1776,167,5889,24160,428,4866,112,1362,22965,1181,1121,820,14380,4678,124,121,1591,4286,2696,1231,16578,109569,438,1994,5392,2088,26,157,2624,21698,3383,6816,779054,1207,150,287,2036,819,2099,366,2230,6325,583,616,676,19444,4358,1806,1931,752,2718,4021,43463,7106,7595,1000,1005,4625,3934,4689,13102,2755,4204,1625,9347,81,229,12496,751,34721,405,9478,1221,172,4570,153,7550,792,516,27,2466,15771,192,2619,1054,366,11160,925,1947,3694,5934,2735,4918,9711,445,4381,477,5324,1672,8534,21,3181,3584,21475,883,2235,844,2486,1061,157,115,37,1018,223,290,173,218,26099,2512,3817,7711,1208,3682,326,5545,4222,1826,2473,7046,524,3226,6676,28419,1103,3210,3806,9529,3790,893134,17067,275,2899,2339,451,1809,3393,4673,6184,7586,5409,691,444,87,37149,1080,1003,4896,14118,213,6031,2568,3760,32444,288,129,324,11982,1138,958,77,28076,146,757,450,5579,9612,27,155,1052,135,16026,65,44,1433,111,4162,770,5881,26672,13176,4423,258,8113,1255,3551,57,6278,3497,22328,4398,398,77799,11,47124,62,4274,75,3876,138,18,486,1376,21,43,29,181,29,527,264,46,587,13727,2546,186,614,215,20,266,81,51,39,792,355,97,550,883,45652,110,1016,68,46,2705,1654,4246,77,893,47,24,1587,26,2229,641,387,446,314,173,0
TCGA-44-3398-11B-01R-1758-07,170,1945,3041,157,13522,11217,32767,27460,8714,2040,67,1032,2841,1763,424,2588,15396,8439,50528,6999,552,5641,6015,858,449,587,24965,80439,1382,7490,350,30821,20114,4380,5226,877,5837,781,1544,571,842,424,280,608,15720,3451,1216,9383,8572,2927,20868,89847,116,1628,210,13391,42645,716,4115,129,1385,26408,1475,1034,708,29928,8821,113,294,2322,4857,4183,1077,33975,138182,1555,3180,6598,3125,44,365,5999,20692,4623,10269,851365,529,143,346,2392,1925,2451,339,5528,11284,1574,827,603,26599,5048,2990,3006,926,3147,7825,30565,6198,5197,1085,1915,6092,4030,4413,18072,3386,5264,1598,8465,62,1447,13792,822,36147,1065,12421,64,347,7328,149,11210,1887,326,36,2733,20036,137,2252,2931,263,9081,691,4173,3864,9146,5989,6686,14234,1082,5547,837,6395,2694,9379,78,9230,4515,27365,1506,2250,1686,2542,954,143,2317,38,759,511,671,400,396,41232,4574,5981,3925,1127,3396,1173,4503,3358,1192,4201,8396,525,3825,8466,63374,857,3746,6689,7225,4469,1164929,16004,146,4038,2424,1608,1776,5604,5201,7805,8713,6474,621,942,226,25710,1145,1192,6763,27418,226,9150,2963,3881,65927,234,106,330,20464,1236,3439,188,14518,480,1410,438,6769,18051,73,62,2574,423,14634,58,27,2230,229,14704,2806,7101,45313,19109,3513,312,8778,1425,3096,81,8642,4059,18447,8196,526,137171,2,66938,203,3500,66,5428,187,28,509,881,26,29,34,238,73,284,323,36,659,15205,32399,239,726,525,39,338,119,137,35,469,347,89,2010,1202,55803,242,782,68,39,4127,1525,3310,90,696,66,16,2094,15,6946,291,498,61,162,175,0
TCGA-49-6742-11A-01R-1858-07,85,257,347,98,7445,6248,19273,6239,5172,37,4,830,1115,333,99,1880,1642,2199,36778,2133,372,2260,2117,384,318,59,34848,27885,2631,6028,231,21519,7397,1264,5153,567,2023,199,4053,150,405,201,160,84,4332,540,346,451,3184,1085,13079,47969,51,1424,217,3596,17104,162,54,111,415,13825,1243,320,505,14740,2652,43,59,336,2510,2548,635,14710,28387,284,400,916,1046,21,34,2508,13012,638,5170,989699,269,99,199,1033,304,1701,180,2484,6772,140,152,453,5078,1159,1168,343,450,1439,1852,28247,265,6933,729,238,1049,3886,4396,3422,1016,1698,1097,1971,45,51,8462,670,21046,118,1990,15,202,1189,156,75,1458,251,30,1563,9615,109,126,1584,56,4346,309,1283,2110,4022,1151,2675,2562,286,1704,363,2477,286,7703,211,12799,1755,14812,1324,1638,428,781,435,108,182,26,222,317,342,158,107,17658,752,2474,2900,671,2947,518,660,1851,309,623,2843,338,1869,210,7185,619,157,2871,3096,3155,1248921,9569,4,2564,397,97,1326,1890,1819,7897,3166,2001,30,304,17,33849,675,142,2975,5187,196,2657,2057,827,18989,159,4,205,3767,910,289,10,6094,165,195,297,4702,7474,421,13,2921,98,9446,31,31,313,386,9234,611,2709,4998,5574,4740,267,4617,500,2337,18,4814,1204,7639,2183,131,40602,3,41487,29,3846,33,2481,24,4,397,1074,10,18,53,290,27,882,141,28,225,4913,3348,24,240,75,24,133,85,63,11,400,389,29,214,84,27367,77,79,16,3,427,572,117,3,518,37,4,470,3,409,133,107,182,185,32,0
TCGA-44-6147-11A-01R-1858-07,95,309,3895,58,8110,6477,9547,17645,9515,211,17,4850,1630,1209,248,1272,8466,5224,42215,6073,202,3984,4911,328,103,293,28827,36532,1501,3599,169,16101,7647,2007,4207,1016,2028,255,1001,207,360,333,142,168,26834,774,693,9624,7471,2740,21046,68521,143,2016,93,7469,25095,401,6069,181,871,18492,1664,460,290,16468,6088,167,171,600,3531,2347,1407,13297,147395,661,1210,5577,2341,26,116,3734,8700,5762,5632,554794,1200,198,170,2608,421,1831,282,2217,6111,487,250,386,14163,3513,2403,1757,1011,4512,3395,37951,2179,4641,436,344,2163,1421,3227,5388,904,4544,623,9477,39,270,9727,181,24305,369,10459,43,304,2106,72,7033,430,176,16,1710,28894,39,722,26448,242,9453,857,2496,2743,7913,1675,9972,8635,805,1996,572,4166,1192,4495,218,9742,6461,46571,2410,1338,427,1690,946,153,367,14,1238,224,829,390,135,25948,3580,2950,3234,461,3969,814,2165,2225,921,2911,6936,156,1448,4562,17852,446,1480,1987,35239,2796,1106797,25431,33,4953,2768,165,4187,5030,3414,4904,15875,2935,324,504,211,18454,765,229,3964,16735,184,2119,2508,1752,69678,172,139,500,19457,730,263,124,4905,93,413,226,2599,8408,133,121,2953,362,7961,274,32,951,86,18278,1142,5522,12973,8922,1802,72,3542,1025,2412,25,5063,1034,7130,5430,239,88350,1,73539,167,1799,25,2652,51,14,614,107,16,40,29,336,21,114,159,27,621,7654,3089,84,119,419,45,180,47,64,33,520,319,37,355,492,43262,141,529,35,29,865,1757,3381,20,681,28,13,946,17,1076,90,248,191,298,71,0
TCGA-91-6836-11A-01R-1858-07,60,77,1601,98,7832,6070,15823,6741,5336,22,56,733,701,508,102,931,5438,2261,25993,2156,49,2648,2383,261,67,100,19061,25542,1063,3629,206,11585,5983,2151,8396,427,1948,547,1088,192,287,141,147,133,6913,1769,485,1535,4722,976,10394,36872,44,1051,77,2865,13228,94,6645,80,794,10880,1049,370,474,11589,2788,68,113,515,3007,2251,817,10081,62549,159,656,2767,727,82,59,1175,9810,2704,5345,505613,747,46,126,957,550,964,125,1776,4597,252,249,331,5632,1829,902,790,500,1473,2369,23613,2308,5573,525,327,726,1336,2571,5772,1272,2431,529,5005,25,115,5150,461,20408,153,4230,63,223,1458,62,3978,676,158,12,1520,7726,18,739,2917,68,4365,327,1097,1631,4705,943,2265,3497,233,1519,352,2340,450,3916,61,2201,1796,12824,688,885,690,968,923,44,407,10,509,186,92,118,148,13953,1254,1550,1639,464,2358,586,1123,2863,375,882,3387,163,1304,3455,8929,770,1020,2620,4273,2854,560013,8461,136,2076,1173,90,1090,1557,2295,4196,3314,2976,265,396,59,24093,395,345,1999,8096,42,2052,1814,1230,14303,148,42,205,5215,554,382,47,10183,25,276,157,3754,5399,84,82,591,82,6037,42,8,340,39,2675,383,1956,8539,6575,3629,179,4071,551,1561,35,3484,1315,11763,2534,270,41896,2,34627,119,2070,2,1925,58,15,259,2223,14,16,15,159,14,94,93,29,398,4357,2347,174,222,108,24,127,65,35,43,322,326,30,513,296,25698,118,446,48,28,460,658,2012,47,441,19,10,699,13,546,257,223,438,84,46,0
TCGA-50-5931-11A-01R-1858-07,36,391,4483,47,9638,5765,8933,9982,7042,35,3,3307,865,695,256,846,8582,3252,38731,4287,146,4257,6774,142,23,176,22531,58964,2709,3439,242,17062,5315,3994,5539,409,2814,143,1083,407,283,291,176,89,10814,1984,985,9233,7438,2436,19451,64775,27,1428,210,7236,33098,183,15732,107,1490,17145,1012,765,356,17113,6054,54,104,783,4613,2841,1000,12660,152721,373,450,5966,1342,26,38,2356,9996,7311,2553,654911,723,33,129,1014,634,928,105,1960,6870,141,403,456,8135,4783,1875,2788,1163,1498,3943,29146,1486,4404,832,421,2164,828,4078,8181,1341,5193,998,8911,15,290,9891,649,29317,295,7664,58,255,1583,28,20240,119,430,10,1875,14201,2,1568,2107,48,7662,437,2965,2294,6438,609,5920,3584,854,2276,798,3598,388,3511,327,11891,2748,26120,3318,1174,1196,3010,505,65,1955,5,560,202,615,34,170,24202,2920,3026,5377,333,2521,736,1049,4403,479,4420,4906,109,2423,4280,11019,504,2772,1121,22068,3183,884638,17544,361,3179,2164,153,2446,3892,4379,2981,8882,4491,386,119,87,18678,711,450,4755,17282,68,4192,2747,570,38859,92,196,321,10634,415,1367,167,12152,197,365,75,1263,9928,151,82,2102,251,10241,90,9,1292,133,15145,544,2704,11483,8418,2519,81,2487,755,1430,58,4452,2045,3666,5714,108,143379,1,63299,91,1168,101,3462,268,39,378,242,16,18,13,235,42,321,284,30,713,6346,12751,132,424,179,18,283,35,24,29,448,1060,48,252,423,39052,106,562,45,35,466,809,2671,56,563,50,21,649,25,3006,166,299,221,149,58,0
TCGA-44-6777-11A-01R-1858-07,57,502,2018,69,6795,3894,12271,11945,4818,202,98,553,1131,679,123,1369,6197,2434,26043,2647,202,2176,3909,338,175,137,23128,35223,1269,3472,266,15421,4650,2504,4656,414,2240,213,1898,276,380,210,104,212,4599,2001,703,4333,2973,1517,9301,32736,32,1109,69,4519,22038,213,6009,48,420,12757,654,579,437,8905,2057,56,98,829,2284,1601,496,10412,68056,376,1418,2890,1015,18,132,2083,12285,4034,4052,891751,394,70,144,1114,708,1129,155,2719,4964,431,266,277,11765,2769,1334,1366,396,1410,3434,25796,2006,5620,453,551,1702,1322,1730,5633,1349,1791,852,5690,17,307,10023,397,16579,40,6177,77,106,1820,76,9603,762,310,18,1353,9128,32,788,829,138,5608,313,1376,2223,3471,1476,3677,5544,544,1901,385,2726,431,6232,59,5281,2065,12390,740,1059,592,1292,228,64,588,21,310,261,322,324,148,16064,1732,2814,5084,524,3443,619,1550,1641,551,1229,3777,204,1532,4068,23529,515,1493,2022,4525,4569,832574,6890,180,2860,1075,305,885,2615,1865,5970,4103,3086,264,444,62,17234,355,520,3409,10582,137,3352,1295,1008,28543,96,42,87,8537,706,286,25,3662,74,540,325,3662,6944,74,30,1490,128,7513,32,20,673,183,1602,886,3344,19647,9050,2995,96,4752,560,1567,28,4673,1574,6266,2795,363,55844,4,22450,46,2341,14,2650,88,7,337,576,7,14,33,124,23,42,178,10,241,8673,2946,132,241,148,6,145,43,10,12,138,256,27,404,131,32555,45,399,45,16,2095,797,1653,47,293,27,12,604,11,572,209,167,355,63,50,0
TCGA-49-6761-11A-01R-1949-07,54,126,5939,49,8328,5038,11067,5982,4689,22,5,2306,671,525,174,826,9657,3136,29184,2010,39,2350,4342,73,16,86,21558,24421,715,3271,231,13078,5833,3963,5511,359,1480,191,828,367,263,199,95,95,7841,2881,1020,5419,3755,2166,13789,42736,40,1001,145,4113,21195,104,9710,149,759,10290,667,486,455,11073,3109,59,62,889,2504,1818,900,7232,95709,137,854,3486,927,68,52,1206,8519,8683,3150,632438,1031,31,124,1233,351,779,106,1855,4030,248,314,306,5990,4178,1186,1838,642,1822,2765,33438,767,3815,420,479,1214,1096,2449,3622,1640,1640,646,5937,9,366,4001,367,21404,128,7009,321,147,1102,40,11246,112,338,15,1362,6867,7,938,1813,47,6256,486,1435,1706,3677,649,5501,1910,347,2129,457,2072,373,3032,102,1700,2097,13985,972,992,939,1096,1008,57,1257,14,411,129,108,146,155,14429,1235,3496,5523,344,2377,335,1492,1915,535,752,3439,154,1637,12874,11194,411,1780,1519,3078,3170,823859,10361,236,1501,1806,101,1146,2145,2339,2075,5538,2646,326,175,74,21339,421,528,3310,9465,74,3067,1679,982,25589,110,328,112,10360,488,442,14,7352,60,409,161,1789,6439,95,32,806,157,7085,39,8,975,41,6818,495,1311,9983,5852,3110,112,2149,407,1159,56,3251,2453,8240,2654,252,64571,1,31624,68,2254,31,1774,186,13,126,1750,14,14,15,191,12,184,228,11,216,8440,8371,207,301,78,13,132,37,24,20,240,281,29,94,220,31038,155,602,34,50,847,1063,3477,79,496,31,8,637,16,793,229,225,313,28,59,0
TCGA-55-6968-11A-01R-1949-07,92,222,771,64,2627,4160,25864,3723,3285,11,17,222,530,310,72,1332,2391,1533,14168,1007,154,1378,1830,263,226,59,31608,16266,495,3193,193,9372,2865,1505,6337,444,1568,349,1669,138,359,263,94,88,2811,572,349,1334,2631,694,6000,18385,63,862,38,3235,11117,140,332,88,364,7496,684,157,491,7178,1692,11,39,444,2202,2053,557,10335,24379,96,412,1022,463,21,86,1495,7452,1596,4751,791535,721,62,205,659,127,1489,173,2850,4076,135,170,441,5364,1223,647,628,185,1070,1609,47197,1003,4536,361,233,1231,1276,1373,7395,896,1768,1188,1738,37,65,6460,355,17514,145,3298,65,109,746,122,2821,504,198,21,1185,5209,12,369,159,71,4668,210,749,1789,2573,625,1489,1906,219,830,295,2155,320,6819,72,2564,814,6603,500,1034,475,632,530,92,144,35,180,134,197,31,98,11688,578,921,9690,743,2790,224,789,1103,330,754,2684,214,837,1418,8716,630,844,4317,1196,2852,970300,3745,30,3026,484,148,792,950,953,6179,1893,1233,127,385,33,19802,290,251,1589,4044,207,1705,796,586,12532,142,22,79,3128,667,418,13,5751,59,109,510,6344,4767,12,30,2090,186,4835,12,10,531,184,864,459,2273,6231,5285,2033,149,5611,578,1541,32,4349,747,9606,1598,988,41409,1,22759,34,4110,1,1446,48,17,148,411,16,14,30,105,6,480,104,21,187,4242,3409,59,240,42,9,94,51,12,18,147,116,27,376,333,15831,72,182,19,6,875,335,492,11,369,25,10,253,8,785,441,60,255,232,17,0
TCGA-44-2657-11A-01R-1758-07,144,250,1235,124,6060,5870,16004,9436,5289,37,30,569,792,378,152,2180,4926,2850,38989,1294,71,2016,3578,253,48,137,28985,29318,3332,5637,285,11517,6570,3341,8741,591,3325,150,858,324,668,225,90,129,7980,1508,619,2611,4759,1539,7757,29021,70,1160,132,6032,27164,197,3249,94,553,11485,1104,241,520,9582,3459,49,99,822,2533,2863,748,11643,52311,209,918,2329,810,27,70,2238,13076,3905,4850,908063,487,210,216,1037,668,2225,246,3858,5197,648,268,472,7929,2439,1504,1028,359,1217,3275,61306,3281,6556,578,737,1313,1887,3273,6329,2139,1999,1344,4248,80,65,10302,258,21198,211,5656,19,155,1726,99,3658,475,303,34,1768,8667,60,540,2416,112,7257,348,1183,2513,3937,1017,3145,5096,711,1618,418,2712,268,7947,133,6721,1674,12313,763,1902,1191,2118,753,244,59,87,325,204,216,72,333,15927,1370,1202,3716,1083,3515,666,1280,2058,651,1142,3782,433,1583,3167,19858,708,967,2785,3606,5343,1254029,5078,119,3704,757,185,1280,3475,2083,3649,3948,2360,202,483,75,14059,352,467,3372,9614,126,4452,1479,1331,20497,175,19,134,6611,1343,341,11,6899,52,349,366,3574,9855,53,35,1475,202,8320,70,59,659,264,1567,750,2154,14305,7338,2223,123,4883,646,1805,52,7006,1466,7807,4071,681,75081,3,32943,84,2445,41,2351,128,11,220,1419,13,13,30,233,17,90,179,6,306,6972,8452,118,234,242,13,184,59,18,16,232,1159,58,889,156,23835,87,301,22,13,583,621,1330,26,671,17,7,546,16,964,240,176,480,111,43,0
TCGA-44-2665-11A-01R-1758-07,162,1220,1188,116,14310,10077,48288,18532,10621,41,24,475,988,938,393,3764,6218,9212,71489,4196,238,4621,5825,871,110,188,44189,64737,4682,7741,403,28407,8020,4509,18486,770,3860,555,3973,562,662,440,173,177,27715,1495,1313,1933,10361,3910,22822,83700,116,1924,565,8966,46486,226,3063,148,1329,21984,1873,683,991,15713,7412,169,108,857,5496,4496,2424,25107,92304,515,1370,3640,2075,59,81,4208,18688,3447,10779,1135815,836,78,310,3438,599,2300,294,4958,8505,403,541,957,27392,3742,2260,1182,1215,3188,4337,97708,3418,12697,1100,767,2672,3907,8422,10864,2082,4360,3491,5058,56,61,19533,624,30556,297,8542,93,183,3140,167,661,1524,369,27,3263,22616,34,348,8524,237,14013,1175,4619,3541,7078,1561,10572,7773,1057,2728,886,7368,994,12397,186,7480,5418,29591,3949,2062,1634,2781,1156,160,215,28,939,352,470,373,309,45739,1568,3613,9921,872,5584,1153,3709,2420,1007,1093,8837,400,4069,1516,25902,1332,280,6123,11353,7782,2346483,17266,35,7457,1358,238,1971,8237,5842,11687,8231,5098,439,820,207,36286,750,338,7960,16010,335,8834,2924,1535,54104,234,13,232,18963,1207,566,35,12346,164,442,881,6808,20695,207,92,2951,256,15416,98,22,1423,328,1744,1773,5488,14793,16528,2893,103,7650,1309,2895,77,10308,2881,16623,7994,1002,153306,1,91953,111,3753,53,8051,73,26,489,230,36,34,25,406,66,355,397,6,611,14900,10169,25,795,669,24,224,42,55,32,647,1168,69,1673,150,64806,247,323,45,14,1172,1189,711,13,895,42,26,1364,18,5188,480,180,396,133,41,0
TCGA-44-2655-11A-01R-1758-07,165,1817,4963,77,26642,12520,27590,31642,14318,228,97,1929,3732,2295,450,3298,22285,15827,49721,8365,1109,7709,13113,538,118,449,28844,118525,2082,8329,531,37710,26435,8526,8751,906,7008,504,1269,1236,994,496,177,793,29486,6317,2914,13635,10966,6810,32387,121560,133,1592,448,15050,69517,742,8009,230,1808,29093,1591,1484,1006,29662,10334,137,385,3737,7311,5268,1334,24045,196639,753,4503,10161,4543,49,367,6438,22334,11563,7280,782166,1141,141,355,4571,1409,2589,411,8389,13163,1697,1118,748,44643,9433,3484,4118,1552,4148,9950,51776,6754,6385,1088,2004,8256,3338,9236,13063,4718,5250,2293,15737,44,123,6841,1285,39072,667,20502,81,628,6182,140,7134,201,749,47,3345,24837,161,3392,6235,458,16129,1661,5378,4585,12108,5969,17681,15040,1604,6795,1785,10127,2720,10445,531,19846,9071,39827,2750,2696,2824,4281,1314,201,1311,36,1429,519,543,252,561,41344,7560,8980,9929,1210,4538,2172,6167,5150,3009,2260,12271,602,8108,9100,74509,859,4705,4078,11924,8991,1795955,32582,300,5545,3756,1197,3633,7416,9637,6365,14972,10212,943,692,301,36601,1621,1600,15328,34731,433,18829,5100,9915,95236,256,60,348,35449,1333,1912,197,23650,324,1426,565,5978,26941,182,111,2576,292,18607,163,21,3240,455,11097,2829,7915,48246,33643,4256,522,6397,1967,2621,124,9543,6026,13993,12591,8741,213881,3,82114,145,2819,29,6137,386,37,685,553,25,43,45,261,114,117,367,56,786,40867,19511,156,831,755,50,326,129,77,38,668,583,130,2580,1631,78136,327,928,123,43,3402,2519,5995,147,679,91,9,2143,28,4940,398,705,211,107,164,0
TCGA-73-4676-11A-01R-1755-07,76,229,3103,104,4005,4590,13278,9007,4266,34,18,2019,1133,630,108,816,9046,3997,39309,3825,81,1762,3203,146,77,68,21835,19560,875,3453,186,11920,11540,2134,4488,426,1164,156,865,164,253,192,122,195,16442,2349,462,3654,2936,1315,15306,46435,30,1638,86,5522,18183,130,8464,88,699,11845,392,570,167,10478,2494,57,142,780,1573,4575,552,9353,89725,455,886,3255,1410,21,54,1673,11403,8319,7126,604052,566,60,118,1153,443,809,106,936,2505,329,296,171,9991,4607,1151,945,597,2295,3331,21958,1693,3845,699,392,1304,944,1957,5879,1490,2280,366,11517,29,316,4147,314,22071,103,6469,61,236,1173,41,25526,257,299,12,1556,7970,12,956,3152,76,6581,588,1447,1886,3130,658,4262,3462,390,2037,443,1585,474,3242,23,2323,1657,10361,2155,765,954,854,505,43,1145,16,592,117,157,223,184,14390,3934,3810,1668,398,1881,760,2214,2060,520,1090,2147,141,2095,17564,13006,654,2523,2285,8186,2150,1008831,17753,96,2126,2516,132,1493,2380,2594,2893,8502,1837,458,182,48,27639,434,436,2567,5705,69,3725,1264,957,19123,35,112,181,9559,464,293,131,6535,29,1001,190,4114,6563,51,27,2291,158,6258,61,9,563,16,19645,1042,2093,12071,4321,2423,136,1718,437,1320,43,3788,717,11196,2625,165,70271,0,31734,115,2024,32,1229,198,6,188,175,25,12,16,217,4,164,184,15,155,15529,7156,192,227,397,23,79,33,60,19,269,220,36,372,171,30640,140,709,24,22,1100,1276,2591,40,349,34,5,835,18,2081,155,259,101,133,43,0
TCGA-50-5935-11A-01R-1858-07,54,396,2514,50,15624,4758,13055,10571,6403,149,76,667,871,628,262,1353,7259,3895,38065,3731,165,3649,3152,369,41,131,16807,43560,2419,3784,293,15268,5212,2891,4101,465,1811,201,1734,413,426,245,110,75,8856,2147,1104,4952,4258,1926,15894,49172,32,999,159,4307,40443,162,6289,87,876,14009,976,557,413,14048,6859,174,129,562,3910,1534,703,14070,75767,391,478,3493,1411,9,35,2023,10229,3594,2991,467093,438,71,142,1366,870,1248,159,3138,6270,252,267,357,8352,3120,1355,1254,697,1714,3501,17175,3456,1961,589,515,856,1814,4184,3758,1806,1976,1058,7764,21,237,4385,628,21610,218,6102,46,286,1866,64,2074,585,137,20,1437,15428,71,983,2341,65,5329,464,2732,1701,6633,1204,6361,6895,907,1907,789,3178,498,4546,141,8928,2792,22710,1219,1073,985,2584,327,60,372,18,536,387,252,492,126,24142,1914,3284,6524,466,2922,1091,897,1843,431,1240,5085,298,2061,4057,9161,333,1048,1558,3976,3378,482880,9839,145,3403,1824,142,1088,2854,3054,3765,4966,2892,235,303,158,24515,794,241,5421,15679,102,4977,2513,1499,29448,151,44,170,11303,608,573,64,8008,286,478,186,1867,9292,136,43,1069,164,9184,87,14,611,160,2136,785,2326,12617,8468,3316,144,2878,735,1495,66,3588,1981,7371,4183,665,78025,0,37280,59,1256,52,3523,106,15,295,456,15,17,20,200,27,377,271,34,378,9942,5626,156,340,266,27,141,40,14,29,341,610,35,229,123,34925,71,343,27,28,547,821,1718,24,298,24,12,713,8,1375,211,277,205,52,44,0
TCGA-55-6981-11A-01R-1949-07,93,154,930,15,6484,4874,13142,9891,3938,46,6,306,806,670,112,927,4257,5290,16620,1753,230,2452,3805,288,37,134,11040,28427,869,2660,197,10608,7147,2721,3438,348,1646,274,623,462,274,263,50,141,7512,1674,843,3186,4289,2061,8715,28765,62,702,135,4165,15571,196,1361,74,542,8562,623,318,381,8270,3415,82,77,976,2159,972,1375,5900,61007,271,743,3889,1305,29,74,1289,5902,1794,3063,195321,549,79,134,1861,228,738,126,1804,3701,224,520,289,11414,2186,761,1364,831,1196,2198,17580,3218,2907,473,622,1435,1019,2946,5477,1040,1756,1772,3564,34,66,5043,244,10740,263,4888,19,99,1987,30,461,274,82,14,1147,8643,19,286,639,72,6087,665,1319,1349,3659,1181,4229,3929,348,1501,297,3485,772,3350,95,3644,2928,13178,621,892,461,1631,1041,71,69,21,672,141,281,38,128,12622,1485,1600,1860,412,1727,555,1778,1558,887,3722,3905,281,2780,1316,9827,472,1139,2120,7327,2121,561255,9579,26,2083,1357,228,904,2388,3958,7619,3845,2887,637,303,109,9350,313,403,4166,10140,101,6706,1552,1612,21189,97,10,99,9348,418,370,66,7150,107,253,89,2155,7513,49,124,569,39,6228,70,21,896,181,1863,318,3386,10547,7173,1426,60,2511,699,1088,30,2619,1762,8929,3279,384,43954,0,27098,22,1229,32,2207,74,10,237,109,7,16,32,205,32,408,103,8,409,10038,2839,7,211,195,14,152,22,7,16,348,322,45,487,506,27654,85,298,39,11,554,1190,2572,26,331,14,15,975,15,3384,257,262,112,41,69,0
TCGA-38-4625-11A-01R-1758-07,161,1074,4055,149,9845,9809,60193,26677,7761,1149,35,1157,3062,1619,374,1584,12363,4314,57175,4935,258,3049,9833,670,165,348,36904,50919,1634,7211,613,21485,12520,5634,11878,662,6514,824,2214,516,617,412,333,296,19221,3721,1037,7259,6279,3388,18999,62678,61,2228,179,10996,21430,204,13666,99,943,26177,1352,908,822,13447,2878,64,309,1457,3059,4575,1296,16247,136677,1007,2650,5478,1815,15,132,3928,25420,8394,16023,1585229,731,58,266,1530,894,1889,273,3880,4910,910,654,549,23950,5863,2603,2513,1031,2682,7506,36974,3037,12115,597,2047,2911,2155,1996,13079,2755,5843,1937,8077,39,117,23003,468,42492,144,12716,157,169,2797,110,34687,1535,327,34,3396,13375,84,2183,1295,273,12614,513,2563,4559,4601,1488,5069,4787,559,2912,596,5032,1775,9037,22,3639,2809,15870,2119,1988,1640,2276,1251,91,1507,16,658,379,377,222,181,28368,4088,3449,1164,771,3207,1071,4027,3889,921,4678,4190,353,2873,12371,33768,1966,5001,12103,21480,5880,2163186,16336,391,2916,2421,518,1979,5988,4405,11693,9799,5509,703,1043,123,33836,1013,792,4888,11226,63,9606,1625,1624,43153,184,139,216,11125,1494,629,148,5292,73,1072,426,19874,14639,41,60,2577,257,15230,72,11,2035,173,3132,1888,10614,47547,13958,4655,112,7853,1314,2895,70,9122,2312,39251,6115,404,160257,0,45857,285,9926,1,4647,277,13,543,2406,43,11,78,497,201,416,324,29,340,14892,10971,171,906,548,16,316,39,38,33,343,290,47,881,516,49314,139,1126,59,30,2706,1333,2656,89,770,59,15,1066,26,6003,539,383,619,555,129,0
TCGA-44-6144-11A-01R-1755-07,94,309,6723,142,5672,7620,20574,8789,7427,68,23,2313,1159,956,345,1152,11934,4358,56992,2388,68,4354,7612,105,37,152,37821,48383,2224,5251,242,18043,6696,5944,7704,579,2278,156,628,488,450,267,270,183,15245,3396,1087,6854,6775,2223,14992,58440,54,1810,160,5606,28002,282,21508,199,1180,14379,1180,405,473,18978,6952,74,258,1195,5021,4261,1355,14466,112556,216,1097,4961,752,60,141,2038,14782,9039,4360,852796,869,75,170,1404,468,1248,160,3608,8240,421,582,474,11062,3436,1909,2677,812,2271,3825,41519,1988,7502,1380,464,2248,1147,3682,5561,1939,2911,895,7043,42,217,11830,597,32252,631,12150,508,439,1825,70,17190,101,344,19,1879,11193,12,1057,6300,126,8161,559,2033,2484,8721,1684,7259,5252,1019,1899,774,3654,1040,4884,124,6859,2598,22755,2031,1185,1926,3122,1421,103,935,31,948,317,471,183,220,22139,1841,4204,5054,599,4036,875,2813,2959,952,3944,5434,249,1398,15867,17698,620,4861,1605,6996,4932,892890,15372,429,5184,2073,313,2091,3243,2702,3625,5972,3561,283,355,74,42898,832,945,3924,16781,40,3859,3870,1110,30440,147,155,235,13808,601,1260,108,16882,146,596,180,1986,10802,64,125,1389,285,9170,90,15,1092,50,3659,356,3025,11562,9139,4357,266,4224,613,1639,91,5712,3437,10699,5543,703,121732,0,64738,281,3112,126,3759,289,23,213,626,19,11,8,268,46,642,380,10,661,13358,14726,208,441,361,29,373,53,58,48,742,283,51,63,530,39664,239,1244,32,94,1650,1216,5155,141,527,50,12,597,32,845,619,261,181,161,51,0
TCGA-44-6778-11A-01R-1858-07,105,296,3926,25,3862,6260,8322,12778,7126,92,85,1955,1390,992,243,1039,16253,5814,20448,4688,339,2894,5200,303,68,200,19145,39226,1479,3611,308,15582,7779,3575,3268,636,2533,201,1233,577,548,238,77,368,14534,2698,1162,6370,5633,2971,13918,42320,93,1027,90,6854,15547,384,14021,97,1000,17367,1040,532,365,10586,3144,15,47,1915,2674,2079,1325,8566,171307,677,1139,9658,2545,24,172,1595,10452,8196,5013,418831,739,101,159,2608,802,1329,171,1696,4942,509,567,334,13502,3802,1503,3125,1301,2115,4976,25101,7282,3516,503,675,2728,1414,2853,9408,2576,3639,1065,7390,36,116,6538,229,15291,413,10736,35,158,2135,17,16531,250,497,12,1631,15219,17,2707,2334,203,9092,1181,1759,2719,5483,2178,6480,8870,338,3696,326,6132,1350,4560,168,8314,5502,23539,776,1220,673,1253,1555,101,1015,15,1097,143,433,200,144,19143,3452,3180,3773,602,2966,387,3517,3639,1014,3868,5303,218,3841,5522,28433,1266,2254,2611,24683,1809,639312,18802,220,2852,2536,419,2374,3378,6835,3372,9282,6058,835,708,117,15867,575,1055,6421,21576,75,6962,2204,1275,31786,109,58,289,16390,568,245,179,9561,97,383,152,2586,7239,12,101,1042,273,8121,88,16,1680,94,12940,661,5475,18687,10491,1753,78,3595,1105,1796,42,5840,2816,12018,5124,247,54243,1,34078,66,1690,96,2151,233,15,468,282,7,19,10,272,31,105,267,31,550,10231,2753,88,176,261,19,141,38,21,22,500,905,89,716,1083,51363,101,617,53,58,1377,2217,4675,60,403,27,11,1049,17,2782,428,309,88,88,133,0
TCGA-44-6145-11A-01R-1858-07,67,249,1930,90,10524,5846,16272,12527,5035,188,8,1630,996,612,159,1170,3520,2826,34831,3764,288,2950,3049,381,226,103,25389,27855,1431,3696,261,18746,4426,2887,2621,510,2545,381,1394,189,358,262,165,192,10218,1042,455,4909,4889,1716,15091,48355,97,1693,126,4327,27241,245,2720,133,668,13134,873,201,291,13102,3328,48,90,478,3412,2473,1025,9856,77551,289,692,2801,714,26,74,3003,10017,2755,5540,781461,517,55,179,915,215,1392,176,2835,5273,207,222,463,8285,2423,1309,915,547,1900,2258,24400,2387,2052,621,418,2525,1874,4200,8217,728,3165,1116,4365,27,179,8284,441,21691,199,5601,23,249,2183,106,6439,1702,164,21,1400,19808,9,798,3307,104,4237,329,2139,2132,4332,787,3478,4172,617,1729,556,2842,545,4733,166,11246,1923,18126,1787,1195,511,761,717,97,832,11,695,229,584,354,141,21581,1536,2585,3511,510,3117,362,1261,2937,452,2735,4041,221,1428,2988,15814,674,1146,2311,16247,4468,1252472,15008,77,6155,1422,185,1614,2656,1953,6418,6727,2158,259,431,49,19900,602,117,2000,6886,206,1887,2135,749,25792,97,33,269,6121,565,415,47,8092,82,437,222,5358,9715,144,42,3722,236,6056,40,15,734,238,13495,633,3359,10483,7742,3143,172,5736,695,2031,22,3389,1163,8608,3610,53,83794,0,55047,59,3386,23,3084,69,16,354,342,27,20,42,197,55,215,147,13,417,5031,3926,138,345,158,17,122,61,36,12,421,425,53,539,258,26521,74,437,33,12,468,629,1248,18,600,22,11,643,11,1935,121,251,38,578,59,0
TCGA-91-6828-11A-01R-1858-07,91,388,3676,61,5017,6692,10485,11327,5636,76,22,1705,1393,691,239,1470,9038,4392,54195,3418,140,3783,3701,307,101,188,32471,44808,1575,4329,128,15496,12178,2879,7261,665,2774,100,1291,212,392,236,181,134,13178,920,684,4775,7454,1503,14917,56960,92,1826,144,4763,23526,175,9678,100,1062,13730,1390,447,397,19614,4681,172,110,409,4566,2628,1386,9147,107575,326,489,4020,1347,18,103,2408,11139,2185,4767,616625,783,58,155,857,395,1318,177,1870,5711,262,300,540,7168,2256,1583,897,467,1846,2408,25168,1556,5977,783,234,1205,1711,2777,9081,1066,3025,1082,5844,14,206,14764,407,27519,340,5497,10,243,1921,83,8588,436,194,14,1561,13353,207,1735,3408,147,4364,327,2525,1771,6920,1165,2707,4262,645,2705,439,2661,524,5111,228,5278,2057,20302,1841,1512,620,1283,1001,65,1261,11,551,234,428,409,240,22715,1418,2422,4177,544,2859,840,973,3878,333,4445,5015,266,1544,8511,12874,408,802,1555,14621,2468,789433,11131,76,3823,1639,146,2738,3208,2726,5035,6873,2175,406,322,109,21905,624,344,2554,9953,130,2336,3623,1011,26276,188,95,413,9652,585,647,20,6406,97,311,183,2310,6929,120,101,2318,544,11650,68,20,796,102,7333,335,2846,7466,7228,2711,134,3340,653,2266,25,5075,1328,9715,4298,562,94221,4,56254,233,1931,38,4013,91,16,516,293,16,21,42,261,19,310,149,55,546,3884,6377,230,440,231,13,323,44,65,34,550,685,48,830,259,28219,197,343,36,45,519,1782,1556,25,532,21,8,952,11,2796,177,233,52,295,41,0
TCGA-91-6849-11A-01R-1949-07,57,286,5328,24,9230,5138,5598,13686,5400,162,38,2269,1641,1015,250,888,7293,3148,32676,3859,242,4190,4739,252,66,259,11651,38454,1911,3685,192,15050,9684,3663,3171,398,2513,127,278,406,372,261,118,170,13072,2026,989,9789,8144,2384,15977,51631,62,1348,97,5357,26896,310,18749,54,905,14031,824,518,375,16825,3876,58,42,714,4626,2313,1322,10310,141040,771,556,4038,986,55,138,2031,8275,5453,3350,243168,548,54,169,1077,574,987,130,2388,5619,333,482,455,9487,3402,1635,2193,963,2360,3017,11082,1469,3991,389,467,1210,2088,4153,5806,1243,2500,1198,7975,33,224,9283,252,18369,268,8813,53,166,2037,40,11922,362,239,14,1567,14834,49,1206,5390,110,5707,400,2957,1727,5931,1777,4813,5512,598,1879,454,2969,881,3587,209,6739,2442,20500,1784,1146,1164,1740,1146,77,1999,9,961,148,525,128,144,17695,2431,3108,1823,462,1888,905,1462,4710,659,6200,4860,253,1277,6632,17594,542,2125,1465,23114,2266,595087,16937,233,4263,2096,222,1819,2761,3279,2538,6994,3752,379,201,83,16958,789,508,3090,13324,47,3229,2389,1429,27079,98,1213,480,11125,419,550,221,11688,171,516,112,1697,8728,10,87,713,424,10834,74,12,1056,88,4971,733,1634,11839,9544,2062,98,2289,722,1376,68,4249,1627,9314,5880,390,84972,2,53345,85,1002,2,4082,159,17,377,675,16,25,21,208,22,298,339,23,537,10421,7986,132,405,256,29,171,46,46,35,568,562,41,95,587,37007,145,723,45,73,735,1233,2836,51,420,41,8,643,10,1884,169,355,99,87,56,0
TCGA-91-6847-11A-01R-1949-07,57,225,2010,58,12464,5710,12151,10928,4614,36,26,765,1156,506,200,998,3590,1724,50867,2573,206,4808,3493,156,102,135,21677,42445,1263,3997,132,15970,11979,1569,5339,407,2573,262,1315,165,344,213,172,157,8665,901,417,3183,5812,797,17361,60796,61,1447,183,3864,38998,242,4261,109,1137,13261,870,187,380,26620,6698,112,237,617,5639,3308,1320,10469,49962,413,608,1703,576,18,82,2331,11897,1567,4057,563703,686,36,119,624,242,1037,149,3263,7243,270,208,531,7299,1514,1244,825,388,1259,1722,30198,1114,4657,975,423,1300,1738,4310,3217,775,2590,1088,3082,32,50,11529,639,26144,206,3021,37,286,2187,96,3982,689,97,14,1310,12191,39,780,2821,69,2954,200,4081,1676,7071,1095,1426,4586,1056,917,979,1868,629,3734,113,6116,1034,19405,1593,1104,1387,2743,1584,52,222,17,227,307,472,202,216,17863,871,801,3879,434,2334,853,1326,3289,275,1339,3999,197,923,2937,9194,415,543,1832,3440,3825,1180087,7425,86,5659,999,172,1565,2127,1452,4141,2101,1995,145,225,178,21570,1021,308,1808,10278,111,1971,3515,911,23080,149,49,442,3539,531,805,16,11434,248,208,113,2833,9618,110,81,3378,175,12320,72,15,570,120,568,545,2996,9790,9420,2369,149,2539,531,1422,93,3313,813,7830,4895,1679,152047,3,70686,182,1577,154,4306,67,20,377,570,21,28,63,330,36,21,131,52,593,6632,4541,78,388,237,30,320,44,33,37,652,392,49,235,292,16065,189,329,17,15,354,602,895,31,516,26,22,254,23,1044,351,166,89,28,46,0
TCGA-55-6975-11A-01R-1949-07,65,266,560,38,5530,4854,9587,6361,4611,39,16,598,945,551,130,932,5030,2207,26135,1756,234,2399,1236,150,32,120,36617,24402,331,2791,133,10436,5066,1245,7637,369,1946,34,497,180,255,174,89,124,4440,944,341,1907,3725,1025,12204,42641,38,1007,46,3419,10794,240,475,96,563,9382,920,277,379,9655,3207,9,10,440,2439,1467,699,10377,41376,215,903,1870,958,93,233,1769,8980,972,2140,983495,738,62,104,675,271,873,123,1204,5706,252,189,364,6309,1317,849,637,283,1324,1646,23969,1222,3254,497,481,1819,1226,1718,10376,631,1868,606,3486,29,111,7837,532,20834,323,2440,26,59,2049,77,1519,477,97,7,936,9270,72,996,270,133,3255,269,1170,1590,4290,2054,1452,3402,84,1749,167,1633,568,2821,124,2414,1231,10935,1093,1002,496,499,1043,88,148,9,336,179,203,76,78,14350,596,1666,3989,554,3987,325,1596,1757,309,1359,3452,114,1362,774,14743,321,1098,1041,3816,2923,629491,7800,37,3301,679,152,1101,1332,1141,1719,3258,1132,246,374,11,24876,475,708,1538,6234,43,2459,1085,528,16283,117,16,59,4956,530,226,77,9554,6,311,191,1650,3936,85,46,705,253,7230,27,13,545,171,989,222,3414,13000,6951,3462,244,2666,457,1212,28,3955,1251,4430,1393,564,40051,1,31567,39,1745,38,2055,30,15,399,526,11,9,33,132,39,21,78,7,393,3458,1280,99,333,63,17,173,81,8,22,288,332,48,847,315,14309,48,179,20,4,1032,299,673,22,262,16,5,634,18,1420,222,153,207,47,44,0
TCGA-55-6969-11A-01R-1949-07,73,197,1294,34,3970,5740,16463,6645,4421,131,27,619,329,392,69,1051,4106,2354,23150,1397,40,2282,2796,153,85,102,19918,25205,188,3435,200,12626,2060,1910,6229,426,1967,189,1352,216,272,209,102,62,4162,1092,511,1932,4901,1181,8848,31593,82,1036,26,2899,11419,147,1245,74,355,8994,1157,316,347,10217,2070,50,55,464,2818,1699,840,7244,40102,184,359,2079,657,45,36,1745,9396,2509,3772,449947,305,72,158,839,406,945,152,1508,5938,135,313,422,4644,1792,904,933,280,1079,1440,20171,1454,2555,311,214,567,1615,3264,2476,792,1607,319,2886,36,57,5732,394,17168,94,3225,32,98,1108,99,2672,406,116,7,968,9322,24,461,416,125,4468,267,597,1674,3779,519,2546,2872,203,1277,293,2185,190,3556,11,8506,1313,10129,832,1115,306,507,2126,150,86,24,392,140,120,77,97,11498,1178,1366,1942,516,1526,320,620,2081,441,660,3316,220,1332,1379,6067,550,791,1908,3786,2889,747507,5440,67,1710,716,66,607,1585,1619,3538,2585,1556,208,299,11,23182,325,162,2342,8272,50,2386,1343,659,18286,116,17,108,5322,634,162,18,5547,14,275,249,3167,6604,31,152,1045,34,5830,10,17,560,58,1853,571,792,7971,5993,3214,234,2605,520,1369,17,3160,1373,6751,2826,417,38057,2,34534,53,1587,21,1692,71,9,314,555,14,21,13,125,4,44,124,9,313,2728,918,129,284,139,7,185,72,18,23,262,99,16,117,419,18283,120,316,28,14,632,479,1718,36,646,21,16,410,23,583,223,122,206,102,34,0
TCGA-50-5936-11A-01R-1628-07,75,261,2614,81,8544,6315,18527,12797,7725,69,8,1433,1521,1083,295,1076,8905,3530,29281,3657,215,4315,4020,379,115,218,34020,54914,555,4235,248,17073,13913,2679,7210,494,2373,578,996,305,411,199,154,240,12640,2519,790,3426,6640,1764,14675,48757,33,1689,130,5037,27767,221,13210,146,1086,15009,1407,662,484,17305,6278,112,80,1045,3820,2258,1116,11988,116805,292,1897,4184,1320,45,199,2061,13798,4998,4466,484747,808,50,151,1793,1166,1244,154,3396,6459,598,356,374,16362,2424,1558,1316,702,2421,3054,28255,3098,3932,792,509,2751,1149,3105,4932,1821,4035,748,5501,18,306,8321,821,25638,366,9400,1223,239,2693,80,13684,286,337,15,1865,12780,15,816,3462,128,6289,463,1980,2335,7489,3267,4864,7869,596,1880,550,4029,1376,4439,194,5933,2545,23412,1187,1102,1062,1626,869,57,238,12,664,237,255,246,210,19503,2266,1372,7466,529,4008,795,2997,4591,1281,1622,5270,188,1631,6185,21733,603,2051,3526,9351,4151,890958,16957,205,3247,1681,257,1976,1964,3234,3332,5018,4243,421,368,119,21778,828,932,3730,15312,76,4794,4396,2974,25112,132,22,251,9466,607,954,77,17838,205,340,197,3752,7333,152,52,1533,200,8442,77,11,995,111,10220,582,4931,15325,12025,3150,193,5267,646,1678,40,4449,2339,14244,5334,282,69802,1,40621,101,2746,86,2984,105,19,464,647,14,18,48,269,38,767,247,49,525,9597,4631,23,426,471,16,238,76,40,37,540,316,53,878,645,29333,151,509,49,57,1320,825,2862,90,480,32,11,625,7,698,310,192,138,158,80,0
